processor,query_type,toi_output,queries,worst,b0,b1,b2,b3,b4,b5,b6,b7,b8,b9,b10,b11,b12,b13,b14,b15,b16,b17,b18,b19,b20,b21,b22,b23
host,ee,0,27918,712,4961,13705,8889,279,66,14,1,1,0,2,0,0,0,0,0,0,0,0,0,0,0,0,0,0
host,ee,0,27918,886,4933,13716,8899,283,69,14,1,0,0,3,0,0,0,0,0,0,0,0,0,0,0,0,0,0
host,ee,1,27918,886,4929,13718,8899,285,69,13,1,1,0,3,0,0,0,0,0,0,0,0,0,0,0,0,0,0
host,ee,1,3,1190,0,0,0,0,0,0,0,0,0,2,1,0,0,0,0,0,0,0,0,0,0,0,0,0
host,vf,0,10701,1666,1475,2697,3364,2867,283,14,0,0,0,0,1,0,0,0,0,0,0,0,0,0,0,0,0,0
host,vf,0,10701,1666,1476,2697,3363,2867,283,14,0,0,0,0,1,0,0,0,0,0,0,0,0,0,0,0,0,0
host,vf,1,10701,1666,1468,2704,3364,2867,283,14,0,0,0,0,1,0,0,0,0,0,0,0,0,0,0,0,0,0
host,vf,1,1,1666,0,0,0,0,0,0,0,0,0,0,1,0,0,0,0,0,0,0,0,0,0,0,0,0
host,ee,0,27921,1056,4928,13718,8900,285,72,10,7,0,0,0,1,0,0,0,0,0,0,0,0,0,0,0,0,0
host,ee,1,27921,1056,4928,13718,8900,285,72,10,7,0,0,0,1,0,0,0,0,0,0,0,0,0,0,0,0,0
host,ee,1,1,1056,0,0,0,0,0,0,0,0,0,0,1,0,0,0,0,0,0,0,0,0,0,0,0,0
host,vf,0,10708,1366,1468,2697,3370,2876,280,15,0,1,0,0,1,0,0,0,0,0,0,0,0,0,0,0,0,0
host,vf,1,10708,1366,1468,2697,3370,2876,280,15,0,1,0,0,1,0,0,0,0,0,0,0,0,0,0,0,0,0
host,vf,1,1,1371,0,0,0,0,0,0,0,0,0,0,1,0,0,0,0,0,0,0,0,0,0,0,0,0
host,ee,0,27938,1615,4926,13721,8910,282,81,13,3,1,0,0,1,0,0,0,0,0,0,0,0,0,0,0,0,0
host,ee,1,27938,1615,4926,13721,8910,282,80,14,3,1,0,0,1,0,0,0,0,0,0,0,0,0,0,0,0,0
host,ee,1,1,1534,0,0,0,0,0,0,0,0,0,0,1,0,0,0,0,0,0,0,0,0,0,0,0,0
host,ee,0,27957,845,4949,13717,8901,289,82,14,3,1,0,1,0,0,0,0,0,0,0,0,0,0,0,0,0,0
host,ee,1,27957,845,4949,13716,8902,289,82,14,3,1,0,1,0,0,0,0,0,0,0,0,0,0,0,0,0,0
host,ee,1,1,900,0,0,0,0,0,0,0,0,0,1,0,0,0,0,0,0,0,0,0,0,0,0,0,0
host,vf,0,10733,1690,1478,2688,3387,2879,282,15,3,0,0,0,1,0,0,0,0,0,0,0,0,0,0,0,0,0
host,vf,1,10733,1690,1476,2690,3387,2879,282,15,3,0,0,0,1,0,0,0,0,0,0,0,0,0,0,0,0,0
host,vf,1,1,1690,0,0,0,0,0,0,0,0,0,0,1,0,0,0,0,0,0,0,0,0,0,0,0,0
host,ee,0,28200,1602,5006,13766,8974,340,86,20,5,2,0,0,1,0,0,0,0,0,0,0,0,0,0,0,0,0
host,ee,1,28200,1602,5006,13766,8974,340,85,19,6,3,0,0,1,0,0,0,0,0,0,0,0,0,0,0,0,0
host,ee,1,1,1056,0,0,0,0,0,0,0,0,0,0,1,0,0,0,0,0,0,0,0,0,0,0,0,0
host,ee,0,28225,1563,5007,13773,9004,333,76,13,8,5,4,0,2,0,0,0,0,0,0,0,0,0,0,0,0,0
host,ee,1,28225,14073,5007,13773,9004,333,76,12,2,5,8,1,3,0,0,1,0,0,0,0,0,0,0,0,0,0
host,ee,1,15,14195,0,0,0,0,0,0,0,3,8,1,2,0,0,1,0,0,0,0,0,0,0,0,0,0
host,vf,0,10771,743,1469,2703,3400,2894,283,15,2,1,2,2,0,0,0,0,0,0,0,0,0,0,0,0,0,0
host,vf,1,10771,743,1465,2706,3401,2894,283,14,2,2,2,2,0,0,0,0,0,0,0,0,0,0,0,0,0,0
host,vf,1,6,743,0,0,0,0,0,0,0,1,3,2,0,0,0,0,0,0,0,0,0,0,0,0,0,0
host,ee,0,28216,4631,4981,13787,9002,340,73,22,5,1,3,1,0,0,1,0,0,0,0,0,0,0,0,0,0,0
host,ee,1,28216,5025,4977,13789,9003,341,73,20,7,1,3,1,0,0,1,0,0,0,0,0,0,0,0,0,0,0
host,ee,1,2,5025,0,0,0,0,0,0,0,0,0,1,0,0,1,0,0,0,0,0,0,0,0,0,0,0
host,ee,0,28253,1936,4979,13796,9018,352,78,21,5,1,0,2,1,0,0,0,0,0,0,0,0,0,0,0,0,0
host,ee,1,28253,1936,4975,13797,9020,353,76,22,6,1,0,2,1,0,0,0,0,0,0,0,0,0,0,0,0,0
host,ee,1,1,1936,0,0,0,0,0,0,0,0,0,0,1,0,0,0,0,0,0,0,0,0,0,0,0,0
host,ee,0,28252,6649,4973,13793,9019,357,82,20,3,3,1,0,0,0,1,0,0,0,0,0,0,0,0,0,0,0
host,ee,1,28252,6649,4973,13793,9019,357,82,20,3,3,1,0,0,0,1,0,0,0,0,0,0,0,0,0,0,0
host,ee,1,1,4762,0,0,0,0,0,0,0,0,0,0,0,0,1,0,0,0,0,0,0,0,0,0,0,0
host,ee,0,28278,933,4986,13781,9037,364,87,16,3,1,1,2,0,0,0,0,0,0,0,0,0,0,0,0,0,0
host,ee,1,28278,933,4986,13781,9037,364,87,16,3,1,1,2,0,0,0,0,0,0,0,0,0,0,0,0,0,0
host,ee,1,1,782,0,0,0,0,0,0,0,0,0,1,0,0,0,0,0,0,0,0,0,0,0,0,0,0
host,vf,0,10783,1573,1456,2726,3407,2893,282,15,3,0,0,0,1,0,0,0,0,0,0,0,0,0,0,0,0,0
host,vf,1,10783,1573,1456,2723,3410,2890,285,15,3,0,0,0,1,0,0,0,0,0,0,0,0,0,0,0,0,0
host,vf,1,1,1550,0,0,0,0,0,0,0,0,0,0,1,0,0,0,0,0,0,0,0,0,0,0,0,0
host,ee,0,28389,696,4979,13810,9087,385,104,18,4,1,0,1,0,0,0,0,0,0,0,0,0,0,0,0,0,0
host,ee,1,28389,696,4979,13810,9087,385,104,18,4,1,0,1,0,0,0,0,0,0,0,0,0,0,0,0,0,0
host,ee,1,1,698,0,0,0,0,0,0,0,0,0,1,0,0,0,0,0,0,0,0,0,0,0,0,0,0
host,vf,0,10839,1327,1468,2729,3423,2906,296,13,3,0,0,0,1,0,0,0,0,0,0,0,0,0,0,0,0,0
host,vf,1,10839,1327,1468,2729,3423,2906,296,13,3,0,0,0,1,0,0,0,0,0,0,0,0,0,0,0,0,0
host,vf,1,1,1327,0,0,0,0,0,0,0,0,0,0,1,0,0,0,0,0,0,0,0,0,0,0,0,0
host,ee,0,29054,1106,5336,13943,9229,419,102,20,3,1,0,0,1,0,0,0,0,0,0,0,0,0,0,0,0,0
host,ee,1,29054,1106,5336,13943,9229,418,103,20,3,1,0,0,1,0,0,0,0,0,0,0,0,0,0,0,0,0
host,ee,1,1,1322,0,0,0,0,0,0,0,0,0,0,1,0,0,0,0,0,0,0,0,0,0,0,0,0
host,ee,0,29213,530,5460,13932,9265,428,104,18,5,0,0,1,0,0,0,0,0,0,0,0,0,0,0,0,0,0
host,ee,1,29213,530,5459,13931,9267,428,104,18,4,1,0,1,0,0,0,0,0,0,0,0,0,0,0,0,0,0
host,ee,1,1,407,0,0,0,0,0,0,0,0,1,0,0,0,0,0,0,0,0,0,0,0,0,0,0,0
host,ee,0,31533,1388,6536,14137,10112,611,111,21,2,1,0,1,1,0,0,0,0,0,0,0,0,0,0,0,0,0
host,ee,1,31533,1388,6536,14137,10111,612,111,21,2,1,0,1,1,0,0,0,0,0,0,0,0,0,0,0,0,0
host,ee,1,2,1235,0,0,0,0,0,0,0,0,0,1,1,0,0,0,0,0,0,0,0,0,0,0,0,0
host,ee,0,32128,419,6878,14091,10368,654,106,25,3,1,2,0,0,0,0,0,0,0,0,0,0,0,0,0,0,0
host,ee,1,32128,419,6878,14091,10368,654,106,25,3,1,2,0,0,0,0,0,0,0,0,0,0,0,0,0,0,0
host,ee,1,2,419,0,0,0,0,0,0,0,0,2,0,0,0,0,0,0,0,0,0,0,0,0,0,0,0
host,vf,0,11462,1284,1574,2743,3508,3232,384,18,2,0,0,0,1,0,0,0,0,0,0,0,0,0,0,0,0,0
host,vf,1,11462,1284,1574,2743,3508,3232,384,18,2,0,0,0,1,0,0,0,0,0,0,0,0,0,0,0,0,0
host,vf,1,1,1284,0,0,0,0,0,0,0,0,0,0,1,0,0,0,0,0,0,0,0,0,0,0,0,0
host,ee,0,33083,882,7667,14112,10375,786,111,23,8,0,0,1,0,0,0,0,0,0,0,0,0,0,0,0,0,0
host,ee,1,33083,882,7667,14112,10375,786,111,23,7,1,0,1,0,0,0,0,0,0,0,0,0,0,0,0,0,0
host,ee,1,1,882,0,0,0,0,0,0,0,0,0,1,0,0,0,0,0,0,0,0,0,0,0,0,0,0
host,ee,0,33560,789,8351,13783,10496,781,117,23,5,3,0,1,0,0,0,0,0,0,0,0,0,0,0,0,0,0
host,ee,1,33560,1390,8351,13783,10495,782,117,22,6,2,0,1,1,0,0,0,0,0,0,0,0,0,0,0,0,0
host,ee,1,2,1007,0,0,0,0,0,0,0,0,0,2,0,0,0,0,0,0,0,0,0,0,0,0,0,0
host,ee,0,33585,1229,8563,13765,10324,786,114,24,5,1,2,0,1,0,0,0,0,0,0,0,0,0,0,0,0,0
host,ee,1,33585,1229,8563,13765,10324,786,114,24,5,1,2,0,1,0,0,0,0,0,0,0,0,0,0,0,0,0
host,ee,1,1,1182,0,0,0,0,0,0,0,0,0,0,1,0,0,0,0,0,0,0,0,0,0,0,0,0
host,ee,0,33517,1755,8620,13698,10261,784,119,28,4,1,1,0,1,0,0,0,0,0,0,0,0,0,0,0,0,0
host,ee,1,33517,1755,8620,13698,10261,784,119,28,4,1,1,0,1,0,0,0,0,0,0,0,0,0,0,0,0,0
host,ee,1,1,1484,0,0,0,0,0,0,0,0,0,0,1,0,0,0,0,0,0,0,0,0,0,0,0,0
host,ee,0,33295,3229,8596,13574,10177,792,126,23,5,1,0,0,0,1,0,0,0,0,0,0,0,0,0,0,0,0
host,ee,1,33295,3229,8596,13574,10177,792,126,23,5,1,0,0,0,1,0,0,0,0,0,0,0,0,0,0,0,0
host,ee,1,1,3229,0,0,0,0,0,0,0,0,0,0,0,1,0,0,0,0,0,0,0,0,0,0,0,0
host,ee,0,33148,1115,8757,13376,10103,748,131,26,6,0,0,0,1,0,0,0,0,0,0,0,0,0,0,0,0,0
host,ee,1,33148,1115,8757,13376,10103,748,131,26,6,0,0,0,1,0,0,0,0,0,0,0,0,0,0,0,0,0
host,ee,1,1,1115,0,0,0,0,0,0,0,0,0,0,1,0,0,0,0,0,0,0,0,0,0,0,0,0
host,vf,0,11130,2131,1752,2605,3330,3004,412,21,4,1,0,0,0,1,0,0,0,0,0,0,0,0,0,0,0,0
host,vf,1,11130,2131,1752,2605,3330,3004,412,21,4,1,0,0,0,1,0,0,0,0,0,0,0,0,0,0,0,0
host,vf,1,1,2087,0,0,0,0,0,0,0,0,0,0,0,1,0,0,0,0,0,0,0,0,0,0,0,0
host,vf,0,11099,1008,2014,2600,3333,2761,364,22,3,1,0,1,0,0,0,0,0,0,0,0,0,0,0,0,0,0
host,vf,1,11099,1008,1787,2598,3283,2970,433,23,3,1,0,1,0,0,0,0,0,0,0,0,0,0,0,0,0,0
host,vf,1,1,1008,0,0,0,0,0,0,0,0,0,1,0,0,0,0,0,0,0,0,0,0,0,0,0,0
host,ee,0,33156,459,9038,13194,9993,760,137,30,2,1,1,0,0,0,0,0,0,0,0,0,0,0,0,0,0,0
host,ee,1,33156,459,9038,13194,9993,760,137,30,2,1,1,0,0,0,0,0,0,0,0,0,0,0,0,0,0,0
host,ee,1,1,459,0,0,0,0,0,0,0,0,1,0,0,0,0,0,0,0,0,0,0,0,0,0,0,0
host,ee,0,33146,663,9089,13118,9939,831,135,29,3,1,0,1,0,0,0,0,0,0,0,0,0,0,0,0,0,0
host,ee,1,33146,663,9085,13117,9943,832,135,28,4,1,0,1,0,0,0,0,0,0,0,0,0,0,0,0,0,0
host,ee,1,1,740,0,0,0,0,0,0,0,0,0,1,0,0,0,0,0,0,0,0,0,0,0,0,0,0
host,ee,0,32589,1237,9432,12649,9510,828,130,32,6,0,0,0,2,0,0,0,0,0,0,0,0,0,0,0,0,0
host,ee,1,32589,1237,9432,12649,9510,828,128,34,6,0,0,0,2,0,0,0,0,0,0,0,0,0,0,0,0,0
host,ee,1,2,1347,0,0,0,0,0,0,0,0,0,0,2,0,0,0,0,0,0,0,0,0,0,0,0,0
host,vf,0,10559,907,2031,2407,3075,2624,391,26,3,1,0,1,0,0,0,0,0,0,0,0,0,0,0,0,0,0
host,vf,1,10559,907,1958,2412,3061,2679,418,25,4,1,0,1,0,0,0,0,0,0,0,0,0,0,0,0,0,0
host,vf,1,1,907,0,0,0,0,0,0,0,0,0,1,0,0,0,0,0,0,0,0,0,0,0,0,0,0
host,ee,0,33644,950,10436,12636,9515,880,135,35,5,1,0,1,0,0,0,0,0,0,0,0,0,0,0,0,0,0
host,ee,1,33644,950,10414,12633,9528,891,136,35,5,1,0,1,0,0,0,0,0,0,0,0,0,0,0,0,0,0
host,ee,1,1,830,0,0,0,0,0,0,0,0,0,1,0,0,0,0,0,0,0,0,0,0,0,0,0,0
host,vf,0,10489,1215,2018,2390,3105,2554,389,27,4,1,0,0,1,0,0,0,0,0,0,0,0,0,0,0,0,0
host,vf,1,10489,1215,1967,2386,3105,2594,404,27,3,1,1,0,1,0,0,0,0,0,0,0,0,0,0,0,0,0
host,vf,1,1,1215,0,0,0,0,0,0,0,0,0,0,1,0,0,0,0,0,0,0,0,0,0,0,0,0
host,vf,0,10362,1198,2098,2391,3046,2455,339,27,4,0,1,0,1,0,0,0,0,0,0,0,0,0,0,0,0,0
host,vf,1,10362,1198,1978,2365,3039,2563,384,27,4,0,1,0,1,0,0,0,0,0,0,0,0,0,0,0,0,0
host,vf,1,1,1197,0,0,0,0,0,0,0,0,0,0,1,0,0,0,0,0,0,0,0,0,0,0,0,0
host,ee,0,33093,2643,10309,12310,9391,908,133,34,7,0,0,0,0,1,0,0,0,0,0,0,0,0,0,0,0,0
host,ee,1,33093,2643,10304,12314,9392,908,133,34,6,0,0,1,0,1,0,0,0,0,0,0,0,0,0,0,0,0
host,ee,1,2,2650,0,0,0,0,0,0,0,0,0,1,0,1,0,0,0,0,0,0,0,0,0,0,0,0
host,ee,0,32881,395,10336,12283,9177,909,135,31,8,0,2,0,0,0,0,0,0,0,0,0,0,0,0,0,0,0
host,ee,1,32881,395,10336,12283,9177,909,135,31,8,0,2,0,0,0,0,0,0,0,0,0,0,0,0,0,0,0
host,ee,1,1,379,0,0,0,0,0,0,0,0,1,0,0,0,0,0,0,0,0,0,0,0,0,0,0,0
host,ee,0,33024,3187,10341,12409,9123,960,143,38,7,1,1,0,0,1,0,0,0,0,0,0,0,0,0,0,0,0
host,ee,1,33024,3187,10298,12413,9154,968,143,38,7,1,1,0,0,1,0,0,0,0,0,0,0,0,0,0,0,0
host,ee,1,1,419,0,0,0,0,0,0,0,0,1,0,0,0,0,0,0,0,0,0,0,0,0,0,0,0
host,ee,0,33268,3889,11281,12219,8728,847,147,36,6,0,2,1,0,1,0,0,0,0,0,0,0,0,0,0,0,0
host,ee,1,33268,3889,10680,12342,9108,939,149,36,9,1,2,1,0,1,0,0,0,0,0,0,0,0,0,0,0,0
host,ee,1,3,555,0,0,0,0,0,0,0,0,2,1,0,0,0,0,0,0,0,0,0,0,0,0,0,0
host,vf,0,9930,772,2077,2385,2898,2200,334,31,4,0,0,1,0,0,0,0,0,0,0,0,0,0,0,0,0,0
host,vf,1,9930,772,1999,2390,2906,2255,341,34,4,0,0,1,0,0,0,0,0,0,0,0,0,0,0,0,0,0
host,vf,1,1,774,0,0,0,0,0,0,0,0,0,1,0,0,0,0,0,0,0,0,0,0,0,0,0,0
host,ee,0,33644,7389,11381,12349,8806,909,153,35,9,0,0,1,0,0,1,0,0,0,0,0,0,0,0,0,0,0
host,ee,1,33644,7389,11060,12377,9041,963,155,34,11,1,0,1,0,0,1,0,0,0,0,0,0,0,0,0,0,0
host,ee,1,2,7389,0,0,0,0,0,0,0,0,0,1,0,0,1,0,0,0,0,0,0,0,0,0,0,0
host,ee,0,33826,1534,11281,12269,9119,950,157,35,9,4,0,0,2,0,0,0,0,0,0,0,0,0,0,0,0,0
host,ee,1,33826,1539,11272,12270,9123,954,157,34,10,4,0,0,2,0,0,0,0,0,0,0,0,0,0,0,0,0
host,ee,1,2,1657,0,0,0,0,0,0,0,0,0,0,2,0,0,0,0,0,0,0,0,0,0,0,0,0
host,ee,0,34091,16816,11596,12102,9139,1046,159,34,7,4,2,0,1,0,0,0,1,0,0,0,0,0,0,0,0,0
host,ee,1,34091,16816,11573,12112,9147,1051,159,34,7,4,2,0,1,0,0,0,1,0,0,0,0,0,0,0,0,0
host,ee,1,2,23704,0,0,0,0,0,0,0,0,0,0,1,0,0,0,1,0,0,0,0,0,0,0,0,0
host,ee,0,34915,977,12295,12174,9136,1095,164,38,7,5,0,1,0,0,0,0,0,0,0,0,0,0,0,0,0,0
host,ee,1,34915,977,12295,12174,9135,1096,164,37,8,5,0,1,0,0,0,0,0,0,0,0,0,0,0,0,0,0
host,ee,1,1,896,0,0,0,0,0,0,0,0,0,1,0,0,0,0,0,0,0,0,0,0,0,0,0,0
host,ee,0,35429,1391,13288,11895,8939,1097,160,38,8,3,0,0,1,0,0,0,0,0,0,0,0,0,0,0,0,0
host,ee,1,35429,1391,13284,11897,8941,1097,159,39,8,3,0,0,1,0,0,0,0,0,0,0,0,0,0,0,0,0
host,ee,1,1,1367,0,0,0,0,0,0,0,0,0,0,1,0,0,0,0,0,0,0,0,0,0,0,0,0
host,ee,0,34732,914,13065,11688,8709,1061,156,37,12,0,2,2,0,0,0,0,0,0,0,0,0,0,0,0,0,0
host,ee,1,34732,914,13065,11688,8709,1061,156,37,12,0,2,2,0,0,0,0,0,0,0,0,0,0,0,0,0,0
host,ee,1,1,880,0,0,0,0,0,0,0,0,0,1,0,0,0,0,0,0,0,0,0,0,0,0,0,0
host,ee,0,34403,957,12804,11717,8613,1059,154,43,10,1,1,1,0,0,0,0,0,0,0,0,0,0,0,0,0,0
host,ee,1,34403,957,12803,11717,8614,1059,154,42,10,2,1,1,0,0,0,0,0,0,0,0,0,0,0,0,0,0
host,ee,1,2,957,0,0,0,0,0,0,0,0,0,2,0,0,0,0,0,0,0,0,0,0,0,0,0,0
host,vf,0,9525,936,2242,2227,2664,2018,335,33,5,0,0,1,0,0,0,0,0,0,0,0,0,0,0,0,0,0
host,vf,1,9525,936,2242,2227,2664,2018,335,33,5,0,0,1,0,0,0,0,0,0,0,0,0,0,0,0,0,0
host,vf,1,1,936,0,0,0,0,0,0,0,0,0,1,0,0,0,0,0,0,0,0,0,0,0,0,0,0
host,ee,0,34018,3555,12641,11621,8501,1045,157,43,6,1,0,1,1,1,0,0,0,0,0,0,0,0,0,0,0,0
host,ee,1,34018,3555,12641,11621,8501,1045,157,43,6,1,0,1,1,1,0,0,0,0,0,0,0,0,0,0,0,0
host,ee,1,3,3979,0,0,0,0,0,0,0,0,0,1,1,1,0,0,0,0,0,0,0,0,0,0,0,0
host,ee,0,34357,897,13052,11488,8503,1098,165,41,6,1,1,2,0,0,0,0,0,0,0,0,0,0,0,0,0,0
host,ee,1,34357,897,13052,11488,8503,1098,165,41,6,1,1,2,0,0,0,0,0,0,0,0,0,0,0,0,0,0
host,ee,1,1,825,0,0,0,0,0,0,0,0,0,1,0,0,0,0,0,0,0,0,0,0,0,0,0,0
host,ee,0,36096,709,14976,11498,8303,1080,183,48,6,1,0,1,0,0,0,0,0,0,0,0,0,0,0,0,0,0
host,ee,1,36096,709,14490,11598,8537,1227,188,46,8,1,0,1,0,0,0,0,0,0,0,0,0,0,0,0,0,0
host,ee,1,1,625,0,0,0,0,0,0,0,0,0,1,0,0,0,0,0,0,0,0,0,0,0,0,0,0
host,ee,0,36396,12385,14585,11800,8576,1188,195,43,7,1,0,0,0,0,0,1,0,0,0,0,0,0,0,0,0,0
host,ee,1,36396,12385,14585,11800,8576,1188,195,43,7,1,0,0,0,0,0,1,0,0,0,0,0,0,0,0,0,0
host,ee,1,1,12385,0,0,0,0,0,0,0,0,0,0,0,0,0,1,0,0,0,0,0,0,0,0,0,0
host,vf,0,9577,1890,2570,2159,2626,1851,325,38,7,0,0,0,1,0,0,0,0,0,0,0,0,0,0,0,0,0
host,vf,1,9577,1890,2570,2159,2626,1851,325,37,8,0,0,0,1,0,0,0,0,0,0,0,0,0,0,0,0,0
host,vf,1,1,1890,0,0,0,0,0,0,0,0,0,0,1,0,0,0,0,0,0,0,0,0,0,0,0,0
host,ee,0,37026,589,16804,11296,7761,929,186,43,5,0,1,1,0,0,0,0,0,0,0,0,0,0,0,0,0,0
host,ee,1,37026,636,15730,11517,8343,1188,194,43,8,1,1,1,0,0,0,0,0,0,0,0,0,0,0,0,0,0
host,ee,1,2,605,0,0,0,0,0,0,0,0,1,1,0,0,0,0,0,0,0,0,0,0,0,0,0,0
host,vf,0,9646,1909,2950,2162,2525,1688,276,36,6,1,0,1,1,0,0,0,0,0,0,0,0,0,0,0,0,0
host,vf,1,9646,1909,2811,2186,2518,1781,304,35,7,2,0,1,1,0,0,0,0,0,0,0,0,0,0,0,0,0
host,vf,1,2,1757,0,0,0,0,0,0,0,0,0,1,1,0,0,0,0,0,0,0,0,0,0,0,0,0
host,ee,0,35908,1029,14876,11361,8259,1172,192,39,7,1,0,0,1,0,0,0,0,0,0,0,0,0,0,0,0,0
host,ee,1,35908,1029,14872,11360,8261,1173,192,38,10,1,0,0,1,0,0,0,0,0,0,0,0,0,0,0,0,0
host,ee,1,1,1023,0,0,0,0,0,0,0,0,0,1,0,0,0,0,0,0,0,0,0,0,0,0,0,0
host,ee,0,35216,605,14356,11216,8252,1141,195,43,11,1,0,1,0,0,0,0,0,0,0,0,0,0,0,0,0,0
host,ee,1,35216,605,14356,11216,8252,1141,195,43,11,1,0,1,0,0,0,0,0,0,0,0,0,0,0,0,0,0
host,ee,1,1,605,0,0,0,0,0,0,0,0,0,1,0,0,0,0,0,0,0,0,0,0,0,0,0,0
host,ee,0,35161,1248,15241,10816,7876,976,198,41,9,2,0,1,1,0,0,0,0,0,0,0,0,0,0,0,0,0
host,ee,1,35161,1248,14647,10950,8190,1115,205,41,9,2,0,1,1,0,0,0,0,0,0,0,0,0,0,0,0,0
host,ee,1,2,1405,0,0,0,0,0,0,0,0,0,1,1,0,0,0,0,0,0,0,0,0,0,0,0,0
host,ee,0,34502,476,14445,10829,7931,1044,195,42,14,0,2,0,0,0,0,0,0,0,0,0,0,0,0,0,0,0
host,ee,1,34502,476,14143,10878,8101,1124,196,43,14,1,2,0,0,0,0,0,0,0,0,0,0,0,0,0,0,0
host,ee,1,2,481,0,0,0,0,0,0,0,0,2,0,0,0,0,0,0,0,0,0,0,0,0,0,0,0
host,ee,0,34563,6739,15291,10625,7491,905,192,45,12,0,1,0,0,0,1,0,0,0,0,0,0,0,0,0,0,0
host,ee,1,34563,9639,14118,10990,8057,1142,196,44,12,2,1,0,0,0,0,1,0,0,0,0,0,0,0,0,0,0
host,ee,1,2,9580,0,0,0,0,0,0,0,0,1,0,0,0,0,1,0,0,0,0,0,0,0,0,0,0
host,vf,0,8814,825,2531,2095,2374,1475,288,42,8,0,0,1,0,0,0,0,0,0,0,0,0,0,0,0,0,0
host,vf,1,8814,825,2516,2100,2372,1486,289,42,8,0,0,1,0,0,0,0,0,0,0,0,0,0,0,0,0,0
host,vf,1,1,825,0,0,0,0,0,0,0,0,0,1,0,0,0,0,0,0,0,0,0,0,0,0,0,0
host,ee,0,34548,19171,14213,10847,8078,1144,208,42,10,2,3,0,0,0,0,0,1,0,0,0,0,0,0,0,0,0
host,ee,1,34548,19171,14213,10847,8078,1143,209,42,10,2,3,0,0,0,0,0,1,0,0,0,0,0,0,0,0,0
host,ee,1,2,5723,0,0,0,0,0,0,0,0,1,0,0,0,1,0,0,0,0,0,0,0,0,0,0,0
host,ee,0,34091,6785,13640,10957,8126,1098,209,51,5,1,2,0,1,0,1,0,0,0,0,0,0,0,0,0,0,0
host,ee,1,34091,6785,13628,10959,8135,1097,210,52,5,1,2,0,1,0,1,0,0,0,0,0,0,0,0,0,0,0
host,ee,1,3,6691,0,0,0,0,0,0,0,0,1,0,1,0,1,0,0,0,0,0,0,0,0,0,0,0
host,vf,0,8562,622,2407,2073,2365,1426,241,39,9,1,0,1,0,0,0,0,0,0,0,0,0,0,0,0,0,0
host,vf,1,8562,622,2323,2073,2369,1481,266,38,9,2,0,1,0,0,0,0,0,0,0,0,0,0,0,0,0,0
host,vf,1,1,622,0,0,0,0,0,0,0,0,0,1,0,0,0,0,0,0,0,0,0,0,0,0,0,0
host,ee,0,33614,23401,13280,11030,7932,1107,207,46,7,1,1,1,1,0,0,0,1,0,0,0,0,0,0,0,0,0
host,ee,1,33614,23401,13276,11027,7938,1107,207,47,7,1,1,1,1,0,0,0,1,0,0,0,0,0,0,0,0,0
host,ee,1,2,35233,0,0,0,0,0,0,0,0,0,1,0,0,0,0,0,1,0,0,0,0,0,0,0,0
host,ee,0,33224,2301,13130,10990,7776,1057,212,48,6,2,0,1,1,1,0,0,0,0,0,0,0,0,0,0,0,0
host,ee,1,33224,2301,13130,10990,7776,1057,212,48,6,2,0,1,1,1,0,0,0,0,0,0,0,0,0,0,0,0
host,ee,1,1,2301,0,0,0,0,0,0,0,0,0,0,0,1,0,0,0,0,0,0,0,0,0,0,0,0
host,ee,0,33200,795,13339,10740,7787,1064,214,45,5,2,2,2,0,0,0,0,0,0,0,0,0,0,0,0,0,0
host,ee,1,33200,795,13312,10745,7803,1069,215,45,5,2,2,2,0,0,0,0,0,0,0,0,0,0,0,0,0,0
host,ee,1,2,763,0,0,0,0,0,0,0,0,0,2,0,0,0,0,0,0,0,0,0,0,0,0,0,0
host,ee,0,33831,22081,13904,10851,7746,1059,214,44,8,2,0,0,1,0,1,0,1,0,0,0,0,0,0,0,0,0
host,ee,1,33831,22081,13898,10847,7753,1059,216,45,8,2,0,0,1,0,1,0,1,0,0,0,0,0,0,0,0,0
host,ee,1,3,21204,0,0,0,0,0,0,0,0,0,0,1,0,0,1,1,0,0,0,0,0,0,0,0,0
host,ee,0,34333,797,14634,10755,7646,1030,212,47,8,0,0,1,0,0,0,0,0,0,0,0,0,0,0,0,0,0
host,ee,1,34333,797,14230,10842,7887,1103,214,44,9,2,1,1,0,0,0,0,0,0,0,0,0,0,0,0,0,0
host,ee,1,2,904,0,0,0,0,0,0,0,0,1,1,0,0,0,0,0,0,0,0,0,0,0,0,0,0
host,ee,0,33859,1709,13967,10586,7912,1123,218,44,7,1,0,0,1,0,0,0,0,0,0,0,0,0,0,0,0,0
host,ee,1,33859,1709,13967,10586,7912,1123,218,44,7,1,0,0,1,0,0,0,0,0,0,0,0,0,0,0,0,0
host,ee,1,1,1464,0,0,0,0,0,0,0,0,0,0,1,0,0,0,0,0,0,0,0,0,0,0,0,0
host,vf,0,8427,851,2606,1969,2255,1323,222,43,5,2,1,1,0,0,0,0,0,0,0,0,0,0,0,0,0,0
host,vf,1,8427,1395,2526,1972,2266,1371,240,43,5,1,1,1,1,0,0,0,0,0,0,0,0,0,0,0,0,0
host,vf,1,2,1395,0,0,0,0,0,0,0,0,0,1,1,0,0,0,0,0,0,0,0,0,0,0,0,0
host,vf,0,8443,590,2897,1941,2132,1216,210,36,7,3,0,1,0,0,0,0,0,0,0,0,0,0,0,0,0,0
host,vf,1,8443,827,2679,1935,2192,1343,246,36,7,2,0,3,0,0,0,0,0,0,0,0,0,0,0,0,0,0
host,vf,1,2,827,0,0,0,0,0,0,0,0,0,2,0,0,0,0,0,0,0,0,0,0,0,0,0,0
host,vf,0,8461,3893,2679,1899,2272,1310,248,41,9,2,0,0,0,1,0,0,0,0,0,0,0,0,0,0,0,0
host,vf,1,8461,3893,2679,1899,2272,1310,248,41,9,2,0,0,0,1,0,0,0,0,0,0,0,0,0,0,0,0
host,vf,1,1,3893,0,0,0,0,0,0,0,0,0,0,0,1,0,0,0,0,0,0,0,0,0,0,0,0
host,vf,0,8685,2173,2838,1974,2264,1318,236,47,5,1,0,0,1,1,0,0,0,0,0,0,0,0,0,0,0,0
host,vf,1,8685,2173,2821,1969,2275,1325,240,46,6,1,0,0,1,1,0,0,0,0,0,0,0,0,0,0,0,0
host,vf,1,1,2173,0,0,0,0,0,0,0,0,0,0,0,1,0,0,0,0,0,0,0,0,0,0,0,0
host,ee,0,35575,410,15559,10522,7911,1280,244,51,7,0,1,0,0,0,0,0,0,0,0,0,0,0,0,0,0,0
host,ee,1,35575,410,15559,10522,7911,1280,244,51,7,0,1,0,0,0,0,0,0,0,0,0,0,0,0,0,0,0
host,ee,1,1,410,0,0,0,0,0,0,0,0,1,0,0,0,0,0,0,0,0,0,0,0,0,0,0,0
host,vf,0,8765,705,3033,1933,2225,1292,223,50,5,3,0,1,0,0,0,0,0,0,0,0,0,0,0,0,0,0
host,vf,1,8765,705,3033,1933,2225,1291,224,50,5,3,0,1,0,0,0,0,0,0,0,0,0,0,0,0,0,0
host,vf,1,1,705,0,0,0,0,0,0,0,0,0,1,0,0,0,0,0,0,0,0,0,0,0,0,0,0
host,ee,0,39146,643,19856,10027,7639,1310,245,58,9,0,1,1,0,0,0,0,0,0,0,0,0,0,0,0,0,0
host,ee,1,39146,818,19116,10148,8025,1531,254,59,10,1,1,1,0,0,0,0,0,0,0,0,0,0,0,0,0,0
host,ee,1,2,773,0,0,0,0,0,0,0,0,1,1,0,0,0,0,0,0,0,0,0,0,0,0,0,0
host,vf,0,9286,390,3573,1877,2234,1290,252,50,7,2,1,0,0,0,0,0,0,0,0,0,0,0,0,0,0,0
host,vf,1,9286,390,3573,1877,2234,1289,253,50,7,2,1,0,0,0,0,0,0,0,0,0,0,0,0,0,0,0
host,vf,1,1,390,0,0,0,0,0,0,0,0,1,0,0,0,0,0,0,0,0,0,0,0,0,0,0,0
host,ee,0,39836,545,19763,10239,8002,1500,259,62,8,1,1,1,0,0,0,0,0,0,0,0,0,0,0,0,0,0
host,ee,1,39836,545,19755,10235,8007,1506,260,61,8,1,2,1,0,0,0,0,0,0,0,0,0,0,0,0,0,0
host,ee,1,3,569,0,0,0,0,0,0,0,0,2,1,0,0,0,0,0,0,0,0,0,0,0,0,0,0
host,vf,0,9462,746,3735,1858,2288,1275,243,54,5,2,1,1,0,0,0,0,0,0,0,0,0,0,0,0,0,0
host,vf,1,9462,746,3735,1857,2289,1275,243,54,5,2,1,1,0,0,0,0,0,0,0,0,0,0,0,0,0,0
host,vf,1,1,746,0,0,0,0,0,0,0,0,0,1,0,0,0,0,0,0,0,0,0,0,0,0,0,0
host,ee,0,42197,431,22094,10176,8056,1537,261,61,10,0,2,0,0,0,0,0,0,0,0,0,0,0,0,0,0,0
host,ee,1,42197,485,21901,10206,8146,1609,262,60,10,1,2,0,0,0,0,0,0,0,0,0,0,0,0,0,0,0
host,ee,1,1,341,0,0,0,0,0,0,0,0,1,0,0,0,0,0,0,0,0,0,0,0,0,0,0,0
host,ee,0,44331,1924,23853,10115,8357,1653,285,57,8,1,0,1,1,0,0,0,0,0,0,0,0,0,0,0,0,0
host,ee,1,44331,1924,23853,10115,8357,1653,285,57,8,1,0,1,1,0,0,0,0,0,0,0,0,0,0,0,0,0
host,ee,1,2,1797,0,0,0,0,0,0,0,0,0,1,1,0,0,0,0,0,0,0,0,0,0,0,0,0
host,vf,0,10419,1113,4817,1865,2227,1237,209,55,7,1,0,0,1,0,0,0,0,0,0,0,0,0,0,0,0,0
host,vf,1,10419,1113,4556,1896,2298,1361,242,55,9,0,0,1,1,0,0,0,0,0,0,0,0,0,0,0,0,0
host,vf,1,1,1107,0,0,0,0,0,0,0,0,0,0,1,0,0,0,0,0,0,0,0,0,0,0,0,0
host,vf,0,10487,3840,4676,1866,2311,1306,262,55,9,1,0,0,0,1,0,0,0,0,0,0,0,0,0,0,0,0
host,vf,1,10487,3840,4676,1866,2311,1306,262,55,9,1,0,0,0,1,0,0,0,0,0,0,0,0,0,0,0,0
host,vf,1,1,3840,0,0,0,0,0,0,0,0,0,0,0,1,0,0,0,0,0,0,0,0,0,0,0,0
host,ee,0,42234,1154,21830,10140,8343,1569,276,61,12,0,2,0,1,0,0,0,0,0,0,0,0,0,0,0,0,0
host,ee,1,42234,1066,21805,10150,8342,1582,277,63,12,0,2,0,1,0,0,0,0,0,0,0,0,0,0,0,0,0
host,ee,1,2,764,0,0,0,0,0,0,0,0,1,1,0,0,0,0,0,0,0,0,0,0,0,0,0,0
host,vf,0,9588,525,3930,1855,2256,1237,241,55,12,0,1,1,0,0,0,0,0,0,0,0,0,0,0,0,0,0
host,vf,1,9588,525,3930,1855,2256,1237,241,55,12,0,1,1,0,0,0,0,0,0,0,0,0,0,0,0,0,0
host,vf,1,1,331,0,0,0,0,0,0,0,0,1,0,0,0,0,0,0,0,0,0,0,0,0,0,0,0
host,ee,0,40186,779,20400,10023,8010,1397,272,65,14,3,1,1,0,0,0,0,0,0,0,0,0,0,0,0,0,0
host,ee,1,40186,779,20400,10023,8010,1397,272,65,14,3,1,1,0,0,0,0,0,0,0,0,0,0,0,0,0,0
host,ee,1,1,328,0,0,0,0,0,0,0,0,1,0,0,0,0,0,0,0,0,0,0,0,0,0,0,0
host,vf,0,9093,1584,3690,1834,2186,1089,228,52,10,1,1,1,1,0,0,0,0,0,0,0,0,0,0,0,0,0
host,vf,1,9093,1584,3690,1834,2186,1089,228,52,10,1,1,1,1,0,0,0,0,0,0,0,0,0,0,0,0,0
host,vf,1,2,1584,0,0,0,0,0,0,0,0,0,1,1,0,0,0,0,0,0,0,0,0,0,0,0,0
host,ee,0,39412,1061,20062,9720,7931,1338,269,75,14,0,0,2,1,0,0,0,0,0,0,0,0,0,0,0,0,0
host,ee,1,39412,3780,19896,9736,8019,1398,271,74,13,2,0,1,1,1,0,0,0,0,0,0,0,0,0,0,0,0
host,ee,1,3,2645,0,0,0,0,0,0,0,0,0,1,1,1,0,0,0,0,0,0,0,0,0,0,0,0
host,ee,0,37072,1014,17803,9774,7848,1281,271,73,16,3,0,3,0,0,0,0,0,0,0,0,0,0,0,0,0,0
host,ee,1,37072,1179,17592,9796,7985,1328,276,73,15,4,0,2,1,0,0,0,0,0,0,0,0,0,0,0,0,0
host,ee,1,2,1028,0,0,0,0,0,0,0,0,0,1,1,0,0,0,0,0,0,0,0,0,0,0,0,0
host,vf,0,8203,2949,3119,1753,2056,1000,207,54,11,2,0,0,0,1,0,0,0,0,0,0,0,0,0,0,0,0
host,vf,1,8203,2949,3119,1753,2056,1000,207,54,11,2,0,0,0,1,0,0,0,0,0,0,0,0,0,0,0,0
host,vf,1,1,2949,0,0,0,0,0,0,0,0,0,0,0,1,0,0,0,0,0,0,0,0,0,0,0,0
host,ee,0,34584,801,15707,9659,7495,1348,281,69,16,7,0,2,0,0,0,0,0,0,0,0,0,0,0,0,0,0
host,ee,1,34584,801,15707,9659,7495,1348,281,69,16,7,0,2,0,0,0,0,0,0,0,0,0,0,0,0,0,0
host,ee,1,1,1055,0,0,0,0,0,0,0,0,0,0,1,0,0,0,0,0,0,0,0,0,0,0,0,0
host,vf,0,7619,774,2826,1720,1907,904,195,53,11,1,1,1,0,0,0,0,0,0,0,0,0,0,0,0,0,0
host,vf,1,7619,774,2727,1724,1952,939,208,55,11,1,1,1,0,0,0,0,0,0,0,0,0,0,0,0,0,0
host,vf,1,1,774,0,0,0,0,0,0,0,0,0,1,0,0,0,0,0,0,0,0,0,0,0,0,0,0
host,ee,0,33213,596,14795,9614,7204,1232,272,71,17,5,2,1,0,0,0,0,0,0,0,0,0,0,0,0,0,0
host,ee,1,33213,596,14700,9629,7244,1270,273,71,14,8,2,2,0,0,0,0,0,0,0,0,0,0,0,0,0,0
host,ee,1,3,833,0,0,0,0,0,0,0,0,2,1,0,0,0,0,0,0,0,0,0,0,0,0,0,0
host,ee,0,31969,505,13951,9469,6986,1195,273,75,15,4,1,0,0,0,0,0,0,0,0,0,0,0,0,0,0,0
host,ee,1,31969,2343,13651,9517,7159,1265,279,74,16,6,1,0,0,1,0,0,0,0,0,0,0,0,0,0,0,0
host,ee,1,2,1871,0,0,0,0,0,0,0,0,0,1,1,0,0,0,0,0,0,0,0,0,0,0,0,0
host,ee,0,31329,564,13571,9251,6949,1183,275,76,13,8,1,2,0,0,0,0,0,0,0,0,0,0,0,0,0,0
host,ee,1,31329,789,13228,9300,7129,1293,276,74,16,10,1,2,0,0,0,0,0,0,0,0,0,0,0,0,0,0
host,ee,1,2,789,0,0,0,0,0,0,0,0,1,1,0,0,0,0,0,0,0,0,0,0,0,0,0,0
host,ee,0,31483,1186,13395,9374,7108,1224,279,77,13,7,3,2,1,0,0,0,0,0,0,0,0,0,0,0,0,0
host,ee,1,31483,1302,13341,9394,7126,1237,280,78,14,7,3,2,1,0,0,0,0,0,0,0,0,0,0,0,0,0
host,ee,1,3,1044,0,0,0,0,0,0,0,0,0,1,2,0,0,0,0,0,0,0,0,0,0,0,0,0
host,vf,0,6708,1242,2211,1629,1760,851,189,55,10,2,0,0,1,0,0,0,0,0,0,0,0,0,0,0,0,0
host,vf,1,6708,1242,2200,1628,1764,857,190,56,10,2,0,0,1,0,0,0,0,0,0,0,0,0,0,0,0,0
host,vf,1,1,1242,0,0,0,0,0,0,0,0,0,0,1,0,0,0,0,0,0,0,0,0,0,0,0,0
host,ee,0,31913,2567,13885,9427,6909,1298,291,75,17,5,3,1,1,1,0,0,0,0,0,0,0,0,0,0,0,0
host,ee,1,31913,2567,13885,9427,6909,1298,291,75,17,5,3,1,1,1,0,0,0,0,0,0,0,0,0,0,0,0
host,ee,1,2,2304,0,0,0,0,0,0,0,0,0,1,0,1,0,0,0,0,0,0,0,0,0,0,0,0
host,vf,0,7210,468,2629,1617,1823,890,179,59,8,4,1,0,0,0,0,0,0,0,0,0,0,0,0,0,0,0
host,vf,1,7210,468,2629,1617,1823,890,179,59,8,3,2,0,0,0,0,0,0,0,0,0,0,0,0,0,0,0
host,vf,1,1,468,0,0,0,0,0,0,0,0,1,0,0,0,0,0,0,0,0,0,0,0,0,0,0,0
host,ee,0,33581,1105,16501,9111,6503,1084,285,70,14,5,3,4,1,0,0,0,0,0,0,0,0,0,0,0,0,0
host,ee,1,33581,2555,15155,9543,7175,1315,291,69,15,6,2,5,2,3,0,0,0,0,0,0,0,0,0,0,0,0
host,ee,1,2,577,0,0,0,0,0,0,0,0,1,1,0,0,0,0,0,0,0,0,0,0,0,0,0,0
host,vf,0,7265,1321,2558,1680,1891,892,172,59,11,1,0,0,1,0,0,0,0,0,0,0,0,0,0,0,0,0
host,vf,1,7265,1321,2557,1678,1890,896,171,59,12,1,0,0,1,0,0,0,0,0,0,0,0,0,0,0,0,0
host,vf,1,1,1313,0,0,0,0,0,0,0,0,0,0,1,0,0,0,0,0,0,0,0,0,0,0,0,0
host,ee,0,33770,4591271,15531,9278,7213,1314,309,73,15,11,6,7,3,3,0,0,0,2,0,0,0,0,2,2,1,0
host,ee,1,33770,4591271,14873,9357,7348,1448,350,95,76,43,65,74,23,5,0,0,0,1,0,0,1,1,5,4,1,0
host,ee,1,263,4126840,0,0,0,0,0,0,44,43,69,67,23,4,0,0,0,1,0,0,1,1,5,5,0,0
host,vf,0,7319,13362,2769,1638,1842,800,179,65,10,7,3,5,0,0,0,1,0,0,0,0,0,0,0,0,0,0
host,vf,1,7319,13362,2522,1658,1884,880,189,71,41,24,18,24,7,0,0,1,0,0,0,0,0,0,0,0,0,0
host,vf,1,92,13422,0,0,0,0,0,0,21,21,18,25,6,0,0,1,0,0,0,0,0,0,0,0,0,0
host,ee,0,34239,9359,18836,7996,6128,1001,175,53,19,17,5,5,2,1,0,1,0,0,0,0,0,0,0,0,0,0
host,ee,1,34239,9359,15568,9176,7398,1461,322,133,53,64,38,14,8,3,0,1,0,0,0,0,0,0,0,0,0,0
host,ee,1,22,9359,0,0,0,0,0,0,0,3,4,11,1,2,0,1,0,0,0,0,0,0,0,0,0,0
host,vf,0,7381,4694,2606,1671,1897,904,162,77,27,26,7,2,1,0,1,0,0,0,0,0,0,0,0,0,0,0
host,vf,1,7381,4694,2606,1671,1897,904,162,77,27,26,7,2,1,0,1,0,0,0,0,0,0,0,0,0,0,0
host,vf,1,3,4694,0,0,0,0,0,0,0,0,1,1,0,0,1,0,0,0,0,0,0,0,0,0,0,0
host,ee,0,34560,3807,22668,6345,4679,712,106,22,11,10,3,3,0,1,0,0,0,0,0,0,0,0,0,0,0,0
host,ee,1,34560,4145,15847,9232,7361,1489,341,146,67,47,13,9,6,1,1,0,0,0,0,0,0,0,0,0,0,0
host,ee,1,15,4145,0,0,0,0,0,0,0,0,2,11,1,0,1,0,0,0,0,0,0,0,0,0,0,0
host,vf,0,7373,635,2641,1683,1880,883,151,90,28,14,1,2,0,0,0,0,0,0,0,0,0,0,0,0,0,0
host,vf,1,7373,1174,2564,1695,1896,926,156,85,29,17,2,2,1,0,0,0,0,0,0,0,0,0,0,0,0,0
host,vf,1,1,604,0,0,0,0,0,0,0,0,0,1,0,0,0,0,0,0,0,0,0,0,0,0,0,0
host,ee,0,34228,1383,22456,6345,4648,592,116,50,11,4,3,2,1,0,0,0,0,0,0,0,0,0,0,0,0,0
host,ee,1,34228,4275,15467,9281,7372,1470,340,170,80,23,8,8,7,1,1,0,0,0,0,0,0,0,0,0,0,0
host,ee,1,18,4275,0,0,0,0,0,0,0,0,0,12,5,0,1,0,0,0,0,0,0,0,0,0,0,0
host,vf,0,7224,1026,2510,1635,1926,858,174,86,28,3,1,2,1,0,0,0,0,0,0,0,0,0,0,0,0,0
host,vf,1,7224,1056,2471,1631,1943,881,174,87,28,5,0,3,1,0,0,0,0,0,0,0,0,0,0,0,0,0
host,vf,1,2,1056,0,0,0,0,0,0,0,0,0,1,1,0,0,0,0,0,0,0,0,0,0,0,0,0
host,ee,0,34187,5696,16450,8895,7105,1334,281,84,23,2,2,0,6,4,1,0,0,0,0,0,0,0,0,0,0,0
host,ee,1,34187,5696,15317,9234,7524,1474,373,153,76,11,3,5,9,6,2,0,0,0,0,0,0,0,0,0,0,0
host,ee,1,19,5430,0,0,0,0,0,0,0,0,4,5,5,3,2,0,0,0,0,0,0,0,0,0,0,0
host,vf,0,7182,4634,2448,1624,1923,894,179,75,31,4,1,1,0,1,1,0,0,0,0,0,0,0,0,0,0,0
host,vf,1,7182,4634,2448,1624,1923,894,179,75,31,4,1,1,0,1,1,0,0,0,0,0,0,0,0,0,0,0
host,vf,1,2,4634,0,0,0,0,0,0,0,0,0,0,0,1,1,0,0,0,0,0,0,0,0,0,0,0
host,ee,0,33469,4386,15442,8913,7236,1409,324,102,24,4,4,1,5,4,1,0,0,0,0,0,0,0,0,0,0,0
host,ee,1,33469,4016,14817,9122,7453,1440,373,170,63,10,4,1,8,8,0,0,0,0,0,0,0,0,0,0,0,0
host,ee,1,17,4684,0,0,0,0,0,0,0,1,7,3,4,1,1,0,0,0,0,0,0,0,0,0,0,0
host,vf,0,6983,1631,2404,1597,1817,875,172,89,23,2,2,1,1,0,0,0,0,0,0,0,0,0,0,0,0,0
host,vf,1,6983,1631,2404,1597,1817,875,172,84,28,2,2,1,1,0,0,0,0,0,0,0,0,0,0,0,0,0
host,vf,1,2,1631,0,0,0,0,0,0,0,0,1,0,1,0,0,0,0,0,0,0,0,0,0,0,0,0
host,ee,0,33437,1177,20122,7068,5348,686,140,55,7,2,4,4,1,0,0,0,0,0,0,0,0,0,0,0,0,0
host,ee,1,33437,2081,14742,9095,7502,1463,390,158,64,4,0,7,11,1,0,0,0,0,0,0,0,0,0,0,0,0
host,ee,1,18,2081,0,0,0,0,0,0,0,0,1,13,3,1,0,0,0,0,0,0,0,0,0,0,0,0
host,ee,0,34917,5545,21186,7044,5617,846,147,59,9,0,1,0,5,2,1,0,0,0,0,0,0,0,0,0,0,0
host,ee,1,34917,5545,15861,9175,7732,1502,393,190,45,3,1,1,11,2,1,0,0,0,0,0,0,0,0,0,0,0
host,ee,1,15,4723,0,0,0,0,0,0,0,0,3,7,3,1,1,0,0,0,0,0,0,0,0,0,0,0
host,ee,0,35015,2011,18828,8300,6489,1101,204,66,15,3,1,5,3,0,0,0,0,0,0,0,0,0,0,0,0,0
host,ee,1,35015,11577,15928,9362,7597,1485,420,163,39,4,2,8,5,0,1,1,0,0,0,0,0,0,0,0,0,0
host,ee,1,16,11067,0,0,0,0,0,0,0,2,3,6,2,1,1,1,0,0,0,0,0,0,0,0,0,0
host,vf,0,7197,1074,2690,1581,1823,824,178,77,20,0,2,1,1,0,0,0,0,0,0,0,0,0,0,0,0,0
host,vf,1,7197,1074,2608,1593,1848,862,184,77,20,1,2,1,1,0,0,0,0,0,0,0,0,0,0,0,0,0
host,vf,1,3,1075,0,0,0,0,0,0,0,0,1,1,1,0,0,0,0,0,0,0,0,0,0,0,0,0
host,ee,0,34911,8878,19862,7852,5927,1014,172,59,14,1,1,2,5,1,0,1,0,0,0,0,0,0,0,0,0,0
host,ee,1,34911,8878,15781,9456,7528,1511,414,167,32,3,4,4,7,3,0,1,0,0,0,0,0,0,0,0,0,0
host,ee,1,18,9063,0,0,0,0,0,0,0,0,8,4,3,2,0,1,0,0,0,0,0,0,0,0,0,0
host,ee,0,35558,4754,17155,9123,7491,1352,310,96,18,3,0,2,1,5,2,0,0,0,0,0,0,0,0,0,0,0
host,ee,1,35558,7321,15983,9542,7896,1504,408,177,26,3,0,4,1,9,5,0,0,0,0,0,0,0,0,0,0,0
host,ee,1,17,7321,0,0,0,0,0,0,0,0,4,7,2,3,1,0,0,0,0,0,0,0,0,0,0,0
host,vf,0,7167,927,2614,1613,1813,840,183,82,19,1,1,1,0,0,0,0,0,0,0,0,0,0,0,0,0,0
host,vf,1,7167,927,2611,1611,1816,841,184,82,19,1,1,1,0,0,0,0,0,0,0,0,0,0,0,0,0,0
host,vf,1,1,927,0,0,0,0,0,0,0,0,0,1,0,0,0,0,0,0,0,0,0,0,0,0,0,0
host,ee,0,35411,7677,18433,8651,6905,1101,225,71,14,1,1,5,3,0,1,0,0,0,0,0,0,0,0,0,0,0
host,ee,1,35411,12879,15865,9502,7922,1482,414,176,30,4,3,9,3,0,0,1,0,0,0,0,0,0,0,0,0,0
host,ee,1,15,13131,0,0,0,0,0,0,0,0,4,9,1,0,0,1,0,0,0,0,0,0,0,0,0,0
host,vf,0,7138,824,2594,1586,1869,815,169,81,20,2,1,1,0,0,0,0,0,0,0,0,0,0,0,0,0,0
host,vf,1,7138,824,2594,1586,1869,815,169,81,20,1,2,1,0,0,0,0,0,0,0,0,0,0,0,0,0,0
host,vf,1,1,824,0,0,0,0,0,0,0,0,0,1,0,0,0,0,0,0,0,0,0,0,0,0,0,0
host,ee,0,35543,1353,22363,6995,5210,758,159,44,4,1,3,4,2,0,0,0,0,0,0,0,0,0,0,0,0,0
host,ee,1,35543,8544,16186,9470,7652,1578,434,173,30,1,5,8,5,0,0,1,0,0,0,0,0,0,0,0,0,0
host,ee,1,16,7603,0,0,0,0,0,0,0,0,3,8,4,0,1,0,0,0,0,0,0,0,0,0,0,0
host,vf,0,7056,476,2611,1585,1756,826,176,79,19,2,2,0,0,0,0,0,0,0,0,0,0,0,0,0,0,0
host,vf,1,7056,476,2611,1585,1756,826,176,79,19,2,2,0,0,0,0,0,0,0,0,0,0,0,0,0,0,0
host,vf,1,1,476,0,0,0,0,0,0,0,0,1,0,0,0,0,0,0,0,0,0,0,0,0,0,0,0
host,ee,0,35907,3913,17786,9025,7274,1377,325,94,13,1,0,3,4,5,0,0,0,0,0,0,0,0,0,0,0,0
host,ee,1,35907,3913,16369,9411,7803,1654,471,149,30,1,3,5,7,4,0,0,0,0,0,0,0,0,0,0,0,0
host,ee,1,17,3913,0,0,0,0,0,0,0,2,7,4,2,2,0,0,0,0,0,0,0,0,0,0,0,0
host,vf,0,7150,1352,2654,1560,1813,831,190,82,16,2,1,0,1,0,0,0,0,0,0,0,0,0,0,0,0,0
host,vf,1,7150,1352,2652,1561,1814,831,190,82,16,2,1,0,1,0,0,0,0,0,0,0,0,0,0,0,0,0
host,vf,1,1,1331,0,0,0,0,0,0,0,0,0,0,1,0,0,0,0,0,0,0,0,0,0,0,0,0
host,ee,0,36034,3856,22775,6755,5517,789,147,39,3,1,1,5,0,2,0,0,0,0,0,0,0,0,0,0,0,0
host,ee,1,36034,8330,16290,9521,8048,1517,463,152,19,3,7,7,3,3,0,1,0,0,0,0,0,0,0,0,0,0
host,ee,1,19,7162,0,0,0,0,0,0,0,0,4,9,4,1,1,0,0,0,0,0,0,0,0,0,0,0
host,vf,0,7127,1163,2664,1614,1811,746,199,75,12,5,0,0,1,0,0,0,0,0,0,0,0,0,0,0,0,0
host,vf,1,7127,1163,2664,1614,1811,746,199,74,13,5,0,0,1,0,0,0,0,0,0,0,0,0,0,0,0,0
host,vf,1,1,1163,0,0,0,0,0,0,0,0,0,0,1,0,0,0,0,0,0,0,0,0,0,0,0,0
host,ee,0,38197,2261,23943,7428,5731,854,167,54,8,0,3,6,2,1,0,0,0,0,0,0,0,0,0,0,0,0
host,ee,1,38197,7154,18016,9701,8149,1660,451,168,26,4,1,10,4,6,1,0,0,0,0,0,0,0,0,0,0,0
host,ee,1,21,7492,0,0,0,0,0,0,0,2,7,8,1,2,1,0,0,0,0,0,0,0,0,0,0,0
host,vf,0,7623,878,3057,1603,1903,784,175,80,14,3,1,3,0,0,0,0,0,0,0,0,0,0,0,0,0,0
host,vf,1,7623,864,3029,1611,1911,795,176,79,15,3,1,3,0,0,0,0,0,0,0,0,0,0,0,0,0,0
host,vf,1,3,864,0,0,0,0,0,0,0,0,0,3,0,0,0,0,0,0,0,0,0,0,0,0,0,0
host,ee,0,38991,1235,22362,8455,6695,1127,249,78,12,2,2,7,2,0,0,0,0,0,0,0,0,0,0,0,0,0
host,ee,1,38991,13816,18855,9710,8116,1634,469,165,22,3,6,5,5,0,0,1,0,0,0,0,0,0,0,0,0,0
host,ee,1,16,13873,0,0,0,0,0,0,0,0,2,9,4,0,0,1,0,0,0,0,0,0,0,0,0,0
host,vf,0,7840,694,3269,1642,1882,767,183,84,10,2,0,1,0,0,0,0,0,0,0,0,0,0,0,0,0,0
host,vf,1,7840,694,3234,1640,1898,787,182,83,12,3,0,1,0,0,0,0,0,0,0,0,0,0,0,0,0,0
host,vf,1,1,694,0,0,0,0,0,0,0,0,0,1,0,0,0,0,0,0,0,0,0,0,0,0,0,0
host,ee,0,36363,1755,21912,7317,5938,942,181,57,6,1,2,6,1,0,0,0,0,0,0,0,0,0,0,0,0,0
host,ee,1,36363,1880,16513,9519,8043,1613,460,176,19,2,3,12,3,0,0,0,0,0,0,0,0,0,0,0,0,0
host,ee,1,17,2439,0,0,0,0,0,0,0,0,7,6,3,1,0,0,0,0,0,0,0,0,0,0,0,0
host,vf,0,7246,1329,2844,1610,1758,753,187,83,9,1,0,0,1,0,0,0,0,0,0,0,0,0,0,0,0,0
host,vf,1,7246,1329,2807,1620,1777,757,191,83,9,1,0,0,1,0,0,0,0,0,0,0,0,0,0,0,0,0
host,vf,1,1,1329,0,0,0,0,0,0,0,0,0,0,1,0,0,0,0,0,0,0,0,0,0,0,0,0
host,ee,0,32992,2379,15507,8725,7167,1222,275,79,7,0,1,2,6,1,0,0,0,0,0,0,0,0,0,0,0,0
host,ee,1,32992,8112,13588,9354,7861,1508,468,175,19,0,1,7,8,2,1,0,0,0,0,0,0,0,0,0,0,0
host,ee,1,18,7999,0,0,0,0,0,0,0,0,8,6,3,0,1,0,0,0,0,0,0,0,0,0,0,0
host,ee,0,33161,1627,16565,8608,6614,1017,249,86,11,1,4,2,4,0,0,0,0,0,0,0,0,0,0,0,0,0
host,ee,1,33161,7475,13789,9479,7718,1480,479,170,26,2,5,8,3,1,1,0,0,0,0,0,0,0,0,0,0,0
host,ee,1,17,7475,0,0,0,0,0,0,0,0,5,6,5,0,1,0,0,0,0,0,0,0,0,0,0,0
host,vf,0,6408,1123,2264,1526,1685,663,168,87,12,1,1,0,1,0,0,0,0,0,0,0,0,0,0,0,0,0
host,vf,1,6408,1123,2264,1526,1685,663,168,87,12,1,1,0,1,0,0,0,0,0,0,0,0,0,0,0,0,0
host,vf,1,1,315,0,0,0,0,0,0,0,0,1,0,0,0,0,0,0,0,0,0,0,0,0,0,0,0
host,ee,0,33247,2639,18385,7581,6115,895,186,63,6,6,1,7,1,1,0,0,0,0,0,0,0,0,0,0,0,0
host,ee,1,33247,8972,13863,9393,7808,1488,464,185,21,7,2,9,4,2,0,1,0,0,0,0,0,0,0,0,0,0
host,ee,1,17,8752,0,0,0,0,0,0,0,1,3,8,4,0,0,1,0,0,0,0,0,0,0,0,0,0
host,vf,0,6478,4803,2359,1515,1667,667,165,89,13,0,1,0,1,0,1,0,0,0,0,0,0,0,0,0,0,0
host,vf,1,6478,4803,2310,1518,1693,684,166,87,16,1,1,0,0,1,1,0,0,0,0,0,0,0,0,0,0,0
host,vf,1,3,4803,0,0,0,0,0,0,0,0,1,0,0,1,1,0,0,0,0,0,0,0,0,0,0,0
host,ee,0,33585,2657,19581,7434,5561,747,178,61,11,4,2,4,1,1,0,0,0,0,0,0,0,0,0,0,0,0
host,ee,1,33585,4738,14024,9514,7820,1539,479,163,23,4,2,3,1,12,1,0,0,0,0,0,0,0,0,0,0,0
host,ee,1,16,3971,0,0,0,0,0,0,0,1,3,5,5,2,0,0,0,0,0,0,0,0,0,0,0,0
host,vf,0,6583,557,2390,1504,1710,699,171,91,10,4,1,3,0,0,0,0,0,0,0,0,0,0,0,0,0,0
host,vf,1,6583,557,2380,1501,1716,706,171,91,10,4,1,3,0,0,0,0,0,0,0,0,0,0,0,0,0,0
host,vf,1,2,557,0,0,0,0,0,0,0,0,1,1,0,0,0,0,0,0,0,0,0,0,0,0,0,0
host,ee,0,33438,1425,19746,7146,5606,692,178,57,4,1,4,3,1,0,0,0,0,0,0,0,0,0,0,0,0,0
host,ee,1,33438,9205,13776,9483,7981,1503,463,186,21,3,3,9,7,2,0,1,0,0,0,0,0,0,0,0,0,0
host,ee,1,19,9205,0,0,0,0,0,0,0,0,4,10,3,1,0,1,0,0,0,0,0,0,0,0,0,0
host,vf,0,6454,2269,2260,1493,1723,691,178,88,15,2,1,1,1,1,0,0,0,0,0,0,0,0,0,0,0,0
host,vf,1,6454,2269,2260,1493,1722,692,178,88,14,3,1,1,1,1,0,0,0,0,0,0,0,0,0,0,0,0
host,vf,1,1,756,0,0,0,0,0,0,0,0,0,1,0,0,0,0,0,0,0,0,0,0,0,0,0,0
host,ee,0,33970,1998,17669,8386,6503,1016,276,91,16,3,0,6,4,0,0,0,0,0,0,0,0,0,0,0,0,0
host,ee,1,33970,3360,14635,9477,7648,1507,481,177,22,3,1,7,7,5,0,0,0,0,0,0,0,0,0,0,0,0
host,ee,1,17,8426,0,0,0,0,0,0,0,0,2,7,4,3,0,1,0,0,0,0,0,0,0,0,0,0
host,vf,0,6445,792,2345,1507,1638,677,174,86,12,4,1,1,0,0,0,0,0,0,0,0,0,0,0,0,0,0
host,vf,1,6445,792,2345,1507,1638,677,174,86,12,4,1,1,0,0,0,0,0,0,0,0,0,0,0,0,0,0
host,vf,1,1,792,0,0,0,0,0,0,0,0,0,1,0,0,0,0,0,0,0,0,0,0,0,0,0,0
host,ee,0,35266,4631,18269,8765,6784,1052,282,77,21,5,3,0,4,3,1,0,0,0,0,0,0,0,0,0,0,0
host,ee,1,35266,4631,15684,9584,7777,1520,488,163,25,6,2,4,9,3,1,0,0,0,0,0,0,0,0,0,0,0
host,ee,1,17,4631,0,0,0,0,0,0,0,0,10,1,4,1,1,0,0,0,0,0,0,0,0,0,0,0
host,ee,0,35842,3451,22279,6965,5580,789,158,46,10,4,3,4,3,1,0,0,0,0,0,0,0,0,0,0,0,0
host,ee,1,35842,8273,15909,9575,8096,1584,471,160,23,4,3,10,4,2,0,1,0,0,0,0,0,0,0,0,0,0
host,ee,1,17,8273,0,0,0,0,0,0,0,0,1,9,5,1,0,1,0,0,0,0,0,0,0,0,0,0
host,vf,0,6739,614,2688,1518,1603,665,170,78,13,1,2,1,0,0,0,0,0,0,0,0,0,0,0,0,0,0
host,vf,1,6739,614,2496,1555,1684,727,180,79,12,2,3,1,0,0,0,0,0,0,0,0,0,0,0,0,0,0
host,vf,1,1,619,0,0,0,0,0,0,0,0,0,1,0,0,0,0,0,0,0,0,0,0,0,0,0,0
host,ee,0,35371,9183,19152,8214,6658,1042,217,66,7,4,2,4,2,2,0,1,0,0,0,0,0,0,0,0,0,0
host,ee,1,35371,9183,15447,9597,8065,1579,482,159,17,4,4,6,6,4,0,1,0,0,0,0,0,0,0,0,0,0
host,ee,1,17,9183,0,0,0,0,0,0,0,0,6,8,2,0,0,1,0,0,0,0,0,0,0,0,0,0
host,vf,0,6608,5957,2452,1492,1690,694,185,77,14,2,0,1,0,0,1,0,0,0,0,0,0,0,0,0,0,0
host,vf,1,6608,5957,2452,1492,1690,694,185,77,14,2,0,1,0,0,1,0,0,0,0,0,0,0,0,0,0,0
host,vf,1,1,5957,0,0,0,0,0,0,0,0,0,0,0,0,1,0,0,0,0,0,0,0,0,0,0,0
host,ee,0,35120,3487,18710,8294,6705,1096,224,62,14,2,5,2,5,1,0,0,0,0,0,0,0,0,0,0,0,0
host,ee,1,35120,3487,15318,9568,7967,1578,492,157,17,3,6,6,7,1,0,0,0,0,0,0,0,0,0,0,0,0
host,ee,1,16,3487,0,0,0,0,0,0,0,0,3,7,5,1,0,0,0,0,0,0,0,0,0,0,0,0
host,vf,0,6529,16640,2432,1484,1653,667,200,77,12,2,0,0,0,0,0,1,1,0,0,0,0,0,0,0,0,0
host,vf,1,6529,16640,2428,1483,1656,669,200,77,12,2,0,0,0,0,0,1,1,0,0,0,0,0,0,0,0,0
host,vf,1,2,16640,0,0,0,0,0,0,0,0,0,0,0,0,0,1,1,0,0,0,0,0,0,0,0,0
host,ee,0,34941,10547,18386,8507,6640,1073,249,64,11,2,2,4,1,1,0,1,0,0,0,0,0,0,0,0,0,0
host,ee,1,34941,10547,15168,9699,7853,1546,489,150,18,2,3,6,5,1,0,1,0,0,0,0,0,0,0,0,0,0
host,ee,1,15,10474,0,0,0,0,0,0,0,0,5,8,1,0,0,1,0,0,0,0,0,0,0,0,0,0
host,vf,0,6431,1309,2326,1521,1622,676,190,81,10,2,1,1,1,0,0,0,0,0,0,0,0,0,0,0,0,0
host,vf,1,6431,1309,2319,1524,1623,679,189,82,10,2,1,1,1,0,0,0,0,0,0,0,0,0,0,0,0,0
host,vf,1,1,379,0,0,0,0,0,0,0,0,1,0,0,0,0,0,0,0,0,0,0,0,0,0,0,0
host,ee,0,34299,2203,21208,7053,5166,659,157,44,5,0,1,3,2,1,0,0,0,0,0,0,0,0,0,0,0,0
host,ee,1,34299,2525,14709,9617,7815,1483,483,156,18,2,4,6,4,2,0,0,0,0,0,0,0,0,0,0,0,0
host,ee,1,15,2885,0,0,0,0,0,0,0,0,4,5,4,2,0,0,0,0,0,0,0,0,0,0,0,0
host,vf,0,6297,587,2251,1490,1613,669,178,81,9,4,1,1,0,0,0,0,0,0,0,0,0,0,0,0,0,0
host,vf,1,6297,587,2245,1493,1613,671,179,80,10,4,1,1,0,0,0,0,0,0,0,0,0,0,0,0,0,0
host,vf,1,1,587,0,0,0,0,0,0,0,0,0,1,0,0,0,0,0,0,0,0,0,0,0,0,0,0
host,ee,0,34383,1524,18874,8057,6260,905,207,62,6,4,0,6,2,0,0,0,0,0,0,0,0,0,0,0,0,0
host,ee,1,34383,3809,14717,9622,7858,1508,480,159,17,4,4,7,6,1,0,0,0,0,0,0,0,0,0,0,0,0
host,ee,1,16,3809,0,0,0,0,0,0,0,0,2,7,6,1,0,0,0,0,0,0,0,0,0,0,0,0
host,ee,0,33945,2252,15609,9267,7337,1301,319,87,12,1,3,2,6,1,0,0,0,0,0,0,0,0,0,0,0,0
host,ee,1,33945,3041,14100,9708,7884,1560,489,160,22,1,5,4,9,3,0,0,0,0,0,0,0,0,0,0,0,0
host,ee,1,16,3185,0,0,0,0,0,0,0,0,3,6,5,2,0,0,0,0,0,0,0,0,0,0,0,0
host,vf,0,6105,1543,2114,1483,1578,650,183,81,11,2,2,0,1,0,0,0,0,0,0,0,0,0,0,0,0,0
host,vf,1,6105,1543,2113,1483,1578,650,184,81,11,2,2,0,1,0,0,0,0,0,0,0,0,0,0,0,0,0
host,vf,1,1,1534,0,0,0,0,0,0,0,0,0,0,1,0,0,0,0,0,0,0,0,0,0,0,0,0
host,ee,0,34245,4867,15079,9319,7731,1538,416,130,15,5,3,1,0,7,1,0,0,0,0,0,0,0,0,0,0,0
host,ee,1,34245,4867,14479,9555,7957,1558,482,174,17,5,3,1,0,13,1,0,0,0,0,0,0,0,0,0,0,0
host,ee,1,16,3952,0,0,0,0,0,0,0,2,3,6,1,4,0,0,0,0,0,0,0,0,0,0,0,0
host,vf,0,6185,1310,2241,1469,1572,631,175,80,8,3,5,0,1,0,0,0,0,0,0,0,0,0,0,0,0,0
host,vf,1,6185,1516,2187,1468,1601,650,182,79,8,3,6,0,1,0,0,0,0,0,0,0,0,0,0,0,0,0
host,vf,1,4,1520,0,0,0,0,0,0,0,0,3,0,1,0,0,0,0,0,0,0,0,0,0,0,0,0
host,ee,0,34290,4991,19744,7411,5958,907,198,53,7,2,5,3,1,0,1,0,0,0,0,0,0,0,0,0,0,0
host,ee,1,34290,9859,14589,9422,7969,1622,493,154,19,3,6,8,3,0,1,1,0,0,0,0,0,0,0,0,0,0
host,ee,1,15,9859,0,0,0,0,0,0,0,1,1,8,4,0,0,1,0,0,0,0,0,0,0,0,0,0
host,vf,0,6232,791,2242,1447,1589,670,191,77,10,4,0,2,0,0,0,0,0,0,0,0,0,0,0,0,0,0
host,vf,1,6232,791,2242,1447,1588,671,191,77,10,4,0,2,0,0,0,0,0,0,0,0,0,0,0,0,0,0
host,vf,1,1,791,0,0,0,0,0,0,0,0,0,1,0,0,0,0,0,0,0,0,0,0,0,0,0,0
host,ee,0,34985,32103,20453,7398,5935,940,192,49,6,0,2,5,2,2,0,0,1,0,0,0,0,0,0,0,0,0
host,ee,1,34985,32103,15100,9558,7985,1648,507,149,16,1,4,8,4,4,0,0,1,0,0,0,0,0,0,0,0,0
host,ee,1,18,32103,0,0,0,0,0,0,0,0,3,5,7,2,0,0,1,0,0,0,0,0,0,0,0,0
host,ee,0,34323,2067,18427,8127,6451,1026,216,52,8,1,3,7,4,1,0,0,0,0,0,0,0,0,0,0,0,0
host,ee,1,34323,2317,14327,9600,8005,1677,532,141,16,2,4,10,7,2,0,0,0,0,0,0,0,0,0,0,0,0
host,ee,1,17,2342,0,0,0,0,0,0,0,0,3,7,6,1,0,0,0,0,0,0,0,0,0,0,0,0
host,ee,0,34102,4363,19494,7425,5936,941,233,51,8,1,2,5,4,1,1,0,0,0,0,0,0,0,0,0,0,0
host,ee,1,34102,4363,14060,9564,8058,1701,529,152,14,1,4,9,8,1,1,0,0,0,0,0,0,0,0,0,0,0
host,ee,1,15,4363,0,0,0,0,0,0,0,0,2,5,6,1,1,0,0,0,0,0,0,0,0,0,0,0
host,vf,0,6214,538,2176,1452,1599,701,187,83,11,3,1,1,0,0,0,0,0,0,0,0,0,0,0,0,0,0
host,vf,1,6214,538,2169,1447,1610,702,187,82,12,3,1,1,0,0,0,0,0,0,0,0,0,0,0,0,0,0
host,vf,1,1,538,0,0,0,0,0,0,0,0,0,1,0,0,0,0,0,0,0,0,0,0,0,0,0,0
host,ee,0,34901,3251,19224,8055,6310,985,240,59,11,2,7,1,6,1,0,0,0,0,0,0,0,0,0,0,0,0
host,ee,1,34901,12873,14977,9535,7981,1680,529,153,20,3,5,7,7,3,0,1,0,0,0,0,0,0,0,0,0,0
host,ee,1,18,12873,0,0,0,0,0,0,0,0,4,5,8,0,0,1,0,0,0,0,0,0,0,0,0,0
host,vf,0,6294,865,2303,1437,1615,651,186,86,13,1,1,1,0,0,0,0,0,0,0,0,0,0,0,0,0,0
host,vf,1,6294,865,2303,1437,1615,651,186,86,13,1,1,1,0,0,0,0,0,0,0,0,0,0,0,0,0,0
host,vf,1,1,379,0,0,0,0,0,0,0,0,1,0,0,0,0,0,0,0,0,0,0,0,0,0,0,0
host,ee,0,36599,2888,21204,7782,6125,1110,269,78,10,6,5,3,5,2,0,0,0,0,0,0,0,0,0,0,0,0
host,ee,1,36599,5535,16431,9643,8006,1761,544,168,18,6,4,7,5,5,1,0,0,0,0,0,0,0,0,0,0,0
host,ee,1,17,5329,0,0,0,0,0,0,0,2,2,7,3,2,1,0,0,0,0,0,0,0,0,0,0,0
host,vf,0,6576,448,2708,1377,1587,626,175,88,12,2,1,0,0,0,0,0,0,0,0,0,0,0,0,0,0,0
host,vf,1,6576,448,2535,1392,1694,671,180,87,11,4,2,0,0,0,0,0,0,0,0,0,0,0,0,0,0,0
host,vf,1,1,448,0,0,0,0,0,0,0,0,1,0,0,0,0,0,0,0,0,0,0,0,0,0,0,0
host,ee,0,37558,4511,21725,7957,6388,1134,251,71,13,6,4,3,5,0,1,0,0,0,0,0,0,0,0,0,0,0
host,ee,1,37558,11883,17326,9556,8165,1773,529,160,22,6,6,8,5,0,1,1,0,0,0,0,0,0,0,0,0,0
host,ee,1,15,11973,0,0,0,0,0,0,0,1,1,10,2,0,0,1,0,0,0,0,0,0,0,0,0,0
host,ee,0,37569,1243,26340,5952,4476,634,126,24,6,2,6,1,2,0,0,0,0,0,0,0,0,0,0,0,0,0
host,ee,1,37569,5825,17403,9580,8094,1749,540,158,22,2,9,6,4,1,1,0,0,0,0,0,0,0,0,0,0,0
host,ee,1,15,2848,0,0,0,0,0,0,0,0,2,8,2,3,0,0,0,0,0,0,0,0,0,0,0,0
host,ee,0,39071,1762,26005,6674,5234,895,183,58,9,4,2,3,4,0,0,0,0,0,0,0,0,0,0,0,0,0
host,ee,1,39071,6199,18990,9422,8140,1765,546,162,20,4,3,8,9,1,1,0,0,0,0,0,0,0,0,0,0,0
host,ee,1,18,7054,0,0,0,0,0,0,0,2,6,8,0,1,1,0,0,0,0,0,0,0,0,0,0,0
host,vf,0,6847,499,2805,1425,1658,661,186,95,12,3,2,0,0,0,0,0,0,0,0,0,0,0,0,0,0,0
host,vf,1,6847,499,2805,1425,1658,661,186,95,12,3,2,0,0,0,0,0,0,0,0,0,0,0,0,0,0,0
host,vf,1,1,328,0,0,0,0,0,0,0,0,1,0,0,0,0,0,0,0,0,0,0,0,0,0,0,0
host,ee,0,38675,2551,24957,6978,5580,839,232,66,12,1,3,5,1,1,0,0,0,0,0,0,0,0,0,0,0,0
host,ee,1,38675,4279,18343,9536,8291,1729,553,174,24,2,9,7,6,0,1,0,0,0,0,0,0,0,0,0,0,0
host,ee,1,19,4279,0,0,0,0,0,0,0,0,5,10,3,0,1,0,0,0,0,0,0,0,0,0,0,0
host,vf,0,6857,685,2850,1406,1669,639,183,90,12,5,2,1,0,0,0,0,0,0,0,0,0,0,0,0,0,0
host,vf,1,6857,1376,2824,1409,1687,643,182,91,13,4,2,1,1,0,0,0,0,0,0,0,0,0,0,0,0,0
host,vf,1,2,1376,0,0,0,0,0,0,0,0,1,0,1,0,0,0,0,0,0,0,0,0,0,0,0,0
host,ee,0,37307,1373,23649,6993,5556,817,214,55,11,3,3,4,2,0,0,0,0,0,0,0,0,0,0,0,0,0
host,ee,1,37307,15460,17125,9434,8223,1760,536,177,28,2,6,6,7,2,0,1,0,0,0,0,0,0,0,0,0,0
host,ee,1,17,15079,0,0,0,0,0,0,0,0,4,6,6,0,0,1,0,0,0,0,0,0,0,0,0,0
host,ee,0,36583,1985,22421,7217,5757,906,192,58,18,0,6,4,4,0,0,0,0,0,0,0,0,0,0,0,0,0
host,ee,1,36583,5351,16256,9540,8276,1746,528,188,26,1,4,4,1,12,1,0,0,0,0,0,0,0,0,0,0,0
host,ee,1,17,5351,0,0,0,0,0,0,0,0,8,5,2,1,1,0,0,0,0,0,0,0,0,0,0,0
host,vf,0,6412,467,2483,1384,1588,666,177,91,16,4,3,0,0,0,0,0,0,0,0,0,0,0,0,0,0,0
host,vf,1,6412,467,2483,1384,1588,666,177,91,16,4,3,0,0,0,0,0,0,0,0,0,0,0,0,0,0,0
host,vf,1,1,467,0,0,0,0,0,0,0,0,1,0,0,0,0,0,0,0,0,0,0,0,0,0,0,0
host,ee,0,34249,10657,20458,7007,5674,838,180,62,14,4,6,3,2,0,0,1,0,0,0,0,0,0,0,0,0,0
host,ee,1,34249,10657,13937,9560,8235,1732,543,188,27,8,7,8,2,0,1,1,0,0,0,0,0,0,0,0,0,0
host,ee,1,18,10657,0,0,0,0,0,0,0,0,3,10,3,0,1,1,0,0,0,0,0,0,0,0,0,0
host,ee,0,33807,6646,18934,7453,6145,934,226,86,14,2,4,4,0,4,1,0,0,0,0,0,0,0,0,0,0,0
host,ee,1,33807,6646,13350,9584,8368,1719,546,190,26,2,4,8,5,4,1,0,0,0,0,0,0,0,0,0,0,0
host,ee,1,17,6562,0,0,0,0,0,0,0,0,2,9,4,1,1,0,0,0,0,0,0,0,0,0,0,0
host,vf,0,5903,777,2065,1371,1553,620,184,90,13,3,2,2,0,0,0,0,0,0,0,0,0,0,0,0,0,0
host,vf,1,5903,777,2043,1377,1565,623,183,91,13,4,2,2,0,0,0,0,0,0,0,0,0,0,0,0,0,0
host,vf,1,1,419,0,0,0,0,0,0,0,0,1,0,0,0,0,0,0,0,0,0,0,0,0,0,0,0
host,ee,0,34338,1833,19914,7254,5990,867,226,62,14,1,3,2,5,0,0,0,0,0,0,0,0,0,0,0,0,0
host,ee,1,34338,3405,13703,9587,8494,1721,578,203,26,3,7,4,10,2,0,0,0,0,0,0,0,0,0,0,0,0
host,ee,1,19,3405,0,0,0,0,0,0,0,1,3,8,6,1,0,0,0,0,0,0,0,0,0,0,0,0
host,vf,0,6033,369,2222,1356,1548,614,188,86,13,3,3,0,0,0,0,0,0,0,0,0,0,0,0,0,0,0
host,vf,1,6033,9637,2066,1375,1644,643,192,86,16,6,3,1,0,0,0,1,0,0,0,0,0,0,0,0,0,0
host,vf,1,2,364,0,0,0,0,0,0,0,0,2,0,0,0,0,0,0,0,0,0,0,0,0,0,0,0
host,ee,0,35656,2796,16743,9156,7810,1391,397,115,22,6,5,6,2,3,0,0,0,0,0,0,0,0,0,0,0,0
host,ee,1,35656,8734,14623,9778,8609,1781,611,194,31,6,6,4,10,2,0,1,0,0,0,0,0,0,0,0,0,0
host,ee,1,19,8643,0,0,0,0,0,0,0,2,8,5,3,0,0,1,0,0,0,0,0,0,0,0,0,0
host,ee,0,35899,1730,20776,7624,6191,910,282,74,22,5,7,6,2,0,0,0,0,0,0,0,0,0,0,0,0,0
host,ee,1,35899,9109,14535,10005,8687,1799,596,205,33,7,10,12,9,0,0,1,0,0,0,0,0,0,0,0,0,0
host,ee,1,26,9431,0,0,0,0,0,0,0,0,10,9,5,1,0,1,0,0,0,0,0,0,0,0,0,0
host,vf,0,6291,743,2181,1424,1699,678,199,88,9,8,3,2,0,0,0,0,0,0,0,0,0,0,0,0,0,0
host,vf,1,6291,743,2181,1424,1699,678,199,88,9,8,3,2,0,0,0,0,0,0,0,0,0,0,0,0,0,0
host,vf,1,1,349,0,0,0,0,0,0,0,0,1,0,0,0,0,0,0,0,0,0,0,0,0,0,0,0
host,ee,0,35460,3009,18906,8222,6757,1110,334,87,24,5,4,7,3,1,0,0,0,0,0,0,0,0,0,0,0,0
host,ee,1,35460,4879,13854,10106,8777,1830,613,202,43,7,5,12,6,4,1,0,0,0,0,0,0,0,0,0,0,0
host,ee,1,20,4879,0,0,0,0,0,0,0,0,2,12,5,0,1,0,0,0,0,0,0,0,0,0,0,0
host,ee,0,36202,6640,16755,9399,7851,1531,483,126,28,11,6,2,2,6,2,0,0,0,0,0,0,0,0,0,0,0
host,ee,1,36202,6640,14654,10108,8664,1858,650,191,36,13,9,2,8,5,4,0,0,0,0,0,0,0,0,0,0,0
host,ee,1,20,6680,0,0,0,0,0,0,0,0,7,3,6,1,3,0,0,0,0,0,0,0,0,0,0,0
host,vf,0,6379,4695,2226,1497,1644,698,196,90,15,7,3,2,0,0,1,0,0,0,0,0,0,0,0,0,0,0
host,vf,1,6379,4695,2226,1497,1644,698,196,90,15,7,3,2,0,0,1,0,0,0,0,0,0,0,0,0,0,0
host,vf,1,1,4695,0,0,0,0,0,0,0,0,0,0,0,0,1,0,0,0,0,0,0,0,0,0,0,0
host,ee,0,38249,6451,23105,7559,6131,990,328,91,22,6,7,4,4,1,1,0,0,0,0,0,0,0,0,0,0,0
host,ee,1,38249,9289,16358,10155,8902,1885,670,202,41,7,9,8,9,1,1,1,0,0,0,0,0,0,0,0,0,0
host,ee,1,20,9289,0,0,0,0,0,0,0,0,5,8,5,1,0,1,0,0,0,0,0,0,0,0,0,0
host,ee,0,39805,3334,21646,8902,7361,1284,423,128,27,16,9,5,2,2,0,0,0,0,0,0,0,0,0,0,0,0
host,ee,1,39805,3571,17555,10278,9037,1945,688,219,37,16,12,10,4,4,0,0,0,0,0,0,0,0,0,0,0,0
host,ee,1,20,6977,0,0,0,0,0,0,0,1,6,9,2,1,1,0,0,0,0,0,0,0,0,0,0,0
host,vf,0,7078,2785,2690,1484,1813,749,219,91,19,10,0,2,0,1,0,0,0,0,0,0,0,0,0,0,0,0
host,vf,1,7078,2785,2664,1483,1832,754,220,89,21,12,0,2,0,1,0,0,0,0,0,0,0,0,0,0,0,0
host,vf,1,2,2785,0,0,0,0,0,0,0,0,0,1,0,1,0,0,0,0,0,0,0,0,0,0,0,0
host,ee,0,39923,2216,20568,9481,7700,1494,474,151,29,6,4,11,3,2,0,0,0,0,0,0,0,0,0,0,0,0
host,ee,1,39923,2787,17557,10422,8961,2000,686,226,36,6,6,11,9,3,0,0,0,0,0,0,0,0,0,0,0,0
host,ee,1,19,3682,0,0,0,0,0,0,0,1,6,4,5,3,0,0,0,0,0,0,0,0,0,0,0,0
host,ee,0,38968,4259,23709,7748,5977,1050,351,96,18,5,9,4,0,0,1,0,0,0,0,0,0,0,0,0,0,0
host,ee,1,38968,4259,16777,10282,8880,2021,682,233,40,14,16,12,9,0,2,0,0,0,0,0,0,0,0,0,0,0
host,ee,1,29,4259,0,0,0,0,0,0,0,0,12,13,2,0,2,0,0,0,0,0,0,0,0,0,0,0
host,vf,0,6912,6142,2565,1490,1756,739,225,94,22,12,3,4,1,0,1,0,0,0,0,0,0,0,0,0,0,0
host,vf,1,6912,6142,2558,1489,1757,744,226,95,22,12,3,4,1,0,1,0,0,0,0,0,0,0,0,0,0,0
host,vf,1,2,6218,0,0,0,0,0,0,0,0,1,0,0,0,1,0,0,0,0,0,0,0,0,0,0,0
host,ee,0,38276,6038,22932,7657,6119,1038,367,106,30,6,12,6,2,0,1,0,0,0,0,0,0,0,0,0,0,0
host,ee,1,38276,6038,15592,10506,9112,1978,748,233,54,14,14,11,10,3,1,0,0,0,0,0,0,0,0,0,0,0
host,ee,1,22,12502,0,0,0,0,0,0,0,1,6,10,3,1,0,1,0,0,0,0,0,0,0,0,0,0
host,vf,0,6728,2425,2366,1482,1750,746,238,95,31,11,5,3,0,1,0,0,0,0,0,0,0,0,0,0,0,0
host,vf,1,6728,2425,2362,1484,1751,747,238,95,31,11,5,3,0,1,0,0,0,0,0,0,0,0,0,0,0,0
host,vf,1,1,395,0,0,0,0,0,0,0,0,1,0,0,0,0,0,0,0,0,0,0,0,0,0,0,0
host,ee,0,36394,1497,21279,7617,5955,993,379,111,31,11,10,5,3,0,0,0,0,0,0,0,0,0,0,0,0,0
host,ee,1,36394,13203,13944,10361,9014,1958,763,245,54,15,11,11,6,11,0,1,0,0,0,0,0,0,0,0,0,0
host,ee,1,29,12920,0,0,0,0,0,0,0,3,8,12,2,2,1,1,0,0,0,0,0,0,0,0,0,0
host,vf,0,6467,2737,2179,1424,1710,761,246,97,30,8,6,4,0,2,0,0,0,0,0,0,0,0,0,0,0,0
host,vf,1,6467,2737,2179,1424,1710,761,246,97,30,8,6,4,0,2,0,0,0,0,0,0,0,0,0,0,0,0
host,vf,1,1,2737,0,0,0,0,0,0,0,0,0,0,0,1,0,0,0,0,0,0,0,0,0,0,0,0
host,ee,0,36037,6200,19273,8348,6619,1167,438,134,24,15,9,7,2,0,1,0,0,0,0,0,0,0,0,0,0,0
host,ee,1,36037,6544,13568,10451,8963,1937,749,250,54,17,17,17,11,2,1,0,0,0,0,0,0,0,0,0,0,0
host,ee,1,31,6773,0,0,0,0,0,0,0,0,7,16,5,2,1,0,0,0,0,0,0,0,0,0,0,0
host,vf,0,6419,2211,2185,1425,1682,735,248,90,30,11,8,3,1,1,0,0,0,0,0,0,0,0,0,0,0,0
host,vf,1,6419,2807,2165,1420,1698,738,250,92,29,12,8,3,1,3,0,0,0,0,0,0,0,0,0,0,0,0
host,vf,1,3,2211,0,0,0,0,0,0,0,0,1,1,0,1,0,0,0,0,0,0,0,0,0,0,0,0
host,ee,0,37495,3723,21071,8295,6434,1094,413,130,19,14,11,8,4,2,0,0,0,0,0,0,0,0,0,0,0,0
host,ee,1,37495,14661,14878,10509,9005,1990,757,247,45,16,15,17,12,3,0,1,0,0,0,0,0,0,0,0,0,0
host,ee,1,31,14661,0,0,0,0,0,0,0,1,9,13,6,1,0,1,0,0,0,0,0,0,0,0,0,0
host,ee,0,38287,15229,22675,7822,6135,1097,386,122,25,6,9,3,3,2,0,2,0,0,0,0,0,0,0,0,0,0
host,ee,1,38287,15229,15500,10547,9100,2024,766,246,48,14,17,9,9,4,1,2,0,0,0,0,0,0,0,0,0,0
host,ee,1,29,12982,0,0,0,0,0,0,0,0,10,9,6,1,2,1,0,0,0,0,0,0,0,0,0,0
host,vf,0,6721,4385,2361,1411,1818,726,258,99,23,13,6,3,1,1,1,0,0,0,0,0,0,0,0,0,0,0
host,vf,1,6721,4385,2361,1411,1818,726,258,99,23,13,6,3,1,1,1,0,0,0,0,0,0,0,0,0,0,0
host,vf,1,2,4385,0,0,0,0,0,0,0,0,0,0,0,1,1,0,0,0,0,0,0,0,0,0,0,0
host,ee,0,38720,14680,22144,8293,6474,1180,453,119,33,10,4,6,3,0,0,1,0,0,0,0,0,0,0,0,0,0
host,ee,1,38720,14680,15610,10705,9190,2037,809,249,61,18,10,9,14,6,1,1,0,0,0,0,0,0,0,0,0,0
host,ee,1,26,14461,0,0,0,0,0,0,0,1,10,9,3,0,2,1,0,0,0,0,0,0,0,0,0,0
host,ee,0,38666,3593,23139,7758,6116,1073,393,119,40,12,8,3,3,2,0,0,0,0,0,0,0,0,0,0,0,0
host,ee,1,38666,7767,15456,10582,9364,2067,797,247,78,29,22,10,9,3,2,0,0,0,0,0,0,0,0,0,0,0
host,ee,1,26,7767,0,0,0,0,0,0,0,0,7,9,6,2,2,0,0,0,0,0,0,0,0,0,0,0
host,vf,0,6869,19907,2390,1427,1859,765,257,111,33,15,5,3,1,2,0,0,1,0,0,0,0,0,0,0,0,0
host,vf,1,6869,19907,2390,1427,1859,765,257,111,33,15,5,3,1,2,0,0,1,0,0,0,0,0,0,0,0,0
host,vf,1,1,19907,0,0,0,0,0,0,0,0,0,0,0,0,0,0,1,0,0,0,0,0,0,0,0,0
host,ee,0,38540,10395,22540,7852,6388,1142,418,131,38,13,8,5,1,3,0,1,0,0,0,0,0,0,0,0,0,0
host,ee,1,38540,10395,15154,10615,9451,2117,812,260,64,21,11,13,16,4,0,2,0,0,0,0,0,0,0,0,0,0
host,ee,1,30,10395,0,0,0,0,0,0,0,0,6,11,7,4,1,1,0,0,0,0,0,0,0,0,0,0
host,vf,0,6752,3761,2307,1444,1820,752,265,116,23,8,6,7,1,3,0,0,0,0,0,0,0,0,0,0,0,0
host,vf,1,6752,3761,2295,1446,1824,756,266,114,24,10,6,7,1,3,0,0,0,0,0,0,0,0,0,0,0,0
host,vf,1,1,3073,0,0,0,0,0,0,0,0,0,0,0,1,0,0,0,0,0,0,0,0,0,0,0,0
host,ee,0,39074,2663,20816,8962,7294,1319,477,143,29,12,9,10,2,1,0,0,0,0,0,0,0,0,0,0,0,0
host,ee,1,39074,20897,15701,10642,9457,2089,794,241,77,21,21,12,8,6,4,0,1,0,0,0,0,0,0,0,0,0
host,ee,1,34,7041,0,0,0,0,0,0,0,0,13,9,7,2,3,0,0,0,0,0,0,0,0,0,0,0
host,vf,0,6859,2643,2405,1472,1804,767,257,96,29,12,9,2,4,2,0,0,0,0,0,0,0,0,0,0,0,0
host,vf,1,6859,2643,2399,1474,1807,767,257,95,28,13,9,4,4,2,0,0,0,0,0,0,0,0,0,0,0,0
host,vf,1,4,2393,0,0,0,0,0,0,0,0,0,2,1,1,0,0,0,0,0,0,0,0,0,0,0,0
host,ee,0,39567,61933,20121,9291,7865,1541,530,143,36,8,7,6,9,7,1,1,0,1,0,0,0,0,0,0,0,0
host,ee,1,39567,61933,15943,10736,9538,2151,816,247,68,21,13,8,13,8,2,2,0,1,0,0,0,0,0,0,0,0
host,ee,1,28,46019,0,0,0,0,0,0,0,0,6,13,4,1,1,2,0,1,0,0,0,0,0,0,0,0
host,vf,0,6984,10085,2455,1480,1852,798,241,97,33,11,9,1,4,1,1,1,0,0,0,0,0,0,0,0,0,0
host,vf,1,6984,10085,2455,1480,1852,798,241,97,33,11,9,1,4,1,1,1,0,0,0,0,0,0,0,0,0,0
host,vf,1,2,10085,0,0,0,0,0,0,0,0,0,0,0,0,1,1,0,0,0,0,0,0,0,0,0,0
host,ee,0,40050,9695,21414,9159,7389,1391,493,129,29,12,9,12,4,7,1,1,0,0,0,0,0,0,0,0,0,0
host,ee,1,40050,10677,16273,10840,9525,2164,839,275,60,18,15,15,11,6,7,2,0,0,0,0,0,0,0,0,0,0
host,ee,1,35,20736,0,0,0,0,0,0,0,0,8,16,3,2,4,1,1,0,0,0,0,0,0,0,0,0
host,vf,0,7020,49527,2483,1474,1840,813,260,95,22,15,7,5,3,0,0,0,1,2,0,0,0,0,0,0,0,0
host,vf,1,7020,49527,2470,1481,1843,813,263,94,22,16,7,5,3,0,0,0,1,2,0,0,0,0,0,0,0,0
host,vf,1,3,49527,0,0,0,0,0,0,0,0,0,0,0,0,0,0,0,3,0,0,0,0,0,0,0,0
host,ee,0,39896,64783,20460,9336,7781,1529,547,171,35,14,7,7,4,1,1,0,1,2,0,0,0,0,0,0,0,0
host,ee,1,39896,64783,15691,10914,9801,2223,860,282,65,21,9,12,8,5,1,1,1,2,0,0,0,0,0,0,0,0
host,ee,1,29,64783,0,0,0,0,0,0,0,0,5,12,5,3,1,1,1,1,0,0,0,0,0,0,0,0
host,vf,0,7006,111001,2406,1492,1851,837,265,106,18,14,4,5,2,2,0,2,1,0,1,0,0,0,0,0,0,0
host,vf,1,7006,111001,2369,1501,1867,842,270,106,18,14,3,8,2,2,0,2,1,0,1,0,0,0,0,0,0,0
host,vf,1,5,111001,0,0,0,0,0,0,0,1,1,0,0,0,0,1,1,0,1,0,0,0,0,0,0,0
host,ee,0,40250,22846,21224,9136,7642,1481,559,148,37,8,6,3,1,1,1,1,2,0,0,0,0,0,0,0,0,0
host,ee,1,40250,22846,16136,10747,9872,2225,842,293,72,15,12,12,7,11,2,2,2,0,0,0,0,0,0,0,0,0
host,ee,1,29,70974,0,0,0,0,0,0,0,1,5,7,8,3,2,2,0,0,1,0,0,0,0,0,0,0
host,vf,0,7009,7721,2581,1469,1803,753,258,107,19,6,2,5,3,0,3,0,0,0,0,0,0,0,0,0,0,0
host,vf,1,7009,8191,2420,1484,1886,785,259,110,25,16,7,7,4,1,5,0,0,0,0,0,0,0,0,0,0,0
host,vf,1,5,11912,0,0,0,0,0,0,0,0,0,1,0,0,3,1,0,0,0,0,0,0,0,0,0,0
host,ee,0,40121,10727,20939,9213,7679,1527,542,153,30,8,13,6,4,2,4,1,0,0,0,0,0,0,0,0,0,0
host,ee,1,40121,30706,15836,10881,9876,2221,837,307,70,26,23,24,10,3,3,0,4,0,0,0,0,0,0,0,0,0
host,ee,1,39,23956,0,0,0,0,0,0,0,0,17,10,6,1,1,1,3,0,0,0,0,0,0,0,0,0
host,vf,0,7007,21189,2525,1459,1837,761,255,116,27,9,6,1,4,2,3,1,1,0,0,0,0,0,0,0,0,0
host,vf,1,7007,21189,2387,1489,1909,780,255,114,31,15,10,4,6,2,3,1,1,0,0,0,0,0,0,0,0,0
host,vf,1,9,21189,0,0,0,0,0,0,0,0,1,0,3,1,3,0,1,0,0,0,0,0,0,0,0,0
host,ee,0,40920,3190,22270,9029,7491,1379,509,185,32,6,13,5,0,1,0,0,0,0,0,0,0,0,0,0,0,0
host,ee,1,40920,8045,16443,10880,9990,2245,903,300,67,32,21,18,9,6,6,0,0,0,0,0,0,0,0,0,0,0
host,ee,1,40,8588,0,0,0,0,0,0,0,1,11,13,6,4,3,2,0,0,0,0,0,0,0,0,0,0
host,vf,0,7123,7873,2628,1498,1832,740,269,114,26,6,3,2,1,3,1,0,0,0,0,0,0,0,0,0,0,0
host,vf,1,7123,7873,2414,1553,1907,775,280,114,40,13,8,8,2,7,2,0,0,0,0,0,0,0,0,0,0,0
host,vf,1,8,7873,0,0,0,0,0,0,1,0,0,2,1,3,1,0,0,0,0,0,0,0,0,0,0,0
host,ee,0,42176,58525,23518,9088,7467,1336,523,156,43,19,10,8,3,2,2,0,0,1,0,0,0,0,0,0,0,0
host,ee,1,42176,64221,17116,11184,10183,2257,948,302,83,38,20,14,7,17,5,0,1,1,0,0,0,0,0,0,0,0
host,ee,1,43,64221,0,0,0,0,0,0,0,0,6,13,13,4,4,1,1,1,0,0,0,0,0,0,0,0
host,vf,0,7322,20541,2553,1554,1935,798,289,112,43,16,9,3,3,2,2,1,2,0,0,0,0,0,0,0,0,0
host,vf,1,7322,20541,2513,1563,1954,804,288,110,46,17,11,3,5,3,2,1,2,0,0,0,0,0,0,0,0,0
host,vf,1,6,20541,0,0,0,0,0,0,0,0,0,0,2,1,0,1,2,0,0,0,0,0,0,0,0,0
host,ee,0,41326,16587,22075,9319,7696,1384,611,145,53,16,9,9,3,3,1,1,1,0,0,0,0,0,0,0,0,0
host,ee,1,41326,45711,16235,11198,10193,2232,1001,299,80,28,14,19,12,7,2,5,0,1,0,0,0,0,0,0,0,0
host,ee,1,39,45711,0,0,0,0,0,0,0,0,4,13,10,3,4,3,1,1,0,0,0,0,0,0,0,0
host,vf,0,7167,7191,2507,1545,1871,767,293,108,35,16,6,8,5,3,3,0,0,0,0,0,0,0,0,0,0,0
host,vf,1,7167,7191,2411,1567,1913,780,297,110,38,20,7,10,6,5,3,0,0,0,0,0,0,0,0,0,0,0
host,vf,1,7,5121,0,0,0,0,0,0,0,0,0,1,2,3,1,0,0,0,0,0,0,0,0,0,0,0
host,ee,0,40760,8313,22666,8915,7165,1273,528,142,38,8,11,6,4,1,2,1,0,0,0,0,0,0,0,0,0,0
host,ee,1,40760,25889,15437,11362,10201,2295,965,319,89,25,16,18,20,6,4,2,1,0,0,0,0,0,0,0,0,0
host,ee,1,38,25889,0,0,0,0,0,0,0,0,8,10,13,2,3,1,1,0,0,0,0,0,0,0,0,0
host,vf,0,7097,61088,2343,1551,1894,829,284,104,42,18,5,9,5,7,3,1,0,2,0,0,0,0,0,0,0,0
host,vf,1,7097,61088,2322,1558,1902,821,289,107,44,20,6,9,6,7,3,1,0,2,0,0,0,0,0,0,0,0
host,vf,1,11,61088,0,0,0,0,0,0,0,0,0,1,1,4,2,1,0,2,0,0,0,0,0,0,0,0
host,ee,0,41216,40274,20718,9786,8147,1612,666,186,47,14,15,14,5,3,1,0,0,2,0,0,0,0,0,0,0,0
host,ee,1,41216,61463,15433,11474,10385,2402,990,330,95,27,33,23,9,8,4,0,1,2,0,0,0,0,0,0,0,0
host,ee,1,40,92301,0,0,0,0,0,0,0,0,13,14,4,4,2,1,0,1,1,0,0,0,0,0,0,0
host,vf,0,7184,6332,2365,1562,1924,835,296,110,49,18,14,4,3,2,2,0,0,0,0,0,0,0,0,0,0,0
host,vf,1,7184,47434,2305,1571,1955,845,298,103,54,20,16,10,2,2,2,0,0,1,0,0,0,0,0,0,0,0
host,vf,1,8,47434,0,0,0,0,0,0,0,0,1,1,2,1,2,0,0,1,0,0,0,0,0,0,0,0
host,ee,0,42707,9011,22163,9780,8137,1723,623,190,45,14,10,14,5,1,1,1,0,0,0,0,0,0,0,0,0,0
host,ee,1,42707,21264,16876,11471,10287,2528,990,340,96,47,26,17,9,10,5,4,1,0,0,0,0,0,0,0,0,0
host,ee,1,42,19064,0,0,0,0,0,0,0,1,8,12,10,2,4,4,1,0,0,0,0,0,0,0,0,0
host,vf,0,7362,7695,2629,1564,1864,830,288,125,30,15,7,5,3,1,1,0,0,0,0,0,0,0,0,0,0,0
host,vf,1,7362,22759,2467,1603,1926,848,293,124,41,26,15,8,6,2,2,0,1,0,0,0,0,0,0,0,0,0
host,vf,1,8,22759,0,0,0,0,0,0,0,0,1,1,3,1,1,0,1,0,0,0,0,0,0,0,0,0
host,ee,0,42382,12623,23299,9155,7556,1526,563,170,47,21,18,10,9,3,3,2,0,0,0,0,0,0,0,0,0,0
host,ee,1,42382,34893,16572,11455,10243,2525,1010,369,84,41,28,25,15,7,3,3,1,1,0,0,0,0,0,0,0,0
host,ee,1,38,34893,0,0,0,0,0,0,0,0,4,14,11,5,1,1,1,1,0,0,0,0,0,0,0,0
host,vf,0,7278,34978,2474,1564,1885,836,315,106,45,22,11,9,4,3,2,1,0,1,0,0,0,0,0,0,0,0
host,vf,1,7278,34978,2436,1564,1900,842,320,106,47,24,16,10,5,4,2,1,0,1,0,0,0,0,0,0,0,0
host,vf,1,5,89202,0,0,0,0,0,0,0,0,0,0,1,2,1,0,0,0,1,0,0,0,0,0,0,0
host,ee,0,42647,5993,19988,10495,9006,1998,765,261,71,19,20,9,6,8,1,0,0,0,0,0,0,0,0,0,0,0
host,ee,1,42647,11739,16546,11523,10413,2532,1036,370,110,36,27,25,18,8,1,2,0,0,0,0,0,0,0,0,0,0
host,ee,1,35,11739,0,0,0,0,0,0,0,0,8,12,9,4,0,2,0,0,0,0,0,0,0,0,0,0
host,vf,0,7424,6099,2613,1544,1898,842,323,115,41,16,16,4,6,5,1,0,0,0,0,0,0,0,0,0,0,0
host,vf,1,7424,6099,2496,1568,1937,865,324,127,46,23,16,6,5,8,3,0,0,0,0,0,0,0,0,0,0,0
host,vf,1,9,12040,0,0,0,0,0,0,0,0,1,1,1,4,1,1,0,0,0,0,0,0,0,0,0,0
host,ee,0,42453,11923,22044,9610,8165,1678,622,200,68,31,16,11,2,1,2,3,0,0,0,0,0,0,0,0,0,0
host,ee,1,42453,13323,16013,11649,10520,2591,1038,399,120,54,28,18,7,6,3,7,0,0,0,0,0,0,0,0,0,0
host,ee,1,35,18715,0,0,0,0,0,0,0,0,5,8,7,7,5,2,1,0,0,0,0,0,0,0,0,0
host,vf,0,7438,39911,2598,1519,1953,833,333,116,40,18,13,6,3,3,1,0,1,1,0,0,0,0,0,0,0,0
host,vf,1,7438,39911,2466,1525,2018,861,338,118,45,27,15,8,3,8,3,0,2,1,0,0,0,0,0,0,0,0
host,vf,1,11,39911,0,0,0,0,0,0,0,0,1,1,1,4,2,0,1,1,0,0,0,0,0,0,0,0
host,ee,0,41743,7374,21500,9569,8038,1661,622,219,72,28,17,6,6,1,4,0,0,0,0,0,0,0,0,0,0,0
host,ee,1,41743,7469,15430,11479,10522,2601,1085,378,124,55,18,25,17,4,5,0,0,0,0,0,0,0,0,0,0,0
host,ee,1,31,7469,0,0,0,0,0,0,0,1,4,13,4,5,4,0,0,0,0,0,0,0,0,0,0,0
host,vf,0,7334,109683,2440,1516,1961,860,313,145,49,17,8,9,6,4,2,2,1,0,1,0,0,0,0,0,0,0
host,vf,1,7334,109683,2377,1517,1999,860,323,143,47,23,13,11,5,5,5,3,2,0,1,0,0,0,0,0,0,0
host,vf,1,14,109683,0,0,0,0,0,0,0,0,1,1,3,2,3,2,1,0,1,0,0,0,0,0,0,0
host,ee,0,42972,2803,21642,9873,8593,1780,704,222,76,48,13,13,3,5,0,0,0,0,0,0,0,0,0,0,0,0
host,ee,1,42972,8785,16578,11420,10617,2539,1109,422,133,73,30,27,16,6,1,1,0,0,0,0,0,0,0,0,0,0
host,ee,1,42,8785,0,0,0,0,0,0,0,0,5,18,14,4,0,1,0,0,0,0,0,0,0,0,0,0
host,vf,0,7479,58021,2656,1488,1956,863,308,136,39,8,5,8,6,1,1,1,0,3,0,0,0,0,0,0,0,0
host,vf,1,7479,143582,2465,1512,2035,860,334,151,49,21,12,17,9,4,4,3,0,1,1,1,0,0,0,0,0,0
host,vf,1,15,143628,0,0,0,0,0,0,0,1,1,2,4,1,2,1,0,1,1,1,0,0,0,0,0,0
host,ee,0,45470,6550,27045,8796,7351,1446,584,169,44,16,12,4,2,0,1,0,0,0,0,0,0,0,0,0,0,0
host,ee,1,45470,10065,18430,11629,10940,2638,1142,419,129,53,35,25,20,6,2,2,0,0,0,0,0,0,0,0,0,0
host,ee,1,47,9289,0,0,0,0,0,0,0,0,7,22,11,2,4,1,0,0,0,0,0,0,0,0,0,0
host,vf,0,8055,65085,2902,1577,2117,885,336,135,44,22,10,6,6,3,8,2,0,2,0,0,0,0,0,0,0,0
host,vf,1,8055,65137,2816,1589,2148,897,338,143,50,24,13,10,6,4,10,4,1,2,0,0,0,0,0,0,0,0
host,vf,1,13,87995,0,0,0,0,0,0,0,0,1,0,1,3,4,2,0,1,1,0,0,0,0,0,0,0
host,ee,0,45508,41880,24968,9478,8393,1638,637,245,74,31,21,12,6,2,2,0,0,1,0,0,0,0,0,0,0,0
host,ee,1,45508,58754,18399,11634,11065,2600,1130,408,142,54,31,16,13,11,4,0,0,1,0,0,0,0,0,0,0,0
host,ee,1,32,67911,0,0,0,0,0,0,0,0,8,10,6,5,2,0,0,0,1,0,0,0,0,0,0,0
host,vf,0,7991,32392,2860,1585,2097,879,338,122,41,24,12,10,6,5,8,3,1,0,0,0,0,0,0,0,0,0
host,vf,1,7991,32392,2752,1606,2153,883,346,126,44,28,13,11,6,7,9,6,1,0,0,0,0,0,0,0,0,0
host,vf,1,13,32392,0,0,0,0,0,0,0,0,0,1,0,3,4,4,1,0,0,0,0,0,0,0,0,0
host,ee,0,45188,11351,23805,9730,8704,1752,765,249,95,36,21,12,12,3,2,2,0,0,0,0,0,0,0,0,0,0
host,ee,1,45188,16871,18110,11662,10965,2611,1152,407,158,40,28,23,16,10,4,1,1,0,0,0,0,0,0,0,0,0
host,ee,1,42,9597,0,0,0,0,0,0,0,0,5,16,8,6,4,3,0,0,0,0,0,0,0,0,0,0
host,vf,0,7929,1671366,2897,1546,2070,837,356,124,39,18,10,12,9,4,2,0,2,1,1,0,0,0,1,0,0,0
host,vf,1,7929,1671366,2756,1594,2104,854,361,132,47,22,14,12,11,10,5,2,2,1,1,0,0,0,1,0,0,0
host,vf,1,20,1673198,0,0,0,0,0,0,0,0,0,6,4,1,3,2,2,0,1,0,0,0,1,0,0,0
host,ee,0,44779,111067,23310,9890,8676,1756,766,252,65,25,10,15,6,5,1,0,0,1,1,0,0,0,0,0,0,0
host,ee,1,44779,111067,17805,11609,10891,2574,1202,433,138,54,22,22,12,12,2,0,0,2,1,0,0,0,0,0,0,0
host,ee,1,37,82280,0,0,0,0,0,0,0,0,4,14,8,4,4,1,0,1,1,0,0,0,0,0,0,0
host,vf,0,7894,315607,3008,1566,1976,809,318,129,36,17,10,7,6,3,3,1,4,0,0,0,1,0,0,0,0,0
host,vf,1,7894,315607,2697,1643,2082,844,359,148,45,27,12,12,7,5,3,4,5,0,0,0,1,0,0,0,0,0
host,vf,1,15,315607,0,0,0,0,0,0,0,0,0,2,2,1,3,3,3,0,0,0,1,0,0,0,0,0
host,ee,0,44978,5149,23187,9860,8861,1799,817,267,103,33,20,17,8,5,1,0,0,0,0,0,0,0,0,0,0,0
host,ee,1,44978,5149,18039,11496,10846,2606,1204,457,166,69,36,30,19,9,1,0,0,0,0,0,0,0,0,0,0,0
host,ee,1,43,5149,0,0,0,0,0,0,0,0,8,17,9,7,2,0,0,0,0,0,0,0,0,0,0,0
host,vf,0,7960,20773,3007,1588,1974,847,345,131,42,9,5,6,2,3,0,0,1,0,0,0,0,0,0,0,0,0
host,vf,1,7960,35749,2736,1642,2083,846,359,145,67,32,14,12,8,8,3,2,2,1,0,0,0,0,0,0,0,0
host,vf,1,10,35749,0,0,0,0,0,0,0,0,1,0,4,0,1,1,2,1,0,0,0,0,0,0,0,0
host,ee,0,44696,1427,25731,8901,7667,1424,676,217,50,13,9,5,3,0,0,0,0,0,0,0,0,0,0,0,0,0
host,ee,1,44696,19279,17577,11420,11062,2605,1174,480,201,75,50,21,15,11,4,0,1,0,0,0,0,0,0,0,0,0
host,ee,1,35,7561,0,0,0,0,0,0,0,2,9,10,7,5,2,0,0,0,0,0,0,0,0,0,0,0
host,vf,0,7921,156843,2709,1610,2083,866,355,160,54,29,10,13,12,4,7,4,0,3,1,1,0,0,0,0,0,0
host,vf,1,7921,156843,2670,1613,2102,866,356,164,61,27,11,14,16,4,7,4,1,3,1,1,0,0,0,0,0,0
host,vf,1,14,156843,0,0,0,0,0,0,0,1,1,1,1,2,1,2,2,1,1,1,0,0,0,0,0,0
host,ee,0,43226,32503,22444,9420,8459,1648,799,297,79,41,17,10,7,2,1,1,1,0,0,0,0,0,0,0,0,0
host,ee,1,43226,26754,16071,11459,10962,2675,1207,507,162,85,33,36,20,5,1,1,2,0,0,0,0,0,0,0,0,0
host,ee,1,34,42255,0,0,0,0,0,0,0,0,5,15,8,2,1,1,1,1,0,0,0,0,0,0,0,0
host,vf,0,7695,52225,2556,1577,2075,860,345,170,50,18,13,7,7,4,5,3,4,1,0,0,0,0,0,0,0,0
host,vf,1,7695,52955,2492,1582,2098,857,346,174,52,25,17,10,17,5,7,5,6,2,0,0,0,0,0,0,0,0
host,vf,1,18,52955,0,0,0,0,0,0,0,0,1,0,0,4,2,5,4,2,0,0,0,0,0,0,0,0
host,ee,0,42335,6622,21705,9243,8371,1715,815,282,116,42,19,11,7,5,4,0,0,0,0,0,0,0,0,0,0,0
host,ee,1,42335,14385,14971,11477,11145,2671,1216,486,195,73,37,31,18,3,9,3,0,0,0,0,0,0,0,0,0,0
host,ee,1,38,14385,0,0,0,0,0,0,0,0,8,15,5,3,5,2,0,0,0,0,0,0,0,0,0,0
host,vf,0,7519,22850,2496,1523,2030,862,368,141,48,19,11,7,3,5,4,1,1,0,0,0,0,0,0,0,0,0
host,vf,1,7519,30353,2342,1561,2066,873,369,142,58,30,27,15,8,9,11,4,4,0,0,0,0,0,0,0,0,0
host,vf,1,16,21243,0,0,0,0,0,0,0,1,2,1,2,1,5,3,1,0,0,0,0,0,0,0,0,0
host,ee,0,43384,19857,24337,8579,7895,1518,628,247,100,30,17,12,9,3,6,1,2,0,0,0,0,0,0,0,0,0
host,ee,1,43384,23115,16004,11450,11246,2676,1155,477,199,57,37,28,26,11,10,4,4,0,0,0,0,0,0,0,0,0
host,ee,1,48,40295,0,0,0,0,0,0,0,0,4,16,15,3,5,1,3,1,0,0,0,0,0,0,0,0
host,vf,0,7728,12492,2695,1558,2032,861,375,129,40,16,3,3,5,6,4,1,0,0,0,0,0,0,0,0,0,0
host,vf,1,7728,185313,2490,1583,2127,858,353,154,58,35,15,15,9,11,8,5,3,2,1,1,0,0,0,0,0,0
host,vf,1,19,111204,0,0,0,0,0,0,0,0,0,2,2,4,2,4,1,2,2,0,0,0,0,0,0,0
host,ee,0,42889,29114,24773,8394,7346,1455,627,201,40,20,12,11,1,6,2,0,1,0,0,0,0,0,0,0,0,0
host,ee,1,42889,29114,15557,11546,11184,2609,1141,441,152,83,65,45,25,25,7,4,5,0,0,0,0,0,0,0,0,0
host,ee,1,88,29074,0,0,0,0,0,0,0,2,12,26,19,15,5,6,3,0,0,0,0,0,0,0,0,0
host,vf,0,7648,11700,2605,1552,2021,875,369,140,36,22,7,5,7,4,3,2,0,0,0,0,0,0,0,0,0,0
host,vf,1,7648,159951,2432,1594,2080,870,348,161,55,35,22,15,14,10,6,4,0,1,0,1,0,0,0,0,0,0
host,vf,1,24,159951,0,0,0,0,0,0,0,2,3,2,3,6,3,2,1,1,0,1,0,0,0,0,0,0
host,ee,0,43153,8374,22868,9344,8186,1643,734,256,60,27,19,10,3,2,0,1,0,0,0,0,0,0,0,0,0,0
host,ee,1,43153,47819,15659,11631,11213,2642,1141,451,166,83,58,36,46,16,6,3,1,1,0,0,0,0,0,0,0,0
host,ee,1,84,30958,0,0,0,0,0,0,0,2,13,22,30,8,5,2,2,0,0,0,0,0,0,0,0,0
host,vf,0,7657,12869,2612,1553,2028,878,375,132,44,15,6,7,1,2,3,1,0,0,0,0,0,0,0,0,0,0
host,vf,1,7657,174939,2420,1579,2105,868,355,165,79,37,19,18,3,2,4,2,0,0,0,1,0,0,0,0,0,0
host,vf,1,14,174939,0,0,0,0,0,0,0,1,3,5,0,0,1,3,0,0,0,1,0,0,0,0,0,0
host,ee,0,42756,16932,24120,8541,7624,1524,610,208,64,20,19,10,6,8,1,0,1,0,0,0,0,0,0,0,0,0
host,ee,1,42756,21479,15099,11680,11329,2715,1132,421,145,90,47,31,28,23,8,6,2,0,0,0,0,0,0,0,0,0
host,ee,1,70,31205,0,0,0,0,0,0,0,0,6,23,12,17,5,5,2,0,0,0,0,0,0,0,0,0
host,vf,0,7580,10637,2584,1496,2066,871,361,126,37,17,10,2,3,5,1,1,0,0,0,0,0,0,0,0,0,0
host,vf,1,7580,13395,2316,1550,2189,866,360,150,71,31,20,9,9,6,0,3,0,0,0,0,0,0,0,0,0,0
host,vf,1,7,13395,0,0,0,0,0,0,0,0,1,1,1,2,0,2,0,0,0,0,0,0,0,0,0,0
host,ee,0,42619,10113,24445,8407,7492,1443,577,174,39,20,7,5,4,2,3,1,0,0,0,0,0,0,0,0,0,0
host,ee,1,42619,47827,14986,11627,11425,2689,1104,404,146,89,37,40,44,12,10,3,1,2,0,0,0,0,0,0,0,0
host,ee,1,80,35795,0,0,0,0,0,0,0,0,3,31,24,10,5,4,2,1,0,0,0,0,0,0,0,0
host,vf,0,7611,5941,2635,1508,2089,851,347,126,34,7,2,8,0,3,1,0,0,0,0,0,0,0,0,0,0,0
host,vf,1,7611,65201,2372,1550,2200,833,352,150,73,38,14,12,7,5,4,0,0,1,0,0,0,0,0,0,0,0
host,vf,1,15,65201,0,0,0,0,0,0,0,1,2,3,2,3,3,0,0,1,0,0,0,0,0,0,0,0
host,ee,0,43502,4222,22905,9473,8384,1772,698,171,44,21,14,12,4,2,2,0,0,0,0,0,0,0,0,0,0,0
host,ee,1,43502,23018,15974,11666,11205,2738,1122,386,190,68,52,38,25,27,8,2,1,0,0,0,0,0,0,0,0,0
host,ee,1,76,23169,0,0,0,0,0,0,0,1,10,20,18,20,5,1,1,0,0,0,0,0,0,0,0,0
host,vf,0,7730,2570,2811,1508,2036,843,343,131,33,13,5,4,2,1,0,0,0,0,0,0,0,0,0,0,0,0
host,vf,1,7730,4036,2518,1562,2130,842,352,167,83,32,23,11,4,6,0,0,0,0,0,0,0,0,0,0,0,0
host,vf,1,12,4036,0,0,0,0,0,0,0,0,3,4,0,5,0,0,0,0,0,0,0,0,0,0,0,0
host,ee,0,45748,24829,27745,8357,7515,1410,491,136,44,20,9,7,7,4,1,1,1,0,0,0,0,0,0,0,0,0
host,ee,1,45748,24829,18208,11577,11301,2751,1134,419,166,68,38,35,24,16,8,1,2,0,0,0,0,0,0,0,0,0
host,ee,1,66,24829,0,0,0,0,0,0,0,0,9,20,19,10,5,0,3,0,0,0,0,0,0,0,0,0
host,vf,0,8156,19762,3033,1550,2131,853,373,139,44,12,12,4,2,2,0,0,1,0,0,0,0,0,0,0,0,0
host,vf,1,8156,22089,2817,1588,2184,874,372,196,70,17,26,4,3,3,0,0,2,0,0,0,0,0,0,0,0,0
host,vf,1,9,24526,0,0,0,0,0,0,0,0,3,2,0,2,0,0,2,0,0,0,0,0,0,0,0,0
host,ee,0,47435,29945,29030,8297,7777,1454,570,163,64,34,24,9,9,1,1,0,2,0,0,0,0,0,0,0,0,0
host,ee,1,47435,31031,19594,11593,11651,2677,1108,454,178,71,42,29,21,10,3,0,4,0,0,0,0,0,0,0,0,0
host,ee,1,46,48890,0,0,0,0,0,0,0,0,8,13,13,6,4,0,1,1,0,0,0,0,0,0,0,0
host,vf,0,8400,3269,3196,1577,2197,887,341,144,34,13,3,5,1,2,0,0,0,0,0,0,0,0,0,0,0,0
host,vf,1,8400,4866,2968,1614,2274,876,360,181,61,36,14,9,4,2,1,0,0,0,0,0,0,0,0,0,0,0
host,vf,1,2,4866,0,0,0,0,0,0,0,0,0,1,0,0,1,0,0,0,0,0,0,0,0,0,0,0
host,ee,0,46727,15124,28554,8272,7727,1391,494,167,53,29,17,13,6,0,2,2,0,0,0,0,0,0,0,0,0,0
host,ee,1,46727,26681,19145,11467,11614,2729,1052,399,153,66,33,31,14,16,2,5,1,0,0,0,0,0,0,0,0,0
host,ee,1,53,24904,0,0,0,0,0,0,0,1,7,19,11,6,5,2,2,0,0,0,0,0,0,0,0,0
host,vf,0,8258,2371,3077,1553,2195,889,323,141,52,9,8,8,0,3,0,0,0,0,0,0,0,0,0,0,0,0
host,vf,1,8258,2768,2929,1557,2255,899,352,157,63,19,14,7,1,5,0,0,0,0,0,0,0,0,0,0,0,0
host,vf,1,8,2768,0,0,0,0,0,0,0,0,2,1,1,4,0,0,0,0,0,0,0,0,0,0,0,0
host,ee,0,51043,3488,31453,9029,8273,1544,516,150,40,17,9,9,1,2,0,0,0,0,0,0,0,0,0,0,0,0
host,ee,1,51043,74559,22735,11919,11787,2834,1075,400,132,57,24,45,23,9,0,2,0,0,1,0,0,0,0,0,0,0
host,ee,1,62,32980,0,0,0,0,0,0,0,1,11,26,14,6,3,0,0,1,0,0,0,0,0,0,0,0
host,vf,0,9111,10961,3748,1626,2272,949,309,133,41,16,8,5,2,1,0,1,0,0,0,0,0,0,0,0,0,0
host,vf,1,9111,11087,3526,1664,2339,970,353,153,61,21,11,6,3,1,1,2,0,0,0,0,0,0,0,0,0,0
host,vf,1,8,11087,0,0,0,0,0,0,0,1,0,2,1,1,1,2,0,0,0,0,0,0,0,0,0,0
host,ee,0,58269,6168,39838,8603,7862,1297,454,137,46,11,7,8,3,0,3,0,0,0,0,0,0,0,0,0,0,0
host,ee,1,58269,6613,29132,12164,12405,2903,1028,368,133,51,20,28,21,12,4,0,0,0,0,0,0,0,0,0,0,0
host,ee,1,53,11167,0,0,0,0,0,0,0,0,8,20,11,9,4,1,0,0,0,0,0,0,0,0,0,0
host,vf,0,10541,2952,4973,1766,2355,925,331,128,41,13,5,2,1,1,0,0,0,0,0,0,0,0,0,0,0,0
host,vf,1,10541,7883,4548,1857,2559,979,344,152,57,24,9,6,2,3,1,0,0,0,0,0,0,0,0,0,0,0
host,vf,1,6,2952,0,0,0,0,0,0,0,1,1,0,2,2,0,0,0,0,0,0,0,0,0,0,0,0
host,ee,0,58815,3435,38847,9372,8505,1425,467,129,39,7,14,3,5,2,0,0,0,0,0,0,0,0,0,0,0,0
host,ee,1,58815,9225,29977,12006,12557,2750,986,313,127,32,27,11,15,13,0,1,0,0,0,0,0,0,0,0,0,0
host,ee,1,29,7387,0,0,0,0,0,0,0,0,9,9,5,5,1,0,0,0,0,0,0,0,0,0,0,0
host,vf,0,10469,7084,4811,1780,2476,903,299,135,42,10,9,2,1,0,1,0,0,0,0,0,0,0,0,0,0,0
host,vf,1,10469,7084,4595,1805,2592,943,307,137,58,13,10,5,2,0,2,0,0,0,0,0,0,0,0,0,0,0
host,vf,1,4,4176,0,0,0,0,0,0,0,0,0,2,0,1,1,0,0,0,0,0,0,0,0,0,0,0
host,ee,0,60460,5262,40332,9217,8814,1402,453,162,42,14,14,5,0,4,1,0,0,0,0,0,0,0,0,0,0,0
host,ee,1,60460,6556,31828,11883,12392,2837,983,361,95,26,17,16,12,8,2,0,0,0,0,0,0,0,0,0,0,0
host,ee,1,39,6382,0,0,0,0,0,0,0,1,4,14,9,8,3,0,0,0,0,0,0,0,0,0,0,0
host,vf,0,10855,2789,4959,1809,2610,932,332,143,51,13,2,1,1,2,0,0,0,0,0,0,0,0,0,0,0,0
host,vf,1,10855,2789,4947,1811,2613,935,330,147,51,14,3,1,1,2,0,0,0,0,0,0,0,0,0,0,0,0
host,vf,1,3,2789,0,0,0,0,0,0,0,1,0,0,0,2,0,0,0,0,0,0,0,0,0,0,0,0
host,ee,0,60118,3618,38779,9692,9307,1633,486,146,41,9,10,11,2,2,0,0,0,0,0,0,0,0,0,0,0,0
host,ee,1,60118,4596,31730,11920,12294,2813,932,291,78,14,14,12,3,15,2,0,0,0,0,0,0,0,0,0,0,0
host,ee,1,31,4515,0,0,0,0,0,0,0,0,9,11,6,3,2,0,0,0,0,0,0,0,0,0,0,0
host,vf,0,10822,1377,4959,1834,2627,936,290,120,40,8,4,2,2,0,0,0,0,0,0,0,0,0,0,0,0,0
host,vf,1,10822,1377,4959,1834,2627,936,290,120,40,8,4,2,2,0,0,0,0,0,0,0,0,0,0,0,0,0
host,vf,1,1,1377,0,0,0,0,0,0,0,0,0,0,1,0,0,0,0,0,0,0,0,0,0,0,0,0
host,ee,0,58379,9345,38197,9300,8710,1561,442,109,36,8,10,3,0,2,0,1,0,0,0,0,0,0,0,0,0,0
host,ee,1,58379,9345,30732,11665,11974,2735,900,258,64,11,15,13,8,2,1,1,0,0,0,0,0,0,0,0,0,0
host,ee,1,29,9345,0,0,0,0,0,0,0,0,6,15,4,2,1,1,0,0,0,0,0,0,0,0,0,0
host,vf,0,10368,1839,4755,1794,2518,866,281,107,31,12,2,1,1,0,0,0,0,0,0,0,0,0,0,0,0,0
host,vf,1,10368,1839,4701,1801,2553,876,278,110,32,12,2,1,2,0,0,0,0,0,0,0,0,0,0,0,0,0
host,vf,1,4,1839,0,0,0,0,0,0,0,0,1,1,2,0,0,0,0,0,0,0,0,0,0,0,0,0
host,ee,0,55679,2909,36072,9135,8439,1442,432,112,26,4,7,7,2,1,0,0,0,0,0,0,0,0,0,0,0,0
host,ee,1,55679,12909,28464,11546,11768,2637,901,263,55,4,9,15,10,5,1,1,0,0,0,0,0,0,0,0,0,0
host,ee,1,30,4868,0,0,0,0,0,0,0,0,3,12,9,4,2,0,0,0,0,0,0,0,0,0,0,0
host,vf,0,9704,15719,4300,1716,2388,869,279,107,31,6,4,2,0,1,0,1,0,0,0,0,0,0,0,0,0,0
host,vf,1,9704,15719,4293,1718,2391,870,278,108,31,7,4,2,0,1,0,1,0,0,0,0,0,0,0,0,0,0
host,vf,1,4,15719,0,0,0,0,0,0,0,0,1,1,0,1,0,1,0,0,0,0,0,0,0,0,0,0
host,ee,0,51165,1895,31439,9125,8625,1426,388,117,25,5,7,3,5,0,0,0,0,0,0,0,0,0,0,0,0,0
host,ee,1,51165,14852,24383,11342,11652,2579,846,261,63,3,16,7,11,1,0,1,0,0,0,0,0,0,0,0,0,0
host,ee,1,28,14280,0,0,0,0,0,0,0,0,10,10,5,2,0,1,0,0,0,0,0,0,0,0,0,0
host,ee,0,48847,63788,30263,8879,8059,1188,340,85,23,3,5,1,0,0,0,0,0,1,0,0,0,0,0,0,0,0
host,ee,1,48847,63788,22350,11275,11573,2466,853,235,55,11,9,13,3,2,1,0,0,1,0,0,0,0,0,0,0,0
host,ee,1,25,88422,0,0,0,0,0,0,0,1,6,9,6,1,1,0,0,0,1,0,0,0,0,0,0,0
host,ee,0,47191,5943,26910,9481,8986,1292,395,75,25,7,5,8,5,1,1,0,0,0,0,0,0,0,0,0,0,0
host,ee,1,47191,5943,21154,11168,11311,2422,831,217,48,9,11,13,4,2,1,0,0,0,0,0,0,0,0,0,0,0
host,ee,1,23,3551,0,0,0,0,0,0,0,1,6,11,3,2,0,0,0,0,0,0,0,0,0,0,0,0
host,vf,0,8015,1539,3167,1496,2187,793,241,96,28,5,0,1,1,0,0,0,0,0,0,0,0,0,0,0,0,0
host,vf,1,8015,1539,3167,1496,2187,793,241,96,28,5,0,1,1,0,0,0,0,0,0,0,0,0,0,0,0,0
host,vf,1,1,1539,0,0,0,0,0,0,0,0,0,0,1,0,0,0,0,0,0,0,0,0,0,0,0,0
host,ee,0,47736,3199,26047,9956,9653,1496,420,117,27,6,3,7,3,1,0,0,0,0,0,0,0,0,0,0,0,0
host,ee,1,47736,3199,21719,11114,11382,2400,800,238,50,8,6,5,11,3,0,0,0,0,0,0,0,0,0,0,0,0
host,ee,1,20,3569,0,0,0,0,0,0,0,0,6,7,6,1,0,0,0,0,0,0,0,0,0,0,0,0
host,vf,0,8058,1443,3236,1513,2183,765,228,103,23,5,1,0,1,0,0,0,0,0,0,0,0,0,0,0,0,0
host,vf,1,8058,1443,3236,1513,2183,765,228,103,23,5,1,0,1,0,0,0,0,0,0,0,0,0,0,0,0,0
host,vf,1,1,1443,0,0,0,0,0,0,0,0,0,0,1,0,0,0,0,0,0,0,0,0,0,0,0,0
host,ee,0,48827,2611,27533,9785,9440,1472,420,118,33,7,6,7,4,2,0,0,0,0,0,0,0,0,0,0,0,0
host,ee,1,48827,5484,22921,11079,11342,2348,809,233,52,9,10,9,11,3,1,0,0,0,0,0,0,0,0,0,0,0
host,ee,1,26,5713,0,0,0,0,0,0,0,0,8,11,4,2,1,0,0,0,0,0,0,0,0,0,0,0
host,vf,0,8252,4917,3431,1520,2191,732,243,100,20,9,4,1,0,0,1,0,0,0,0,0,0,0,0,0,0,0
host,vf,1,8252,4917,3431,1520,2191,732,243,100,20,9,4,1,0,0,1,0,0,0,0,0,0,0,0,0,0,0
host,vf,1,1,4917,0,0,0,0,0,0,0,0,0,0,0,0,1,0,0,0,0,0,0,0,0,0,0,0
host,ee,0,47429,2593,30143,8484,7572,873,275,56,16,3,2,2,2,1,0,0,0,0,0,0,0,0,0,0,0,0
host,ee,1,47429,5807,21826,10980,11233,2253,810,232,46,14,9,4,7,9,6,0,0,0,0,0,0,0,0,0,0,0
host,ee,1,25,10655,0,0,0,0,0,0,0,0,3,10,7,3,1,1,0,0,0,0,0,0,0,0,0,0
host,vf,0,7989,5232,3315,1485,2136,679,241,92,26,4,2,3,4,1,1,0,0,0,0,0,0,0,0,0,0,0
host,vf,1,7989,5232,3307,1488,2139,680,241,93,26,4,2,3,4,1,1,0,0,0,0,0,0,0,0,0,0,0
host,vf,1,4,5303,0,0,0,0,0,0,0,0,0,0,2,1,1,0,0,0,0,0,0,0,0,0,0,0
host,ee,0,45094,814,25709,9093,8558,1206,384,107,20,4,9,4,0,0,0,0,0,0,0,0,0,0,0,0,0,0
host,ee,1,45094,3729,19895,10855,11003,2218,807,225,50,9,13,11,6,2,0,0,0,0,0,0,0,0,0,0,0,0
host,ee,1,25,3729,0,0,0,0,0,0,0,0,2,14,7,2,0,0,0,0,0,0,0,0,0,0,0,0
host,vf,0,7602,1045,3174,1436,1987,654,230,90,22,4,2,1,2,0,0,0,0,0,0,0,0,0,0,0,0,0
host,vf,1,7602,1045,3039,1467,2055,677,234,93,23,7,4,1,2,0,0,0,0,0,0,0,0,0,0,0,0,0
host,vf,1,1,1044,0,0,0,0,0,0,0,0,0,0,1,0,0,0,0,0,0,0,0,0,0,0,0,0
host,ee,0,45162,4359,22806,9947,10035,1632,545,138,33,9,6,8,2,0,1,0,0,0,0,0,0,0,0,0,0,0
host,ee,1,45162,7697,19833,10800,11152,2255,821,219,43,11,11,6,10,0,1,0,0,0,0,0,0,0,0,0,0,0
host,ee,1,21,7697,0,0,0,0,0,0,0,0,6,7,6,1,1,0,0,0,0,0,0,0,0,0,0,0
host,vf,0,7565,3297,2978,1398,2139,677,243,94,24,9,2,0,0,1,0,0,0,0,0,0,0,0,0,0,0,0
host,vf,1,7565,3297,2978,1398,2139,677,243,94,24,9,2,0,0,1,0,0,0,0,0,0,0,0,0,0,0,0
host,vf,1,1,3297,0,0,0,0,0,0,0,0,0,0,0,1,0,0,0,0,0,0,0,0,0,0,0,0
host,ee,0,45053,7545,24342,9467,9158,1472,465,106,20,7,2,8,4,0,2,0,0,0,0,0,0,0,0,0,0,0
host,ee,1,45053,12187,19714,10778,11086,2343,828,230,36,9,7,13,6,1,1,1,0,0,0,0,0,0,0,0,0,0
host,ee,1,19,13342,0,0,0,0,0,0,0,0,2,11,4,0,1,1,0,0,0,0,0,0,0,0,0,0
host,vf,0,7459,14857,2886,1435,2093,665,250,92,29,4,1,2,1,0,0,1,0,0,0,0,0,0,0,0,0,0
host,vf,1,7459,14857,2886,1435,2093,665,250,92,29,4,1,2,1,0,0,1,0,0,0,0,0,0,0,0,0,0
host,vf,1,1,14857,0,0,0,0,0,0,0,0,0,0,0,0,0,1,0,0,0,0,0,0,0,0,0,0
host,ee,0,44597,917,24828,9086,8691,1406,448,101,23,4,3,7,0,0,0,0,0,0,0,0,0,0,0,0,0,0
host,ee,1,44597,5540,19437,10685,10993,2358,811,228,48,7,10,8,8,3,1,0,0,0,0,0,0,0,0,0,0,0
host,ee,1,20,5335,0,0,0,0,0,0,0,1,9,7,2,0,1,0,0,0,0,0,0,0,0,0,0,0
host,vf,0,7470,7781,2920,1422,2056,691,252,91,25,4,5,3,0,0,1,0,0,0,0,0,0,0,0,0,0,0
host,vf,1,7470,7781,2919,1423,2056,691,251,90,26,4,5,4,0,0,1,0,0,0,0,0,0,0,0,0,0,0
host,vf,1,2,7689,0,0,0,0,0,0,0,0,1,0,0,0,1,0,0,0,0,0,0,0,0,0,0,0
host,ee,0,44098,3218,22725,9602,9337,1686,544,146,40,5,2,4,3,4,0,0,0,0,0,0,0,0,0,0,0,0
host,ee,1,44098,9266,19192,10643,10768,2346,827,237,52,6,8,4,9,5,0,1,0,0,0,0,0,0,0,0,0,0
host,ee,1,22,9204,0,0,0,0,0,0,0,1,8,6,4,2,0,1,0,0,0,0,0,0,0,0,0,0
host,vf,0,7281,2241,2826,1404,1954,699,265,94,30,4,2,2,0,1,0,0,0,0,0,0,0,0,0,0,0,0
host,vf,1,7281,2241,2826,1404,1954,699,265,94,30,4,2,2,0,1,0,0,0,0,0,0,0,0,0,0,0,0
host,vf,1,1,2241,0,0,0,0,0,0,0,0,0,0,0,1,0,0,0,0,0,0,0,0,0,0,0,0
host,ee,0,43322,1464,25028,8643,7937,1188,379,100,28,5,4,6,4,0,0,0,0,0,0,0,0,0,0,0,0,0
host,ee,1,43322,6127,18378,10755,10700,2299,860,232,58,10,6,14,8,1,1,0,0,0,0,0,0,0,0,0,0,0
host,ee,1,23,6127,0,0,0,0,0,0,0,0,3,15,4,0,1,0,0,0,0,0,0,0,0,0,0,0
host,vf,0,7167,9935,2715,1399,1948,698,265,96,35,5,2,1,1,1,0,1,0,0,0,0,0,0,0,0,0,0
host,vf,1,7167,9935,2712,1400,1950,698,265,96,35,5,2,1,1,1,0,1,0,0,0,0,0,0,0,0,0,0
host,vf,1,2,9943,0,0,0,0,0,0,0,0,0,0,0,1,0,1,0,0,0,0,0,0,0,0,0,0
host,ee,0,44361,9015,22533,9810,9386,1793,591,170,47,14,4,2,8,2,0,1,0,0,0,0,0,0,0,0,0,0
host,ee,1,44361,9015,19566,10601,10653,2318,854,253,67,20,7,3,13,4,1,1,0,0,0,0,0,0,0,0,0,0
host,ee,1,23,5866,0,0,0,0,0,0,0,0,6,10,5,1,1,0,0,0,0,0,0,0,0,0,0,0
host,ee,0,46169,11288,25890,9374,8773,1462,469,137,40,2,8,8,4,1,0,1,0,0,0,0,0,0,0,0,0,0
host,ee,1,46169,11288,21476,10519,10594,2357,862,255,66,8,7,8,10,5,0,2,0,0,0,0,0,0,0,0,0,0
host,ee,1,23,24014,0,0,0,0,0,0,0,1,3,7,7,3,0,1,1,0,0,0,0,0,0,0,0,0
host,vf,0,7622,747,3089,1374,2011,720,283,98,29,10,4,4,0,0,0,0,0,0,0,0,0,0,0,0,0,0
host,vf,1,7622,747,3089,1374,2011,720,283,98,29,10,4,4,0,0,0,0,0,0,0,0,0,0,0,0,0,0
host,vf,1,1,747,0,0,0,0,0,0,0,0,0,1,0,0,0,0,0,0,0,0,0,0,0,0,0,0
host,ee,0,46296,5289,27082,9004,8261,1327,460,110,28,8,4,3,7,1,1,0,0,0,0,0,0,0,0,0,0,0
host,ee,1,46296,7254,21493,10622,10581,2363,890,252,51,9,10,5,7,8,5,0,0,0,0,0,0,0,0,0,0,0
host,ee,1,27,9529,0,0,0,0,0,0,0,0,11,4,5,4,1,2,0,0,0,0,0,0,0,0,0,0
host,vf,0,7576,5391,3033,1392,2033,702,272,94,33,6,6,3,1,0,1,0,0,0,0,0,0,0,0,0,0,0
host,vf,1,7576,5391,3008,1395,2048,703,276,95,33,6,7,2,2,0,1,0,0,0,0,0,0,0,0,0,0,0
host,vf,1,2,5391,0,0,0,0,0,0,0,0,0,0,1,0,1,0,0,0,0,0,0,0,0,0,0,0
host,ee,0,47595,5363,28870,8832,8150,1172,402,117,30,8,6,4,3,0,1,0,0,0,0,0,0,0,0,0,0,0
host,ee,1,47595,5900,22684,10629,10676,2363,882,263,60,8,7,9,12,0,2,0,0,0,0,0,0,0,0,0,0,0
host,ee,1,23,6086,0,0,0,0,0,0,0,1,4,12,4,0,2,0,0,0,0,0,0,0,0,0,0,0
host,ee,0,47777,4723,26839,9439,9172,1607,521,131,42,7,9,4,5,0,1,0,0,0,0,0,0,0,0,0,0,0
host,ee,1,47777,5823,22963,10485,10719,2368,889,256,57,11,12,4,10,2,1,0,0,0,0,0,0,0,0,0,0,0
host,ee,1,19,6062,0,0,0,0,0,0,0,0,3,5,7,3,1,0,0,0,0,0,0,0,0,0,0,0
host,vf,0,7804,2553,3202,1383,2085,712,275,98,30,14,2,0,1,2,0,0,0,0,0,0,0,0,0,0,0,0
host,vf,1,7804,2553,3202,1383,2085,712,275,98,30,14,2,0,1,2,0,0,0,0,0,0,0,0,0,0,0,0
host,vf,1,3,2553,0,0,0,0,0,0,0,0,0,0,1,2,0,0,0,0,0,0,0,0,0,0,0,0
host,ee,0,46140,6739,28154,8440,7819,1191,388,99,28,7,4,5,2,1,2,0,0,0,0,0,0,0,0,0,0,0
host,ee,1,46140,10865,21529,10320,10642,2388,896,260,62,9,8,15,5,3,2,1,0,0,0,0,0,0,0,0,0,0
host,ee,1,25,10865,0,0,0,0,0,0,0,1,3,10,6,2,2,1,0,0,0,0,0,0,0,0,0,0
host,vf,0,7547,1441,3027,1352,2022,711,275,111,33,11,0,2,3,0,0,0,0,0,0,0,0,0,0,0,0,0
host,vf,1,7547,1441,3027,1352,2022,711,275,111,33,11,0,2,3,0,0,0,0,0,0,0,0,0,0,0,0,0
host,vf,1,3,1441,0,0,0,0,0,0,0,0,0,1,2,0,0,0,0,0,0,0,0,0,0,0,0,0
host,ee,0,43598,2007,27692,7507,7042,928,283,92,24,12,9,6,3,0,0,0,0,0,0,0,0,0,0,0,0,0
host,ee,1,43598,4918,19292,10226,10450,2366,900,259,58,11,13,8,8,5,2,0,0,0,0,0,0,0,0,0,0,0
host,ee,1,22,3109,0,0,0,0,0,0,0,1,5,5,9,2,0,0,0,0,0,0,0,0,0,0,0,0
host,ee,0,43822,8132,24232,8744,8639,1472,519,155,35,4,7,9,4,0,2,0,0,0,0,0,0,0,0,0,0,0
host,ee,1,43822,8132,19251,10156,10755,2385,875,292,62,8,14,14,6,1,3,0,0,0,0,0,0,0,0,0,0,0
host,ee,1,27,8154,0,0,0,0,0,0,0,0,10,6,3,6,2,0,0,0,0,0,0,0,0,0,0,0
host,vf,0,7279,6274,2781,1321,2045,692,278,109,38,9,2,3,0,0,1,0,0,0,0,0,0,0,0,0,0,0
host,vf,1,7279,6274,2780,1322,2045,692,277,109,38,10,2,3,0,0,1,0,0,0,0,0,0,0,0,0,0,0
host,vf,1,2,6274,0,0,0,0,0,0,0,0,1,0,0,0,1,0,0,0,0,0,0,0,0,0,0,0
host,ee,0,43827,17023,23716,8883,8929,1550,517,166,40,7,4,10,3,1,0,0,1,0,0,0,0,0,0,0,0,0
host,ee,1,43827,22715,19070,10246,10801,2417,900,274,65,18,13,13,6,2,1,0,1,0,0,0,0,0,0,0,0,0
host,ee,1,23,1657,0,0,0,0,0,0,0,0,5,9,9,0,0,0,0,0,0,0,0,0,0,0,0,0
host,vf,0,7284,2131,2761,1321,2050,711,275,108,37,11,6,2,1,1,0,0,0,0,0,0,0,0,0,0,0,0
host,vf,1,7284,2131,2758,1322,2052,711,275,108,37,11,6,2,1,1,0,0,0,0,0,0,0,0,0,0,0,0
host,vf,1,2,2131,0,0,0,0,0,0,0,0,0,0,1,1,0,0,0,0,0,0,0,0,0,0,0,0
host,ee,0,43173,919,25057,8289,7794,1390,475,135,21,3,7,2,0,0,0,0,0,0,0,0,0,0,0,0,0,0
host,ee,1,43173,10108,18495,10338,10626,2419,916,278,48,13,16,10,12,1,0,1,0,0,0,0,0,0,0,0,0,0
host,ee,1,23,19236,0,0,0,0,0,0,0,1,5,7,7,1,1,0,1,0,0,0,0,0,0,0,0,0
host,vf,0,7074,1785,2603,1332,1995,712,270,104,39,10,3,4,2,0,0,0,0,0,0,0,0,0,0,0,0,0
host,vf,1,7074,1785,2600,1332,1997,713,269,105,39,10,3,4,2,0,0,0,0,0,0,0,0,0,0,0,0,0
host,vf,1,2,1785,0,0,0,0,0,0,0,0,0,0,2,0,0,0,0,0,0,0,0,0,0,0,0,0
host,ee,0,43574,1242,24615,8675,8220,1415,461,133,33,9,8,4,1,0,0,0,0,0,0,0,0,0,0,0,0,0
host,ee,1,43574,51664,19099,10242,10522,2423,892,274,68,18,16,11,5,3,0,0,0,1,0,0,0,0,0,0,0,0
host,ee,1,22,49158,0,0,0,0,0,0,0,0,6,6,9,0,0,0,0,1,0,0,0,0,0,0,0,0
host,vf,0,7149,21345,2713,1340,1939,726,257,112,40,12,7,2,0,0,0,0,1,0,0,0,0,0,0,0,0,0
host,vf,1,7149,21345,2708,1341,1942,727,257,112,40,12,7,2,0,0,0,0,1,0,0,0,0,0,0,0,0,0
host,vf,1,2,21345,0,0,0,0,0,0,0,0,0,1,0,0,0,0,1,0,0,0,0,0,0,0,0,0
host,ee,0,44494,2543,25537,8738,8220,1364,420,154,35,7,8,7,3,1,0,0,0,0,0,0,0,0,0,0,0,0
host,ee,1,44494,4312,20154,10192,10473,2389,888,286,57,18,11,10,7,8,1,0,0,0,0,0,0,0,0,0,0,0
host,ee,1,25,6493,0,0,0,0,0,0,0,4,6,8,4,1,2,0,0,0,0,0,0,0,0,0,0,0
host,vf,0,7303,7449,2863,1335,1948,710,282,112,31,13,5,2,0,1,1,0,0,0,0,0,0,0,0,0,0,0
host,vf,1,7303,7443,2863,1335,1948,710,282,112,31,13,5,2,0,1,1,0,0,0,0,0,0,0,0,0,0,0
host,vf,1,2,7443,0,0,0,0,0,0,0,0,1,0,0,0,1,0,0,0,0,0,0,0,0,0,0,0
host,ee,0,45100,1231,26019,8720,8329,1397,448,119,33,16,14,2,3,0,0,0,0,0,0,0,0,0,0,0,0,0
host,ee,1,45100,4781,20764,10165,10485,2401,904,265,59,20,17,7,10,2,1,0,0,0,0,0,0,0,0,0,0,0
host,ee,1,24,4135,0,0,0,0,0,0,0,1,6,10,5,1,1,0,0,0,0,0,0,0,0,0,0,0
host,vf,0,7324,827,3389,1255,1750,583,230,75,29,8,3,2,0,0,0,0,0,0,0,0,0,0,0,0,0,0
host,vf,1,7324,1353,2882,1355,1947,700,284,99,40,11,3,2,1,0,0,0,0,0,0,0,0,0,0,0,0,0
host,vf,1,1,235,0,0,0,0,0,0,0,1,0,0,0,0,0,0,0,0,0,0,0,0,0,0,0,0
host,ee,0,47995,6401,30617,8074,7658,1141,347,102,23,14,8,4,6,0,1,0,0,0,0,0,0,0,0,0,0,0
host,ee,1,47995,6401,23715,10081,10544,2394,886,274,49,15,11,11,9,5,1,0,0,0,0,0,0,0,0,0,0,0
host,ee,1,22,6401,0,0,0,0,0,0,0,0,3,6,8,4,1,0,0,0,0,0,0,0,0,0,0,0
host,vf,0,7898,2229,3359,1390,2036,683,284,88,36,14,6,1,0,1,0,0,0,0,0,0,0,0,0,0,0,0
host,vf,1,7898,2229,3359,1390,2036,683,284,88,36,14,6,1,0,1,0,0,0,0,0,0,0,0,0,0,0,0
host,vf,1,1,307,0,0,0,0,0,0,0,0,1,0,0,0,0,0,0,0,0,0,0,0,0,0,0,0
host,ee,0,49567,7314,33535,7549,7081,957,303,100,23,7,8,1,1,1,1,0,0,0,0,0,0,0,0,0,0,0
host,ee,1,49567,7314,25039,10180,10721,2349,894,278,56,13,13,11,7,5,1,0,0,0,0,0,0,0,0,0,0,0
host,ee,1,25,6909,0,0,0,0,0,0,0,0,5,9,4,6,1,0,0,0,0,0,0,0,0,0,0,0
host,vf,0,8307,1055,3666,1370,2134,699,281,102,35,12,6,1,1,0,0,0,0,0,0,0,0,0,0,0,0,0
host,vf,1,8307,1055,3666,1370,2134,699,281,102,35,12,6,1,1,0,0,0,0,0,0,0,0,0,0,0,0,0
host,vf,1,1,309,0,0,0,0,0,0,0,0,1,0,0,0,0,0,0,0,0,0,0,0,0,0,0,0
host,ee,0,47570,1543,29056,8485,8195,1228,435,118,31,6,7,5,4,0,0,0,0,0,0,0,0,0,0,0,0,0
host,ee,1,47570,4632,23117,10125,10675,2346,914,281,64,11,8,12,12,4,1,0,0,0,0,0,0,0,0,0,0,0
host,ee,1,29,3898,0,0,0,0,0,0,0,1,6,10,9,3,0,0,0,0,0,0,0,0,0,0,0,0
host,ee,0,46845,1795,29195,8102,7839,1107,429,116,26,12,6,6,7,0,0,0,0,0,0,0,0,0,0,0,0,0
host,ee,1,46845,14728,22588,10009,10601,2332,909,287,58,18,9,11,15,5,2,1,0,0,0,0,0,0,0,0,0,0
host,ee,1,32,15184,0,0,0,0,0,0,0,1,7,7,14,1,0,2,0,0,0,0,0,0,0,0,0,0
host,vf,0,7684,3843,3196,1322,2044,689,276,102,39,7,1,7,0,1,0,0,0,0,0,0,0,0,0,0,0,0
host,vf,1,7684,3820,3173,1330,2054,690,280,100,40,8,1,7,0,1,0,0,0,0,0,0,0,0,0,0,0,0
host,vf,1,2,3827,0,0,0,0,0,0,0,0,0,1,0,1,0,0,0,0,0,0,0,0,0,0,0,0
host,ee,0,46830,1149,31217,7457,6895,846,299,80,18,10,4,3,1,0,0,0,0,0,0,0,0,0,0,0,0,0
host,ee,1,46830,4371,22434,10086,10578,2422,905,284,68,19,11,11,5,6,1,0,0,0,0,0,0,0,0,0,0,0
host,ee,1,23,3959,0,0,0,0,0,0,0,1,5,9,4,4,0,0,0,0,0,0,0,0,0,0,0,0
host,vf,0,7692,621,3190,1299,2045,723,272,104,40,10,7,2,0,0,0,0,0,0,0,0,0,0,0,0,0,0
host,vf,1,7692,621,3190,1299,2045,723,272,104,40,10,7,2,0,0,0,0,0,0,0,0,0,0,0,0,0,0
host,vf,1,1,486,0,0,0,0,0,0,0,0,1,0,0,0,0,0,0,0,0,0,0,0,0,0,0,0
host,ee,0,45866,4163,25917,8860,8718,1590,554,165,37,7,8,5,3,1,1,0,0,0,0,0,0,0,0,0,0,0
host,ee,1,45866,4163,21565,10015,10504,2459,930,294,57,13,10,8,4,6,1,0,0,0,0,0,0,0,0,0,0,0
host,ee,1,19,3828,0,0,0,0,0,0,0,0,3,7,6,3,0,0,0,0,0,0,0,0,0,0,0,0
host,ee,0,44897,1707,27464,7833,7804,1242,386,114,30,13,5,4,2,0,0,0,0,0,0,0,0,0,0,0,0,0
host,ee,1,44897,5073,20804,9838,10476,2464,925,279,58,22,8,10,8,4,1,0,0,0,0,0,0,0,0,0,0,0
host,ee,1,22,3661,0,0,0,0,0,0,0,1,5,5,7,4,0,0,0,0,0,0,0,0,0,0,0,0
host,vf,0,7362,1569,2923,1263,2009,735,279,92,39,15,5,1,1,0,0,0,0,0,0,0,0,0,0,0,0,0
host,vf,1,7362,1569,2923,1263,2009,735,279,92,39,15,5,1,1,0,0,0,0,0,0,0,0,0,0,0,0,0
host,vf,1,1,523,0,0,0,0,0,0,0,0,0,1,0,0,0,0,0,0,0,0,0,0,0,0,0,0
host,ee,0,46121,651,28550,8000,7819,1194,399,107,32,10,7,3,0,0,0,0,0,0,0,0,0,0,0,0,0,0
host,ee,1,46121,4112,21734,9919,10676,2453,960,277,55,15,11,8,4,8,1,0,0,0,0,0,0,0,0,0,0,0
host,ee,1,21,2531,0,0,0,0,0,0,0,0,6,8,4,3,0,0,0,0,0,0,0,0,0,0,0,0
host,vf,0,7640,8752,3074,1321,2065,747,283,98,37,8,3,1,1,1,0,1,0,0,0,0,0,0,0,0,0,0
host,vf,1,7640,8752,3069,1322,2068,746,283,99,38,8,3,1,1,1,0,1,0,0,0,0,0,0,0,0,0,0
host,vf,1,3,8752,0,0,0,0,0,0,0,0,0,0,1,1,0,1,0,0,0,0,0,0,0,0,0,0
host,ee,0,43834,4239,23916,8590,8881,1634,582,156,39,16,5,8,2,4,1,0,0,0,0,0,0,0,0,0,0,0
host,ee,1,43834,14203,19841,9714,10489,2435,976,273,54,19,8,10,7,7,0,1,0,0,0,0,0,0,0,0,0,0
host,ee,1,27,9921,0,0,0,0,0,0,0,0,5,9,9,2,1,1,0,0,0,0,0,0,0,0,0,0
host,ee,0,43679,2229,24915,8393,8228,1425,543,122,36,5,5,4,2,1,0,0,0,0,0,0,0,0,0,0,0,0
host,ee,1,43679,4581,19839,9703,10349,2421,987,270,63,12,16,8,9,1,1,0,0,0,0,0,0,0,0,0,0,0
host,ee,1,28,4581,0,0,0,0,0,0,0,0,10,11,5,0,2,0,0,0,0,0,0,0,0,0,0,0
host,vf,0,7180,4701,2761,1277,1965,737,275,110,35,12,5,1,0,1,1,0,0,0,0,0,0,0,0,0,0,0
host,vf,1,7180,4701,2759,1278,1966,737,275,109,36,12,5,1,0,1,1,0,0,0,0,0,0,0,0,0,0,0
host,vf,1,2,4701,0,0,0,0,0,0,0,0,0,0,0,1,1,0,0,0,0,0,0,0,0,0,0,0
host,ee,0,46025,11909,27616,8238,8144,1370,456,126,39,16,12,3,2,2,0,1,0,0,0,0,0,0,0,0,0,0
host,ee,1,46025,11909,22176,9717,10265,2495,977,272,65,23,17,7,6,4,0,1,0,0,0,0,0,0,0,0,0,0
host,ee,1,25,10671,0,0,0,0,0,0,0,0,9,11,2,2,0,1,0,0,0,0,0,0,0,0,0,0
host,vf,0,7688,11301,3168,1290,2038,751,282,97,41,11,3,3,2,1,0,1,0,0,0,0,0,0,0,0,0,0
host,vf,1,7688,11301,3168,1290,2038,751,282,97,41,11,3,3,2,1,0,1,0,0,0,0,0,0,0,0,0,0
host,vf,1,2,11301,0,0,0,0,0,0,0,0,0,0,0,1,0,1,0,0,0,0,0,0,0,0,0,0
host,ee,0,48298,3156,29297,8427,8352,1477,500,152,48,16,11,8,6,4,0,0,0,0,0,0,0,0,0,0,0,0
host,ee,1,48298,5236,24112,9804,10441,2544,982,281,75,17,13,13,12,3,1,0,0,0,0,0,0,0,0,0,0,0
host,ee,1,22,3795,0,0,0,0,0,0,0,1,1,8,10,2,0,0,0,0,0,0,0,0,0,0,0,0
host,vf,0,8158,9062,3512,1301,2141,758,274,113,33,12,9,3,1,0,0,1,0,0,0,0,0,0,0,0,0,0
host,vf,1,8158,9062,3511,1298,2144,758,274,113,34,12,9,3,1,0,0,1,0,0,0,0,0,0,0,0,0,0
host,vf,1,2,9173,0,0,0,0,0,0,0,0,0,1,0,0,0,1,0,0,0,0,0,0,0,0,0,0
host,ee,0,49042,1747,30885,8111,7978,1413,460,134,33,9,9,4,6,0,0,0,0,0,0,0,0,0,0,0,0,0
host,ee,1,49042,5076,24541,9978,10530,2580,999,276,72,22,15,12,13,3,1,0,0,0,0,0,0,0,0,0,0,0
host,ee,1,25,3269,0,0,0,0,0,0,0,0,4,8,11,2,0,0,0,0,0,0,0,0,0,0,0,0
host,vf,0,8239,1471,3547,1349,2104,772,298,106,37,10,11,3,2,0,0,0,0,0,0,0,0,0,0,0,0,0
host,vf,1,8239,1471,3540,1351,2103,777,298,105,39,9,10,5,2,0,0,0,0,0,0,0,0,0,0,0,0,0
host,vf,1,2,1014,0,0,0,0,0,0,0,0,0,2,0,0,0,0,0,0,0,0,0,0,0,0,0,0
host,ee,0,47479,7779,29990,7853,7675,1361,417,114,33,11,15,7,1,1,1,0,0,0,0,0,0,0,0,0,0,0
host,ee,1,47479,5484,23083,9809,10532,2644,1006,269,68,18,23,12,10,4,1,0,0,0,0,0,0,0,0,0,0,0
host,ee,1,28,5667,0,0,0,0,0,0,0,0,8,11,6,1,2,0,0,0,0,0,0,0,0,0,0,0
host,vf,0,8054,3123,3362,1291,2143,798,292,101,39,14,8,2,2,2,0,0,0,0,0,0,0,0,0,0,0,0
host,vf,1,8054,3123,3360,1289,2144,797,296,101,39,14,8,2,2,2,0,0,0,0,0,0,0,0,0,0,0,0
host,vf,1,4,2105,0,0,0,0,0,0,0,0,0,1,2,1,0,0,0,0,0,0,0,0,0,0,0,0
host,ee,0,47080,5170,28031,8441,8251,1596,539,151,45,9,6,4,5,1,1,0,0,0,0,0,0,0,0,0,0,0
host,ee,1,47080,5929,22651,9877,10455,2671,1013,279,79,17,13,11,6,6,2,0,0,0,0,0,0,0,0,0,0,0
host,ee,1,25,6197,0,0,0,0,0,0,0,1,5,8,5,4,2,0,0,0,0,0,0,0,0,0,0,0
host,vf,0,7972,1715,3387,1311,2035,794,284,100,36,17,3,3,2,0,0,0,0,0,0,0,0,0,0,0,0,0
host,vf,1,7972,1715,3303,1322,2081,811,284,99,40,21,6,3,2,0,0,0,0,0,0,0,0,0,0,0,0,0
host,vf,1,2,1083,0,0,0,0,0,0,0,0,0,1,1,0,0,0,0,0,0,0,0,0,0,0,0,0
host,ee,0,46100,5275,25621,8803,8844,1923,644,177,57,14,6,3,3,4,1,0,0,0,0,0,0,0,0,0,0,0
host,ee,1,46100,4516,21944,9789,10349,2608,1002,282,72,16,12,14,8,3,1,0,0,0,0,0,0,0,0,0,0,0
host,ee,1,28,3179,0,0,0,0,0,0,0,1,4,18,4,1,0,0,0,0,0,0,0,0,0,0,0,0
host,ee,0,46792,1649,29662,7821,7390,1330,434,103,28,10,7,2,5,0,0,0,0,0,0,0,0,0,0,0,0,0
host,ee,1,46792,9792,22607,9786,10346,2645,996,285,67,25,12,8,11,3,0,1,0,0,0,0,0,0,0,0,0,0
host,ee,1,26,2763,0,0,0,0,0,0,0,2,5,5,12,2,0,0,0,0,0,0,0,0,0,0,0,0
host,vf,0,7963,34296,3329,1316,2076,769,309,98,42,16,2,1,3,1,0,0,0,1,0,0,0,0,0,0,0,0
host,vf,1,7963,34296,3324,1316,2078,771,309,98,42,17,2,1,3,1,0,0,0,1,0,0,0,0,0,0,0,0
host,vf,1,2,34296,0,0,0,0,0,0,0,0,1,0,0,0,0,0,0,1,0,0,0,0,0,0,0,0
host,ee,0,46610,1987,29405,7755,7446,1356,484,113,28,8,10,4,1,0,0,0,0,0,0,0,0,0,0,0,0,0
host,ee,1,46610,4672,22657,9612,10275,2616,1039,284,71,21,16,6,8,4,1,0,0,0,0,0,0,0,0,0,0,0
host,ee,1,24,4641,0,0,0,0,0,0,0,1,6,5,6,5,1,0,0,0,0,0,0,0,0,0,0,0
host,vf,0,7844,18655,3277,1282,2039,769,308,110,38,13,3,4,0,0,0,0,1,0,0,0,0,0,0,0,0,0
host,vf,1,7844,18655,3275,1280,2043,769,308,109,39,13,3,4,0,0,0,0,1,0,0,0,0,0,0,0,0,0
host,vf,1,2,19198,0,0,0,0,0,0,0,0,0,1,0,0,0,0,1,0,0,0,0,0,0,0,0,0
host,ee,0,46835,2123,28514,8158,7832,1580,533,154,41,6,8,2,6,1,0,0,0,0,0,0,0,0,0,0,0,0
host,ee,1,46835,6323,23132,9603,9995,2617,1046,305,81,18,15,6,12,4,1,0,0,0,0,0,0,0,0,0,0,0
host,ee,1,18,5747,0,0,0,0,0,0,0,0,4,4,5,4,1,0,0,0,0,0,0,0,0,0,0,0
host,vf,0,7839,7283,3332,1279,2014,736,303,101,52,9,8,2,2,0,1,0,0,0,0,0,0,0,0,0,0,0
host,vf,1,7839,7283,3327,1280,2016,737,302,103,52,8,9,2,2,0,1,0,0,0,0,0,0,0,0,0,0,0
host,vf,1,2,7283,0,0,0,0,0,0,0,0,0,0,1,0,1,0,0,0,0,0,0,0,0,0,0,0
host,ee,0,47824,7835,31501,7548,6921,1256,416,126,36,7,7,2,2,0,2,0,0,0,0,0,0,0,0,0,0,0
host,ee,1,47824,14307,24076,9573,10066,2592,1028,322,94,26,19,13,8,5,1,1,0,0,0,0,0,0,0,0,0,0
host,ee,1,28,14307,0,0,0,0,0,0,0,1,7,6,9,3,1,1,0,0,0,0,0,0,0,0,0,0
host,vf,0,8057,12348,3509,1286,2024,745,309,110,43,23,5,2,0,0,0,1,0,0,0,0,0,0,0,0,0,0
host,vf,1,8057,12348,3498,1288,2028,748,310,111,43,23,5,2,0,0,0,1,0,0,0,0,0,0,0,0,0,0
host,vf,1,1,12348,0,0,0,0,0,0,0,0,0,0,0,0,0,1,0,0,0,0,0,0,0,0,0,0
host,ee,0,48312,25337,32888,7071,6605,1135,414,129,42,10,9,5,1,2,0,0,1,0,0,0,0,0,0,0,0,0
host,ee,1,48312,32736,24588,9626,10038,2546,1029,332,87,20,19,13,6,6,0,0,2,0,0,0,0,0,0,0,0,0
host,ee,1,28,79051,0,0,0,0,0,0,0,0,6,6,11,3,0,0,0,1,1,0,0,0,0,0,0,0
host,vf,0,8059,1189,3546,1279,2014,718,324,101,51,16,6,3,1,0,0,0,0,0,0,0,0,0,0,0,0,0
host,vf,1,8059,1189,3546,1279,2014,718,324,101,51,16,6,3,1,0,0,0,0,0,0,0,0,0,0,0,0,0
host,vf,1,1,581,0,0,0,0,0,0,0,0,0,1,0,0,0,0,0,0,0,0,0,0,0,0,0,0
host,ee,0,48076,2189,31026,7697,7231,1351,556,165,26,6,10,5,2,1,0,0,0,0,0,0,0,0,0,0,0,0
host,ee,1,48076,4655,24496,9514,10012,2527,1036,323,87,30,26,12,8,4,1,0,0,0,0,0,0,0,0,0,0,0
host,ee,1,29,4398,0,0,0,0,0,0,0,0,7,10,10,1,1,0,0,0,0,0,0,0,0,0,0,0
host,vf,0,7964,17326,3551,1238,1967,714,308,109,47,20,4,5,0,0,0,0,1,0,0,0,0,0,0,0,0,0
host,vf,1,7964,17326,3545,1239,1972,713,309,109,47,20,4,5,0,0,0,0,1,0,0,0,0,0,0,0,0,0
host,vf,1,2,17326,0,0,0,0,0,0,0,0,0,1,0,0,0,0,1,0,0,0,0,0,0,0,0,0
host,ee,0,48830,1327,32499,7370,7015,1260,485,152,28,7,5,8,1,0,0,0,0,0,0,0,0,0,0,0,0,0
host,ee,1,48830,3709,25219,9515,10011,2532,1061,331,91,23,19,14,9,5,0,0,0,0,0,0,0,0,0,0,0,0
host,ee,1,27,3928,0,0,0,0,0,0,0,0,8,11,5,3,0,0,0,0,0,0,0,0,0,0,0,0
host,vf,0,8124,8035,3678,1259,1972,715,320,112,41,16,6,4,0,0,1,0,0,0,0,0,0,0,0,0,0,0
host,vf,1,8124,8035,3673,1262,1974,714,321,112,41,16,6,4,0,0,1,0,0,0,0,0,0,0,0,0,0,0
host,vf,1,2,8035,0,0,0,0,0,0,0,0,1,0,0,0,1,0,0,0,0,0,0,0,0,0,0,0
host,ee,0,52464,2111,36424,7296,6712,1295,532,153,29,7,10,5,0,1,0,0,0,0,0,0,0,0,0,0,0,0
host,ee,1,52464,6629,28943,9516,9858,2590,1060,327,85,33,20,13,8,10,1,0,0,0,0,0,0,0,0,0,0,0
host,ee,1,28,7410,0,0,0,0,0,0,0,0,6,9,5,6,2,0,0,0,0,0,0,0,0,0,0,0
host,vf,0,8896,45342,4340,1315,2011,721,313,120,45,20,2,4,0,3,0,0,1,1,0,0,0,0,0,0,0,0
host,vf,1,8896,45342,4322,1318,2023,724,312,121,45,20,2,4,0,2,1,0,1,1,0,0,0,0,0,0,0,0
host,vf,1,4,45342,0,0,0,0,0,0,0,1,1,0,0,0,0,0,1,1,0,0,0,0,0,0,0,0
host,ee,0,59369,1395,43822,7013,6626,1268,450,139,35,4,9,2,1,0,0,0,0,0,0,0,0,0,0,0,0,0
host,ee,1,59369,3323,35461,9470,10242,2636,1056,329,98,25,18,20,8,6,0,0,0,0,0,0,0,0,0,0,0,0
host,ee,1,33,3515,0,0,0,0,0,0,0,0,11,13,6,3,0,0,0,0,0,0,0,0,0,0,0,0
host,vf,0,10616,15889,5901,1404,2089,716,317,125,39,14,5,1,2,2,0,1,0,0,0,0,0,0,0,0,0,0
host,vf,1,10616,15889,5712,1438,2210,741,311,128,43,19,6,1,3,2,1,1,0,0,0,0,0,0,0,0,0,0
host,vf,1,4,15889,0,0,0,0,0,0,0,0,1,0,1,1,0,1,0,0,0,0,0,0,0,0,0,0
host,ee,0,65751,6725,49892,7282,6670,1280,413,148,40,6,9,6,4,0,1,0,0,0,0,0,0,0,0,0,0,0
host,ee,1,65751,26875,41635,9580,10305,2669,1031,329,112,36,15,14,14,6,4,0,1,0,0,0,0,0,0,0,0,0
host,ee,1,34,29284,0,0,0,0,0,0,0,0,7,6,10,7,3,0,1,0,0,0,0,0,0,0,0,0
host,vf,0,12308,90991,7165,1461,2408,763,302,120,52,23,6,2,3,1,0,1,0,0,1,0,0,0,0,0,0,0
host,vf,1,12308,90991,7158,1462,2410,764,304,120,52,24,6,2,3,1,0,1,0,0,1,0,0,0,0,0,0,0
host,vf,1,2,90991,0,0,0,0,0,0,0,0,0,0,0,0,1,0,0,0,1,0,0,0,0,0,0,0
host,ee,0,71671,2019,56037,7151,6608,1225,483,128,18,7,3,7,4,0,0,0,0,0,0,0,0,0,0,0,0,0
host,ee,1,71671,10303,47672,9504,10341,2667,1000,328,94,20,17,12,13,2,0,1,0,0,0,0,0,0,0,0,0,0
host,ee,1,33,9983,0,0,0,0,0,0,0,0,16,8,6,2,0,1,0,0,0,0,0,0,0,0,0,0
host,vf,0,13899,56671,8547,1549,2546,774,293,119,52,11,2,1,2,0,2,0,0,1,0,0,0,0,0,0,0,0
host,vf,1,13899,56671,8547,1549,2546,774,293,119,52,11,2,1,2,0,2,0,0,1,0,0,0,0,0,0,0,0
host,vf,1,1,56671,0,0,0,0,0,0,0,0,0,0,0,0,0,0,0,1,0,0,0,0,0,0,0,0
host,ee,0,78320,3591,59394,8148,8397,1566,526,206,51,9,7,9,4,3,0,0,0,0,0,0,0,0,0,0,0,0
host,ee,1,78320,7831,54002,9518,10650,2701,994,316,75,16,14,16,6,10,2,0,0,0,0,0,0,0,0,0,0,0
host,ee,1,29,9115,0,0,0,0,0,0,0,0,1,12,6,4,5,1,0,0,0,0,0,0,0,0,0,0
host,vf,0,15759,2285,10157,1580,2770,779,303,106,43,8,6,2,4,1,0,0,0,0,0,0,0,0,0,0,0,0
host,vf,1,15759,2285,10123,1589,2780,793,304,106,41,10,6,2,4,1,0,0,0,0,0,0,0,0,0,0,0,0
host,vf,1,2,1988,0,0,0,0,0,0,0,0,0,1,1,0,0,0,0,0,0,0,0,0,0,0,0,0
host,ee,0,79885,902,64180,7077,6940,1128,392,109,35,13,9,2,0,0,0,0,0,0,0,0,0,0,0,0,0,0
host,ee,1,79885,5867,55900,9463,10438,2626,1026,291,71,18,21,12,11,7,1,0,0,0,0,0,0,0,0,0,0,0
host,ee,1,40,4641,0,0,0,0,0,0,0,2,11,13,9,3,2,0,0,0,0,0,0,0,0,0,0,0
host,vf,0,16091,13025,10457,1640,2769,760,289,110,41,16,4,2,1,0,1,1,0,0,0,0,0,0,0,0,0,0
host,vf,1,16091,13025,10455,1640,2768,760,292,110,41,16,4,2,1,0,1,1,0,0,0,0,0,0,0,0,0,0
host,vf,1,3,13025,0,0,0,0,0,0,0,0,0,1,0,0,1,1,0,0,0,0,0,0,0,0,0,0
host,ee,0,88252,1021,73099,6995,6599,1038,374,103,25,4,7,8,0,0,0,0,0,0,0,0,0,0,0,0,0,0
host,ee,1,88252,3914,64400,9449,10390,2614,984,279,78,14,18,16,6,4,0,0,0,0,0,0,0,0,0,0,0,0
host,ee,1,34,3132,0,0,0,0,0,0,0,0,8,13,10,3,0,0,0,0,0,0,0,0,0,0,0,0
host,vf,0,18492,48561,12972,1646,2763,677,272,108,38,4,3,3,3,1,1,0,0,1,0,0,0,0,0,0,0,0
host,vf,1,18492,48561,12614,1710,2988,728,275,115,43,6,4,3,3,1,1,0,0,1,0,0,0,0,0,0,0,0
host,vf,1,4,48561,0,0,0,0,0,0,0,0,0,1,1,0,1,0,0,1,0,0,0,0,0,0,0,0
host,ee,0,97099,1731,81322,7253,6756,1166,432,129,29,1,5,5,1,0,0,0,0,0,0,0,0,0,0,0,0,0
host,ee,1,97099,6961,73093,9489,10347,2762,985,309,69,14,11,6,11,1,2,0,0,0,0,0,0,0,0,0,0,0
host,ee,1,21,5936,0,0,0,0,0,0,0,1,5,6,7,1,1,0,0,0,0,0,0,0,0,0,0,0
host,vf,0,21176,13243,14994,1801,3151,781,280,116,34,10,5,0,2,0,1,1,0,0,0,0,0,0,0,0,0,0
host,vf,1,21176,13243,14987,1805,3153,782,280,115,35,10,5,0,2,0,1,1,0,0,0,0,0,0,0,0,0,0
host,vf,1,2,15369,0,0,0,0,0,0,0,0,0,0,0,0,1,1,0,0,0,0,0,0,0,0,0,0
host,ee,0,104966,1196,90196,6869,6450,1001,301,98,26,13,8,3,1,0,0,0,0,0,0,0,0,0,0,0,0,0
host,ee,1,104966,6315,81090,9395,10210,2827,1021,305,71,13,12,15,3,3,1,0,0,0,0,0,0,0,0,0,0,0
host,ee,1,23,3860,0,0,0,0,0,0,0,0,5,7,6,5,0,0,0,0,0,0,0,0,0,0,0,0
host,vf,0,23734,4293,17699,1841,3056,697,278,113,35,7,4,0,0,1,3,0,0,0,0,0,0,0,0,0,0,0
host,vf,1,23734,4293,17371,1888,3237,786,283,114,38,6,6,1,0,1,3,0,0,0,0,0,0,0,0,0,0,0
host,vf,1,5,4293,0,0,0,0,0,0,0,0,0,1,0,2,2,0,0,0,0,0,0,0,0,0,0,0
host,ee,0,109396,2541,94940,6761,6174,1025,355,96,24,8,7,3,2,1,0,0,0,0,0,0,0,0,0,0,0,0
host,ee,1,109396,3476,86353,9017,9831,2788,1008,299,57,8,14,10,4,7,0,0,0,0,0,0,0,0,0,0,0,0
host,ee,1,24,6515,0,0,0,0,0,0,0,1,6,9,6,1,1,0,0,0,0,0,0,0,0,0,0,0
host,vf,0,25209,43634,18967,1840,3213,744,282,112,33,12,3,1,1,0,0,0,0,1,0,0,0,0,0,0,0,0
host,vf,1,25209,43634,18964,1841,3215,744,282,112,33,12,3,1,1,0,0,0,0,1,0,0,0,0,0,0,0,0
host,vf,1,2,43634,0,0,0,0,0,0,0,0,0,0,1,0,0,0,0,1,0,0,0,0,0,0,0,0
host,ee,0,110978,3335,97193,6609,5681,1006,347,111,18,2,6,4,0,1,0,0,0,0,0,0,0,0,0,0,0,0
host,ee,1,110978,3292,88692,8807,9365,2755,978,282,63,9,8,10,5,4,0,0,0,0,0,0,0,0,0,0,0,0
host,ee,1,22,7855,0,0,0,0,0,0,0,0,6,4,9,2,1,0,0,0,0,0,0,0,0,0,0,0
host,ee,0,111093,956,99097,5800,4967,868,263,78,13,1,5,1,0,0,0,0,0,0,0,0,0,0,0,0,0,0
host,ee,1,111093,6010,88985,8570,9431,2791,948,270,57,9,11,9,5,6,1,0,0,0,0,0,0,0,0,0,0,0
host,ee,1,26,4276,0,0,0,0,0,0,0,0,10,6,7,2,1,0,0,0,0,0,0,0,0,0,0,0
host,vf,0,26231,1200,20395,1736,3014,697,247,94,31,12,2,2,1,0,0,0,0,0,0,0,0,0,0,0,0,0
host,vf,1,26231,3903,20146,1763,3166,752,259,96,32,10,2,3,1,1,0,0,0,0,0,0,0,0,0,0,0,0
host,vf,1,3,3903,0,0,0,0,0,0,0,0,0,1,1,1,0,0,0,0,0,0,0,0,0,0,0,0
host,ee,0,114729,3465,101244,6272,5740,1013,346,73,26,6,6,2,0,1,0,0,0,0,0,0,0,0,0,0,0,0
host,ee,1,114729,7270,92422,8565,9703,2735,951,254,59,9,10,8,6,5,2,0,0,0,0,0,0,0,0,0,0,0
host,ee,1,27,7311,0,0,0,0,0,0,0,2,7,7,5,5,1,0,0,0,0,0,0,0,0,0,0,0
host,vf,0,27571,1407,21963,1685,2891,636,262,97,28,6,2,0,1,0,0,0,0,0,0,0,0,0,0,0,0,0
host,vf,1,27571,5081,21366,1760,3288,739,271,105,31,3,2,2,1,2,1,0,0,0,0,0,0,0,0,0,0,0
host,vf,1,5,5081,0,0,0,0,0,0,0,0,0,1,0,2,2,0,0,0,0,0,0,0,0,0,0,0
host,ee,0,119791,809,106113,6223,6013,1015,299,90,19,8,8,3,0,0,0,0,0,0,0,0,0,0,0,0,0,0
host,ee,1,119791,2455,97609,8467,9709,2729,932,255,54,10,8,7,7,4,0,0,0,0,0,0,0,0,0,0,0,0
host,ee,1,21,2835,0,0,0,0,0,0,0,0,3,7,8,3,0,0,0,0,0,0,0,0,0,0,0,0
host,vf,0,29443,3532,23120,1839,3330,749,265,104,29,2,0,2,1,2,0,0,0,0,0,0,0,0,0,0,0,0
host,vf,1,29443,3532,23120,1839,3329,750,265,104,29,2,0,2,1,2,0,0,0,0,0,0,0,0,0,0,0,0
host,vf,1,3,3532,0,0,0,0,0,0,0,0,0,1,0,2,0,0,0,0,0,0,0,0,0,0,0,0
host,ee,0,134255,5551,120361,6175,6092,1193,305,96,25,1,3,3,0,0,1,0,0,0,0,0,0,0,0,0,0,0
host,ee,1,134255,5551,112294,8248,9593,2893,916,236,53,3,4,5,4,4,2,0,0,0,0,0,0,0,0,0,0,0
host,ee,1,16,4039,0,0,0,0,0,0,0,0,3,7,3,3,0,0,0,0,0,0,0,0,0,0,0,0
host,ee,0,146894,3693,129819,6964,7551,1864,535,122,27,4,0,1,4,3,0,0,0,0,0,0,0,0,0,0,0,0
host,ee,1,146894,5619,125773,7988,9108,2787,926,245,47,4,2,2,5,6,1,0,0,0,0,0,0,0,0,0,0,0
host,ee,1,15,4348,0,0,0,0,0,0,0,0,1,7,4,2,1,0,0,0,0,0,0,0,0,0,0,0
host,ee,0,163675,2263,148019,6258,7131,1726,414,94,23,1,2,1,3,3,0,0,0,0,0,0,0,0,0,0,0,0
host,ee,1,163675,2651,143350,7392,8951,2756,919,238,47,4,2,6,6,4,0,0,0,0,0,0,0,0,0,0,0,0
host,ee,1,17,4254,0,0,0,0,0,0,0,1,2,6,4,3,1,0,0,0,0,0,0,0,0,0,0,0
host,ee,0,191279,3702,177479,5575,6354,1482,299,65,16,1,3,2,2,1,0,0,0,0,0,0,0,0,0,0,0,0
host,ee,1,191279,7826,170462,7357,9150,3052,944,245,47,2,3,7,5,4,1,0,0,0,0,0,0,0,0,0,0,0
host,ee,1,18,4184,0,0,0,0,0,0,0,0,3,5,4,5,1,0,0,0,0,0,0,0,0,0,0,0
host,ee,0,224355,3035,207172,6575,7767,2199,498,109,25,1,3,2,2,2,0,0,0,0,0,0,0,0,0,0,0,0
host,ee,1,224355,3035,203349,7503,9151,3100,944,242,42,3,7,5,6,3,0,0,0,0,0,0,0,0,0,0,0,0
host,ee,1,18,1968,0,0,0,0,0,0,0,0,4,3,11,0,0,0,0,0,0,0,0,0,0,0,0,0
host,ee,0,256500,1937,241274,6044,6734,1830,483,103,24,1,0,4,3,0,0,0,0,0,0,0,0,0,0,0,0,0
host,ee,1,256500,5840,236644,7140,8510,2949,948,241,51,1,2,4,5,3,2,0,0,0,0,0,0,0,0,0,0,0
host,ee,1,15,3352,0,0,0,0,0,0,0,0,1,9,4,1,0,0,0,0,0,0,0,0,0,0,0,0
host,ee,0,294909,3143,280359,5812,6098,2009,494,107,22,0,1,3,2,2,0,0,0,0,0,0,0,0,0,0,0,0
host,ee,1,294909,4393,275838,6888,7854,3024,988,249,45,1,9,5,5,2,1,0,0,0,0,0,0,0,0,0,0,0
host,ee,1,19,3435,0,0,0,0,0,0,0,0,7,5,4,3,0,0,0,0,0,0,0,0,0,0,0,0
host,ee,0,336090,4319,323287,5132,5240,1863,450,89,20,2,2,1,1,2,1,0,0,0,0,0,0,0,0,0,0,0
host,ee,1,336090,4580,317802,6492,7434,3049,998,247,48,4,3,3,2,6,2,0,0,0,0,0,0,0,0,0,0,0
host,ee,1,16,10421,0,0,0,0,0,0,0,1,2,4,2,5,1,1,0,0,0,0,0,0,0,0,0,0
host,ee,0,375926,2830,362243,5283,5531,2089,627,119,22,2,3,2,4,1,0,0,0,0,0,0,0,0,0,0,0,0
host,ee,1,375926,3385,358343,6221,6993,3009,1042,249,47,3,4,4,8,3,0,0,0,0,0,0,0,0,0,0,0,0
host,ee,1,17,2588,0,0,0,0,0,0,0,0,3,6,7,1,0,0,0,0,0,0,0,0,0,0,0,0
host,ee,0,412907,2519,402403,4418,4150,1433,398,83,16,1,2,1,1,1,0,0,0,0,0,0,0,0,0,0,0,0
host,ee,1,412907,4237,396660,5824,6398,2732,979,245,48,3,3,4,5,5,1,0,0,0,0,0,0,0,0,0,0,0
host,ee,1,17,3603,0,0,0,0,0,0,0,0,4,7,2,4,0,0,0,0,0,0,0,0,0,0,0,0
host,ee,0,448963,5015,439244,4409,3682,1130,376,94,21,0,2,0,3,1,1,0,0,0,0,0,0,0,0,0,0,0
host,ee,1,448963,5015,434418,5614,5554,2203,870,232,51,2,3,2,7,6,1,0,0,0,0,0,0,0,0,0,0,0
host,ee,1,17,5695,0,0,0,0,0,0,0,0,4,3,8,1,1,0,0,0,0,0,0,0,0,0,0,0
host,ee,0,455642,4288,446085,3722,3907,1285,470,125,37,0,3,2,2,2,2,0,0,0,0,0,0,0,0,0,0,0
host,ee,1,455642,5188,442823,4434,5112,2084,885,230,50,4,4,2,4,7,3,0,0,0,0,0,0,0,0,0,0,0
host,ee,1,16,3019,0,0,0,0,0,0,0,0,3,3,7,3,0,0,0,0,0,0,0,0,0,0,0,0
host,ee,0,458216,4609,449956,3439,3214,1128,345,107,16,3,0,3,2,2,1,0,0,0,0,0,0,0,0,0,0,0
host,ee,1,458216,4609,445603,4478,4868,2112,838,246,50,3,2,4,5,5,2,0,0,0,0,0,0,0,0,0,0,0
host,ee,1,17,3569,0,0,0,0,0,0,0,1,0,4,5,7,0,0,0,0,0,0,0,0,0,0,0,0
host,ee,0,465510,4434,457774,3086,2727,1243,479,164,31,0,1,1,2,1,1,0,0,0,0,0,0,0,0,0,0,0
host,ee,1,465510,7221,451739,4620,5068,2521,1119,354,66,4,3,5,6,2,3,0,0,0,0,0,0,0,0,0,0,0
host,ee,1,19,3126,0,0,0,0,0,0,0,0,5,7,3,4,0,0,0,0,0,0,0,0,0,0,0,0
host,vf,0,164094,3712,158345,1223,3190,817,360,124,29,4,0,0,1,1,0,0,0,0,0,0,0,0,0,0,0,0
host,vf,1,164094,3712,158345,1223,3190,817,360,124,29,4,0,0,1,1,0,0,0,0,0,0,0,0,0,0,0,0
host,vf,1,2,3712,0,0,0,0,0,0,0,0,0,0,1,1,0,0,0,0,0,0,0,0,0,0,0,0
host,ee,0,467530,3449,459297,3694,2975,1062,359,110,23,2,0,3,1,4,0,0,0,0,0,0,0,0,0,0,0,0
host,ee,1,467530,3449,454434,4942,4790,2151,887,252,50,7,2,5,5,5,0,0,0,0,0,0,0,0,0,0,0,0
host,ee,1,15,3845,0,0,0,0,0,0,0,0,2,6,3,4,0,0,0,0,0,0,0,0,0,0,0,0
host,ee,0,450739,1704,444673,2441,2367,813,319,98,19,0,3,2,4,0,0,0,0,0,0,0,0,0,0,0,0,0
host,ee,1,450739,3829,440304,3479,3976,1846,814,243,54,2,4,4,6,7,0,0,0,0,0,0,0,0,0,0,0,0
host,ee,1,19,3458,0,0,0,0,0,0,0,0,3,7,7,2,0,0,0,0,0,0,0,0,0,0,0,0
host,vf,0,159960,706,155500,839,2743,553,209,81,30,3,1,1,0,0,0,0,0,0,0,0,0,0,0,0,0,0
host,vf,1,159960,706,155500,839,2743,553,209,81,30,3,1,1,0,0,0,0,0,0,0,0,0,0,0,0,0,0
host,vf,1,1,706,0,0,0,0,0,0,0,0,0,1,0,0,0,0,0,0,0,0,0,0,0,0,0,0
host,ee,0,441626,3910,435551,2449,2361,801,338,87,31,1,1,2,1,3,0,0,0,0,0,0,0,0,0,0,0,0
host,ee,1,441626,4349,431352,3342,3938,1865,803,247,54,2,5,8,4,4,2,0,0,0,0,0,0,0,0,0,0,0
host,ee,1,21,4605,0,0,0,0,0,0,0,0,3,6,8,3,1,0,0,0,0,0,0,0,0,0,0,0
host,ee,0,432740,3937,427464,1996,2092,804,260,98,17,2,2,2,1,2,0,0,0,0,0,0,0,0,0,0,0,0
host,ee,1,432740,6227,422648,3166,3922,1876,801,246,54,5,5,4,5,6,2,0,0,0,0,0,0,0,0,0,0,0
host,ee,1,20,3041,0,0,0,0,0,0,0,0,6,6,4,4,0,0,0,0,0,0,0,0,0,0,0,0
host,ee,0,411918,3832,406752,2137,1897,712,305,83,22,0,3,4,1,2,0,0,0,0,0,0,0,0,0,0,0,0
host,ee,1,411918,3832,401957,3235,3773,1827,798,248,51,3,9,7,4,6,0,0,0,0,0,0,0,0,0,0,0,0
host,ee,1,25,3314,0,0,0,0,0,0,0,0,7,7,8,3,0,0,0,0,0,0,0,0,0,0,0,0
host,ee,0,396240,3559,391967,1792,1596,568,228,63,17,2,0,5,1,1,0,0,0,0,0,0,0,0,0,0,0,0
host,ee,1,396240,3559,386476,3076,3737,1821,800,256,45,8,4,11,5,1,0,0,0,0,0,0,0,0,0,0,0,0
host,ee,1,20,5346,0,0,0,0,0,0,0,0,3,8,8,0,1,0,0,0,0,0,0,0,0,0,0,0
host,ee,0,388206,2971,384413,1560,1450,494,199,68,13,2,0,4,2,1,0,0,0,0,0,0,0,0,0,0,0,0
host,ee,1,388206,3271,378524,3008,3714,1826,805,261,43,7,3,7,6,2,0,0,0,0,0,0,0,0,0,0,0,0
host,ee,1,15,1576,0,0,0,0,0,0,0,0,3,5,7,0,0,0,0,0,0,0,0,0,0,0,0,0
host,ee,0,389858,2868,383320,2362,2630,979,389,140,27,1,1,1,6,2,0,0,0,0,0,0,0,0,0,0,0,0
host,ee,1,389858,6289,379910,3096,3872,1842,801,268,47,2,3,4,9,3,1,0,0,0,0,0,0,0,0,0,0,0
host,ee,1,19,6399,0,0,0,0,0,0,0,0,2,6,7,3,1,0,0,0,0,0,0,0,0,0,0,0
host,ee,0,480289,1847,473162,2961,2778,925,325,105,20,1,3,5,4,0,0,0,0,0,0,0,0,0,0,0,0,0
host,ee,1,480289,2545,468505,4108,4576,1954,801,272,45,5,5,6,9,3,0,0,0,0,0,0,0,0,0,0,0,0
host,ee,1,21,4837,0,0,0,0,0,0,0,0,6,6,7,1,1,0,0,0,0,0,0,0,0,0,0,0
host,ee,0,529958,2235,522686,3174,2790,866,293,115,21,5,1,3,3,1,0,0,0,0,0,0,0,0,0,0,0,0
host,ee,1,529958,5844,517391,4675,4822,1931,792,269,50,6,3,6,9,2,2,0,0,0,0,0,0,0,0,0,0,0
host,ee,1,21,4936,0,0,0,0,0,0,0,1,2,9,5,3,1,0,0,0,0,0,0,0,0,0,0,0
host,vf,0,199628,1914,193924,958,3461,934,226,92,25,6,0,1,1,0,0,0,0,0,0,0,0,0,0,0,0,0
host,vf,1,199628,1914,193900,962,3475,936,226,92,25,6,0,5,1,0,0,0,0,0,0,0,0,0,0,0,0,0
host,vf,1,6,1914,0,0,0,0,0,0,0,0,0,5,1,0,0,0,0,0,0,0,0,0,0,0,0,0
host,ee,0,533881,5283,526015,3429,3053,904,322,124,19,3,5,2,2,2,1,0,0,0,0,0,0,0,0,0,0,0
host,ee,1,533881,5558,521588,4533,4701,1900,789,288,47,6,14,2,8,2,3,0,0,0,0,0,0,0,0,0,0,0
host,ee,1,27,4588,0,0,0,0,0,0,0,1,10,4,9,2,1,0,0,0,0,0,0,0,0,0,0,0
host,vf,0,203660,710,203033,112,415,95,2,1,0,0,0,2,0,0,0,0,0,0,0,0,0,0,0,0,0,0
host,vf,1,203660,54453,198275,987,3014,1024,224,94,26,5,3,6,0,1,0,0,0,1,0,0,0,0,0,0,0,0
host,vf,1,10,16541,0,0,0,0,0,0,0,1,3,4,0,1,0,0,1,0,0,0,0,0,0,0,0,0
host,ee,0,484492,962,479531,1906,1970,684,289,85,18,2,3,4,0,0,0,0,0,0,0,0,0,0,0,0,0,0
host,ee,1,484492,3402,471892,4628,4846,1957,806,277,53,6,11,6,9,1,0,0,0,0,0,0,0,0,0,0,0,0
host,ee,1,24,2946,0,0,0,0,0,0,1,0,6,6,8,3,0,0,0,0,0,0,0,0,0,0,0,0
host,vf,0,184459,2177,184079,71,244,61,2,1,0,0,0,0,0,1,0,0,0,0,0,0,0,0,0,0,0,0
host,vf,1,184459,8249,179215,1008,2825,1046,234,92,25,6,2,3,0,2,0,1,0,0,0,0,0,0,0,0,0,0
host,vf,1,7,6595,0,0,0,0,0,0,0,0,1,3,0,2,1,0,0,0,0,0,0,0,0,0,0,0
host,ee,0,354172,1229,348314,2826,2174,542,217,70,20,2,2,3,2,0,0,0,0,0,0,0,0,0,0,0,0,0
host,ee,1,354172,2631,341458,4653,4889,1986,819,285,53,9,4,7,4,5,0,0,0,0,0,0,0,0,0,0,0,0
host,ee,1,19,4235,0,0,0,0,0,0,0,0,2,4,4,8,1,0,0,0,0,0,0,0,0,0,0,0
host,vf,0,131472,5019,130306,210,690,251,12,0,1,0,0,0,0,0,2,0,0,0,0,0,0,0,0,0,0,0
host,vf,1,131472,32177,126458,978,2506,1144,249,96,29,7,1,0,0,0,3,0,1,0,0,0,0,0,0,0,0,0
host,vf,1,6,24753,0,0,0,0,0,0,0,0,2,0,0,2,0,1,1,0,0,0,0,0,0,0,0,0
host,ee,0,247648,489,242556,2011,2006,693,268,88,19,1,6,0,0,0,0,0,0,0,0,0,0,0,0,0,0,0
host,ee,1,247648,6702,234709,4588,5095,2087,807,283,46,6,12,5,7,0,3,0,0,0,0,0,0,0,0,0,0,0
host,ee,1,25,3588,0,0,0,0,0,0,0,0,7,10,3,5,0,0,0,0,0,0,0,0,0,0,0,0
host,vf,0,88447,3902,87418,187,585,244,11,0,0,0,0,1,0,1,0,0,0,0,0,0,0,0,0,0,0,0
host,vf,1,88447,3902,83695,989,2273,1110,248,91,31,6,0,2,0,2,0,0,0,0,0,0,0,0,0,0,0,0
host,vf,1,4,3869,0,0,0,0,0,0,0,0,0,1,0,3,0,0,0,0,0,0,0,0,0,0,0,0
host,ee,0,190616,2987,183087,3092,2921,1018,348,121,20,2,2,2,2,1,0,0,0,0,0,0,0,0,0,0,0,0
host,ee,1,190616,4165,176797,5094,5291,2233,845,279,48,5,12,5,5,1,1,0,0,0,0,0,0,0,0,0,0,0
host,ee,1,22,2393,0,0,0,0,0,0,0,0,8,9,4,1,0,0,0,0,0,0,0,0,0,0,0,0
host,vf,0,65907,673,65634,79,142,49,2,0,0,0,0,1,0,0,0,0,0,0,0,0,0,0,0,0,0,0
host,vf,1,65907,1449,61112,1085,2278,1035,267,92,26,8,1,2,1,0,0,0,0,0,0,0,0,0,0,0,0,0
host,vf,1,4,2640,0,0,0,0,0,0,0,0,3,0,0,1,0,0,0,0,0,0,0,0,0,0,0,0
host,ee,0,120599,2767,112544,3707,3055,883,301,84,16,2,2,3,1,1,0,0,0,0,0,0,0,0,0,0,0,0
host,ee,1,120599,3017,107597,4790,4937,2109,811,277,51,6,6,6,1,8,0,0,0,0,0,0,0,0,0,0,0,0
host,ee,1,18,2815,0,0,0,0,0,0,0,0,4,2,5,7,0,0,0,0,0,0,0,0,0,0,0,0
host,vf,0,39309,271,38702,145,309,146,5,1,0,0,1,0,0,0,0,0,0,0,0,0,0,0,0,0,0,0
host,vf,1,39309,6450,35102,944,1923,974,237,91,26,8,3,0,0,0,1,0,0,0,0,0,0,0,0,0,0,0
host,vf,1,4,6851,0,0,0,0,0,0,0,1,2,0,0,0,1,0,0,0,0,0,0,0,0,0,0,0
host,ee,0,82060,2783,73419,3456,3309,1240,439,153,32,3,1,1,4,3,0,0,0,0,0,0,0,0,0,0,0,0
host,ee,1,82060,3224,70351,4188,4419,1943,796,279,61,5,3,4,6,5,0,0,0,0,0,0,0,0,0,0,0,0
host,ee,1,17,3213,0,0,0,0,0,0,0,0,4,4,7,2,0,0,0,0,0,0,0,0,0,0,0,0
host,vf,0,25307,3876,22065,701,1481,714,227,85,25,6,0,0,2,1,0,0,0,0,0,0,0,0,0,0,0,0
host,vf,1,25307,3876,21982,707,1517,738,236,92,26,6,0,0,2,1,0,0,0,0,0,0,0,0,0,0,0,0
host,vf,1,3,3877,0,0,0,0,0,0,0,0,0,0,2,1,0,0,0,0,0,0,0,0,0,0,0,0
host,ee,0,64294,978,58882,2215,2107,687,277,91,27,2,1,5,0,0,0,0,0,0,0,0,0,0,0,0,0,0
host,ee,1,64294,2695,53339,3684,4208,1911,787,284,54,6,4,10,5,2,0,0,0,0,0,0,0,0,0,0,0,0
host,ee,1,20,3091,0,0,0,0,0,0,0,0,2,10,5,3,0,0,0,0,0,0,0,0,0,0,0,0
host,vf,0,18817,387,18575,47,154,39,1,0,0,0,1,0,0,0,0,0,0,0,0,0,0,0,0,0,0,0
host,vf,1,18817,387,15955,607,1272,631,225,92,26,7,2,0,0,0,0,0,0,0,0,0,0,0,0,0,0,0
host,vf,1,1,383,0,0,0,0,0,0,0,0,1,0,0,0,0,0,0,0,0,0,0,0,0,0,0,0
host,ee,0,53186,3167,47264,2496,2256,780,262,100,17,2,3,2,1,3,0,0,0,0,0,0,0,0,0,0,0,0
host,ee,1,53186,4649,42355,3633,4114,1932,790,278,55,8,5,7,5,3,1,0,0,0,0,0,0,0,0,0,0,0
host,ee,1,23,4611,0,0,0,0,0,0,1,1,6,6,6,2,1,0,0,0,0,0,0,0,0,0,0,0
host,vf,0,14615,1313,12532,489,981,439,122,36,11,3,1,0,1,0,0,0,0,0,0,0,0,0,0,0,0,0
host,vf,1,14615,1313,11868,575,1212,615,219,90,26,6,3,0,1,0,0,0,0,0,0,0,0,0,0,0,0,0
host,vf,1,1,1297,0,0,0,0,0,0,0,0,0,0,1,0,0,0,0,0,0,0,0,0,0,0,0,0
host,ee,0,39608,1263,35131,2017,1497,644,222,77,13,2,1,3,1,0,0,0,0,0,0,0,0,0,0,0,0,0
host,ee,1,39608,4579,28757,3649,4117,1933,790,273,55,6,11,8,6,2,1,0,0,0,0,0,0,0,0,0,0,0
host,ee,1,25,3262,0,0,0,0,0,0,0,0,12,5,5,3,0,0,0,0,0,0,0,0,0,0,0,0
host,vf,0,9462,4559,7586,424,877,383,130,45,12,2,2,0,0,0,1,0,0,0,0,0,0,0,0,0,0,0
host,vf,1,9462,4559,6902,560,1130,525,219,90,27,6,2,0,0,0,1,0,0,0,0,0,0,0,0,0,0,0
host,vf,1,2,4554,0,0,0,0,0,0,0,0,1,0,0,0,1,0,0,0,0,0,0,0,0,0,0,0
host,ee,0,29285,2985,22528,2678,2654,898,358,120,37,2,2,1,6,1,0,0,0,0,0,0,0,0,0,0,0,0
host,ee,1,29285,3531,18644,3527,4046,1909,796,281,56,8,2,2,9,5,0,0,0,0,0,0,0,0,0,0,0,0
host,ee,1,18,3645,0,0,0,0,0,0,0,1,2,1,11,3,0,0,0,0,0,0,0,0,0,0,0,0
host,vf,0,6196,2732,3955,509,905,487,216,89,26,7,0,1,0,1,0,0,0,0,0,0,0,0,0,0,0,0
host,vf,1,6196,2732,3955,509,905,487,216,89,26,7,0,1,0,1,0,0,0,0,0,0,0,0,0,0,0,0
host,vf,1,1,2732,0,0,0,0,0,0,0,0,0,0,0,1,0,0,0,0,0,0,0,0,0,0,0,0
host,ee,0,25893,2575,20288,2285,2125,739,314,106,24,5,3,2,0,2,0,0,0,0,0,0,0,0,0,0,0,0
host,ee,1,25893,3535,15238,3438,4048,1986,796,304,56,9,5,4,4,5,0,0,0,0,0,0,0,0,0,0,0,0
host,ee,1,16,3889,0,0,0,0,0,0,0,0,2,6,6,2,0,0,0,0,0,0,0,0,0,0,0,0
host,ee,0,21989,5411,14155,2678,3002,1387,532,184,36,7,1,1,3,1,2,0,0,0,0,0,0,0,0,0,0,0
host,ee,1,21989,4496,11498,3334,3986,1972,823,293,56,7,6,4,4,5,1,0,0,0,0,0,0,0,0,0,0,0
host,ee,1,19,2579,0,0,0,0,0,0,0,0,7,6,5,1,0,0,0,0,0,0,0,0,0,0,0,0
host,ee,0,20512,2295,15083,2088,1949,906,353,96,29,2,1,1,2,2,0,0,0,0,0,0,0,0,0,0,0,0
host,ee,1,20512,2295,10075,3342,3934,1965,824,289,59,6,3,3,9,3,0,0,0,0,0,0,0,0,0,0,0,0
host,ee,1,17,3329,0,0,0,0,0,0,0,0,2,2,11,2,0,0,0,0,0,0,0,0,0,0,0,0
host,ee,0,21136,2529,16742,1833,1553,607,273,95,23,2,2,2,2,2,0,0,0,0,0,0,0,0,0,0,0,0
host,ee,1,21136,4647,10617,3375,3970,1977,834,276,62,5,4,5,5,4,2,0,0,0,0,0,0,0,0,0,0,0
host,ee,1,19,3272,0,0,0,0,0,0,0,0,2,6,8,3,0,0,0,0,0,0,0,0,0,0,0,0
host,ee,0,21271,4361,15556,2114,2102,958,380,122,30,2,1,1,3,1,1,0,0,0,0,0,0,0,0,0,0,0
host,ee,1,21271,5815,10825,3304,3968,1979,843,268,61,5,3,2,5,4,4,0,0,0,0,0,0,0,0,0,0,0
host,ee,1,16,3820,0,0,0,0,0,0,0,0,2,6,5,3,0,0,0,0,0,0,0,0,0,0,0,0
host,ee,0,18616,4211,12442,2374,2399,908,349,107,28,2,1,1,2,2,1,0,0,0,0,0,0,0,0,0,0,0
host,ee,1,18616,4211,8176,3329,3931,1986,847,263,59,7,4,2,6,5,1,0,0,0,0,0,0,0,0,0,0,0
host,ee,1,17,2958,0,0,0,0,0,0,0,0,4,5,3,5,0,0,0,0,0,0,0,0,0,0,0,0
host,vf,0,3809,1797,1721,450,804,500,220,79,28,5,1,0,1,0,0,0,0,0,0,0,0,0,0,0,0,0
host,vf,1,3809,1797,1721,450,804,500,220,79,28,5,1,0,1,0,0,0,0,0,0,0,0,0,0,0,0,0
host,vf,1,1,1799,0,0,0,0,0,0,0,0,0,0,1,0,0,0,0,0,0,0,0,0,0,0,0,0
host,ee,0,17309,3261,11868,2226,2081,710,286,105,22,2,1,5,0,3,0,0,0,0,0,0,0,0,0,0,0,0
host,ee,1,17309,3594,6874,3314,3935,1992,850,261,56,5,5,9,2,6,0,0,0,0,0,0,0,0,0,0,0,0
host,ee,1,20,2829,0,0,0,0,0,0,0,0,5,5,8,2,0,0,0,0,0,0,0,0,0,0,0,0
host,vf,0,3474,2764,1415,451,768,502,224,79,28,5,0,1,0,1,0,0,0,0,0,0,0,0,0,0,0,0
host,vf,1,3474,2764,1415,451,768,502,224,79,28,5,0,1,0,1,0,0,0,0,0,0,0,0,0,0,0,0
host,vf,1,1,2764,0,0,0,0,0,0,0,0,0,0,0,1,0,0,0,0,0,0,0,0,0,0,0,0
host,ee,0,16400,2299,11640,1977,1793,644,248,72,16,5,0,2,1,2,0,0,0,0,0,0,0,0,0,0,0,0
host,ee,1,16400,3183,5912,3348,3951,2001,848,257,60,6,3,6,4,4,0,0,0,0,0,0,0,0,0,0,0,0
host,ee,1,16,2815,0,0,0,0,0,0,0,0,0,6,8,2,0,0,0,0,0,0,0,0,0,0,0,0
host,ee,0,15836,6581,12050,1485,1422,603,204,50,15,2,0,3,1,0,1,0,0,0,0,0,0,0,0,0,0,0
host,ee,1,15836,6618,5367,3337,3936,2007,844,260,62,5,4,8,2,2,2,0,0,0,0,0,0,0,0,0,0,0
host,ee,1,17,6613,0,0,0,0,0,0,0,0,3,6,5,1,2,0,0,0,0,0,0,0,0,0,0,0
host,ee,0,15698,2775,11151,1883,1667,584,288,91,23,0,2,5,3,1,0,0,0,0,0,0,0,0,0,0,0,0
host,ee,1,15698,2998,5256,3303,3927,2019,848,261,61,4,2,8,7,2,0,0,0,0,0,0,0,0,0,0,0,0
host,ee,1,19,2127,0,0,0,0,0,0,0,0,2,8,7,2,0,0,0,0,0,0,0,0,0,0,0,0
host,ee,0,15414,5960,9195,2438,2359,910,376,101,24,3,0,2,3,2,1,0,0,0,0,0,0,0,0,0,0,0
host,ee,1,15414,5960,4964,3325,3918,2011,861,255,59,4,2,5,4,5,1,0,0,0,0,0,0,0,0,0,0,0
host,ee,1,17,4391,0,0,0,0,0,0,0,0,2,5,5,4,1,0,0,0,0,0,0,0,0,0,0,0
host,vf,0,2983,429,946,444,749,504,224,81,25,9,1,0,0,0,0,0,0,0,0,0,0,0,0,0,0,0
host,vf,1,2983,429,946,444,749,504,224,81,25,9,1,0,0,0,0,0,0,0,0,0,0,0,0,0,0,0
host,vf,1,1,429,0,0,0,0,0,0,0,0,1,0,0,0,0,0,0,0,0,0,0,0,0,0,0,0
host,ee,0,15203,3705,9649,2219,2108,766,336,89,30,0,0,2,2,2,0,0,0,0,0,0,0,0,0,0,0,0
host,ee,1,15203,3705,4751,3327,3915,2013,864,255,59,3,2,3,8,3,0,0,0,0,0,0,0,0,0,0,0,0
host,ee,1,16,3854,0,0,0,0,0,0,0,0,4,4,4,4,0,0,0,0,0,0,0,0,0,0,0,0
host,vf,0,2887,309,1742,339,395,254,106,35,9,6,1,0,0,0,0,0,0,0,0,0,0,0,0,0,0,0
host,vf,1,2887,309,873,440,731,503,227,77,26,9,1,0,0,0,0,0,0,0,0,0,0,0,0,0,0,0
host,vf,1,1,313,0,0,0,0,0,0,0,0,1,0,0,0,0,0,0,0,0,0,0,0,0,0,0,0
host,ee,0,15275,2041,8431,2570,2651,1001,456,126,33,1,0,1,5,0,0,0,0,0,0,0,0,0,0,0,0,0
host,ee,1,15275,6486,4857,3300,3907,2015,864,254,59,4,3,2,8,1,1,0,0,0,0,0,0,0,0,0,0,0
host,ee,1,14,3736,0,0,0,0,0,0,0,0,1,4,6,3,0,0,0,0,0,0,0,0,0,0,0,0
host,ee,0,15403,4959,10032,2184,2052,744,292,73,20,0,0,1,1,3,1,0,0,0,0,0,0,0,0,0,0,0
host,ee,1,15403,5991,4927,3345,3914,2024,864,254,54,5,1,3,1,7,4,0,0,0,0,0,0,0,0,0,0,0
host,ee,1,14,5444,0,0,0,0,0,0,0,0,2,7,2,2,1,0,0,0,0,0,0,0,0,0,0,0
host,ee,0,15333,3970,11467,1564,1482,528,209,63,14,1,0,2,1,2,0,0,0,0,0,0,0,0,0,0,0,0
host,ee,1,15333,6068,4846,3355,3914,2021,864,259,53,6,2,3,3,6,1,0,0,0,0,0,0,0,0,0,0,0
host,ee,1,14,4604,0,0,0,0,0,0,0,0,2,6,3,2,1,0,0,0,0,0,0,0,0,0,0,0
host,vf,0,2985,835,964,438,739,505,223,80,25,10,0,1,0,0,0,0,0,0,0,0,0,0,0,0,0,0
host,vf,1,2985,835,964,438,739,505,223,80,25,10,0,1,0,0,0,0,0,0,0,0,0,0,0,0,0,0
host,vf,1,1,835,0,0,0,0,0,0,0,0,0,1,0,0,0,0,0,0,0,0,0,0,0,0,0,0
host,ee,0,14962,2183,10867,1734,1505,499,243,87,20,1,0,3,2,1,0,0,0,0,0,0,0,0,0,0,0,0
host,ee,1,14962,4986,4521,3343,3879,2025,860,256,56,7,0,7,4,2,2,0,0,0,0,0,0,0,0,0,0,0
host,ee,1,14,2963,0,0,0,0,0,0,0,0,1,3,7,3,0,0,0,0,0,0,0,0,0,0,0,0
host,ee,0,14645,2318,9814,1987,1791,684,278,67,18,0,0,2,3,1,0,0,0,0,0,0,0,0,0,0,0,0
host,ee,1,14645,4112,4220,3363,3842,2027,862,254,51,6,3,4,8,4,1,0,0,0,0,0,0,0,0,0,0,0
host,ee,1,19,3241,0,0,0,0,0,0,0,0,4,4,9,2,0,0,0,0,0,0,0,0,0,0,0,0
host,ee,0,14178,1345,8708,2316,2003,713,314,95,19,2,1,6,1,0,0,0,0,0,0,0,0,0,0,0,0,0
host,ee,1,14178,7449,3708,3406,3845,2023,867,254,51,6,4,9,2,2,1,0,0,0,0,0,0,0,0,0,0,0
host,ee,1,15,8036,0,0,0,0,0,0,0,0,2,3,7,2,1,0,0,0,0,0,0,0,0,0,0,0
host,ee,0,13711,8805,9387,1743,1604,594,280,78,16,1,3,1,3,0,0,1,0,0,0,0,0,0,0,0,0,0
host,ee,1,13711,8805,3236,3403,3860,2016,871,249,51,8,4,4,6,2,0,1,0,0,0,0,0,0,0,0,0,0
host,ee,1,16,4266,0,0,0,0,0,0,0,0,2,4,7,1,2,0,0,0,0,0,0,0,0,0,0,0
host,ee,0,13619,7105,9096,1792,1683,678,275,66,21,2,0,2,3,0,1,0,0,0,0,0,0,0,0,0,0,0
host,ee,1,13619,7105,3167,3380,3855,2023,868,249,53,6,3,4,5,4,2,0,0,0,0,0,0,0,0,0,0,0
host,ee,1,18,3678,0,0,0,0,0,0,0,0,3,5,7,3,0,0,0,0,0,0,0,0,0,0,0,0
host,vf,0,2797,2353,808,429,719,493,231,76,31,7,2,0,0,1,0,0,0,0,0,0,0,0,0,0,0,0
host,vf,1,2797,2353,808,429,719,493,231,75,32,6,3,0,0,1,0,0,0,0,0,0,0,0,0,0,0,0
host,vf,1,1,2353,0,0,0,0,0,0,0,0,0,0,0,1,0,0,0,0,0,0,0,0,0,0,0,0
host,ee,0,13543,3659,7921,2176,2153,827,345,91,20,3,1,2,3,1,0,0,0,0,0,0,0,0,0,0,0,0
host,ee,1,13543,5313,3078,3400,3840,2025,870,255,52,7,2,4,7,2,1,0,0,0,0,0,0,0,0,0,0,0
host,ee,1,14,3678,0,0,0,0,0,0,0,0,0,4,7,3,0,0,0,0,0,0,0,0,0,0,0,0
host,vf,0,2795,538,803,432,721,491,229,79,31,3,5,1,0,0,0,0,0,0,0,0,0,0,0,0,0,0
host,vf,1,2795,560,803,432,721,491,229,79,31,3,5,1,0,0,0,0,0,0,0,0,0,0,0,0,0,0
host,vf,1,2,576,0,0,0,0,0,0,0,0,1,1,0,0,0,0,0,0,0,0,0,0,0,0,0,0
host,ee,0,13479,3575,8843,1809,1776,687,280,62,15,1,1,1,3,1,0,0,0,0,0,0,0,0,0,0,0,0
host,ee,1,13479,10452,3045,3394,3819,2014,878,251,54,7,3,5,7,1,0,1,0,0,0,0,0,0,0,0,0,0
host,ee,1,15,3665,0,0,0,0,0,0,0,0,2,5,6,2,0,0,0,0,0,0,0,0,0,0,0,0
host,vf,0,2779,3069,796,428,718,490,227,78,34,4,1,1,1,1,0,0,0,0,0,0,0,0,0,0,0,0
host,vf,1,2779,3069,796,428,718,490,227,78,34,4,1,1,1,1,0,0,0,0,0,0,0,0,0,0,0,0
host,vf,1,2,3069,0,0,0,0,0,0,0,0,0,0,1,1,0,0,0,0,0,0,0,0,0,0,0,0
host,ee,0,13503,2588,9136,1717,1651,648,241,80,22,2,1,1,2,2,0,0,0,0,0,0,0,0,0,0,0,0
host,ee,1,13503,3624,3057,3391,3824,2027,877,248,56,7,1,3,6,6,0,0,0,0,0,0,0,0,0,0,0,0
host,ee,1,16,3516,0,0,0,0,0,0,0,0,2,3,6,5,0,0,0,0,0,0,0,0,0,0,0,0
host,vf,0,2784,1885,800,430,718,489,228,80,30,5,1,0,3,0,0,0,0,0,0,0,0,0,0,0,0,0
host,vf,1,2784,1885,798,431,718,490,228,80,29,6,0,1,3,0,0,0,0,0,0,0,0,0,0,0,0,0
host,vf,1,3,1885,0,0,0,0,0,0,0,0,0,0,3,0,0,0,0,0,0,0,0,0,0,0,0,0
host,ee,0,13476,4253,8118,2130,2011,753,325,108,24,1,0,2,3,0,1,0,0,0,0,0,0,0,0,0,0,0
host,ee,1,13476,4253,3022,3388,3834,2031,872,255,50,6,4,4,6,3,1,0,0,0,0,0,0,0,0,0,0,0
host,ee,1,16,2390,0,0,0,0,0,0,0,0,5,2,6,3,0,0,0,0,0,0,0,0,0,0,0,0
host,ee,0,13532,4037,10578,1198,1079,432,170,54,14,2,0,1,1,3,0,0,0,0,0,0,0,0,0,0,0,0
host,ee,1,13532,4037,3059,3404,3839,2032,873,254,49,6,2,2,4,8,0,0,0,0,0,0,0,0,0,0,0,0
host,ee,1,15,4054,0,0,0,0,0,0,0,0,2,4,2,7,0,0,0,0,0,0,0,0,0,0,0,0
host,ee,0,13535,3765,8411,2006,1924,778,298,92,20,1,0,2,1,2,0,0,0,0,0,0,0,0,0,0,0,0
host,ee,1,13535,3804,3061,3402,3836,2038,872,255,51,5,0,4,3,8,0,0,0,0,0,0,0,0,0,0,0,0
host,ee,1,15,3743,0,0,0,0,0,0,0,1,0,6,5,3,0,0,0,0,0,0,0,0,0,0,0,0
host,ee,0,13482,2333,7672,2327,2151,805,366,130,24,1,0,1,3,2,0,0,0,0,0,0,0,0,0,0,0,0
host,ee,1,13482,3929,3008,3389,3836,2051,867,259,52,4,0,6,4,6,0,0,0,0,0,0,0,0,0,0,0,0
host,ee,1,16,4484,0,0,0,0,0,0,0,2,0,6,6,1,1,0,0,0,0,0,0,0,0,0,0,0
host,ee,0,13435,5800,4714,2938,3188,1668,681,186,49,3,1,0,2,2,3,0,0,0,0,0,0,0,0,0,0,0
host,ee,1,13435,6414,2965,3377,3847,2045,870,256,55,4,1,1,3,6,5,0,0,0,0,0,0,0,0,0,0,0
host,ee,1,16,6414,0,0,0,0,0,0,0,0,1,4,7,2,2,0,0,0,0,0,0,0,0,0,0,0
host,ee,0,13409,3674,7925,2214,2033,810,320,77,19,5,0,2,0,4,0,0,0,0,0,0,0,0,0,0,0,0
host,ee,1,13409,3674,2916,3394,3846,2055,865,256,56,7,0,4,6,4,0,0,0,0,0,0,0,0,0,0,0,0
host,ee,1,15,3036,0,0,0,0,0,0,0,1,2,6,4,2,0,0,0,0,0,0,0,0,0,0,0,0
host,ee,0,13383,4715,8300,2047,1882,748,306,70,21,3,0,2,2,1,1,0,0,0,0,0,0,0,0,0,0,0
host,ee,1,13383,4715,2900,3376,3854,2056,865,256,56,5,2,4,6,2,1,0,0,0,0,0,0,0,0,0,0,0
host,ee,1,15,4796,0,0,0,0,0,0,0,0,2,5,5,2,1,0,0,0,0,0,0,0,0,0,0,0
host,ee,0,13357,5513,10983,977,867,354,119,41,8,1,3,1,2,0,1,0,0,0,0,0,0,0,0,0,0,0
host,ee,1,13357,5513,2883,3374,3846,2052,866,260,55,4,5,1,7,3,1,0,0,0,0,0,0,0,0,0,0,0
host,ee,1,16,2201,0,0,0,0,0,0,0,0,3,5,7,1,0,0,0,0,0,0,0,0,0,0,0,0
host,vf,0,2769,1846,788,428,718,478,235,81,31,8,0,0,2,0,0,0,0,0,0,0,0,0,0,0,0,0
host,vf,1,2769,1846,788,428,718,478,234,82,31,8,0,0,2,0,0,0,0,0,0,0,0,0,0,0,0,0
host,vf,1,2,1846,0,0,0,0,0,0,0,0,0,0,2,0,0,0,0,0,0,0,0,0,0,0,0,0
host,ee,0,13412,4492,7668,2289,2126,860,357,83,19,2,1,2,2,2,1,0,0,0,0,0,0,0,0,0,0,0
host,ee,1,13412,4492,2910,3379,3856,2061,870,261,53,4,1,8,6,2,1,0,0,0,0,0,0,0,0,0,0,0
host,ee,1,17,4829,0,0,0,0,0,0,0,0,1,7,7,1,1,0,0,0,0,0,0,0,0,0,0,0
host,vf,0,2774,962,790,429,716,481,235,83,30,9,0,1,0,0,0,0,0,0,0,0,0,0,0,0,0,0
host,vf,1,2774,962,789,429,716,482,235,83,29,10,0,1,0,0,0,0,0,0,0,0,0,0,0,0,0,0
host,vf,1,1,962,0,0,0,0,0,0,0,0,0,1,0,0,0,0,0,0,0,0,0,0,0,0,0,0
host,ee,0,13402,5357,10019,1378,1255,493,194,47,7,2,1,1,3,1,1,0,0,0,0,0,0,0,0,0,0,0
host,ee,1,13402,5357,2888,3378,3863,2070,874,251,57,5,3,1,6,3,3,0,0,0,0,0,0,0,0,0,0,0
host,ee,1,14,4835,0,0,0,0,0,0,0,0,1,3,6,3,1,0,0,0,0,0,0,0,0,0,0,0
host,ee,0,13410,3662,5705,2753,2826,1374,551,149,43,3,0,0,3,3,0,0,0,0,0,0,0,0,0,0,0,0
host,ee,1,13410,8751,2870,3386,3869,2080,880,249,56,5,1,0,7,6,0,1,0,0,0,0,0,0,0,0,0,0
host,ee,1,14,5016,0,0,0,0,0,0,0,0,0,4,7,2,1,0,0,0,0,0,0,0,0,0,0,0
host,ee,0,13389,3326,9458,1542,1439,632,230,61,18,3,1,1,1,3,0,0,0,0,0,0,0,0,0,0,0,0
host,ee,1,13389,5069,2860,3380,3863,2082,884,244,52,7,2,5,4,5,1,0,0,0,0,0,0,0,0,0,0,0
host,ee,1,16,3753,0,0,0,0,0,0,0,0,2,7,5,2,0,0,0,0,0,0,0,0,0,0,0,0
host,ee,0,13371,4450,8491,1918,1849,737,288,62,16,3,1,2,2,1,1,0,0,0,0,0,0,0,0,0,0,0
host,ee,1,13371,4450,2845,3374,3859,2094,881,241,53,7,2,4,6,4,1,0,0,0,0,0,0,0,0,0,0,0
host,ee,1,17,6275,0,0,0,0,0,0,0,1,1,5,4,5,1,0,0,0,0,0,0,0,0,0,0,0
host,vf,0,2771,2962,780,429,716,486,233,84,34,8,0,0,0,1,0,0,0,0,0,0,0,0,0,0,0,0
host,vf,1,2771,2962,780,429,716,486,233,84,34,8,0,0,0,1,0,0,0,0,0,0,0,0,0,0,0,0
host,vf,1,1,2962,0,0,0,0,0,0,0,0,0,0,0,1,0,0,0,0,0,0,0,0,0,0,0,0
host,ee,0,13368,2613,8709,1873,1723,698,280,59,17,2,0,2,3,2,0,0,0,0,0,0,0,0,0,0,0,0
host,ee,1,13368,2613,2838,3382,3857,2100,878,236,55,6,1,7,6,2,0,0,0,0,0,0,0,0,0,0,0,0
host,ee,1,15,8734,0,0,0,0,0,0,0,0,2,5,5,1,1,1,0,0,0,0,0,0,0,0,0,0
host,vf,0,2770,1053,777,431,716,486,232,86,33,8,0,0,1,0,0,0,0,0,0,0,0,0,0,0,0,0
host,vf,1,2770,1053,777,431,716,486,232,86,33,8,0,0,1,0,0,0,0,0,0,0,0,0,0,0,0,0
host,vf,1,1,1053,0,0,0,0,0,0,0,0,0,0,1,0,0,0,0,0,0,0,0,0,0,0,0,0
host,ee,0,13408,2483,7370,2439,2223,884,378,84,19,5,0,0,4,2,0,0,0,0,0,0,0,0,0,0,0,0
host,ee,1,13408,2797,2867,3391,3858,2091,880,244,55,8,0,3,8,3,0,0,0,0,0,0,0,0,0,0,0,0
host,ee,1,13,3490,0,0,0,0,0,0,0,0,0,4,4,5,0,0,0,0,0,0,0,0,0,0,0,0
host,ee,0,13413,2632,9150,1746,1577,574,279,63,16,0,1,5,0,2,0,0,0,0,0,0,0,0,0,0,0,0
host,ee,1,13413,3655,2864,3384,3872,2087,883,245,57,4,3,5,3,6,0,0,0,0,0,0,0,0,0,0,0,0
host,ee,1,17,4181,0,0,0,0,0,0,0,0,3,6,4,3,1,0,0,0,0,0,0,0,0,0,0,0
host,ee,0,13371,4182,8624,1882,1816,682,271,65,22,2,0,2,3,1,1,0,0,0,0,0,0,0,0,0,0,0
host,ee,1,13371,4347,2831,3371,3875,2091,884,241,59,4,0,3,7,3,2,0,0,0,0,0,0,0,0,0,0,0
host,ee,1,14,3450,0,0,0,0,0,0,0,0,1,5,6,2,0,0,0,0,0,0,0,0,0,0,0,0
host,vf,0,2769,1061,774,427,723,487,229,87,33,8,0,0,1,0,0,0,0,0,0,0,0,0,0,0,0,0
host,vf,1,2769,1061,774,427,723,487,229,87,33,8,0,0,1,0,0,0,0,0,0,0,0,0,0,0,0,0
host,vf,1,1,1061,0,0,0,0,0,0,0,0,0,0,1,0,0,0,0,0,0,0,0,0,0,0,0,0
host,ee,0,13367,4942,10134,1309,1195,463,193,54,13,1,0,1,3,0,1,0,0,0,0,0,0,0,0,0,0,0
host,ee,1,13367,5377,2806,3370,3881,2105,884,244,58,3,2,3,4,4,3,0,0,0,0,0,0,0,0,0,0,0
host,ee,1,16,4988,0,0,0,0,0,0,0,0,4,4,5,2,1,0,0,0,0,0,0,0,0,0,0,0
host,ee,0,13362,5390,7527,2247,2175,933,354,92,26,2,0,2,2,1,1,0,0,0,0,0,0,0,0,0,0,0
host,ee,1,13362,5390,2803,3359,3881,2122,877,241,60,4,0,4,5,4,2,0,0,0,0,0,0,0,0,0,0,0
host,ee,1,15,3551,0,0,0,0,0,0,0,0,0,2,6,7,0,0,0,0,0,0,0,0,0,0,0,0
host,ee,0,13351,1643,7425,2322,2203,944,336,91,20,3,1,2,4,0,0,0,0,0,0,0,0,0,0,0,0,0
host,ee,1,13351,5161,2789,3370,3871,2127,874,241,60,4,2,2,6,4,1,0,0,0,0,0,0,0,0,0,0,0
host,ee,1,14,5162,0,0,0,0,0,0,0,0,1,5,4,2,2,0,0,0,0,0,0,0,0,0,0,0
host,vf,0,2771,1737,771,427,719,492,229,89,34,9,0,0,1,0,0,0,0,0,0,0,0,0,0,0,0,0
host,vf,1,2771,1737,771,427,719,492,229,89,34,9,0,0,1,0,0,0,0,0,0,0,0,0,0,0,0,0
host,vf,1,1,1737,0,0,0,0,0,0,0,0,0,0,1,0,0,0,0,0,0,0,0,0,0,0,0,0
host,ee,0,13340,3062,6975,2447,2374,1023,375,105,32,3,0,0,4,2,0,0,0,0,0,0,0,0,0,0,0,0
host,ee,1,13340,3062,2765,3370,3874,2136,873,243,62,3,3,3,5,3,0,0,0,0,0,0,0,0,0,0,0,0
host,ee,1,13,3085,0,0,0,0,0,0,0,0,0,7,4,2,0,0,0,0,0,0,0,0,0,0,0,0
host,ee,0,13347,3547,7999,2077,1993,855,301,81,31,4,0,1,4,1,0,0,0,0,0,0,0,0,0,0,0,0
host,ee,1,13347,4501,2770,3371,3886,2142,862,236,62,4,1,1,8,3,1,0,0,0,0,0,0,0,0,0,0,0
host,ee,1,14,3524,0,0,0,0,0,0,0,0,2,2,5,5,0,0,0,0,0,0,0,0,0,0,0,0
host,vf,0,2770,375,767,428,719,494,228,88,36,9,1,0,0,0,0,0,0,0,0,0,0,0,0,0,0,0
host,vf,1,2770,375,767,428,719,494,228,88,36,9,1,0,0,0,0,0,0,0,0,0,0,0,0,0,0,0
host,vf,1,1,375,0,0,0,0,0,0,0,0,1,0,0,0,0,0,0,0,0,0,0,0,0,0,0,0
host,ee,0,13339,6421,9109,1635,1610,658,240,58,19,1,3,1,2,2,1,0,0,0,0,0,0,0,0,0,0,0
host,ee,1,13339,6421,2777,3353,3870,2143,875,241,57,4,5,3,5,5,1,0,0,0,0,0,0,0,0,0,0,0
host,ee,1,18,5840,0,0,0,0,0,0,0,0,6,5,4,2,1,0,0,0,0,0,0,0,0,0,0,0
host,vf,0,2768,407,766,429,718,492,227,90,36,9,1,0,0,0,0,0,0,0,0,0,0,0,0,0,0,0
host,vf,1,2768,407,766,429,718,492,227,90,36,9,1,0,0,0,0,0,0,0,0,0,0,0,0,0,0,0
host,vf,1,1,407,0,0,0,0,0,0,0,0,1,0,0,0,0,0,0,0,0,0,0,0,0,0,0,0
host,ee,0,13342,4233,9115,1677,1579,628,251,68,18,1,1,0,2,1,1,0,0,0,0,0,0,0,0,0,0,0
host,ee,1,13342,8813,2775,3357,3863,2150,870,250,56,4,1,2,7,4,2,1,0,0,0,0,0,0,0,0,0,0
host,ee,1,17,6875,0,0,0,0,0,0,0,0,0,3,8,5,1,0,0,0,0,0,0,0,0,0,0,0
host,vf,0,2768,909,765,428,720,491,228,92,32,11,0,1,0,0,0,0,0,0,0,0,0,0,0,0,0,0
host,vf,1,2768,909,765,428,719,491,229,92,32,11,0,1,0,0,0,0,0,0,0,0,0,0,0,0,0,0
host,vf,1,1,909,0,0,0,0,0,0,0,0,0,1,0,0,0,0,0,0,0,0,0,0,0,0,0,0
host,ee,0,13344,5248,6674,2483,2540,1071,417,128,22,2,1,0,1,4,1,0,0,0,0,0,0,0,0,0,0,0
host,ee,1,13344,6325,2786,3349,3860,2149,870,255,55,3,3,2,4,6,2,0,0,0,0,0,0,0,0,0,0,0
host,ee,1,15,5248,0,0,0,0,0,0,0,0,1,5,4,4,1,0,0,0,0,0,0,0,0,0,0,0
host,vf,0,2769,1365,767,425,720,494,228,90,33,11,0,0,1,0,0,0,0,0,0,0,0,0,0,0,0,0
host,vf,1,2769,1365,767,425,720,494,228,90,33,11,0,0,1,0,0,0,0,0,0,0,0,0,0,0,0,0
host,vf,1,1,1354,0,0,0,0,0,0,0,0,0,0,1,0,0,0,0,0,0,0,0,0,0,0,0,0
host,ee,0,13336,5066,10275,1199,1180,455,163,44,14,0,0,2,2,1,1,0,0,0,0,0,0,0,0,0,0,0
host,ee,1,13336,5066,2757,3358,3864,2149,880,253,55,6,0,4,5,4,1,0,0,0,0,0,0,0,0,0,0,0
host,ee,1,14,2488,0,0,0,0,0,0,0,0,1,5,6,2,0,0,0,0,0,0,0,0,0,0,0,0
host,ee,0,13363,3594,7427,2251,2232,941,360,117,26,1,0,3,3,2,0,0,0,0,0,0,0,0,0,0,0,0
host,ee,1,13363,4102,2746,3387,3869,2153,880,252,56,2,1,6,5,5,1,0,0,0,0,0,0,0,0,0,0,0
host,ee,1,18,2956,0,0,0,0,0,0,0,0,2,7,6,3,0,0,0,0,0,0,0,0,0,0,0,0
host,vf,0,2776,699,767,430,722,495,227,91,33,10,0,1,0,0,0,0,0,0,0,0,0,0,0,0,0,0
host,vf,1,2776,2005,765,429,722,498,226,89,35,10,0,1,1,0,0,0,0,0,0,0,0,0,0,0,0,0
host,vf,1,2,2005,0,0,0,0,0,0,0,0,0,1,1,0,0,0,0,0,0,0,0,0,0,0,0,0
host,ee,0,13367,4125,7949,2129,1995,850,319,93,22,4,0,3,0,2,1,0,0,0,0,0,0,0,0,0,0,0
host,ee,1,13367,4125,2744,3381,3884,2156,873,250,61,4,0,6,4,3,1,0,0,0,0,0,0,0,0,0,0,0
host,ee,1,13,1782,0,0,0,0,0,0,0,0,0,5,8,0,0,0,0,0,0,0,0,0,0,0,0,0
host,vf,0,2775,821,765,426,725,497,226,92,32,8,2,2,0,0,0,0,0,0,0,0,0,0,0,0,0,0
host,vf,1,2775,821,765,426,725,497,226,92,31,9,2,2,0,0,0,0,0,0,0,0,0,0,0,0,0,0
host,vf,1,2,821,0,0,0,0,0,0,0,0,0,2,0,0,0,0,0,0,0,0,0,0,0,0,0,0
host,ee,0,13364,3476,8733,1813,1698,750,273,71,17,2,0,2,3,2,0,0,0,0,0,0,0,0,0,0,0,0
host,ee,1,13364,3476,2740,3388,3876,2168,862,248,64,3,1,6,5,3,0,0,0,0,0,0,0,0,0,0,0,0
host,ee,1,14,3508,0,0,0,0,0,0,0,0,0,5,5,4,0,0,0,0,0,0,0,0,0,0,0,0
host,vf,0,2770,930,763,424,723,499,223,93,32,11,1,1,0,0,0,0,0,0,0,0,0,0,0,0,0,0
host,vf,1,2770,930,763,424,723,499,222,93,32,12,1,1,0,0,0,0,0,0,0,0,0,0,0,0,0,0
host,vf,1,1,930,0,0,0,0,0,0,0,0,0,1,0,0,0,0,0,0,0,0,0,0,0,0,0,0
host,ee,0,13350,2219,7374,2313,2246,925,348,107,27,3,1,1,4,1,0,0,0,0,0,0,0,0,0,0,0,0
host,ee,1,13350,2933,2718,3377,3882,2178,866,248,60,4,2,2,10,3,0,0,0,0,0,0,0,0,0,0,0,0
host,ee,1,16,3394,0,0,0,0,0,0,0,0,3,8,3,2,0,0,0,0,0,0,0,0,0,0,0,0
host,vf,0,2776,2320,763,426,725,501,221,93,34,9,3,0,0,1,0,0,0,0,0,0,0,0,0,0,0,0
host,vf,1,2776,2320,763,426,725,501,221,93,34,9,3,0,0,1,0,0,0,0,0,0,0,0,0,0,0,0
host,vf,1,2,2320,0,0,0,0,0,0,0,0,1,0,0,1,0,0,0,0,0,0,0,0,0,0,0,0
host,ee,0,13352,6685,10177,1250,1209,442,194,59,15,0,0,2,3,0,1,0,0,0,0,0,0,0,0,0,0,0
host,ee,1,13352,6685,2693,3385,3892,2183,873,247,60,3,0,3,9,3,1,0,0,0,0,0,0,0,0,0,0,0
host,ee,1,16,3284,0,0,0,0,0,0,0,1,1,4,8,2,0,0,0,0,0,0,0,0,0,0,0,0
host,vf,0,2776,1531,762,427,726,501,221,93,35,10,0,0,1,0,0,0,0,0,0,0,0,0,0,0,0,0
host,vf,1,2776,1531,759,425,728,502,223,92,36,8,2,0,1,0,0,0,0,0,0,0,0,0,0,0,0,0
host,vf,1,1,1531,0,0,0,0,0,0,0,0,0,0,1,0,0,0,0,0,0,0,0,0,0,0,0,0
host,ee,0,13347,6132,6697,2518,2552,1048,380,116,29,1,0,0,5,0,1,0,0,0,0,0,0,0,0,0,0,0
host,ee,1,13347,6132,2688,3387,3892,2180,870,252,57,4,3,1,8,4,1,0,0,0,0,0,0,0,0,0,0,0
host,ee,1,16,4619,0,0,0,0,0,0,0,0,2,3,6,3,2,0,0,0,0,0,0,0,0,0,0,0
host,ee,0,13345,5301,6280,2627,2675,1131,451,132,41,2,0,0,2,2,2,0,0,0,0,0,0,0,0,0,0,0
host,ee,1,13345,7026,2685,3396,3878,2189,872,241,66,3,0,1,5,3,6,0,0,0,0,0,0,0,0,0,0,0
host,ee,1,14,4826,0,0,0,0,0,0,0,1,2,2,5,2,2,0,0,0,0,0,0,0,0,0,0,0
host,vf,0,2769,3534,750,429,729,498,229,88,37,5,3,0,0,1,0,0,0,0,0,0,0,0,0,0,0,0
host,vf,1,2769,3534,750,429,729,498,229,88,37,5,3,0,0,1,0,0,0,0,0,0,0,0,0,0,0,0
host,vf,1,1,3534,0,0,0,0,0,0,0,0,0,0,0,1,0,0,0,0,0,0,0,0,0,0,0,0
host,ee,0,13351,3487,9326,1542,1521,652,222,63,17,1,1,1,3,2,0,0,0,0,0,0,0,0,0,0,0,0
host,ee,1,13351,4178,2696,3396,3877,2192,870,235,65,3,2,6,5,3,1,0,0,0,0,0,0,0,0,0,0,0
host,ee,1,16,3399,0,0,0,0,0,0,0,0,2,8,4,2,0,0,0,0,0,0,0,0,0,0,0,0
host,ee,0,13367,2817,7811,2152,2031,913,332,90,28,4,1,1,2,2,0,0,0,0,0,0,0,0,0,0,0,0
host,ee,1,13367,2817,2709,3387,3881,2200,876,227,68,4,1,4,7,3,0,0,0,0,0,0,0,0,0,0,0,0
host,ee,1,15,3668,0,0,0,0,0,0,0,0,1,5,7,2,0,0,0,0,0,0,0,0,0,0,0,0
host,vf,0,2772,1797,752,427,730,502,229,86,37,5,2,1,1,0,0,0,0,0,0,0,0,0,0,0,0,0
host,vf,1,2772,1797,752,427,730,502,229,86,37,5,2,1,1,0,0,0,0,0,0,0,0,0,0,0,0,0
host,vf,1,1,1797,0,0,0,0,0,0,0,0,0,0,1,0,0,0,0,0,0,0,0,0,0,0,0,0
host,ee,0,13328,3970,8769,1818,1693,683,258,78,19,4,1,1,0,4,0,0,0,0,0,0,0,0,0,0,0,0
host,ee,1,13328,5051,2671,3383,3884,2204,873,227,63,5,3,5,2,7,1,0,0,0,0,0,0,0,0,0,0,0
host,ee,1,16,6541,0,0,0,0,0,0,0,0,5,2,5,3,1,0,0,0,0,0,0,0,0,0,0,0
host,vf,0,2758,4191,742,425,730,498,231,84,39,6,1,1,0,0,1,0,0,0,0,0,0,0,0,0,0,0
host,vf,1,2758,4191,742,425,730,498,231,84,39,6,1,1,0,0,1,0,0,0,0,0,0,0,0,0,0,0
host,vf,1,1,4191,0,0,0,0,0,0,0,0,0,0,0,0,1,0,0,0,0,0,0,0,0,0,0,0
host,ee,0,13331,2052,8542,1839,1782,778,281,83,16,3,1,2,3,1,0,0,0,0,0,0,0,0,0,0,0,0
host,ee,1,13331,3065,2680,3382,3878,2209,871,226,61,4,3,6,9,2,0,0,0,0,0,0,0,0,0,0,0,0
host,ee,1,20,4853,0,0,0,0,0,0,0,0,3,9,6,1,1,0,0,0,0,0,0,0,0,0,0,0
host,vf,0,2760,3673,743,425,730,501,231,81,41,6,0,0,1,1,0,0,0,0,0,0,0,0,0,0,0,0
host,vf,1,2760,3673,743,425,730,501,231,81,41,5,1,0,1,1,0,0,0,0,0,0,0,0,0,0,0,0
host,vf,1,1,3673,0,0,0,0,0,0,0,0,0,0,0,1,0,0,0,0,0,0,0,0,0,0,0,0
host,ee,0,13318,4519,9810,1419,1300,496,209,60,16,2,1,1,1,2,1,0,0,0,0,0,0,0,0,0,0,0
host,ee,1,13318,5875,2665,3380,3881,2215,864,231,63,5,1,4,3,2,4,0,0,0,0,0,0,0,0,0,0,0
host,ee,1,14,5875,0,0,0,0,0,0,0,0,0,3,7,3,1,0,0,0,0,0,0,0,0,0,0,0
host,ee,0,13332,2014,7584,2212,2110,958,342,90,28,2,0,1,5,0,0,0,0,0,0,0,0,0,0,0,0,0
host,ee,1,13332,2936,2676,3380,3883,2217,863,235,59,4,1,2,11,1,0,0,0,0,0,0,0,0,0,0,0,0
host,ee,1,15,5781,0,0,0,0,0,0,0,0,1,2,7,4,1,0,0,0,0,0,0,0,0,0,0,0
host,vf,0,2756,2418,739,426,730,499,232,81,40,5,2,1,0,1,0,0,0,0,0,0,0,0,0,0,0,0
host,vf,1,2756,2418,739,426,730,499,232,81,40,5,2,1,0,1,0,0,0,0,0,0,0,0,0,0,0,0
host,vf,1,2,2418,0,0,0,0,0,0,0,0,0,1,0,1,0,0,0,0,0,0,0,0,0,0,0,0
host,ee,0,13321,5403,8020,2038,1993,859,294,81,25,3,1,1,3,2,1,0,0,0,0,0,0,0,0,0,0,0
host,ee,1,13321,5403,2671,3372,3880,2222,864,231,60,5,2,1,9,3,1,0,0,0,0,0,0,0,0,0,0,0
host,ee,1,16,4644,0,0,0,0,0,0,0,0,2,4,5,4,1,0,0,0,0,0,0,0,0,0,0,0
host,vf,0,2756,927,740,425,732,496,232,82,40,6,2,1,0,0,0,0,0,0,0,0,0,0,0,0,0,0
host,vf,1,2756,927,740,425,732,496,232,82,40,6,2,1,0,0,0,0,0,0,0,0,0,0,0,0,0,0
host,vf,1,1,927,0,0,0,0,0,0,0,0,0,1,0,0,0,0,0,0,0,0,0,0,0,0,0,0
host,ee,0,13350,1587,8387,1938,1870,768,287,68,21,4,0,2,5,0,0,0,0,0,0,0,0,0,0,0,0,0
host,ee,1,13350,3268,2691,3387,3882,2209,862,236,61,6,2,5,7,2,0,0,0,0,0,0,0,0,0,0,0,0
host,ee,1,16,9867,0,0,0,0,0,0,0,0,1,3,6,2,3,1,0,0,0,0,0,0,0,0,0,0
host,vf,0,2761,1354,742,427,732,497,229,89,38,4,2,0,1,0,0,0,0,0,0,0,0,0,0,0,0,0
host,vf,1,2761,1354,742,427,732,497,229,89,38,4,2,0,1,0,0,0,0,0,0,0,0,0,0,0,0,0
host,vf,1,1,1354,0,0,0,0,0,0,0,0,0,0,1,0,0,0,0,0,0,0,0,0,0,0,0,0
host,ee,0,13353,3922,7355,2270,2220,995,367,106,28,5,0,2,2,3,0,0,0,0,0,0,0,0,0,0,0,0
host,ee,1,13353,3922,2674,3396,3889,2218,859,237,57,8,3,4,4,4,0,0,0,0,0,0,0,0,0,0,0,0
host,ee,1,14,2407,0,0,0,0,0,0,0,0,0,9,3,2,0,0,0,0,0,0,0,0,0,0,0,0
host,ee,0,13354,5100,8760,1796,1714,707,258,86,24,3,2,2,0,1,1,0,0,0,0,0,0,0,0,0,0,0
host,ee,1,13354,5100,2691,3381,3890,2219,847,246,59,5,2,6,5,2,1,0,0,0,0,0,0,0,0,0,0,0
host,ee,1,16,4185,0,0,0,0,0,0,0,0,2,6,3,4,1,0,0,0,0,0,0,0,0,0,0,0
host,vf,0,2762,575,748,426,731,493,230,89,34,8,2,1,0,0,0,0,0,0,0,0,0,0,0,0,0,0
host,vf,1,2762,575,748,426,731,493,230,89,34,8,2,1,0,0,0,0,0,0,0,0,0,0,0,0,0,0
host,vf,1,1,575,0,0,0,0,0,0,0,0,0,1,0,0,0,0,0,0,0,0,0,0,0,0,0,0
host,ee,0,13353,3617,9921,1332,1312,529,191,46,16,0,1,1,1,3,0,0,0,0,0,0,0,0,0,0,0,0
host,ee,1,13353,3872,2686,3386,3893,2215,846,246,60,5,2,4,4,6,0,0,0,0,0,0,0,0,0,0,0,0
host,ee,1,16,5412,0,0,0,0,0,0,0,0,3,3,4,4,2,0,0,0,0,0,0,0,0,0,0,0
host,vf,0,2763,1988,748,427,733,492,226,92,32,11,0,0,2,0,0,0,0,0,0,0,0,0,0,0,0,0
host,vf,1,2763,1988,748,427,732,492,227,92,32,11,0,0,2,0,0,0,0,0,0,0,0,0,0,0,0,0
host,vf,1,2,1988,0,0,0,0,0,0,0,0,0,0,2,0,0,0,0,0,0,0,0,0,0,0,0,0
host,ee,0,13344,2939,10194,1260,1150,476,177,65,13,2,1,3,2,1,0,0,0,0,0,0,0,0,0,0,0,0
host,ee,1,13344,4853,2665,3397,3891,2220,844,247,59,5,2,5,4,4,1,0,0,0,0,0,0,0,0,0,0,0
host,ee,1,14,2880,0,0,0,0,0,0,0,0,2,7,3,2,0,0,0,0,0,0,0,0,0,0,0,0
host,vf,0,2763,1368,745,427,736,491,232,87,33,9,2,0,1,0,0,0,0,0,0,0,0,0,0,0,0,0
host,vf,1,2763,1368,745,427,736,491,232,87,33,9,2,0,1,0,0,0,0,0,0,0,0,0,0,0,0,0
host,vf,1,1,1373,0,0,0,0,0,0,0,0,0,0,1,0,0,0,0,0,0,0,0,0,0,0,0,0
host,ee,0,13354,2802,6805,2465,2435,1093,393,120,34,3,0,2,2,2,0,0,0,0,0,0,0,0,0,0,0,0
host,ee,1,13354,2802,2675,3397,3893,2212,849,247,62,5,1,6,4,3,0,0,0,0,0,0,0,0,0,0,0,0
host,ee,1,14,4179,0,0,0,0,0,0,0,0,0,5,4,4,1,0,0,0,0,0,0,0,0,0,0,0
host,ee,0,13330,4118,7517,2233,2126,982,347,89,28,2,0,1,2,2,1,0,0,0,0,0,0,0,0,0,0,0
host,ee,1,13330,5147,2635,3392,3913,2211,852,243,66,4,1,2,5,4,2,0,0,0,0,0,0,0,0,0,0,0
host,ee,1,13,5668,0,0,0,0,0,0,0,0,1,5,3,3,1,0,0,0,0,0,0,0,0,0,0,0
host,ee,0,13353,6218,6673,2529,2498,1080,403,123,37,4,1,0,0,2,3,0,0,0,0,0,0,0,0,0,0,0
host,ee,1,13353,6218,2655,3402,3907,2216,843,249,62,4,3,0,3,4,5,0,0,0,0,0,0,0,0,0,0,0
host,ee,1,14,7287,0,0,0,0,0,0,0,1,1,0,2,6,4,0,0,0,0,0,0,0,0,0,0,0
host,vf,0,10713,2949,1648,2672,3321,2811,256,3,1,0,0,0,0,1,0,0,0,0,0,0,0,0,0,0,0,0
host,vf,1,10713,2949,1648,2672,3321,2811,256,3,1,0,0,0,0,1,0,0,0,0,0,0,0,0,0,0,0,0
host,vf,1,1,2949,0,0,0,0,0,0,0,0,0,0,0,1,0,0,0,0,0,0,0,0,0,0,0,0
host,ee,0,27746,1294,5278,13480,8758,194,24,10,1,0,0,0,1,0,0,0,0,0,0,0,0,0,0,0,0,0
host,ee,1,27746,1294,5278,13480,8758,194,24,9,2,0,0,0,1,0,0,0,0,0,0,0,0,0,0,0,0,0
host,ee,1,1,1177,0,0,0,0,0,0,0,0,0,0,1,0,0,0,0,0,0,0,0,0,0,0,0,0
host,vf,0,10695,1388,1629,2673,3313,2817,257,4,1,0,0,0,1,0,0,0,0,0,0,0,0,0,0,0,0,0
host,vf,1,10695,1388,1627,2675,3313,2817,257,4,1,0,0,0,1,0,0,0,0,0,0,0,0,0,0,0,0,0
host,vf,1,1,1388,0,0,0,0,0,0,0,0,0,0,1,0,0,0,0,0,0,0,0,0,0,0,0,0
host,ee,0,27796,987,5291,13504,8767,196,29,5,1,0,2,1,0,0,0,0,0,0,0,0,0,0,0,0,0,0
host,ee,1,27796,987,5291,13504,8767,196,29,5,1,0,2,1,0,0,0,0,0,0,0,0,0,0,0,0,0,0
host,ee,1,1,987,0,0,0,0,0,0,0,0,0,1,0,0,0,0,0,0,0,0,0,0,0,0,0,0
host,ee,0,27605,2788,5076,13535,8760,195,29,5,2,0,0,1,1,1,0,0,0,0,0,0,0,0,0,0,0,0
host,ee,1,27605,2788,5075,13535,8761,192,32,5,2,0,0,1,1,1,0,0,0,0,0,0,0,0,0,0,0,0
host,ee,1,3,2671,0,0,0,0,0,0,0,0,1,1,0,1,0,0,0,0,0,0,0,0,0,0,0,0
host,ee,0,27633,821,5095,13536,8769,190,32,6,2,2,0,1,0,0,0,0,0,0,0,0,0,0,0,0,0,0
host,ee,1,27633,821,5095,13536,8769,190,32,6,2,2,0,1,0,0,0,0,0,0,0,0,0,0,0,0,0,0
host,ee,1,1,821,0,0,0,0,0,0,0,0,0,1,0,0,0,0,0,0,0,0,0,0,0,0,0,0
host,ee,0,27674,595,5122,13538,8774,205,23,8,2,1,0,1,0,0,0,0,0,0,0,0,0,0,0,0,0,0
host,ee,1,27674,595,5122,13538,8774,205,23,8,2,1,0,1,0,0,0,0,0,0,0,0,0,0,0,0,0,0
host,ee,1,1,595,0,0,0,0,0,0,0,0,0,1,0,0,0,0,0,0,0,0,0,0,0,0,0,0
host,ee,0,27689,1394,5114,13553,8778,209,24,6,3,1,0,0,1,0,0,0,0,0,0,0,0,0,0,0,0,0
host,ee,1,27689,1394,5114,13553,8778,209,24,5,4,1,0,0,1,0,0,0,0,0,0,0,0,0,0,0,0,0
host,ee,1,1,1275,0,0,0,0,0,0,0,0,0,0,1,0,0,0,0,0,0,0,0,0,0,0,0,0
host,ee,0,27751,2363,5123,13590,8791,211,26,4,4,1,0,0,0,1,0,0,0,0,0,0,0,0,0,0,0,0
host,ee,1,27751,2363,5123,13590,8791,211,26,4,4,1,0,0,0,1,0,0,0,0,0,0,0,0,0,0,0,0
host,ee,1,1,2377,0,0,0,0,0,0,0,0,0,0,0,1,0,0,0,0,0,0,0,0,0,0,0,0
host,ee,0,27769,804,5130,13603,8788,209,28,4,5,0,1,1,0,0,0,0,0,0,0,0,0,0,0,0,0,0
host,ee,1,27769,931,5130,13603,8788,208,29,4,4,0,1,2,0,0,0,0,0,0,0,0,0,0,0,0,0,0
host,ee,1,2,854,0,0,0,0,0,0,0,0,0,2,0,0,0,0,0,0,0,0,0,0,0,0,0,0
host,ee,0,27746,1391,5058,13589,8830,226,33,7,1,1,0,0,1,0,0,0,0,0,0,0,0,0,0,0,0,0
host,ee,1,27746,1391,5050,13593,8834,226,33,7,1,1,0,0,1,0,0,0,0,0,0,0,0,0,0,0,0,0
host,ee,1,1,1333,0,0,0,0,0,0,0,0,0,0,1,0,0,0,0,0,0,0,0,0,0,0,0,0
host,vf,0,10663,2704,1516,2686,3345,2844,266,4,1,0,0,0,0,1,0,0,0,0,0,0,0,0,0,0,0,0
host,vf,1,10663,2704,1516,2686,3345,2844,266,4,1,0,0,0,0,1,0,0,0,0,0,0,0,0,0,0,0,0
host,vf,1,1,2704,0,0,0,0,0,0,0,0,0,0,0,1,0,0,0,0,0,0,0,0,0,0,0,0
host,ee,0,27653,1584,4945,13628,8798,237,36,8,0,0,0,0,1,0,0,0,0,0,0,0,0,0,0,0,0,0
host,ee,1,27653,1584,4945,13628,8798,237,36,8,0,0,0,0,1,0,0,0,0,0,0,0,0,0,0,0,0,0
host,ee,1,1,1584,0,0,0,0,0,0,0,0,0,0,1,0,0,0,0,0,0,0,0,0,0,0,0,0
device,ee,0,27918,1599,4929,13718,8899,285,69,13,1,1,0,1,2,0,0,0,0,0,0,0,0,0,0,0,0,0
device,ee,0,27918,1599,4929,13718,8899,285,69,13,1,1,0,1,2,0,0,0,0,0,0,0,0,0,0,0,0,0
device,ee,1,27918,1599,4929,13718,8899,285,69,13,1,1,0,1,2,0,0,0,0,0,0,0,0,0,0,0,0,0
device,ee,1,3,1599,0,0,0,0,0,0,0,0,0,1,2,0,0,0,0,0,0,0,0,0,0,0,0,0
device,vf,0,10701,3721,1468,2704,3337,2888,288,15,0,0,0,0,0,1,0,0,0,0,0,0,0,0,0,0,0,0
device,vf,0,10701,3721,1468,2704,3337,2888,288,15,0,0,0,0,0,1,0,0,0,0,0,0,0,0,0,0,0,0
device,vf,1,10701,3721,1468,2704,3337,2888,288,15,0,0,0,0,0,1,0,0,0,0,0,0,0,0,0,0,0,0
device,vf,1,1,3721,0,0,0,0,0,0,0,0,0,0,0,1,0,0,0,0,0,0,0,0,0,0,0,0
device,ee,0,27921,1543,4928,13718,8900,285,72,10,7,0,0,0,1,0,0,0,0,0,0,0,0,0,0,0,0,0
device,ee,1,27921,1543,4928,13718,8900,285,72,10,7,0,0,0,1,0,0,0,0,0,0,0,0,0,0,0,0,0
device,ee,1,1,1543,0,0,0,0,0,0,0,0,0,0,1,0,0,0,0,0,0,0,0,0,0,0,0,0
device,vf,0,10708,1831,1468,2697,3342,2897,286,16,0,1,0,0,1,0,0,0,0,0,0,0,0,0,0,0,0,0
device,vf,1,10708,1831,1468,2697,3342,2897,286,16,0,1,0,0,1,0,0,0,0,0,0,0,0,0,0,0,0,0
device,vf,1,1,1831,0,0,0,0,0,0,0,0,0,0,1,0,0,0,0,0,0,0,0,0,0,0,0,0
device,ee,0,27938,2013,4926,13721,8910,282,80,14,3,1,0,0,1,0,0,0,0,0,0,0,0,0,0,0,0,0
device,ee,1,27938,2013,4926,13721,8910,282,80,14,3,1,0,0,1,0,0,0,0,0,0,0,0,0,0,0,0,0
device,ee,1,1,2013,0,0,0,0,0,0,0,0,0,0,1,0,0,0,0,0,0,0,0,0,0,0,0,0
device,ee,0,27957,1477,4949,13716,8902,289,82,14,3,1,0,0,1,0,0,0,0,0,0,0,0,0,0,0,0,0
device,ee,1,27957,1477,4949,13716,8902,289,82,14,3,1,0,0,1,0,0,0,0,0,0,0,0,0,0,0,0,0
device,ee,1,1,1477,0,0,0,0,0,0,0,0,0,0,1,0,0,0,0,0,0,0,0,0,0,0,0,0
device,vf,0,10733,2721,1476,2690,3359,2898,289,17,3,0,0,0,0,1,0,0,0,0,0,0,0,0,0,0,0,0
device,vf,1,10733,2721,1476,2690,3359,2898,289,17,3,0,0,0,0,1,0,0,0,0,0,0,0,0,0,0,0,0
device,vf,1,1,2721,0,0,0,0,0,0,0,0,0,0,0,1,0,0,0,0,0,0,0,0,0,0,0,0
device,ee,0,28200,2347,5006,13766,8974,340,85,19,6,3,0,0,0,1,0,0,0,0,0,0,0,0,0,0,0,0
device,ee,1,28200,2347,5006,13766,8974,340,85,19,6,3,0,0,0,1,0,0,0,0,0,0,0,0,0,0,0,0
device,ee,1,1,2347,0,0,0,0,0,0,0,0,0,0,0,1,0,0,0,0,0,0,0,0,0,0,0,0
device,ee,0,28225,5282,0,5007,13773,9006,332,75,12,4,10,1,2,2,1,0,0,0,0,0,0,0,0,0,0,0
device,ee,1,28225,17569,5007,13773,9004,333,76,12,2,5,8,0,3,1,0,0,1,0,0,0,0,0,0,0,0,0
device,ee,1,15,32658,0,0,0,0,0,0,0,0,3,7,2,2,0,0,1,0,0,0,0,0,0,0,0,0
device,vf,0,10771,743,1465,2706,3372,2912,293,15,2,1,1,4,0,0,0,0,0,0,0,0,0,0,0,0,0,0
device,vf,1,10771,743,1465,2706,3372,2912,293,15,2,1,1,4,0,0,0,0,0,0,0,0,0,0,0,0,0,0
device,vf,1,6,743,0,0,0,0,0,0,0,1,1,4,0,0,0,0,0,0,0,0,0,0,0,0,0,0
device,ee,0,28216,4985,4977,13789,9003,341,73,20,7,1,3,0,1,0,1,0,0,0,0,0,0,0,0,0,0,0
device,ee,1,28216,5025,4977,13789,9003,341,73,20,7,1,3,0,1,0,1,0,0,0,0,0,0,0,0,0,0,0
device,ee,1,2,5025,0,0,0,0,0,0,0,0,0,0,1,0,1,0,0,0,0,0,0,0,0,0,0,0
device,ee,0,28253,2811,4975,13797,9020,353,76,22,6,1,0,2,0,1,0,0,0,0,0,0,0,0,0,0,0,0
device,ee,1,28253,2811,4975,13797,9020,353,76,22,6,1,0,2,0,1,0,0,0,0,0,0,0,0,0,0,0,0
device,ee,1,1,2811,0,0,0,0,0,0,0,0,0,0,0,1,0,0,0,0,0,0,0,0,0,0,0,0
device,ee,0,28252,8907,4973,13793,9019,357,82,20,3,3,1,0,0,0,0,1,0,0,0,0,0,0,0,0,0,0
device,ee,1,28252,9427,4973,13793,9019,357,82,20,3,3,1,0,0,0,0,1,0,0,0,0,0,0,0,0,0,0
device,ee,1,1,8865,0,0,0,0,0,0,0,0,0,0,0,0,0,1,0,0,0,0,0,0,0,0,0,0
device,ee,0,28278,1439,4986,13781,9037,364,87,16,3,1,1,1,1,0,0,0,0,0,0,0,0,0,0,0,0,0
device,ee,1,28278,1439,4986,13781,9037,364,87,16,3,1,1,1,1,0,0,0,0,0,0,0,0,0,0,0,0,0
device,ee,1,1,1439,0,0,0,0,0,0,0,0,0,0,1,0,0,0,0,0,0,0,0,0,0,0,0,0
device,vf,0,10783,2741,1456,2723,3380,2913,291,16,3,0,0,0,0,1,0,0,0,0,0,0,0,0,0,0,0,0
device,vf,1,10783,2741,1456,2723,3380,2913,291,16,3,0,0,0,0,1,0,0,0,0,0,0,0,0,0,0,0,0
device,vf,1,1,2741,0,0,0,0,0,0,0,0,0,0,0,1,0,0,0,0,0,0,0,0,0,0,0,0
device,ee,0,28389,953,4979,13810,9087,385,104,18,4,1,0,1,0,0,0,0,0,0,0,0,0,0,0,0,0,0
device,ee,1,28389,953,4979,13810,9087,385,104,18,4,1,0,1,0,0,0,0,0,0,0,0,0,0,0,0,0,0
device,ee,1,1,953,0,0,0,0,0,0,0,0,0,1,0,0,0,0,0,0,0,0,0,0,0,0,0,0
device,vf,0,10839,1917,1468,2729,3393,2926,304,15,3,0,0,0,1,0,0,0,0,0,0,0,0,0,0,0,0,0
device,vf,1,10839,1917,1468,2729,3393,2926,304,15,3,0,0,0,1,0,0,0,0,0,0,0,0,0,0,0,0,0
device,vf,1,1,1917,0,0,0,0,0,0,0,0,0,0,1,0,0,0,0,0,0,0,0,0,0,0,0,0
device,ee,0,29054,2027,5336,13943,9229,418,103,20,3,1,0,0,1,0,0,0,0,0,0,0,0,0,0,0,0,0
device,ee,1,29054,2027,5336,13943,9229,418,103,20,3,1,0,0,1,0,0,0,0,0,0,0,0,0,0,0,0,0
device,ee,1,1,2027,0,0,0,0,0,0,0,0,0,0,1,0,0,0,0,0,0,0,0,0,0,0,0,0
device,ee,0,29213,725,5459,13931,9267,428,104,18,4,1,0,1,0,0,0,0,0,0,0,0,0,0,0,0,0,0
device,ee,1,29213,725,5459,13931,9267,428,104,18,4,1,0,1,0,0,0,0,0,0,0,0,0,0,0,0,0,0
device,ee,1,1,725,0,0,0,0,0,0,0,0,0,1,0,0,0,0,0,0,0,0,0,0,0,0,0,0
device,ee,0,31533,1631,6536,14137,10111,612,111,21,2,1,0,1,1,0,0,0,0,0,0,0,0,0,0,0,0,0
device,ee,1,31533,1631,6536,14137,10111,612,111,21,2,1,0,1,1,0,0,0,0,0,0,0,0,0,0,0,0,0
device,ee,1,2,1631,0,0,0,0,0,0,0,0,0,1,1,0,0,0,0,0,0,0,0,0,0,0,0,0
device,ee,0,32128,419,6878,14091,10368,654,106,25,3,1,2,0,0,0,0,0,0,0,0,0,0,0,0,0,0,0
device,ee,1,32128,419,6878,14091,10368,654,106,25,3,1,2,0,0,0,0,0,0,0,0,0,0,0,0,0,0,0
device,ee,1,2,419,0,0,0,0,0,0,0,0,2,0,0,0,0,0,0,0,0,0,0,0,0,0,0,0
device,vf,0,11462,1759,1574,2743,3467,3268,383,24,2,0,0,0,1,0,0,0,0,0,0,0,0,0,0,0,0,0
device,vf,1,11462,1759,1574,2743,3467,3268,383,24,2,0,0,0,1,0,0,0,0,0,0,0,0,0,0,0,0,0
device,vf,1,1,1759,0,0,0,0,0,0,0,0,0,0,1,0,0,0,0,0,0,0,0,0,0,0,0,0
device,ee,0,33083,1543,7667,14112,10375,786,111,23,7,1,0,0,1,0,0,0,0,0,0,0,0,0,0,0,0,0
device,ee,1,33083,1543,7667,14112,10375,786,111,23,7,1,0,0,1,0,0,0,0,0,0,0,0,0,0,0,0,0
device,ee,1,1,1543,0,0,0,0,0,0,0,0,0,0,1,0,0,0,0,0,0,0,0,0,0,0,0,0
device,ee,0,33560,1653,8351,13783,10495,782,117,22,6,2,0,0,2,0,0,0,0,0,0,0,0,0,0,0,0,0
device,ee,1,33560,1653,8351,13783,10495,782,117,22,6,2,0,0,2,0,0,0,0,0,0,0,0,0,0,0,0,0
device,ee,1,2,1653,0,0,0,0,0,0,0,0,0,0,2,0,0,0,0,0,0,0,0,0,0,0,0,0
device,ee,0,33585,1587,8563,13765,10324,786,114,24,5,1,2,0,1,0,0,0,0,0,0,0,0,0,0,0,0,0
device,ee,1,33585,1587,8563,13765,10324,786,114,24,5,1,2,0,1,0,0,0,0,0,0,0,0,0,0,0,0,0
device,ee,1,1,1587,0,0,0,0,0,0,0,0,0,0,1,0,0,0,0,0,0,0,0,0,0,0,0,0
device,ee,0,33517,2153,8620,13698,10261,784,119,28,4,1,1,0,0,1,0,0,0,0,0,0,0,0,0,0,0,0
device,ee,1,33517,2153,8620,13698,10261,784,119,28,4,1,1,0,0,1,0,0,0,0,0,0,0,0,0,0,0,0
device,ee,1,1,2153,0,0,0,0,0,0,0,0,0,0,0,1,0,0,0,0,0,0,0,0,0,0,0,0
device,ee,0,33295,6271,8596,13574,10177,792,126,23,5,1,0,0,0,0,1,0,0,0,0,0,0,0,0,0,0,0
device,ee,1,33295,6401,8596,13574,10177,792,126,23,5,1,0,0,0,0,1,0,0,0,0,0,0,0,0,0,0,0
device,ee,1,1,6421,0,0,0,0,0,0,0,0,0,0,0,0,1,0,0,0,0,0,0,0,0,0,0,0
device,ee,0,33148,1115,8757,13376,10103,748,131,26,6,0,0,0,1,0,0,0,0,0,0,0,0,0,0,0,0,0
device,ee,1,33148,1115,8757,13376,10103,748,131,26,6,0,0,0,1,0,0,0,0,0,0,0,0,0,0,0,0,0
device,ee,1,1,1115,0,0,0,0,0,0,0,0,0,0,1,0,0,0,0,0,0,0,0,0,0,0,0,0
device,vf,0,11130,2477,1752,2605,3299,3020,421,27,4,1,0,0,0,1,0,0,0,0,0,0,0,0,0,0,0,0
device,vf,1,11130,2477,1752,2605,3299,3020,421,27,4,1,0,0,0,1,0,0,0,0,0,0,0,0,0,0,0,0
device,vf,1,1,2477,0,0,0,0,0,0,0,0,0,0,0,1,0,0,0,0,0,0,0,0,0,0,0,0
device,vf,0,11099,1581,1787,2598,3246,2993,442,28,3,1,0,0,1,0,0,0,0,0,0,0,0,0,0,0,0,0
device,vf,1,11099,1581,1787,2598,3246,2993,442,28,3,1,0,0,1,0,0,0,0,0,0,0,0,0,0,0,0,0
device,vf,1,1,1581,0,0,0,0,0,0,0,0,0,0,1,0,0,0,0,0,0,0,0,0,0,0,0,0
device,ee,0,33156,459,9038,13194,9993,760,137,30,2,1,1,0,0,0,0,0,0,0,0,0,0,0,0,0,0,0
device,ee,1,33156,459,9038,13194,9993,760,137,30,2,1,1,0,0,0,0,0,0,0,0,0,0,0,0,0,0,0
device,ee,1,1,459,0,0,0,0,0,0,0,0,1,0,0,0,0,0,0,0,0,0,0,0,0,0,0,0
device,ee,0,33146,1089,9085,13117,9943,832,135,28,4,1,0,0,1,0,0,0,0,0,0,0,0,0,0,0,0,0
device,ee,1,33146,1089,9085,13117,9943,832,135,28,4,1,0,0,1,0,0,0,0,0,0,0,0,0,0,0,0,0
device,ee,1,1,1089,0,0,0,0,0,0,0,0,0,0,1,0,0,0,0,0,0,0,0,0,0,0,0,0
device,ee,0,32589,2391,9432,12649,9510,828,128,34,6,0,0,0,0,2,0,0,0,0,0,0,0,0,0,0,0,0
device,ee,1,32589,2391,9432,12649,9510,828,128,34,6,0,0,0,0,2,0,0,0,0,0,0,0,0,0,0,0,0
device,ee,1,2,2391,0,0,0,0,0,0,0,0,0,0,0,2,0,0,0,0,0,0,0,0,0,0,0,0
device,vf,0,10559,1529,1958,2412,3030,2701,423,28,5,1,0,0,1,0,0,0,0,0,0,0,0,0,0,0,0,0
device,vf,1,10559,1529,1958,2412,3030,2701,423,28,5,1,0,0,1,0,0,0,0,0,0,0,0,0,0,0,0,0
device,vf,1,1,1529,0,0,0,0,0,0,0,0,0,0,1,0,0,0,0,0,0,0,0,0,0,0,0,0
device,ee,0,33644,1375,10414,12633,9528,891,136,35,5,1,0,0,1,0,0,0,0,0,0,0,0,0,0,0,0,0
device,ee,1,33644,1375,10414,12633,9528,891,136,35,5,1,0,0,1,0,0,0,0,0,0,0,0,0,0,0,0,0
device,ee,1,1,1375,0,0,0,0,0,0,0,0,0,0,1,0,0,0,0,0,0,0,0,0,0,0,0,0
device,vf,0,10489,2129,1967,2386,3074,2615,410,30,4,1,1,0,0,1,0,0,0,0,0,0,0,0,0,0,0,0
device,vf,1,10489,2129,1967,2386,3074,2615,410,30,4,1,1,0,0,1,0,0,0,0,0,0,0,0,0,0,0,0
device,vf,1,1,2129,0,0,0,0,0,0,0,0,0,0,0,1,0,0,0,0,0,0,0,0,0,0,0,0
device,vf,0,10362,1787,1978,2365,3012,2585,385,30,5,0,1,0,1,0,0,0,0,0,0,0,0,0,0,0,0,0
device,vf,1,10362,1787,1978,2365,3012,2585,385,30,5,0,1,0,1,0,0,0,0,0,0,0,0,0,0,0,0,0
device,vf,1,1,1787,0,0,0,0,0,0,0,0,0,0,1,0,0,0,0,0,0,0,0,0,0,0,0,0
device,ee,0,33093,4183,10304,12314,9392,908,133,34,6,0,0,1,0,0,1,0,0,0,0,0,0,0,0,0,0,0
device,ee,1,33093,4183,10304,12314,9392,908,133,34,6,0,0,1,0,0,1,0,0,0,0,0,0,0,0,0,0,0
device,ee,1,2,4183,0,0,0,0,0,0,0,0,0,1,0,0,1,0,0,0,0,0,0,0,0,0,0,0
device,ee,0,32881,395,10336,12283,9177,909,135,31,8,0,2,0,0,0,0,0,0,0,0,0,0,0,0,0,0,0
device,ee,1,32881,395,10336,12283,9177,909,135,31,8,0,2,0,0,0,0,0,0,0,0,0,0,0,0,0,0,0
device,ee,1,1,379,0,0,0,0,0,0,0,0,1,0,0,0,0,0,0,0,0,0,0,0,0,0,0,0
device,ee,0,33024,3187,10298,12413,9154,968,143,38,7,1,1,0,0,1,0,0,0,0,0,0,0,0,0,0,0,0
device,ee,1,33024,3187,10298,12413,9154,968,143,38,7,1,1,0,0,1,0,0,0,0,0,0,0,0,0,0,0,0
device,ee,1,1,487,0,0,0,0,0,0,0,0,1,0,0,0,0,0,0,0,0,0,0,0,0,0,0,0
device,ee,0,33268,3571,10680,12342,9108,939,149,36,9,1,0,3,0,1,0,0,0,0,0,0,0,0,0,0,0,0
device,ee,1,33268,3889,10680,12342,9108,939,149,36,9,1,0,3,0,1,0,0,0,0,0,0,0,0,0,0,0,0
device,ee,1,3,679,0,0,0,0,0,0,0,0,0,3,0,0,0,0,0,0,0,0,0,0,0,0,0,0
device,vf,0,9930,865,1999,2390,2878,2280,338,40,4,0,0,1,0,0,0,0,0,0,0,0,0,0,0,0,0,0
device,vf,1,9930,865,1999,2390,2878,2280,338,40,4,0,0,1,0,0,0,0,0,0,0,0,0,0,0,0,0,0
device,vf,1,1,865,0,0,0,0,0,0,0,0,0,1,0,0,0,0,0,0,0,0,0,0,0,0,0,0
device,ee,0,33644,6407,11060,12377,9041,963,155,34,11,1,0,1,0,0,1,0,0,0,0,0,0,0,0,0,0,0
device,ee,1,33644,7389,11060,12377,9041,963,155,34,11,1,0,1,0,0,1,0,0,0,0,0,0,0,0,0,0,0
device,ee,1,2,7389,0,0,0,0,0,0,0,0,0,1,0,0,1,0,0,0,0,0,0,0,0,0,0,0
device,ee,0,33826,2463,11272,12270,9123,954,157,34,10,4,0,0,1,1,0,0,0,0,0,0,0,0,0,0,0,0
device,ee,1,33826,2463,11272,12270,9123,954,157,34,10,4,0,0,1,1,0,0,0,0,0,0,0,0,0,0,0,0
device,ee,1,2,2463,0,0,0,0,0,0,0,0,0,0,1,1,0,0,0,0,0,0,0,0,0,0,0,0
device,ee,0,34091,38518,0,11573,12112,9374,826,157,35,9,2,1,1,0,0,0,0,1,0,0,0,0,0,0,0,0
device,ee,1,34091,26883,11573,12112,9147,1051,159,34,7,4,2,0,1,0,0,0,1,0,0,0,0,0,0,0,0,0
device,ee,1,2,41911,0,0,0,0,0,0,0,0,0,0,1,0,0,0,0,1,0,0,0,0,0,0,0,0
device,ee,0,34915,1103,12295,12174,9135,1096,164,37,8,5,0,0,1,0,0,0,0,0,0,0,0,0,0,0,0,0
device,ee,1,34915,1103,12295,12174,9135,1096,164,37,8,5,0,0,1,0,0,0,0,0,0,0,0,0,0,0,0,0
device,ee,1,1,1103,0,0,0,0,0,0,0,0,0,0,1,0,0,0,0,0,0,0,0,0,0,0,0,0
device,ee,0,35429,2503,13284,11897,8941,1097,159,39,8,3,0,0,0,1,0,0,0,0,0,0,0,0,0,0,0,0
device,ee,1,35429,2503,13284,11897,8941,1097,159,39,8,3,0,0,0,1,0,0,0,0,0,0,0,0,0,0,0,0
device,ee,1,1,2503,0,0,0,0,0,0,0,0,0,0,0,1,0,0,0,0,0,0,0,0,0,0,0,0
device,ee,0,34732,1359,13065,11688,8709,1061,156,37,12,0,2,1,1,0,0,0,0,0,0,0,0,0,0,0,0,0
device,ee,1,34732,1359,13065,11688,8709,1061,156,37,12,0,2,1,1,0,0,0,0,0,0,0,0,0,0,0,0,0
device,ee,1,1,1359,0,0,0,0,0,0,0,0,0,0,1,0,0,0,0,0,0,0,0,0,0,0,0,0
device,ee,0,34403,957,12803,11717,8614,1059,154,42,10,2,0,2,0,0,0,0,0,0,0,0,0,0,0,0,0,0
device,ee,1,34403,957,12803,11717,8614,1059,154,42,10,2,0,2,0,0,0,0,0,0,0,0,0,0,0,0,0,0
device,ee,1,2,957,0,0,0,0,0,0,0,0,0,2,0,0,0,0,0,0,0,0,0,0,0,0,0,0
device,vf,0,9525,1185,2242,2227,2640,2030,341,39,5,0,0,0,1,0,0,0,0,0,0,0,0,0,0,0,0,0
device,vf,1,9525,1185,2242,2227,2640,2030,341,39,5,0,0,0,1,0,0,0,0,0,0,0,0,0,0,0,0,0
device,vf,1,1,1185,0,0,0,0,0,0,0,0,0,0,1,0,0,0,0,0,0,0,0,0,0,0,0,0
device,ee,0,34018,7705,12641,11621,8501,1045,157,43,6,1,0,0,2,0,1,0,0,0,0,0,0,0,0,0,0,0
device,ee,1,34018,8013,12641,11621,8501,1045,157,43,6,1,0,0,2,0,1,0,0,0,0,0,0,0,0,0,0,0
device,ee,1,3,7807,0,0,0,0,0,0,0,0,0,0,2,0,1,0,0,0,0,0,0,0,0,0,0,0
device,ee,0,34357,897,13052,11488,8503,1098,165,41,6,1,1,2,0,0,0,0,0,0,0,0,0,0,0,0,0,0
device,ee,1,34357,897,13052,11488,8503,1098,165,41,6,1,1,2,0,0,0,0,0,0,0,0,0,0,0,0,0,0
device,ee,1,1,825,0,0,0,0,0,0,0,0,0,1,0,0,0,0,0,0,0,0,0,0,0,0,0,0
device,ee,0,36096,769,14490,11598,8537,1227,188,46,8,1,0,1,0,0,0,0,0,0,0,0,0,0,0,0,0,0
device,ee,1,36096,769,14490,11598,8537,1227,188,46,8,1,0,1,0,0,0,0,0,0,0,0,0,0,0,0,0,0
device,ee,1,1,769,0,0,0,0,0,0,0,0,0,1,0,0,0,0,0,0,0,0,0,0,0,0,0,0
device,ee,0,36396,12385,14585,11800,8576,1188,195,43,7,1,0,0,0,0,0,1,0,0,0,0,0,0,0,0,0,0
device,ee,1,36396,12385,14585,11800,8576,1188,195,43,7,1,0,0,0,0,0,1,0,0,0,0,0,0,0,0,0,0
device,ee,1,1,12385,0,0,0,0,0,0,0,0,0,0,0,0,0,1,0,0,0,0,0,0,0,0,0,0
device,vf,0,9577,2805,2570,2159,2609,1856,332,42,8,0,0,0,0,1,0,0,0,0,0,0,0,0,0,0,0,0
device,vf,1,9577,2805,2570,2159,2609,1856,332,42,8,0,0,0,0,1,0,0,0,0,0,0,0,0,0,0,0,0
device,vf,1,1,2805,0,0,0,0,0,0,0,0,0,0,0,1,0,0,0,0,0,0,0,0,0,0,0,0
device,ee,0,37026,841,15730,11517,8343,1188,194,43,8,1,0,2,0,0,0,0,0,0,0,0,0,0,0,0,0,0
device,ee,1,37026,841,15730,11517,8343,1188,194,43,8,1,0,2,0,0,0,0,0,0,0,0,0,0,0,0,0,0
device,ee,1,2,841,0,0,0,0,0,0,0,0,0,2,0,0,0,0,0,0,0,0,0,0,0,0,0,0
device,vf,0,9646,2657,2811,2186,2498,1793,309,38,7,2,0,0,1,1,0,0,0,0,0,0,0,0,0,0,0,0
device,vf,1,9646,2657,2811,2186,2498,1793,309,38,7,2,0,0,1,1,0,0,0,0,0,0,0,0,0,0,0,0
device,vf,1,2,2657,0,0,0,0,0,0,0,0,0,0,1,1,0,0,0,0,0,0,0,0,0,0,0,0
device,ee,0,35908,1557,14872,11360,8261,1173,192,38,10,1,0,0,1,0,0,0,0,0,0,0,0,0,0,0,0,0
device,ee,1,35908,1557,14872,11360,8261,1173,192,38,10,1,0,0,1,0,0,0,0,0,0,0,0,0,0,0,0,0
device,ee,1,1,1557,0,0,0,0,0,0,0,0,0,0,1,0,0,0,0,0,0,0,0,0,0,0,0,0
device,ee,0,35216,605,14356,11216,8252,1141,195,43,11,1,0,1,0,0,0,0,0,0,0,0,0,0,0,0,0,0
device,ee,1,35216,605,14356,11216,8252,1141,195,43,11,1,0,1,0,0,0,0,0,0,0,0,0,0,0,0,0,0
device,ee,1,1,605,0,0,0,0,0,0,0,0,0,1,0,0,0,0,0,0,0,0,0,0,0,0,0,0
device,ee,0,35161,2183,14647,10950,8190,1115,205,41,9,2,0,0,1,1,0,0,0,0,0,0,0,0,0,0,0,0
device,ee,1,35161,2183,14647,10950,8190,1115,205,41,9,2,0,0,1,1,0,0,0,0,0,0,0,0,0,0,0,0
device,ee,1,2,2183,0,0,0,0,0,0,0,0,0,0,1,1,0,0,0,0,0,0,0,0,0,0,0,0
device,ee,0,34502,525,14143,10878,8101,1124,196,43,14,1,1,1,0,0,0,0,0,0,0,0,0,0,0,0,0,0
device,ee,1,34502,525,14143,10878,8101,1124,196,43,14,1,1,1,0,0,0,0,0,0,0,0,0,0,0,0,0,0
device,ee,1,2,525,0,0,0,0,0,0,0,0,1,1,0,0,0,0,0,0,0,0,0,0,0,0,0,0
device,ee,0,34563,12049,14118,10990,8057,1142,196,44,12,2,0,1,0,0,0,1,0,0,0,0,0,0,0,0,0,0
device,ee,1,34563,12973,14118,10990,8057,1142,196,44,12,2,0,1,0,0,0,1,0,0,0,0,0,0,0,0,0,0
device,ee,1,2,13217,0,0,0,0,0,0,0,0,0,1,0,0,0,1,0,0,0,0,0,0,0,0,0,0
device,vf,0,8814,1107,2516,2100,2355,1497,292,44,9,0,0,0,1,0,0,0,0,0,0,0,0,0,0,0,0,0
device,vf,1,8814,1107,2516,2100,2355,1497,292,44,9,0,0,0,1,0,0,0,0,0,0,0,0,0,0,0,0,0
device,vf,1,1,1107,0,0,0,0,0,0,0,0,0,0,1,0,0,0,0,0,0,0,0,0,0,0,0,0
device,ee,0,34548,14091,14213,10847,8078,1143,209,42,10,2,3,0,0,0,0,1,0,0,0,0,0,0,0,0,0,0
device,ee,1,34548,18647,14213,10847,8078,1143,209,42,10,2,3,0,0,0,0,0,1,0,0,0,0,0,0,0,0,0
device,ee,1,2,13735,0,0,0,0,0,0,0,0,1,0,0,0,0,1,0,0,0,0,0,0,0,0,0,0
device,ee,0,34091,17805,13628,10959,8135,1097,210,52,5,1,2,0,0,1,0,0,1,0,0,0,0,0,0,0,0,0
device,ee,1,34091,20847,13628,10959,8135,1097,210,52,5,1,2,0,0,1,0,0,1,0,0,0,0,0,0,0,0,0
device,ee,1,3,17637,0,0,0,0,0,0,0,0,1,0,0,1,0,0,1,0,0,0,0,0,0,0,0,0
device,vf,0,8562,1103,2323,2073,2353,1489,272,38,11,2,0,0,1,0,0,0,0,0,0,0,0,0,0,0,0,0
device,vf,1,8562,1103,2323,2073,2353,1489,272,38,11,2,0,0,1,0,0,0,0,0,0,0,0,0,0,0,0,0
device,vf,1,1,1103,0,0,0,0,0,0,0,0,0,0,1,0,0,0,0,0,0,0,0,0,0,0,0,0
device,ee,0,33614,10361,13276,11027,7938,1107,207,47,7,1,1,0,1,1,0,1,0,0,0,0,0,0,0,0,0,0
device,ee,1,33614,40943,13276,11027,7938,1107,207,47,7,1,1,0,1,1,0,0,0,1,0,0,0,0,0,0,0,0
device,ee,1,2,51575,0,0,0,0,0,0,0,0,0,0,1,0,0,0,0,1,0,0,0,0,0,0,0,0
device,ee,0,33224,4235,13130,10990,7776,1057,212,48,6,2,0,1,1,0,1,0,0,0,0,0,0,0,0,0,0,0
device,ee,1,33224,4235,13130,10990,7776,1057,212,48,6,2,0,1,1,0,1,0,0,0,0,0,0,0,0,0,0,0
device,ee,1,1,4235,0,0,0,0,0,0,0,0,0,0,0,0,1,0,0,0,0,0,0,0,0,0,0,0
device,ee,0,33200,961,13312,10745,7803,1069,215,45,5,2,2,2,0,0,0,0,0,0,0,0,0,0,0,0,0,0
device,ee,1,33200,961,13312,10745,7803,1069,215,45,5,2,2,2,0,0,0,0,0,0,0,0,0,0,0,0,0,0
device,ee,1,2,961,0,0,0,0,0,0,0,0,0,2,0,0,0,0,0,0,0,0,0,0,0,0,0,0
device,ee,0,33831,26747,13898,10847,7753,1059,216,45,8,2,0,0,1,0,0,1,1,0,0,0,0,0,0,0,0,0
device,ee,1,33831,33977,13898,10847,7753,1059,216,45,8,2,0,0,1,0,0,0,1,1,0,0,0,0,0,0,0,0
device,ee,1,3,20019,0,0,0,0,0,0,0,0,0,0,1,0,0,0,2,0,0,0,0,0,0,0,0,0
device,ee,0,34333,1693,14230,10842,7887,1103,214,44,9,2,1,0,1,0,0,0,0,0,0,0,0,0,0,0,0,0
device,ee,1,34333,1693,14230,10842,7887,1103,214,44,9,2,1,0,1,0,0,0,0,0,0,0,0,0,0,0,0,0
device,ee,1,2,1693,0,0,0,0,0,0,0,0,1,0,1,0,0,0,0,0,0,0,0,0,0,0,0,0
device,ee,0,33859,2523,13967,10586,7912,1123,218,44,7,1,0,0,0,1,0,0,0,0,0,0,0,0,0,0,0,0
device,ee,1,33859,2523,13967,10586,7912,1123,218,44,7,1,0,0,0,1,0,0,0,0,0,0,0,0,0,0,0,0
device,ee,1,1,2523,0,0,0,0,0,0,0,0,0,0,0,1,0,0,0,0,0,0,0,0,0,0,0,0
device,vf,0,8427,1961,2526,1972,2249,1377,247,46,6,1,1,0,2,0,0,0,0,0,0,0,0,0,0,0,0,0
device,vf,1,8427,1961,2526,1972,2249,1377,247,46,6,1,1,0,2,0,0,0,0,0,0,0,0,0,0,0,0,0
device,vf,1,2,1961,0,0,0,0,0,0,0,0,0,0,2,0,0,0,0,0,0,0,0,0,0,0,0,0
device,vf,0,8443,1187,2679,1935,2172,1358,247,40,7,2,0,2,1,0,0,0,0,0,0,0,0,0,0,0,0,0
device,vf,1,8443,1187,2679,1935,2172,1358,247,40,7,2,0,2,1,0,0,0,0,0,0,0,0,0,0,0,0,0
device,vf,1,2,1187,0,0,0,0,0,0,0,0,0,1,1,0,0,0,0,0,0,0,0,0,0,0,0,0
device,vf,0,8461,7033,2679,1899,2258,1312,256,45,9,2,0,0,0,0,1,0,0,0,0,0,0,0,0,0,0,0
device,vf,1,8461,7435,2679,1899,2258,1312,256,45,9,2,0,0,0,0,1,0,0,0,0,0,0,0,0,0,0,0
device,vf,1,1,6407,0,0,0,0,0,0,0,0,0,0,0,0,1,0,0,0,0,0,0,0,0,0,0,0
device,vf,0,8685,3613,2821,1969,2263,1326,246,51,6,1,0,0,1,1,0,0,0,0,0,0,0,0,0,0,0,0
device,vf,1,8685,3613,2821,1969,2263,1326,246,51,6,1,0,0,1,1,0,0,0,0,0,0,0,0,0,0,0,0
device,vf,1,1,3613,0,0,0,0,0,0,0,0,0,0,0,1,0,0,0,0,0,0,0,0,0,0,0,0
device,ee,0,35575,425,15559,10522,7911,1280,244,51,7,0,1,0,0,0,0,0,0,0,0,0,0,0,0,0,0,0
device,ee,1,35575,425,15559,10522,7911,1280,244,51,7,0,1,0,0,0,0,0,0,0,0,0,0,0,0,0,0,0
device,ee,1,1,425,0,0,0,0,0,0,0,0,1,0,0,0,0,0,0,0,0,0,0,0,0,0,0,0
device,vf,0,8765,993,3033,1933,2214,1293,229,53,6,3,0,1,0,0,0,0,0,0,0,0,0,0,0,0,0,0
device,vf,1,8765,993,3033,1933,2214,1293,229,53,6,3,0,1,0,0,0,0,0,0,0,0,0,0,0,0,0,0
device,vf,1,1,993,0,0,0,0,0,0,0,0,0,1,0,0,0,0,0,0,0,0,0,0,0,0,0,0
device,ee,0,39146,1257,19116,10148,8025,1531,254,59,10,1,0,1,1,0,0,0,0,0,0,0,0,0,0,0,0,0
device,ee,1,39146,1257,19116,10148,8025,1531,254,59,10,1,0,1,1,0,0,0,0,0,0,0,0,0,0,0,0,0
device,ee,1,2,1257,0,0,0,0,0,0,0,0,0,1,1,0,0,0,0,0,0,0,0,0,0,0,0,0
device,vf,0,9286,511,3573,1877,2214,1301,257,53,8,2,1,0,0,0,0,0,0,0,0,0,0,0,0,0,0,0
device,vf,1,9286,511,3573,1877,2214,1301,257,53,8,2,1,0,0,0,0,0,0,0,0,0,0,0,0,0,0,0
device,vf,1,1,511,0,0,0,0,0,0,0,0,1,0,0,0,0,0,0,0,0,0,0,0,0,0,0,0
device,ee,0,39836,751,19755,10235,8007,1506,260,61,8,1,1,2,0,0,0,0,0,0,0,0,0,0,0,0,0,0
device,ee,1,39836,751,19755,10235,8007,1506,260,61,8,1,1,2,0,0,0,0,0,0,0,0,0,0,0,0,0,0
device,ee,1,3,751,0,0,0,0,0,0,0,0,1,2,0,0,0,0,0,0,0,0,0,0,0,0,0,0
device,vf,0,9462,937,3735,1857,2269,1284,251,56,6,2,1,1,0,0,0,0,0,0,0,0,0,0,0,0,0,0
device,vf,1,9462,937,3735,1857,2269,1284,251,56,6,2,1,1,0,0,0,0,0,0,0,0,0,0,0,0,0,0
device,vf,1,1,937,0,0,0,0,0,0,0,0,0,1,0,0,0,0,0,0,0,0,0,0,0,0,0,0
device,ee,0,42197,485,21901,10206,8146,1609,262,60,10,1,2,0,0,0,0,0,0,0,0,0,0,0,0,0,0,0
device,ee,1,42197,485,21901,10206,8146,1609,262,60,10,1,2,0,0,0,0,0,0,0,0,0,0,0,0,0,0,0
device,ee,1,1,363,0,0,0,0,0,0,0,0,1,0,0,0,0,0,0,0,0,0,0,0,0,0,0,0
device,ee,0,44331,2777,23853,10115,8357,1653,285,57,8,1,0,1,0,1,0,0,0,0,0,0,0,0,0,0,0,0
device,ee,1,44331,2777,23853,10115,8357,1653,285,57,8,1,0,1,0,1,0,0,0,0,0,0,0,0,0,0,0,0
device,ee,1,2,2777,0,0,0,0,0,0,0,0,0,1,0,1,0,0,0,0,0,0,0,0,0,0,0,0
device,vf,0,10419,1635,4556,1896,2281,1367,252,55,10,0,0,1,1,0,0,0,0,0,0,0,0,0,0,0,0,0
device,vf,1,10419,1635,4556,1896,2281,1367,252,55,10,0,0,1,1,0,0,0,0,0,0,0,0,0,0,0,0,0
device,vf,1,1,1635,0,0,0,0,0,0,0,0,0,0,1,0,0,0,0,0,0,0,0,0,0,0,0,0
device,vf,0,10487,5019,4676,1866,2296,1313,268,56,10,1,0,0,0,0,1,0,0,0,0,0,0,0,0,0,0,0
device,vf,1,10487,5017,4676,1866,2296,1313,268,56,10,1,0,0,0,0,1,0,0,0,0,0,0,0,0,0,0,0
device,vf,1,1,5019,0,0,0,0,0,0,0,0,0,0,0,0,1,0,0,0,0,0,0,0,0,0,0,0
device,ee,0,42234,1245,21805,10150,8342,1582,277,63,12,0,2,0,1,0,0,0,0,0,0,0,0,0,0,0,0,0
device,ee,1,42234,1245,21805,10150,8342,1582,277,63,12,0,2,0,1,0,0,0,0,0,0,0,0,0,0,0,0,0
device,ee,1,2,1245,0,0,0,0,0,0,0,0,1,0,1,0,0,0,0,0,0,0,0,0,0,0,0,0
device,vf,0,9588,525,3930,1855,2229,1254,249,57,12,0,1,1,0,0,0,0,0,0,0,0,0,0,0,0,0,0
device,vf,1,9588,525,3930,1855,2229,1254,249,57,12,0,1,1,0,0,0,0,0,0,0,0,0,0,0,0,0,0
device,vf,1,1,459,0,0,0,0,0,0,0,0,1,0,0,0,0,0,0,0,0,0,0,0,0,0,0,0
device,ee,0,40186,779,20400,10023,8010,1397,272,65,14,3,1,1,0,0,0,0,0,0,0,0,0,0,0,0,0,0
device,ee,1,40186,779,20400,10023,8010,1397,272,65,14,3,1,1,0,0,0,0,0,0,0,0,0,0,0,0,0,0
device,ee,1,1,479,0,0,0,0,0,0,0,0,1,0,0,0,0,0,0,0,0,0,0,0,0,0,0,0
device,vf,0,9093,2109,3690,1834,2175,1088,238,54,10,1,1,1,0,1,0,0,0,0,0,0,0,0,0,0,0,0
device,vf,1,9093,2109,3690,1834,2175,1088,238,54,10,1,1,1,0,1,0,0,0,0,0,0,0,0,0,0,0,0
device,vf,1,2,2109,0,0,0,0,0,0,0,0,0,1,0,1,0,0,0,0,0,0,0,0,0,0,0,0
device,ee,0,39412,6121,19896,9736,8019,1398,271,74,13,2,0,0,2,0,1,0,0,0,0,0,0,0,0,0,0,0
device,ee,1,39412,6377,19896,9736,8019,1398,271,74,13,2,0,0,2,0,1,0,0,0,0,0,0,0,0,0,0,0
device,ee,1,3,5921,0,0,0,0,0,0,0,0,0,0,2,0,1,0,0,0,0,0,0,0,0,0,0,0
device,ee,0,37072,1695,17592,9796,7985,1328,276,73,15,4,0,2,1,0,0,0,0,0,0,0,0,0,0,0,0,0
device,ee,1,37072,1695,17592,9796,7985,1328,276,73,15,4,0,2,1,0,0,0,0,0,0,0,0,0,0,0,0,0
device,ee,1,2,1695,0,0,0,0,0,0,0,0,0,1,1,0,0,0,0,0,0,0,0,0,0,0,0,0
device,vf,0,8203,4015,3119,1753,2041,1003,217,56,11,2,0,0,0,1,0,0,0,0,0,0,0,0,0,0,0,0
device,vf,1,8203,4015,3119,1753,2041,1003,217,56,11,2,0,0,0,1,0,0,0,0,0,0,0,0,0,0,0,0
device,vf,1,1,4015,0,0,0,0,0,0,0,0,0,0,0,1,0,0,0,0,0,0,0,0,0,0,0,0
device,ee,0,34584,1283,15707,9659,7495,1348,281,69,16,7,0,1,1,0,0,0,0,0,0,0,0,0,0,0,0,0
device,ee,1,34584,1283,15707,9659,7495,1348,281,69,16,7,0,1,1,0,0,0,0,0,0,0,0,0,0,0,0,0
device,ee,1,1,1283,0,0,0,0,0,0,0,0,0,0,1,0,0,0,0,0,0,0,0,0,0,0,0,0
device,vf,0,7619,957,2727,1724,1939,942,213,60,11,1,1,1,0,0,0,0,0,0,0,0,0,0,0,0,0,0
device,vf,1,7619,957,2727,1724,1939,942,213,60,11,1,1,1,0,0,0,0,0,0,0,0,0,0,0,0,0,0
device,vf,1,1,957,0,0,0,0,0,0,0,0,0,1,0,0,0,0,0,0,0,0,0,0,0,0,0,0
device,ee,0,33213,997,14700,9629,7244,1270,273,71,14,8,2,2,0,0,0,0,0,0,0,0,0,0,0,0,0,0
device,ee,1,33213,997,14700,9629,7244,1270,273,71,14,8,2,2,0,0,0,0,0,0,0,0,0,0,0,0,0,0
device,ee,1,3,997,0,0,0,0,0,0,0,0,1,2,0,0,0,0,0,0,0,0,0,0,0,0,0,0
device,ee,0,31969,2963,13651,9517,7159,1265,279,74,16,6,0,1,0,1,0,0,0,0,0,0,0,0,0,0,0,0
device,ee,1,31969,2963,13651,9517,7159,1265,279,74,16,6,0,1,0,1,0,0,0,0,0,0,0,0,0,0,0,0
device,ee,1,2,2963,0,0,0,0,0,0,0,0,0,1,0,1,0,0,0,0,0,0,0,0,0,0,0,0
device,ee,0,31329,789,13228,9300,7129,1293,276,74,16,10,1,2,0,0,0,0,0,0,0,0,0,0,0,0,0,0
device,ee,1,31329,789,13228,9300,7129,1293,276,74,16,10,1,2,0,0,0,0,0,0,0,0,0,0,0,0,0,0
device,ee,1,2,789,0,0,0,0,0,0,0,0,0,2,0,0,0,0,0,0,0,0,0,0,0,0,0,0
device,ee,0,31483,1635,13341,9394,7126,1237,280,78,14,7,3,1,2,0,0,0,0,0,0,0,0,0,0,0,0,0
device,ee,1,31483,1635,13341,9394,7126,1237,280,78,14,7,3,1,2,0,0,0,0,0,0,0,0,0,0,0,0,0
device,ee,1,3,1635,0,0,0,0,0,0,0,0,0,1,2,0,0,0,0,0,0,0,0,0,0,0,0,0
device,vf,0,6708,2175,2200,1628,1753,860,194,60,10,2,0,0,0,1,0,0,0,0,0,0,0,0,0,0,0,0
device,vf,1,6708,2175,2200,1628,1753,860,194,60,10,2,0,0,0,1,0,0,0,0,0,0,0,0,0,0,0,0
device,vf,1,1,2175,0,0,0,0,0,0,0,0,0,0,0,1,0,0,0,0,0,0,0,0,0,0,0,0
device,ee,0,31913,4901,13885,9427,6909,1298,291,75,17,5,3,1,1,0,1,0,0,0,0,0,0,0,0,0,0,0
device,ee,1,31913,4901,13885,9427,6909,1298,291,75,17,5,3,1,1,0,1,0,0,0,0,0,0,0,0,0,0,0
device,ee,1,2,4901,0,0,0,0,0,0,0,0,0,0,1,0,1,0,0,0,0,0,0,0,0,0,0,0
device,vf,0,7210,609,2629,1617,1809,897,182,61,10,3,1,1,0,0,0,0,0,0,0,0,0,0,0,0,0,0
device,vf,1,7210,609,2629,1617,1809,897,182,61,10,3,1,1,0,0,0,0,0,0,0,0,0,0,0,0,0,0
device,vf,1,1,609,0,0,0,0,0,0,0,0,0,1,0,0,0,0,0,0,0,0,0,0,0,0,0,0
device,ee,0,33581,2299,15155,9543,7175,1315,291,69,15,6,2,5,2,3,0,0,0,0,0,0,0,0,0,0,0,0
device,ee,1,33581,2555,15155,9543,7175,1315,291,69,15,6,2,5,2,3,0,0,0,0,0,0,0,0,0,0,0,0
device,ee,1,2,675,0,0,0,0,0,0,0,0,1,1,0,0,0,0,0,0,0,0,0,0,0,0,0,0
device,vf,0,7265,2567,2557,1678,1879,896,179,61,13,1,0,0,0,1,0,0,0,0,0,0,0,0,0,0,0,0
device,vf,1,7265,2567,2557,1678,1879,896,179,61,13,1,0,0,0,1,0,0,0,0,0,0,0,0,0,0,0,0
device,vf,1,1,2567,0,0,0,0,0,0,0,0,0,0,0,1,0,0,0,0,0,0,0,0,0,0,0,0
device,ee,0,33770,101246,0,14873,9357,7655,1187,350,258,43,17,10,4,1,2,2,4,6,1,0,0,0,0,0,0,0
device,ee,1,33770,3654508,0,14873,9357,7348,1448,350,95,78,49,59,71,18,8,3,0,1,0,1,0,1,5,5,0,0
device,ee,1,263,2500237,0,0,0,0,0,0,45,38,52,77,24,11,3,0,1,0,0,1,1,3,5,2,0,0
device,vf,0,7319,2717,2522,1658,1872,882,195,75,46,22,22,19,5,1,0,0,0,0,0,0,0,0,0,0,0,0
device,vf,1,7319,20477,2522,1658,1872,882,195,75,41,23,11,22,14,3,0,0,1,0,0,0,0,0,0,0,0,0
device,vf,1,92,17853,0,0,0,0,0,0,21,20,13,23,10,4,0,0,1,0,0,0,0,0,0,0,0,0
device,ee,0,34239,11347,15568,9176,7398,1461,322,134,52,68,33,6,5,1,14,1,0,0,0,0,0,0,0,0,0,0
device,ee,1,34239,30251,15568,9176,7398,1461,322,133,53,63,37,7,4,2,3,7,5,0,0,0,0,0,0,0,0,0
device,ee,1,22,23295,0,0,0,0,0,0,0,0,4,4,1,3,5,3,2,0,0,0,0,0,0,0,0,0
device,vf,0,7381,5959,2606,1671,1885,901,170,84,22,27,11,2,1,0,1,0,0,0,0,0,0,0,0,0,0,0
device,vf,1,7381,5959,2606,1671,1885,901,170,84,22,27,11,2,1,0,1,0,0,0,0,0,0,0,0,0,0,0
device,vf,1,3,5959,0,0,0,0,0,0,0,0,1,1,0,0,1,0,0,0,0,0,0,0,0,0,0,0
device,ee,0,34560,7693,15847,9232,7361,1489,341,146,67,48,10,3,2,2,12,0,0,0,0,0,0,0,0,0,0,0
device,ee,1,34560,21881,15847,9232,7361,1489,341,146,67,47,11,3,1,1,2,4,8,0,0,0,0,0,0,0,0,0
device,ee,1,15,33607,0,0,0,0,0,0,0,0,0,0,1,0,2,5,6,1,0,0,0,0,0,0,0,0
device,vf,0,7373,1511,2564,1695,1884,926,161,87,31,19,3,1,2,0,0,0,0,0,0,0,0,0,0,0,0,0
device,vf,1,7373,1511,2564,1695,1884,926,161,87,31,19,3,1,2,0,0,0,0,0,0,0,0,0,0,0,0,0
device,vf,1,1,1201,0,0,0,0,0,0,0,0,0,0,1,0,0,0,0,0,0,0,0,0,0,0,0,0
device,ee,0,34228,11529,15467,9281,7372,1470,340,170,80,23,5,5,1,2,11,1,0,0,0,0,0,0,0,0,0,0
device,ee,1,34228,50457,15467,9281,7372,1470,340,170,80,23,5,5,0,1,5,5,3,1,0,0,0,0,0,0,0,0
device,ee,1,18,22823,0,0,0,0,0,0,0,0,0,4,2,0,6,5,1,0,0,0,0,0,0,0,0,0
device,vf,0,7224,2173,2471,1631,1934,879,176,89,32,8,0,1,2,1,0,0,0,0,0,0,0,0,0,0,0,0
device,vf,1,7224,2173,2471,1631,1934,879,176,89,32,8,0,1,2,1,0,0,0,0,0,0,0,0,0,0,0,0
device,vf,1,2,2173,0,0,0,0,0,0,0,0,0,0,1,1,0,0,0,0,0,0,0,0,0,0,0,0
device,ee,0,34187,12237,15317,9234,7524,1474,373,153,76,11,4,1,4,2,11,3,0,0,0,0,0,0,0,0,0,0
device,ee,1,34187,29797,15317,9234,7524,1474,373,153,76,11,3,2,1,2,3,6,8,0,0,0,0,0,0,0,0,0
device,ee,1,19,31583,0,0,0,0,0,0,0,0,0,1,1,2,5,7,3,0,0,0,0,0,0,0,0,0
device,vf,0,7182,7235,2448,1624,1914,893,179,84,31,5,1,1,0,1,1,0,0,0,0,0,0,0,0,0,0,0
device,vf,1,7182,7269,2448,1624,1914,893,179,84,31,5,1,1,0,1,1,0,0,0,0,0,0,0,0,0,0,0
device,vf,1,2,7217,0,0,0,0,0,0,0,0,0,0,0,1,1,0,0,0,0,0,0,0,0,0,0,0
device,ee,0,33469,11527,14817,9122,7453,1440,373,170,63,10,2,2,1,2,9,5,0,0,0,0,0,0,0,0,0,0
device,ee,1,33469,27315,14817,9122,7453,1440,373,170,63,10,2,2,1,1,1,10,4,0,0,0,0,0,0,0,0,0
device,ee,1,17,21699,0,0,0,0,0,0,0,0,0,1,2,1,5,5,3,0,0,0,0,0,0,0,0,0
device,vf,0,6983,1631,2404,1597,1807,874,174,86,35,2,1,2,1,0,0,0,0,0,0,0,0,0,0,0,0,0
device,vf,1,6983,1631,2404,1597,1807,874,174,86,35,2,1,2,1,0,0,0,0,0,0,0,0,0,0,0,0,0
device,vf,1,2,1631,0,0,0,0,0,0,0,0,0,1,1,0,0,0,0,0,0,0,0,0,0,0,0,0
device,ee,0,33437,7857,14742,9095,7502,1463,390,158,64,4,0,2,4,0,13,0,0,0,0,0,0,0,0,0,0,0
device,ee,1,33437,19769,14742,9095,7502,1463,390,158,64,4,0,2,3,1,1,8,4,0,0,0,0,0,0,0,0,0
device,ee,1,18,18145,0,0,0,0,0,0,0,0,0,4,4,1,5,3,1,0,0,0,0,0,0,0,0,0
device,ee,0,34917,11619,15861,9175,7732,1502,393,190,45,3,0,0,1,4,10,1,0,0,0,0,0,0,0,0,0,0
device,ee,1,34917,23365,15861,9175,7732,1502,393,190,45,3,0,0,1,1,4,8,2,0,0,0,0,0,0,0,0,0
device,ee,1,15,29193,0,0,0,0,0,0,0,0,0,0,0,1,5,5,4,0,0,0,0,0,0,0,0,0
device,ee,0,35015,7971,15928,9362,7597,1485,420,163,39,4,0,0,2,1,14,0,0,0,0,0,0,0,0,0,0,0
device,ee,1,35015,34823,15928,9362,7597,1485,420,163,39,4,0,0,2,0,1,11,2,1,0,0,0,0,0,0,0,0
device,ee,1,16,24453,0,0,0,0,0,0,0,0,0,3,2,3,1,3,4,0,0,0,0,0,0,0,0,0
device,vf,0,7197,1875,2608,1593,1838,862,179,87,25,1,1,2,1,0,0,0,0,0,0,0,0,0,0,0,0,0
device,vf,1,7197,1875,2608,1593,1838,862,179,87,25,1,1,2,1,0,0,0,0,0,0,0,0,0,0,0,0,0
device,vf,1,3,1875,0,0,0,0,0,0,0,0,0,2,1,0,0,0,0,0,0,0,0,0,0,0,0,0
device,ee,0,34911,9957,15781,9456,7528,1511,414,167,32,3,0,2,3,2,11,1,0,0,0,0,0,0,0,0,0,0
device,ee,1,34911,22675,15781,9456,7528,1511,414,167,32,3,0,2,2,1,0,10,4,0,0,0,0,0,0,0,0,0
device,ee,1,18,21415,0,0,0,0,0,0,0,0,0,3,2,4,4,3,2,0,0,0,0,0,0,0,0,0
device,ee,0,35558,7797,15983,9542,7896,1504,408,177,26,3,0,4,0,3,12,0,0,0,0,0,0,0,0,0,0,0
device,ee,1,35558,22727,15983,9542,7896,1504,408,177,26,3,0,4,0,1,2,8,4,0,0,0,0,0,0,0,0,0
device,ee,1,17,26387,0,0,0,0,0,0,0,0,0,3,0,3,4,3,4,0,0,0,0,0,0,0,0,0
device,vf,0,7167,1705,2611,1611,1809,840,179,91,23,1,1,0,1,0,0,0,0,0,0,0,0,0,0,0,0,0
device,vf,1,7167,1705,2611,1611,1809,840,179,91,23,1,1,0,1,0,0,0,0,0,0,0,0,0,0,0,0,0
device,vf,1,1,1705,0,0,0,0,0,0,0,0,0,0,1,0,0,0,0,0,0,0,0,0,0,0,0,0
device,ee,0,35411,7791,15865,9502,7922,1482,414,176,30,3,1,2,0,2,12,0,0,0,0,0,0,0,0,0,0,0
device,ee,1,35411,28151,15865,9502,7922,1482,414,176,30,3,1,2,0,0,1,7,6,0,0,0,0,0,0,0,0,0
device,ee,1,15,32975,0,0,0,0,0,0,0,0,0,3,3,0,2,4,2,1,0,0,0,0,0,0,0,0
device,vf,0,7138,1073,2594,1586,1862,808,170,91,23,1,2,0,1,0,0,0,0,0,0,0,0,0,0,0,0,0
device,vf,1,7138,1073,2594,1586,1862,808,170,91,23,1,2,0,1,0,0,0,0,0,0,0,0,0,0,0,0,0
device,vf,1,1,1073,0,0,0,0,0,0,0,0,0,0,1,0,0,0,0,0,0,0,0,0,0,0,0,0
device,ee,0,35543,7739,16186,9470,7652,1578,434,173,30,1,3,2,0,2,12,0,0,0,0,0,0,0,0,0,0,0
device,ee,1,35543,33865,16186,9470,7652,1578,434,173,30,1,3,2,0,0,3,8,2,1,0,0,0,0,0,0,0,0
device,ee,1,16,23459,0,0,0,0,0,0,0,0,1,1,2,1,5,4,2,0,0,0,0,0,0,0,0,0
device,vf,0,7056,619,2611,1585,1746,828,167,91,24,2,1,1,0,0,0,0,0,0,0,0,0,0,0,0,0,0
device,vf,1,7056,619,2611,1585,1746,828,167,91,24,2,1,1,0,0,0,0,0,0,0,0,0,0,0,0,0,0
device,vf,1,1,619,0,0,0,0,0,0,0,0,0,1,0,0,0,0,0,0,0,0,0,0,0,0,0,0
device,ee,0,35907,7767,16369,9411,7803,1654,471,149,30,1,0,3,2,3,11,0,0,0,0,0,0,0,0,0,0,0
device,ee,1,35907,44437,16369,9411,7803,1654,471,149,30,1,0,3,1,2,1,8,3,1,0,0,0,0,0,0,0,0
device,ee,1,17,19883,0,0,0,0,0,0,0,0,0,3,1,4,5,3,1,0,0,0,0,0,0,0,0,0
device,vf,0,7150,1733,2652,1561,1808,829,184,91,21,2,1,0,1,0,0,0,0,0,0,0,0,0,0,0,0,0
device,vf,1,7150,1733,2652,1561,1808,829,184,91,21,2,1,0,1,0,0,0,0,0,0,0,0,0,0,0,0,0
device,vf,1,1,1733,0,0,0,0,0,0,0,0,0,0,1,0,0,0,0,0,0,0,0,0,0,0,0,0
device,ee,0,36034,7711,16290,9521,8048,1517,463,152,19,3,3,4,0,2,12,0,0,0,0,0,0,0,0,0,0,0
device,ee,1,36034,29477,16290,9521,8048,1517,463,152,19,3,3,4,0,0,0,10,4,0,0,0,0,0,0,0,0,0
device,ee,1,19,34759,0,0,0,0,0,0,0,0,3,2,0,0,2,9,2,1,0,0,0,0,0,0,0,0
device,vf,0,7127,2145,2664,1614,1807,738,197,86,15,4,1,0,0,1,0,0,0,0,0,0,0,0,0,0,0,0
device,vf,1,7127,2145,2664,1614,1807,738,197,86,15,4,1,0,0,1,0,0,0,0,0,0,0,0,0,0,0,0
device,vf,1,1,2145,0,0,0,0,0,0,0,0,0,0,0,1,0,0,0,0,0,0,0,0,0,0,0,0
device,ee,0,38197,7763,18016,9701,8149,1660,451,168,26,4,0,6,1,2,13,0,0,0,0,0,0,0,0,0,0,0
device,ee,1,38197,35171,18016,9701,8149,1660,451,168,26,4,0,6,1,1,1,10,2,1,0,0,0,0,0,0,0,0
device,ee,1,21,25049,0,0,0,0,0,0,0,0,0,5,2,3,4,4,3,0,0,0,0,0,0,0,0,0
device,vf,0,7623,1415,3029,1611,1906,788,174,89,19,2,2,2,1,0,0,0,0,0,0,0,0,0,0,0,0,0
device,vf,1,7623,1415,3029,1611,1906,788,174,89,19,2,2,1,2,0,0,0,0,0,0,0,0,0,0,0,0,0
device,vf,1,3,1415,0,0,0,0,0,0,0,0,0,1,2,0,0,0,0,0,0,0,0,0,0,0,0,0
device,ee,0,38991,8229,18855,9710,8116,1634,469,165,22,2,0,3,1,2,11,1,0,0,0,0,0,0,0,0,0,0
device,ee,1,38991,21513,18855,9710,8116,1634,469,165,22,2,0,3,1,0,2,7,5,0,0,0,0,0,0,0,0,0
device,ee,1,16,20973,0,0,0,0,0,0,0,0,0,2,3,0,5,3,3,0,0,0,0,0,0,0,0,0
device,vf,0,7840,935,3234,1640,1891,779,185,92,14,4,0,1,0,0,0,0,0,0,0,0,0,0,0,0,0,0
device,vf,1,7840,935,3234,1640,1891,779,185,92,14,4,0,1,0,0,0,0,0,0,0,0,0,0,0,0,0,0
device,vf,1,1,935,0,0,0,0,0,0,0,0,0,1,0,0,0,0,0,0,0,0,0,0,0,0,0,0
device,ee,0,36363,7755,16513,9519,8043,1613,460,176,19,2,0,4,0,1,13,0,0,0,0,0,0,0,0,0,0,0
device,ee,1,36363,30135,16513,9519,8043,1613,460,176,19,2,0,4,0,1,0,7,6,0,0,0,0,0,0,0,0,0
device,ee,1,17,39313,0,0,0,0,0,0,0,0,0,4,2,4,1,4,0,2,0,0,0,0,0,0,0,0
device,vf,0,7246,2045,2807,1620,1773,749,188,96,11,1,0,0,1,0,0,0,0,0,0,0,0,0,0,0,0,0
device,vf,1,7246,2045,2807,1620,1773,749,188,96,11,1,0,0,1,0,0,0,0,0,0,0,0,0,0,0,0,0
device,vf,1,1,2045,0,0,0,0,0,0,0,0,0,0,1,0,0,0,0,0,0,0,0,0,0,0,0,0
device,ee,0,32992,10467,13588,9354,7861,1508,468,175,19,0,1,3,1,1,11,2,0,0,0,0,0,0,0,0,0,0
device,ee,1,32992,22319,13588,9354,7861,1508,468,175,19,0,1,3,1,0,0,10,4,0,0,0,0,0,0,0,0,0
device,ee,1,18,35069,0,0,0,0,0,0,0,0,1,2,1,1,4,5,3,1,0,0,0,0,0,0,0,0
device,ee,0,33161,7743,13789,9479,7718,1480,479,170,26,2,3,1,0,2,12,0,0,0,0,0,0,0,0,0,0,0
device,ee,1,33161,60505,13789,9479,7718,1480,479,170,26,2,3,1,0,0,1,9,3,1,0,0,0,0,0,0,0,0
device,ee,1,17,16375,0,0,0,0,0,0,0,0,3,0,1,2,6,5,0,0,0,0,0,0,0,0,0,0
device,vf,0,6408,1123,2264,1526,1683,652,168,97,14,2,1,0,1,0,0,0,0,0,0,0,0,0,0,0,0,0
device,vf,1,6408,1123,2264,1526,1683,652,168,97,14,2,1,0,1,0,0,0,0,0,0,0,0,0,0,0,0,0
device,vf,1,1,315,0,0,0,0,0,0,0,0,1,0,0,0,0,0,0,0,0,0,0,0,0,0,0,0
device,ee,0,33247,7967,13863,9393,7808,1488,464,185,21,7,1,2,1,2,12,0,0,0,0,0,0,0,0,0,0,0
device,ee,1,33247,23825,13863,9393,7808,1488,464,185,21,7,1,2,1,1,1,10,2,0,0,0,0,0,0,0,0,0
device,ee,1,17,29693,0,0,0,0,0,0,0,1,0,2,2,1,5,3,3,0,0,0,0,0,0,0,0,0
device,vf,0,6478,4279,2310,1518,1690,674,166,96,19,2,1,0,0,1,1,0,0,0,0,0,0,0,0,0,0,0
device,vf,1,6478,4803,2310,1518,1690,674,166,96,19,2,1,0,0,1,1,0,0,0,0,0,0,0,0,0,0,0
device,vf,1,3,4803,0,0,0,0,0,0,0,0,1,0,0,1,1,0,0,0,0,0,0,0,0,0,0,0
device,ee,0,33585,7743,14024,9514,7820,1539,479,163,23,4,1,3,2,1,12,0,0,0,0,0,0,0,0,0,0,0
device,ee,1,33585,22459,14024,9514,7820,1539,479,163,23,4,1,3,1,1,1,11,1,0,0,0,0,0,0,0,0,0
device,ee,1,16,31147,0,0,0,0,0,0,0,0,0,1,1,4,5,3,2,0,0,0,0,0,0,0,0,0
device,vf,0,6583,903,2380,1501,1713,697,173,98,13,4,1,3,0,0,0,0,0,0,0,0,0,0,0,0,0,0
device,vf,1,6583,903,2380,1501,1713,697,173,98,13,4,1,3,0,0,0,0,0,0,0,0,0,0,0,0,0,0
device,vf,1,2,903,0,0,0,0,0,0,0,0,1,1,0,0,0,0,0,0,0,0,0,0,0,0,0,0
device,ee,0,33438,7761,13776,9483,7981,1503,463,186,21,3,2,3,3,1,13,0,0,0,0,0,0,0,0,0,0,0
device,ee,1,33438,32179,13776,9483,7981,1503,463,186,21,3,2,3,3,0,1,8,5,0,0,0,0,0,0,0,0,0
device,ee,1,19,18149,0,0,0,0,0,0,0,0,1,3,5,1,4,4,1,0,0,0,0,0,0,0,0,0
device,vf,0,6454,2269,2260,1493,1721,683,178,94,18,3,1,0,2,1,0,0,0,0,0,0,0,0,0,0,0,0
device,vf,1,6454,2269,2260,1493,1721,683,178,94,18,3,1,0,2,1,0,0,0,0,0,0,0,0,0,0,0,0
device,vf,1,1,1371,0,0,0,0,0,0,0,0,0,0,1,0,0,0,0,0,0,0,0,0,0,0,0,0
device,ee,0,33970,7743,14635,9477,7648,1507,481,177,22,3,0,5,1,1,13,0,0,0,0,0,0,0,0,0,0,0
device,ee,1,33970,24937,14635,9477,7648,1507,481,177,22,3,0,5,1,0,0,9,5,0,0,0,0,0,0,0,0,0
device,ee,1,17,49299,0,0,0,0,0,0,0,0,0,3,0,1,4,8,0,1,0,0,0,0,0,0,0,0
device,vf,0,6445,987,2345,1507,1635,670,171,97,14,4,1,1,0,0,0,0,0,0,0,0,0,0,0,0,0,0
device,vf,1,6445,987,2345,1507,1635,670,171,97,14,4,1,1,0,0,0,0,0,0,0,0,0,0,0,0,0,0
device,vf,1,1,987,0,0,0,0,0,0,0,0,0,1,0,0,0,0,0,0,0,0,0,0,0,0,0,0
device,ee,0,35266,7773,15684,9584,7777,1520,488,163,25,6,2,1,2,0,14,0,0,0,0,0,0,0,0,0,0,0
device,ee,1,35266,28799,15684,9584,7777,1520,488,163,25,6,2,1,1,1,1,7,6,0,0,0,0,0,0,0,0,0
device,ee,1,17,22659,0,0,0,0,0,0,0,0,1,0,2,2,5,4,3,0,0,0,0,0,0,0,0,0
device,ee,0,35842,7783,15909,9575,8096,1584,471,160,23,4,0,3,2,3,12,0,0,0,0,0,0,0,0,0,0,0
device,ee,1,35842,32465,15909,9575,8096,1584,471,160,23,4,0,3,2,1,0,10,4,0,0,0,0,0,0,0,0,0
device,ee,1,17,20295,0,0,0,0,0,0,0,0,0,1,2,3,1,7,3,0,0,0,0,0,0,0,0,0
device,vf,0,6739,1191,2496,1555,1681,719,173,95,13,3,3,0,1,0,0,0,0,0,0,0,0,0,0,0,0,0
device,vf,1,6739,1191,2496,1555,1681,719,173,95,13,3,3,0,1,0,0,0,0,0,0,0,0,0,0,0,0,0
device,vf,1,1,1191,0,0,0,0,0,0,0,0,0,0,1,0,0,0,0,0,0,0,0,0,0,0,0,0
device,ee,0,35371,7755,15447,9597,8065,1579,482,159,17,4,1,5,1,2,12,0,0,0,0,0,0,0,0,0,0,0
device,ee,1,35371,22339,15447,9597,8065,1579,482,159,17,4,1,5,1,0,0,10,4,0,0,0,0,0,0,0,0,0
device,ee,1,17,32369,0,0,0,0,0,0,0,0,2,1,1,1,3,2,7,0,0,0,0,0,0,0,0,0
device,vf,0,6608,5957,2452,1492,1686,691,176,91,16,2,0,1,0,0,1,0,0,0,0,0,0,0,0,0,0,0
device,vf,1,6608,5957,2452,1492,1686,691,176,91,16,2,0,1,0,0,1,0,0,0,0,0,0,0,0,0,0,0
device,vf,1,1,5957,0,0,0,0,0,0,0,0,0,0,0,0,1,0,0,0,0,0,0,0,0,0,0,0
device,ee,0,35120,7731,15318,9568,7967,1578,492,157,17,3,3,3,1,2,11,0,0,0,0,0,0,0,0,0,0,0
device,ee,1,35120,24197,15318,9568,7967,1578,492,157,17,3,3,3,0,1,2,7,4,0,0,0,0,0,0,0,0,0
device,ee,1,16,11893,0,0,0,0,0,0,0,0,0,4,2,3,1,6,0,0,0,0,0,0,0,0,0,0
device,vf,0,6529,40949,2428,1483,1651,667,195,87,14,2,0,0,0,0,0,1,0,1,0,0,0,0,0,0,0,0
device,vf,1,6529,30779,2428,1483,1651,667,195,87,14,2,0,0,0,0,0,1,1,0,0,0,0,0,0,0,0,0
device,vf,1,2,56745,0,0,0,0,0,0,0,0,0,0,0,0,0,1,0,1,0,0,0,0,0,0,0,0
device,ee,0,34941,7731,15168,9699,7853,1546,489,150,18,2,0,1,1,3,11,0,0,0,0,0,0,0,0,0,0,0
device,ee,1,34941,21211,15168,9699,7853,1546,489,150,18,2,0,1,1,1,4,6,3,0,0,0,0,0,0,0,0,0
device,ee,1,15,25493,0,0,0,0,0,0,0,0,0,4,1,1,4,4,1,0,0,0,0,0,0,0,0,0
device,vf,0,6431,1309,2319,1524,1618,676,184,92,12,3,1,1,1,0,0,0,0,0,0,0,0,0,0,0,0,0
device,vf,1,6431,1309,2319,1524,1618,676,184,92,12,3,1,1,1,0,0,0,0,0,0,0,0,0,0,0,0,0
device,vf,1,1,491,0,0,0,0,0,0,0,0,1,0,0,0,0,0,0,0,0,0,0,0,0,0,0,0
device,ee,0,34299,7753,14709,9617,7815,1483,483,156,18,2,1,1,0,1,13,0,0,0,0,0,0,0,0,0,0,0
device,ee,1,34299,25611,14709,9617,7815,1483,483,156,18,2,1,1,0,1,2,7,4,0,0,0,0,0,0,0,0,0
device,ee,1,15,35643,0,0,0,0,0,0,0,0,1,0,1,2,1,5,4,1,0,0,0,0,0,0,0,0
device,vf,0,6297,659,2245,1493,1608,671,172,89,13,4,1,1,0,0,0,0,0,0,0,0,0,0,0,0,0,0
device,vf,1,6297,659,2245,1493,1608,671,172,89,13,4,1,1,0,0,0,0,0,0,0,0,0,0,0,0,0,0
device,vf,1,1,659,0,0,0,0,0,0,0,0,0,1,0,0,0,0,0,0,0,0,0,0,0,0,0,0
device,ee,0,34383,7749,14717,9622,7858,1508,480,159,17,4,2,1,2,1,12,0,0,0,0,0,0,0,0,0,0,0
device,ee,1,34383,24585,14717,9622,7858,1508,480,159,17,4,2,1,1,1,0,9,4,0,0,0,0,0,0,0,0,0
device,ee,1,16,15003,0,0,0,0,0,0,0,0,3,1,0,3,3,6,0,0,0,0,0,0,0,0,0,0
device,ee,0,33945,7763,14100,9708,7884,1560,489,160,22,1,4,3,1,1,12,0,0,0,0,0,0,0,0,0,0,0
device,ee,1,33945,33019,14100,9708,7884,1560,489,160,22,1,4,3,0,1,0,6,6,1,0,0,0,0,0,0,0,0
device,ee,1,16,38795,0,0,0,0,0,0,0,0,1,1,0,2,1,6,4,1,0,0,0,0,0,0,0,0
device,vf,0,6105,3437,2113,1483,1575,643,183,88,14,3,2,0,0,1,0,0,0,0,0,0,0,0,0,0,0,0
device,vf,1,6105,3437,2113,1483,1575,643,183,88,14,3,2,0,0,1,0,0,0,0,0,0,0,0,0,0,0,0
device,vf,1,1,3437,0,0,0,0,0,0,0,0,0,0,0,1,0,0,0,0,0,0,0,0,0,0,0,0
device,ee,0,34245,7765,14479,9555,7957,1558,482,174,17,5,1,3,1,1,12,0,0,0,0,0,0,0,0,0,0,0
device,ee,1,34245,30133,14479,9555,7957,1558,482,174,17,5,1,3,0,1,1,8,4,0,0,0,0,0,0,0,0,0
device,ee,1,16,21437,0,0,0,0,0,0,0,0,0,3,0,3,2,5,3,0,0,0,0,0,0,0,0,0
device,vf,0,6185,1859,2187,1468,1596,646,178,89,11,3,4,2,1,0,0,0,0,0,0,0,0,0,0,0,0,0
device,vf,1,6185,1859,2187,1468,1596,646,178,89,11,3,4,2,1,0,0,0,0,0,0,0,0,0,0,0,0,0
device,vf,1,4,1859,0,0,0,0,0,0,0,0,1,2,1,0,0,0,0,0,0,0,0,0,0,0,0,0
device,ee,0,34290,7709,14589,9422,7969,1622,493,154,19,3,2,2,0,2,13,0,0,0,0,0,0,0,0,0,0,0
device,ee,1,34290,28069,14589,9422,7969,1622,493,154,19,3,2,2,0,0,2,6,7,0,0,0,0,0,0,0,0,0
device,ee,1,15,21989,0,0,0,0,0,0,0,0,1,0,2,3,2,4,3,0,0,0,0,0,0,0,0,0
device,vf,0,6232,1031,2242,1447,1585,668,185,86,13,4,0,1,1,0,0,0,0,0,0,0,0,0,0,0,0,0
device,vf,1,6232,1031,2242,1447,1585,668,185,86,13,4,0,1,1,0,0,0,0,0,0,0,0,0,0,0,0,0
device,vf,1,1,1031,0,0,0,0,0,0,0,0,0,0,1,0,0,0,0,0,0,0,0,0,0,0,0,0
device,ee,0,34985,7761,15100,9558,7985,1648,507,149,16,1,2,2,2,3,12,0,0,0,0,0,0,0,0,0,0,0
device,ee,1,34985,32805,15100,9558,7985,1648,507,149,16,1,2,2,2,0,3,4,7,1,0,0,0,0,0,0,0,0
device,ee,1,18,33557,0,0,0,0,0,0,0,0,1,0,3,3,7,1,2,1,0,0,0,0,0,0,0,0
device,ee,0,34323,7755,14327,9600,8005,1677,532,141,16,2,2,3,2,4,12,0,0,0,0,0,0,0,0,0,0,0
device,ee,1,34323,25759,14327,9600,8005,1677,532,141,16,2,2,3,2,2,4,7,3,0,0,0,0,0,0,0,0,0
device,ee,1,17,18653,0,0,0,0,0,0,0,0,0,0,2,5,3,6,1,0,0,0,0,0,0,0,0,0
device,ee,0,34102,10053,14060,9564,8058,1701,529,152,14,1,4,2,3,3,9,2,0,0,0,0,0,0,0,0,0,0
device,ee,1,34102,26971,14060,9564,8058,1701,529,152,14,1,4,2,2,0,3,7,5,0,0,0,0,0,0,0,0,0
device,ee,1,15,25579,0,0,0,0,0,0,0,0,0,1,0,4,4,5,1,0,0,0,0,0,0,0,0,0
device,vf,0,6214,769,2169,1447,1604,697,186,92,14,3,1,1,0,0,0,0,0,0,0,0,0,0,0,0,0,0
device,vf,1,6214,769,2169,1447,1604,697,186,92,14,3,1,1,0,0,0,0,0,0,0,0,0,0,0,0,0,0
device,vf,1,1,769,0,0,0,0,0,0,0,0,0,1,0,0,0,0,0,0,0,0,0,0,0,0,0,0
device,ee,0,34901,8005,14977,9535,7981,1680,529,153,20,3,5,2,0,5,11,0,0,0,0,0,0,0,0,0,0,0
device,ee,1,34901,27857,14977,9535,7981,1680,529,153,20,3,5,2,0,2,0,8,6,0,0,0,0,0,0,0,0,0
device,ee,1,18,21901,0,0,0,0,0,0,0,0,3,1,1,3,4,3,3,0,0,0,0,0,0,0,0,0
device,vf,0,6294,865,2303,1437,1611,650,179,95,16,1,1,1,0,0,0,0,0,0,0,0,0,0,0,0,0,0
device,vf,1,6294,865,2303,1437,1611,650,179,95,16,1,1,1,0,0,0,0,0,0,0,0,0,0,0,0,0,0
device,vf,1,1,379,0,0,0,0,0,0,0,0,1,0,0,0,0,0,0,0,0,0,0,0,0,0,0,0
device,ee,0,36599,7739,16431,9643,8006,1761,544,168,18,6,2,2,3,3,12,0,0,0,0,0,0,0,0,0,0,0
device,ee,1,36599,21495,16431,9643,8006,1761,544,168,18,6,2,2,3,1,3,7,4,0,0,0,0,0,0,0,0,0
device,ee,1,17,35757,0,0,0,0,0,0,0,0,0,1,2,2,5,4,2,1,0,0,0,0,0,0,0,0
device,vf,0,6576,689,2535,1392,1688,673,173,95,14,4,1,1,0,0,0,0,0,0,0,0,0,0,0,0,0,0
device,vf,1,6576,689,2535,1392,1688,673,173,95,14,4,1,1,0,0,0,0,0,0,0,0,0,0,0,0,0,0
device,vf,1,1,689,0,0,0,0,0,0,0,0,0,1,0,0,0,0,0,0,0,0,0,0,0,0,0,0
device,ee,0,37558,7717,17326,9556,8165,1773,529,160,22,6,4,1,2,2,12,0,0,0,0,0,0,0,0,0,0,0
device,ee,1,37558,49727,17326,9556,8165,1773,529,160,22,6,4,1,1,0,1,9,4,1,0,0,0,0,0,0,0,0
device,ee,1,15,19463,0,0,0,0,0,0,0,1,0,1,2,3,3,4,1,0,0,0,0,0,0,0,0,0
device,ee,0,37569,7743,17403,9580,8094,1749,540,158,22,2,3,2,2,1,13,0,0,0,0,0,0,0,0,0,0,0
device,ee,1,37569,30111,17403,9580,8094,1749,540,158,22,2,3,2,2,0,1,9,4,0,0,0,0,0,0,0,0,0
device,ee,1,15,26279,0,0,0,0,0,0,0,0,0,0,1,1,5,6,2,0,0,0,0,0,0,0,0,0
device,ee,0,39071,7561,18990,9422,8140,1765,546,162,20,4,2,4,2,3,11,0,0,0,0,0,0,0,0,0,0,0
device,ee,1,39071,21187,18990,9422,8140,1765,546,162,20,4,2,4,2,0,3,8,3,0,0,0,0,0,0,0,0,0
device,ee,1,18,28303,0,0,0,0,0,0,0,0,2,2,1,1,3,6,3,0,0,0,0,0,0,0,0,0
device,vf,0,6847,499,2805,1425,1652,660,188,97,15,3,2,0,0,0,0,0,0,0,0,0,0,0,0,0,0,0
device,vf,1,6847,499,2805,1425,1652,660,188,97,15,3,2,0,0,0,0,0,0,0,0,0,0,0,0,0,0,0
device,vf,1,1,361,0,0,0,0,0,0,0,0,1,0,0,0,0,0,0,0,0,0,0,0,0,0,0,0
device,ee,0,38675,7737,18343,9536,8291,1729,553,174,24,2,5,4,0,2,12,0,0,0,0,0,0,0,0,0,0,0
device,ee,1,38675,24813,18343,9536,8291,1729,553,174,24,2,5,4,0,1,2,8,3,0,0,0,0,0,0,0,0,0
device,ee,1,19,19159,0,0,0,0,0,0,0,0,3,2,3,0,5,5,1,0,0,0,0,0,0,0,0,0
device,vf,0,6857,1959,2824,1409,1680,641,183,97,15,4,1,2,1,0,0,0,0,0,0,0,0,0,0,0,0,0
device,vf,1,6857,1959,2824,1409,1680,641,183,97,15,4,1,2,1,0,0,0,0,0,0,0,0,0,0,0,0,0
device,vf,1,2,1959,0,0,0,0,0,0,0,0,0,1,1,0,0,0,0,0,0,0,0,0,0,0,0,0
device,ee,0,37307,7733,17125,9434,8223,1760,536,177,28,2,5,2,0,2,13,0,0,0,0,0,0,0,0,0,0,0
device,ee,1,37307,22591,17125,9434,8223,1760,536,177,28,2,5,2,0,1,0,5,9,0,0,0,0,0,0,0,0,0
device,ee,1,17,17427,0,0,0,0,0,0,0,0,1,2,1,3,3,5,2,0,0,0,0,0,0,0,0,0
device,ee,0,36583,11363,16256,9540,8276,1746,528,188,26,1,3,5,0,2,10,2,0,0,0,0,0,0,0,0,0,0
device,ee,1,36583,26679,16256,9540,8276,1746,528,188,26,1,3,5,0,0,4,5,5,0,0,0,0,0,0,0,0,0
device,ee,1,17,28825,0,0,0,0,0,0,0,0,0,3,0,0,5,4,5,0,0,0,0,0,0,0,0,0
device,vf,0,6412,749,2483,1384,1585,662,172,100,18,5,2,1,0,0,0,0,0,0,0,0,0,0,0,0,0,0
device,vf,1,6412,749,2483,1384,1585,662,172,100,18,5,2,1,0,0,0,0,0,0,0,0,0,0,0,0,0,0
device,vf,1,1,749,0,0,0,0,0,0,0,0,0,1,0,0,0,0,0,0,0,0,0,0,0,0,0,0
device,ee,0,34249,7585,13937,9560,8235,1732,543,188,27,7,4,1,0,3,12,0,0,0,0,0,0,0,0,0,0,0
device,ee,1,34249,20581,13937,9560,8235,1732,543,188,27,7,4,1,0,0,2,12,1,0,0,0,0,0,0,0,0,0
device,ee,1,18,16025,0,0,0,0,0,0,0,0,2,3,4,3,0,6,0,0,0,0,0,0,0,0,0,0
device,ee,0,33807,7565,13350,9584,8368,1719,546,190,26,2,4,2,0,3,13,0,0,0,0,0,0,0,0,0,0,0
device,ee,1,33807,27309,13350,9584,8368,1719,546,190,26,2,4,2,0,2,0,7,7,0,0,0,0,0,0,0,0,0
device,ee,1,17,19575,0,0,0,0,0,0,0,0,0,2,3,4,2,5,1,0,0,0,0,0,0,0,0,0
device,vf,0,5903,785,2043,1377,1560,620,182,97,15,5,1,3,0,0,0,0,0,0,0,0,0,0,0,0,0,0
device,vf,1,5903,785,2043,1377,1560,620,182,97,15,5,1,3,0,0,0,0,0,0,0,0,0,0,0,0,0,0
device,vf,1,1,785,0,0,0,0,0,0,0,0,0,1,0,0,0,0,0,0,0,0,0,0,0,0,0,0
device,ee,0,34338,7543,13703,9587,8494,1721,578,203,26,3,5,1,4,2,11,0,0,0,0,0,0,0,0,0,0,0
device,ee,1,34338,23247,13703,9587,8494,1721,578,203,26,3,5,1,3,2,1,5,6,0,0,0,0,0,0,0,0,0
device,ee,1,19,41859,0,0,0,0,0,0,0,0,2,1,2,2,2,8,0,2,0,0,0,0,0,0,0,0
device,vf,0,6033,6227,2066,1375,1636,639,192,95,18,7,2,2,0,0,1,0,0,0,0,0,0,0,0,0,0,0
device,vf,1,6033,9637,2066,1375,1636,639,192,95,18,7,2,2,0,0,0,1,0,0,0,0,0,0,0,0,0,0
device,vf,1,2,523,0,0,0,0,0,0,0,0,1,1,0,0,0,0,0,0,0,0,0,0,0,0,0,0
device,ee,0,35656,7605,14623,9778,8609,1781,611,194,31,6,5,4,0,1,13,0,0,0,0,0,0,0,0,0,0,0
device,ee,1,35656,29703,14623,9778,8609,1781,611,194,31,6,5,4,0,0,4,6,4,0,0,0,0,0,0,0,0,0
device,ee,1,19,23097,0,0,0,0,0,0,0,1,1,3,0,4,4,5,1,0,0,0,0,0,0,0,0,0
device,ee,0,35899,8323,14535,10005,8687,1799,596,205,33,6,8,10,0,1,13,1,0,0,0,0,0,0,0,0,0,0
device,ee,1,35899,23785,14535,10005,8687,1799,596,205,33,6,8,10,0,0,0,10,5,0,0,0,0,0,0,0,0,0
device,ee,1,26,18927,0,0,0,0,0,0,0,0,5,6,0,1,4,7,3,0,0,0,0,0,0,0,0,0
device,vf,0,6291,743,2181,1424,1691,676,190,106,10,8,3,2,0,0,0,0,0,0,0,0,0,0,0,0,0,0
device,vf,1,6291,743,2181,1424,1691,676,190,106,10,8,3,2,0,0,0,0,0,0,0,0,0,0,0,0,0,0
device,vf,1,1,431,0,0,0,0,0,0,0,0,1,0,0,0,0,0,0,0,0,0,0,0,0,0,0,0
device,ee,0,35460,7613,13854,10106,8777,1830,613,202,43,7,4,7,3,3,11,0,0,0,0,0,0,0,0,0,0,0
device,ee,1,35460,25101,13854,10106,8777,1830,613,202,43,7,4,7,2,2,1,7,5,0,0,0,0,0,0,0,0,0
device,ee,1,20,24587,0,0,0,0,0,0,0,0,1,3,2,2,3,6,3,0,0,0,0,0,0,0,0,0
device,ee,0,36202,8811,14654,10108,8664,1858,650,191,36,13,8,3,1,1,14,1,0,0,0,0,0,0,0,0,0,0
device,ee,1,36202,22249,14654,10108,8664,1858,650,191,36,13,8,3,0,1,2,8,6,0,0,0,0,0,0,0,0,0
device,ee,1,20,11719,0,0,0,0,0,0,0,0,2,1,0,1,10,6,0,0,0,0,0,0,0,0,0,0
device,vf,0,6379,4695,2226,1497,1638,692,196,101,16,7,3,2,0,0,1,0,0,0,0,0,0,0,0,0,0,0
device,vf,1,6379,4695,2226,1497,1638,692,196,101,16,7,3,2,0,0,1,0,0,0,0,0,0,0,0,0,0,0
device,vf,1,1,4695,0,0,0,0,0,0,0,0,0,0,0,0,1,0,0,0,0,0,0,0,0,0,0,0
device,ee,0,38249,7559,16358,10155,8902,1885,670,202,41,7,8,4,1,1,15,0,0,0,0,0,0,0,0,0,0,0
device,ee,1,38249,31569,16358,10155,8902,1885,670,202,41,7,8,4,0,1,3,10,3,0,0,0,0,0,0,0,0,0
device,ee,1,20,20727,0,0,0,0,0,0,0,0,2,2,1,4,5,4,2,0,0,0,0,0,0,0,0,0
device,ee,0,39805,9057,17555,10278,9037,1945,688,219,37,16,10,3,2,1,13,1,0,0,0,0,0,0,0,0,0,0
device,ee,1,39805,21815,17555,10278,9037,1945,688,219,37,16,10,3,1,2,1,12,1,0,0,0,0,0,0,0,0,0
device,ee,1,20,38155,0,0,0,0,0,0,0,1,3,0,1,4,1,6,3,1,0,0,0,0,0,0,0,0
device,vf,0,7078,11227,2664,1483,1823,746,225,99,23,11,1,2,0,0,0,1,0,0,0,0,0,0,0,0,0,0
device,vf,1,7078,11731,2664,1483,1823,746,225,99,23,11,1,2,0,0,0,1,0,0,0,0,0,0,0,0,0,0
device,vf,1,2,10133,0,0,0,0,0,0,0,0,0,1,0,0,0,1,0,0,0,0,0,0,0,0,0,0
device,ee,0,39923,11161,17557,10422,8961,2000,686,226,36,6,5,6,4,1,10,3,0,0,0,0,0,0,0,0,0,0
device,ee,1,39923,32607,17557,10422,8961,2000,686,226,36,6,5,6,4,1,0,7,6,0,0,0,0,0,0,0,0,0
device,ee,1,19,31459,0,0,0,0,0,0,0,1,2,0,3,0,3,5,5,0,0,0,0,0,0,0,0,0
device,ee,0,38968,7579,16777,10282,8880,2021,682,233,40,14,14,10,1,1,13,0,0,0,0,0,0,0,0,0,0,0
device,ee,1,38968,28603,16777,10282,8880,2021,682,233,40,14,13,11,0,0,1,9,5,0,0,0,0,0,0,0,0,0
device,ee,1,29,29583,0,0,0,0,0,0,0,0,7,8,1,3,4,3,3,0,0,0,0,0,0,0,0,0
device,vf,0,6912,9443,2558,1489,1748,738,234,97,27,12,2,5,1,0,0,1,0,0,0,0,0,0,0,0,0,0
device,vf,1,6912,9719,2558,1489,1748,738,234,97,27,12,2,5,1,0,0,1,0,0,0,0,0,0,0,0,0,0
device,vf,1,2,9533,0,0,0,0,0,0,0,0,0,1,0,0,0,1,0,0,0,0,0,0,0,0,0,0
device,ee,0,38276,8781,15592,10506,9112,1978,748,233,54,14,12,10,3,1,12,1,0,0,0,0,0,0,0,0,0,0
device,ee,1,38276,25099,15592,10506,9112,1978,748,233,54,14,12,10,2,2,0,6,7,0,0,0,0,0,0,0,0,0
device,ee,1,22,25103,0,0,0,0,0,0,0,0,3,4,2,5,2,4,2,0,0,0,0,0,0,0,0,0
device,vf,0,6728,2425,2362,1484,1743,744,236,105,34,11,4,4,0,1,0,0,0,0,0,0,0,0,0,0,0,0
device,vf,1,6728,2425,2362,1484,1743,744,236,105,34,11,4,4,0,1,0,0,0,0,0,0,0,0,0,0,0,0
device,vf,1,1,525,0,0,0,0,0,0,0,0,0,1,0,0,0,0,0,0,0,0,0,0,0,0,0,0
device,ee,0,36394,9893,13944,10361,9014,1958,763,245,54,15,9,10,4,4,12,1,0,0,0,0,0,0,0,0,0,0
device,ee,1,36394,19335,13944,10361,9014,1958,763,245,54,15,9,10,4,1,2,11,3,0,0,0,0,0,0,0,0,0
device,ee,1,29,18053,0,0,0,0,0,0,0,0,2,9,6,4,3,3,2,0,0,0,0,0,0,0,0,0
device,vf,0,6467,2737,2179,1424,1699,758,249,106,32,8,6,4,0,2,0,0,0,0,0,0,0,0,0,0,0,0
device,vf,1,6467,2737,2179,1424,1699,758,249,106,32,8,6,4,0,2,0,0,0,0,0,0,0,0,0,0,0,0
device,vf,1,1,2737,0,0,0,0,0,0,0,0,0,0,0,1,0,0,0,0,0,0,0,0,0,0,0,0
device,ee,0,36037,9301,13568,10451,8963,1937,749,250,54,17,12,12,8,2,13,1,0,0,0,0,0,0,0,0,0,0
device,ee,1,36037,22185,13568,10451,8963,1937,749,250,54,17,12,12,8,0,3,8,5,0,0,0,0,0,0,0,0,0
device,ee,1,31,12689,0,0,0,0,0,0,0,0,3,9,3,5,6,5,0,0,0,0,0,0,0,0,0,0
device,vf,0,6419,2807,2165,1420,1689,736,250,101,30,13,8,3,1,3,0,0,0,0,0,0,0,0,0,0,0,0
device,vf,1,6419,2807,2165,1420,1689,736,250,101,30,13,8,3,1,3,0,0,0,0,0,0,0,0,0,0,0,0
device,vf,1,3,2211,0,0,0,0,0,0,0,0,1,1,0,1,0,0,0,0,0,0,0,0,0,0,0,0
device,ee,0,37495,11107,14878,10509,9005,1990,757,247,45,16,14,11,8,2,11,2,0,0,0,0,0,0,0,0,0,0
device,ee,1,37495,30885,14878,10509,9005,1990,757,247,45,16,14,11,7,2,0,11,3,0,0,0,0,0,0,0,0,0
device,ee,1,31,18309,0,0,0,0,0,0,0,0,7,5,5,3,1,9,1,0,0,0,0,0,0,0,0,0
device,ee,0,38287,10081,15500,10547,9100,2024,766,246,48,14,13,5,5,4,14,1,0,0,0,0,0,0,0,0,0,0
device,ee,1,38287,33713,15500,10547,9100,2024,766,246,48,14,13,5,4,3,2,11,3,1,0,0,0,0,0,0,0,0
device,ee,1,29,37057,0,0,0,0,0,0,0,0,5,3,3,2,7,5,3,1,0,0,0,0,0,0,0,0
device,vf,0,6721,5849,2361,1411,1809,725,262,104,24,13,6,3,1,0,2,0,0,0,0,0,0,0,0,0,0,0
device,vf,1,6721,5863,2361,1411,1809,725,262,104,24,13,6,3,1,0,2,0,0,0,0,0,0,0,0,0,0,0
device,vf,1,2,5847,0,0,0,0,0,0,0,0,0,0,0,0,2,0,0,0,0,0,0,0,0,0,0,0
device,ee,0,38720,11221,15610,10705,9190,2037,809,249,61,18,11,8,6,2,11,3,0,0,0,0,0,0,0,0,0,0
device,ee,1,38720,46951,15610,10705,9190,2037,809,249,61,18,10,9,5,1,2,7,6,1,0,0,0,0,0,0,0,0
device,ee,1,26,47221,0,0,0,0,0,0,0,0,2,5,4,3,6,5,0,1,0,0,0,0,0,0,0,0
device,ee,0,38666,7901,15456,10582,9364,2067,797,247,78,30,17,6,5,2,15,0,0,0,0,0,0,0,0,0,0,0
device,ee,1,38666,23429,15456,10582,9364,2067,797,247,78,29,18,6,4,3,1,7,7,0,0,0,0,0,0,0,0,0
device,ee,1,26,37287,0,0,0,0,0,0,0,0,4,2,3,4,7,4,1,1,0,0,0,0,0,0,0,0
device,vf,0,6869,19907,2390,1427,1851,756,262,122,34,15,5,3,1,2,0,0,1,0,0,0,0,0,0,0,0,0
device,vf,1,6869,19907,2390,1427,1851,756,262,122,34,15,5,3,1,2,0,0,1,0,0,0,0,0,0,0,0,0
device,vf,1,1,19907,0,0,0,0,0,0,0,0,0,0,0,0,0,0,1,0,0,0,0,0,0,0,0,0
device,ee,0,38540,7661,15154,10615,9451,2117,812,260,64,21,11,7,6,7,15,0,0,0,0,0,0,0,0,0,0,0
device,ee,1,38540,24897,15154,10615,9451,2117,812,260,64,21,11,7,5,7,2,11,3,0,0,0,0,0,0,0,0,0
device,ee,1,30,16489,0,0,0,0,0,0,0,0,3,5,3,9,3,6,1,0,0,0,0,0,0,0,0,0
device,vf,0,6752,5933,2295,1446,1817,746,270,125,26,10,6,7,1,2,1,0,0,0,0,0,0,0,0,0,0,0
device,vf,1,6752,5979,2295,1446,1817,746,270,125,26,10,6,7,1,2,1,0,0,0,0,0,0,0,0,0,0,0
device,vf,1,1,5981,0,0,0,0,0,0,0,0,0,0,0,0,1,0,0,0,0,0,0,0,0,0,0,0
device,ee,0,39074,9579,15701,10642,9457,2089,794,241,77,22,11,15,6,4,12,3,0,0,0,0,0,0,0,0,0,0
device,ee,1,39074,22091,15701,10642,9457,2089,794,241,77,21,12,15,5,3,3,8,6,0,0,0,0,0,0,0,0,0
device,ee,1,34,21989,0,0,0,0,0,0,0,0,4,10,1,4,7,7,1,0,0,0,0,0,0,0,0,0
device,vf,0,6859,2643,2399,1474,1797,755,270,104,28,13,9,4,4,2,0,0,0,0,0,0,0,0,0,0,0,0
device,vf,1,6859,2643,2399,1474,1797,755,270,104,28,13,9,4,4,2,0,0,0,0,0,0,0,0,0,0,0,0
device,vf,1,4,2393,0,0,0,0,0,0,0,0,0,2,1,1,0,0,0,0,0,0,0,0,0,0,0,0
device,ee,0,39567,19859,15943,10736,9538,2151,816,247,68,21,10,4,8,7,16,1,1,0,0,0,0,0,0,0,0,0
device,ee,1,39567,33571,15943,10736,9538,2151,816,247,68,21,10,4,7,6,6,8,5,1,0,0,0,0,0,0,0,0
device,ee,1,28,55619,0,0,0,0,0,0,0,0,4,3,5,4,4,6,1,1,0,0,0,0,0,0,0,0
device,vf,0,6984,9217,2455,1480,1839,787,259,103,33,11,9,1,4,1,1,1,0,0,0,0,0,0,0,0,0,0
device,vf,1,6984,10085,2455,1480,1839,787,259,103,33,11,9,1,4,1,1,1,0,0,0,0,0,0,0,0,0,0
device,vf,1,2,10085,0,0,0,0,0,0,0,0,0,0,0,0,1,1,0,0,0,0,0,0,0,0,0,0
device,ee,0,40050,11463,16273,10840,9525,2164,839,275,60,18,13,12,5,10,15,1,0,0,0,0,0,0,0,0,0,0
device,ee,1,40050,36229,16273,10840,9525,2164,839,275,60,18,13,12,5,4,7,11,3,1,0,0,0,0,0,0,0,0
device,ee,1,35,32995,0,0,0,0,0,0,0,0,4,7,4,5,8,6,0,1,0,0,0,0,0,0,0,0
device,vf,0,7020,19253,2470,1481,1834,804,272,103,21,17,7,5,3,0,0,2,1,0,0,0,0,0,0,0,0,0
device,vf,1,7020,59967,2470,1481,1834,804,272,103,21,17,7,5,3,0,0,0,1,2,0,0,0,0,0,0,0,0
device,vf,1,3,57879,0,0,0,0,0,0,0,0,0,0,0,0,0,0,1,2,0,0,0,0,0,0,0,0
device,ee,0,39896,10275,15691,10914,9801,2223,860,282,65,21,7,8,0,7,15,2,0,0,0,0,0,0,0,0,0,0
device,ee,1,39896,64783,15691,10914,9801,2223,860,282,65,21,7,8,0,4,3,8,8,1,0,0,0,0,0,0,0,0
device,ee,1,29,64783,0,0,0,0,0,0,0,0,3,4,1,3,7,7,3,1,0,0,0,0,0,0,0,0
device,vf,0,7006,62287,2369,1501,1859,827,283,116,16,16,3,8,2,2,0,2,1,1,0,0,0,0,0,0,0,0
device,vf,1,7006,111001,2369,1501,1859,827,283,116,16,16,3,8,2,2,0,1,2,0,1,0,0,0,0,0,0,0
device,vf,1,5,111001,0,0,0,0,0,0,0,1,1,0,0,0,0,0,2,0,1,0,0,0,0,0,0,0
device,ee,0,40250,9245,16136,10747,9872,2225,842,293,72,15,10,9,6,8,13,2,0,0,0,0,0,0,0,0,0,0
device,ee,1,40250,76885,16136,10747,9872,2225,842,293,72,15,10,9,5,5,4,10,4,0,1,0,0,0,0,0,0,0
device,ee,1,29,77717,0,0,0,0,0,0,0,0,0,3,5,9,7,4,0,0,1,0,0,0,0,0,0,0
device,vf,0,7009,11093,2420,1484,1874,782,263,120,25,17,7,6,4,2,4,1,0,0,0,0,0,0,0,0,0,0
device,vf,1,7009,13301,2420,1484,1874,782,263,120,25,17,7,6,4,2,4,1,0,0,0,0,0,0,0,0,0,0
device,vf,1,5,14337,0,0,0,0,0,0,0,0,0,0,1,0,3,1,0,0,0,0,0,0,0,0,0,0
device,ee,0,40121,15485,15836,10881,9876,2221,837,307,70,27,23,15,6,4,14,4,0,0,0,0,0,0,0,0,0,0
device,ee,1,40121,25887,15836,10881,9876,2221,837,307,70,26,20,18,6,2,6,5,10,0,0,0,0,0,0,0,0,0
device,ee,1,39,27985,0,0,0,0,0,0,0,0,9,11,2,2,6,5,4,0,0,0,0,0,0,0,0,0
device,vf,0,7007,9571,2387,1489,1896,774,262,125,31,16,10,4,4,4,2,3,0,0,0,0,0,0,0,0,0,0
device,vf,1,7007,21189,2387,1489,1896,774,262,125,31,16,10,4,4,3,3,2,1,0,0,0,0,0,0,0,0,0
device,vf,1,9,21189,0,0,0,0,0,0,0,0,1,0,1,2,4,0,1,0,0,0,0,0,0,0,0,0
device,ee,0,40920,9351,16443,10880,9990,2245,903,300,67,32,20,8,6,8,16,2,0,0,0,0,0,0,0,0,0,0
device,ee,1,40920,28371,16443,10880,9990,2245,903,300,67,32,20,8,5,6,8,10,3,0,0,0,0,0,0,0,0,0
device,ee,1,40,20105,0,0,0,0,0,0,0,1,8,5,3,6,11,5,1,0,0,0,0,0,0,0,0,0
device,vf,0,7123,9203,2414,1553,1895,766,290,122,41,15,8,7,5,4,1,2,0,0,0,0,0,0,0,0,0,0
device,vf,1,7123,16251,2414,1553,1895,766,290,122,41,15,8,7,2,7,1,2,0,0,0,0,0,0,0,0,0,0
device,vf,1,8,16019,0,0,0,0,0,0,1,0,0,1,1,3,0,2,0,0,0,0,0,0,0,0,0,0
device,ee,0,42176,17701,17116,11184,10183,2257,948,302,83,38,19,9,12,5,16,3,1,0,0,0,0,0,0,0,0,0
device,ee,1,42176,64221,17116,11184,10183,2257,948,302,83,38,19,8,13,4,5,12,3,1,0,0,0,0,0,0,0,0
device,ee,1,43,64221,0,0,0,0,0,0,0,0,4,4,14,3,4,10,3,1,0,0,0,0,0,0,0,0
device,vf,0,7322,10601,2513,1563,1943,790,302,118,48,18,11,3,3,4,3,3,0,0,0,0,0,0,0,0,0,0
device,vf,1,7322,24115,2513,1563,1943,790,302,118,48,18,11,3,3,4,3,1,2,0,0,0,0,0,0,0,0,0
device,vf,1,6,20435,0,0,0,0,0,0,0,0,0,0,0,2,1,1,2,0,0,0,0,0,0,0,0,0
device,ee,0,41326,17407,16235,11198,10193,2232,1001,299,80,28,11,13,7,7,18,3,1,0,0,0,0,0,0,0,0,0
device,ee,1,41326,46439,16235,11198,10193,2232,1001,299,80,28,11,13,5,8,3,11,8,1,0,0,0,0,0,0,0,0
device,ee,1,39,53223,0,0,0,0,0,0,0,0,2,8,3,5,10,6,4,1,0,0,0,0,0,0,0,0
device,vf,0,7167,10237,2411,1567,1904,762,312,118,40,22,7,9,6,4,3,2,0,0,0,0,0,0,0,0,0,0
device,vf,1,7167,10771,2411,1567,1904,762,312,118,40,22,7,9,5,5,3,2,0,0,0,0,0,0,0,0,0,0
device,vf,1,7,8361,0,0,0,0,0,0,0,0,0,0,1,3,2,1,0,0,0,0,0,0,0,0,0,0
device,ee,0,40760,11505,15437,11362,10201,2295,965,319,89,25,15,11,17,6,15,3,0,0,0,0,0,0,0,0,0,0
device,ee,1,40760,43623,15437,11362,10201,2295,965,319,89,25,14,11,16,5,4,13,3,1,0,0,0,0,0,0,0,0
device,ee,1,38,25889,0,0,0,0,0,0,0,0,2,5,10,5,6,7,3,0,0,0,0,0,0,0,0,0
device,vf,0,7097,16123,2322,1558,1890,807,300,119,45,22,6,9,6,6,1,6,0,0,0,0,0,0,0,0,0,0
device,vf,1,7097,68641,2322,1558,1890,807,300,119,45,22,6,9,6,6,1,4,0,1,1,0,0,0,0,0,0,0
device,vf,1,11,58369,0,0,0,0,0,0,0,0,0,1,1,2,3,1,1,2,0,0,0,0,0,0,0,0
device,ee,0,41216,14033,15433,11474,10385,2402,990,330,95,27,32,17,6,4,19,2,0,0,0,0,0,0,0,0,0,0
device,ee,1,41216,96819,15433,11474,10385,2402,990,330,95,27,31,18,4,5,5,10,5,1,1,0,0,0,0,0,0,0
device,ee,1,40,108205,0,0,0,0,0,0,0,0,8,8,2,3,5,8,3,2,1,0,0,0,0,0,0,0
device,vf,0,7184,15239,2305,1571,1947,829,310,115,52,22,16,9,2,2,2,2,0,0,0,0,0,0,0,0,0,0
device,vf,1,7184,47435,2305,1571,1947,829,310,115,52,22,16,9,2,2,1,2,0,1,0,0,0,0,0,0,0,0
device,vf,1,8,47435,0,0,0,0,0,0,0,0,1,0,2,1,1,2,0,1,0,0,0,0,0,0,0,0
device,ee,0,42707,16641,16876,11471,10287,2528,990,340,96,47,25,13,10,6,14,3,1,0,0,0,0,0,0,0,0,0
device,ee,1,42707,39911,16876,11471,10287,2528,990,340,96,47,25,13,8,3,2,12,8,1,0,0,0,0,0,0,0,0
device,ee,1,42,42587,0,0,0,0,0,0,0,0,8,4,6,3,10,5,5,1,0,0,0,0,0,0,0,0
device,vf,0,7362,11737,2467,1603,1917,831,306,135,42,28,13,9,4,2,2,3,0,0,0,0,0,0,0,0,0,0
device,vf,1,7362,22759,2467,1603,1917,831,306,135,42,27,14,9,4,2,2,1,2,0,0,0,0,0,0,0,0,0
device,vf,1,8,24943,0,0,0,0,0,0,0,0,0,2,1,2,0,1,2,0,0,0,0,0,0,0,0,0
device,ee,0,42382,12377,16572,11455,10243,2525,1010,369,84,41,25,17,12,9,17,3,0,0,0,0,0,0,0,0,0,0
device,ee,1,42382,34893,16572,11455,10243,2525,1010,369,84,41,25,17,11,7,6,10,6,1,0,0,0,0,0,0,0,0
device,ee,1,38,34893,0,0,0,0,0,0,0,0,1,6,7,6,4,10,2,2,0,0,0,0,0,0,0,0
device,vf,0,7278,17877,2436,1564,1893,824,335,115,47,25,16,10,5,2,3,2,1,0,0,0,0,0,0,0,0,0
device,vf,1,7278,91891,2436,1564,1893,824,335,115,47,25,15,11,5,2,1,4,0,0,1,0,0,0,0,0,0,0
device,vf,1,5,75717,0,0,0,0,0,0,0,0,0,0,1,0,0,3,0,0,1,0,0,0,0,0,0,0
device,ee,0,42647,9741,16546,11523,10413,2532,1036,370,110,36,25,20,12,8,15,1,0,0,0,0,0,0,0,0,0,0
device,ee,1,42647,24293,16546,11523,10413,2532,1036,370,110,36,25,18,14,6,3,11,4,0,0,0,0,0,0,0,0,0
device,ee,1,35,14965,0,0,0,0,0,0,0,0,3,7,6,3,5,11,0,0,0,0,0,0,0,0,0,0
device,vf,0,7424,11279,2496,1568,1926,851,340,132,48,25,15,7,5,6,2,3,0,0,0,0,0,0,0,0,0,0
device,vf,1,7424,13213,2496,1568,1926,851,340,132,48,25,15,7,4,6,3,3,0,0,0,0,0,0,0,0,0,0
device,vf,1,9,17981,0,0,0,0,0,0,0,0,0,2,0,3,2,1,1,0,0,0,0,0,0,0,0,0
device,ee,0,42453,16857,16013,11649,10520,2591,1038,399,120,54,22,15,5,7,16,3,1,0,0,0,0,0,0,0,0,0
device,ee,1,42453,44597,16013,11649,10520,2591,1038,399,120,54,22,15,5,3,4,16,3,1,0,0,0,0,0,0,0,0
device,ee,1,35,39481,0,0,0,0,0,0,0,0,1,7,5,5,5,8,3,1,0,0,0,0,0,0,0,0
device,vf,0,7438,12783,2466,1525,2006,852,346,128,47,28,15,9,8,4,2,2,0,0,0,0,0,0,0,0,0,0
device,vf,1,7438,60119,2466,1525,2006,852,346,128,47,28,14,9,3,7,2,2,2,1,0,0,0,0,0,0,0,0
device,vf,1,11,33261,0,0,0,0,0,0,0,0,0,2,1,3,1,2,1,1,0,0,0,0,0,0,0,0
device,ee,0,41743,9749,15430,11479,10522,2601,1085,378,124,55,18,16,12,6,14,3,0,0,0,0,0,0,0,0,0,0
device,ee,1,41743,18055,15430,11479,10522,2601,1085,378,124,55,17,17,11,5,6,10,3,0,0,0,0,0,0,0,0,0
device,ee,1,31,23789,0,0,0,0,0,0,0,0,0,8,6,3,5,6,3,0,0,0,0,0,0,0,0,0
device,vf,0,7334,27771,2377,1517,1981,860,330,150,50,24,12,11,6,9,4,2,1,0,0,0,0,0,0,0,0,0
device,vf,1,7334,49005,2377,1517,1981,860,330,150,50,24,12,11,5,6,4,4,1,2,0,0,0,0,0,0,0,0
device,vf,1,14,45693,0,0,0,0,0,0,0,0,0,1,2,3,3,3,1,1,0,0,0,0,0,0,0,0
device,ee,0,42972,7769,16578,11420,10617,2539,1109,422,133,73,25,17,18,8,13,0,0,0,0,0,0,0,0,0,0,0
device,ee,1,42972,19883,16578,11420,10617,2539,1109,422,133,73,25,17,16,9,1,9,4,0,0,0,0,0,0,0,0,0
device,ee,1,42,41445,0,0,0,0,0,0,0,0,2,8,14,6,4,7,0,1,0,0,0,0,0,0,0,0
device,vf,0,7479,21219,2465,1512,2020,850,351,150,56,23,11,20,5,6,6,2,2,0,0,0,0,0,0,0,0,0
device,vf,1,7479,161723,2465,1512,2020,850,351,150,56,23,11,18,6,4,5,4,2,0,1,1,0,0,0,0,0,0
device,vf,1,15,175835,0,0,0,0,0,0,0,1,1,2,1,1,5,2,0,0,1,1,0,0,0,0,0,0
device,ee,0,45470,8681,18430,11629,10940,2638,1142,419,129,53,32,22,14,7,14,1,0,0,0,0,0,0,0,0,0,0
device,ee,1,45470,21703,18430,11629,10940,2638,1142,419,129,53,32,22,13,5,1,11,6,0,0,0,0,0,0,0,0,0
device,ee,1,47,23875,0,0,0,0,0,0,0,0,5,13,8,6,5,8,2,0,0,0,0,0,0,0,0,0
device,vf,0,8055,26549,2816,1589,2128,903,339,150,55,25,13,11,6,7,7,5,1,0,0,0,0,0,0,0,0,0
device,vf,1,8055,65673,2816,1589,2128,903,339,150,55,25,13,10,6,2,8,7,2,1,1,0,0,0,0,0,0,0
device,vf,1,13,65137,0,0,0,0,0,0,0,0,1,0,1,1,2,6,0,2,0,0,0,0,0,0,0,0
device,ee,0,45508,11425,18399,11634,11065,2600,1130,408,142,54,31,13,11,5,12,4,0,0,0,0,0,0,0,0,0,0
device,ee,1,45508,54885,18399,11634,11065,2600,1130,408,142,54,30,14,11,4,2,9,5,1,0,0,0,0,0,0,0,0
device,ee,1,32,47073,0,0,0,0,0,0,0,0,3,3,7,6,5,5,2,1,0,0,0,0,0,0,0,0
device,vf,0,7991,46543,2752,1606,2140,881,350,134,45,30,13,11,7,8,10,3,0,1,0,0,0,0,0,0,0,0
device,vf,1,7991,63711,2752,1606,2140,881,350,134,45,30,13,11,6,7,6,7,1,2,0,0,0,0,0,0,0,0
device,vf,1,13,69971,0,0,0,0,0,0,0,0,0,1,0,2,2,6,0,1,1,0,0,0,0,0,0,0
device,ee,0,45188,10301,18110,11662,10965,2611,1152,407,158,40,26,18,13,7,17,2,0,0,0,0,0,0,0,0,0,0
device,ee,1,45188,34419,18110,11662,10965,2611,1152,407,158,40,23,19,10,8,8,9,5,1,0,0,0,0,0,0,0,0
device,ee,1,42,32113,0,0,0,0,0,0,0,0,4,5,5,8,10,6,4,0,0,0,0,0,0,0,0,0
device,vf,0,7929,21019,2756,1594,2095,841,368,144,49,23,14,11,10,15,4,3,2,0,0,0,0,0,0,0,0,0
device,vf,1,7929,1686213,2756,1594,2095,841,368,144,49,23,14,10,10,12,5,2,3,1,1,0,0,0,1,0,0,0
device,vf,1,20,1683493,0,0,0,0,0,0,0,0,0,4,4,2,3,3,2,1,0,0,0,0,1,0,0,0
device,ee,0,44779,22365,17805,11609,10891,2574,1202,433,138,54,23,13,11,5,15,5,1,0,0,0,0,0,0,0,0,0
device,ee,1,44779,130949,17805,11609,10891,2574,1202,433,138,54,22,12,12,6,1,14,4,0,2,0,0,0,0,0,0,0
device,ee,1,37,71677,0,0,0,0,0,0,0,0,0,5,8,4,7,5,6,1,1,0,0,0,0,0,0,0
device,vf,0,7894,38185,2697,1643,2075,826,372,158,46,28,12,10,11,3,6,6,0,1,0,0,0,0,0,0,0,0
device,vf,1,7894,315607,2697,1643,2075,826,372,158,46,28,11,11,9,5,3,2,5,2,0,0,1,0,0,0,0,0
device,vf,1,15,315607,0,0,0,0,0,0,0,0,0,1,3,1,3,1,3,2,0,0,1,0,0,0,0,0
device,ee,0,44978,13665,18039,11496,10846,2606,1204,457,166,69,33,24,14,7,14,3,0,0,0,0,0,0,0,0,0,0
device,ee,1,44978,48111,18039,11496,10846,2606,1204,457,166,69,33,24,13,6,3,9,6,1,0,0,0,0,0,0,0,0
device,ee,1,43,19679,0,0,0,0,0,0,0,0,2,12,8,7,6,7,1,0,0,0,0,0,0,0,0,0
device,vf,0,7960,12595,2736,1642,2071,835,363,159,69,35,14,13,6,12,3,2,0,0,0,0,0,0,0,0,0,0
device,vf,1,7960,35749,2736,1642,2071,835,363,159,69,35,13,13,5,11,3,1,3,1,0,0,0,0,0,0,0,0
device,vf,1,10,35749,0,0,0,0,0,0,0,0,0,1,2,1,2,2,0,2,0,0,0,0,0,0,0,0
device,ee,0,44696,11275,17577,11420,11062,2605,1174,480,201,75,48,20,12,8,12,2,0,0,0,0,0,0,0,0,0,0
device,ee,1,44696,24573,17577,11420,11062,2605,1174,480,201,75,48,19,13,4,3,7,8,0,0,0,0,0,0,0,0,0
device,ee,1,35,23017,0,0,0,0,0,0,0,1,2,7,9,5,4,5,2,0,0,0,0,0,0,0,0,0
device,vf,0,7921,82485,2670,1613,2092,849,362,180,63,30,12,19,11,4,5,3,5,2,1,0,0,0,0,0,0,0
device,vf,1,7921,156843,2670,1613,2092,849,362,180,63,30,11,14,16,3,8,3,2,2,1,2,0,0,0,0,0,0
device,vf,1,14,156843,0,0,0,0,0,0,0,1,1,1,1,1,1,1,3,2,1,1,0,0,0,0,0,0
device,ee,0,43226,10601,16071,11459,10962,2675,1207,507,163,86,35,25,14,6,12,4,0,0,0,0,0,0,0,0,0,0
device,ee,1,43226,48619,16071,11459,10962,2675,1207,507,162,85,33,27,14,6,2,9,6,1,0,0,0,0,0,0,0,0
device,ee,1,34,35737,0,0,0,0,0,0,0,0,4,5,5,5,6,7,1,1,0,0,0,0,0,0,0,0
device,vf,0,7695,14005,2492,1582,2087,843,358,182,54,27,18,16,13,8,5,10,0,0,0,0,0,0,0,0,0,0
device,vf,1,7695,52955,2492,1582,2087,843,358,182,54,26,19,10,17,3,6,6,7,3,0,0,0,0,0,0,0,0
device,vf,1,18,52955,0,0,0,0,0,0,0,0,1,0,0,1,2,5,6,3,0,0,0,0,0,0,0,0
device,ee,0,42335,12149,14971,11477,11145,2671,1216,486,195,74,32,29,12,5,17,5,0,0,0,0,0,0,0,0,0,0
device,ee,1,42335,21053,14971,11477,11145,2671,1216,486,195,73,32,28,12,4,6,15,4,0,0,0,0,0,0,0,0,0
device,ee,1,38,19687,0,0,0,0,0,0,0,0,0,10,6,4,11,5,2,0,0,0,0,0,0,0,0,0
device,vf,0,7519,16127,2342,1561,2059,856,379,153,60,32,27,17,13,5,11,4,0,0,0,0,0,0,0,0,0,0
device,vf,1,7519,39473,2342,1561,2059,856,379,153,60,31,27,15,6,10,11,5,3,1,0,0,0,0,0,0,0,0
device,vf,1,16,63969,0,0,0,0,0,0,0,1,2,1,1,2,4,3,0,2,0,0,0,0,0,0,0,0
device,ee,0,43384,10855,16004,11450,11246,2676,1155,477,203,54,39,24,17,11,24,4,0,0,0,0,0,0,0,0,0,0
device,ee,1,43384,56557,16004,11450,11246,2676,1155,477,199,57,36,22,18,11,8,12,12,1,0,0,0,0,0,0,0,0
device,ee,1,48,36411,0,0,0,0,0,0,0,0,2,5,8,10,5,10,7,1,0,0,0,0,0,0,0,0
device,vf,0,7728,20973,2490,1583,2121,842,356,169,61,35,17,17,10,9,9,8,1,0,0,0,0,0,0,0,0,0
device,vf,1,7728,162991,2490,1583,2121,842,356,169,59,37,16,14,8,10,10,4,4,3,1,1,0,0,0,0,0,0
device,vf,1,19,163291,0,0,0,0,0,0,0,0,0,1,1,3,3,3,3,3,1,1,0,0,0,0,0,0
device,ee,0,42889,14713,15557,11546,11184,2609,1141,442,155,89,61,40,23,17,15,10,0,0,0,0,0,0,0,0,0,0
device,ee,1,42889,81289,15557,11546,11184,2609,1141,441,152,83,57,37,22,22,10,19,6,2,1,0,0,0,0,0,0,0
device,ee,1,88,39421,0,0,0,0,0,0,0,0,7,14,20,15,10,14,7,1,0,0,0,0,0,0,0,0
device,vf,0,7648,15505,2432,1594,2069,857,354,173,59,38,21,17,14,10,3,7,0,0,0,0,0,0,0,0,0,0
device,vf,1,7648,159951,2432,1594,2069,857,354,173,59,37,20,16,13,10,4,6,2,1,0,1,0,0,0,0,0,0
device,vf,1,24,159951,0,0,0,0,0,0,0,2,1,3,2,6,6,1,0,2,0,1,0,0,0,0,0,0
device,ee,0,43153,13735,15659,11631,11213,2642,1141,451,167,84,55,35,34,20,15,6,0,0,0,0,0,0,0,0,0,0
device,ee,1,43153,47819,15659,11631,11213,2642,1141,451,166,83,52,30,34,22,7,15,5,2,0,0,0,0,0,0,0,0
device,ee,1,84,53235,0,0,0,0,0,0,0,1,7,13,21,23,7,7,4,1,0,0,0,0,0,0,0,0
device,vf,0,7657,25275,2420,1579,2098,852,365,175,84,35,18,15,8,1,4,2,1,0,0,0,0,0,0,0,0,0
device,vf,1,7657,174939,2420,1579,2098,852,363,176,81,39,18,15,7,2,3,3,0,0,0,1,0,0,0,0,0,0
device,vf,1,14,174939,0,0,0,0,0,0,0,1,2,2,4,0,1,3,0,0,0,1,0,0,0,0,0,0
device,ee,0,42756,15771,15099,11680,11329,2715,1132,422,147,92,56,20,16,25,17,6,0,0,0,0,0,0,0,0,0,0
device,ee,1,42756,61003,15099,11680,11329,2715,1132,421,145,90,46,23,19,21,12,13,9,2,0,0,0,0,0,0,0,0
device,ee,1,70,50637,0,0,0,0,0,0,0,0,2,10,9,16,11,11,10,1,0,0,0,0,0,0,0,0
device,vf,0,7580,11949,2316,1550,2180,851,365,167,72,32,20,11,7,5,1,3,0,0,0,0,0,0,0,0,0,0
device,vf,1,7580,22233,2316,1550,2180,851,365,167,72,32,20,9,8,6,0,3,1,0,0,0,0,0,0,0,0,0
device,vf,1,7,13395,0,0,0,0,0,0,0,0,1,1,0,2,0,3,0,0,0,0,0,0,0,0,0,0
device,ee,0,42619,15229,14986,11627,11425,2689,1105,403,150,96,40,34,24,14,21,5,0,0,0,0,0,0,0,0,0,0
device,ee,1,42619,35795,14986,11627,11425,2689,1104,404,146,89,36,30,33,17,14,11,5,3,0,0,0,0,0,0,0,0
device,ee,1,80,81523,0,0,0,0,0,0,0,0,1,15,23,16,8,11,4,1,1,0,0,0,0,0,0,0
device,vf,0,7611,15135,2372,1550,2188,822,365,163,71,37,14,10,9,5,1,4,0,0,0,0,0,0,0,0,0,0
device,vf,1,7611,65201,2372,1550,2188,822,358,162,76,40,14,10,7,6,1,4,0,1,0,0,0,0,0,0,0,0
device,vf,1,15,65201,0,0,0,0,0,0,0,1,2,2,1,4,2,2,0,1,0,0,0,0,0,0,0,0
device,ee,0,43502,11349,15974,11666,11205,2738,1122,387,192,70,55,27,20,20,23,3,0,0,0,0,0,0,0,0,0,0
device,ee,1,43502,40837,15974,11666,11205,2738,1122,386,190,68,48,32,19,22,10,17,4,1,0,0,0,0,0,0,0,0
device,ee,1,76,42059,0,0,0,0,0,0,0,0,5,11,16,20,10,9,4,1,0,0,0,0,0,0,0,0
device,vf,0,7730,11103,2518,1562,2119,827,356,185,85,36,20,12,4,3,0,3,0,0,0,0,0,0,0,0,0,0
device,vf,1,7730,13153,2518,1562,2119,827,355,183,86,35,23,12,4,3,0,3,0,0,0,0,0,0,0,0,0,0
device,vf,1,12,12619,0,0,0,0,0,0,0,0,2,5,0,2,2,1,0,0,0,0,0,0,0,0,0,0
device,ee,0,45748,12087,18208,11577,11301,2751,1134,419,166,68,37,25,22,16,21,3,0,0,0,0,0,0,0,0,0,0
device,ee,1,45748,28177,18208,11577,11301,2751,1134,419,166,68,35,20,22,19,12,4,12,0,0,0,0,0,0,0,0,0
device,ee,1,66,30295,0,0,0,0,0,0,0,0,4,9,14,13,9,12,5,0,0,0,0,0,0,0,0,0
device,vf,0,8156,17485,2817,1588,2171,867,371,213,73,18,24,5,4,2,1,1,1,0,0,0,0,0,0,0,0,0
device,vf,1,8156,56257,2817,1588,2171,867,371,213,73,18,24,5,4,2,1,0,1,1,0,0,0,0,0,0,0,0
device,vf,1,9,27677,0,0,0,0,0,0,0,0,2,2,1,1,1,0,2,0,0,0,0,0,0,0,0,0
device,ee,0,47435,12567,19594,11593,11651,2677,1108,454,178,72,41,17,19,9,17,5,0,0,0,0,0,0,0,0,0,0
device,ee,1,47435,56623,19594,11593,11651,2677,1108,454,178,71,41,16,18,9,7,9,8,1,0,0,0,0,0,0,0,0
device,ee,1,46,62495,0,0,0,0,0,0,0,0,2,6,11,6,6,8,6,1,0,0,0,0,0,0,0,0
device,vf,0,8400,5827,2968,1614,2262,874,357,192,65,36,16,9,4,2,1,0,0,0,0,0,0,0,0,0,0,0
device,vf,1,8400,5827,2968,1614,2262,874,357,192,65,36,16,9,4,2,1,0,0,0,0,0,0,0,0,0,0,0
device,vf,1,2,5827,0,0,0,0,0,0,0,0,0,1,0,0,1,0,0,0,0,0,0,0,0,0,0,0
device,ee,0,46727,13883,19145,11467,11614,2729,1052,399,154,66,34,25,7,17,13,5,0,0,0,0,0,0,0,0,0,0
device,ee,1,46727,34273,19145,11467,11614,2729,1052,399,153,66,29,28,8,15,5,9,7,1,0,0,0,0,0,0,0,0
device,ee,1,53,36215,0,0,0,0,0,0,0,0,3,13,9,9,8,5,5,1,0,0,0,0,0,0,0,0
device,vf,0,8258,3999,2929,1557,2240,898,348,174,62,22,13,9,0,6,0,0,0,0,0,0,0,0,0,0,0,0
device,vf,1,8258,3999,2929,1557,2240,898,348,174,62,22,13,9,0,6,0,0,0,0,0,0,0,0,0,0,0,0
device,vf,1,8,3895,0,0,0,0,0,0,0,0,1,2,0,5,0,0,0,0,0,0,0,0,0,0,0,0
device,ee,0,51043,11403,22735,11919,11787,2834,1075,400,132,56,23,38,20,10,12,2,0,0,0,0,0,0,0,0,0,0
device,ee,1,51043,78591,22735,11919,11787,2834,1075,400,132,56,23,35,21,8,2,8,7,0,1,0,0,0,0,0,0,0
device,ee,1,62,63693,0,0,0,0,0,0,0,0,5,15,17,8,8,7,0,2,0,0,0,0,0,0,0,0
device,vf,0,9111,12111,3526,1664,2324,966,351,173,59,22,13,6,3,1,1,2,0,0,0,0,0,0,0,0,0,0
device,vf,1,9111,16971,3526,1664,2324,966,351,173,59,22,13,6,3,1,1,1,1,0,0,0,0,0,0,0,0,0
device,vf,1,8,11087,0,0,0,0,0,0,0,0,1,2,1,1,1,2,0,0,0,0,0,0,0,0,0,0
device,ee,0,58269,11149,29132,12164,12405,2903,1028,368,133,52,19,25,15,11,13,1,0,0,0,0,0,0,0,0,0,0
device,ee,1,58269,25039,29132,12164,12405,2903,1028,368,133,51,19,22,14,9,7,7,7,0,0,0,0,0,0,0,0,0
device,ee,1,53,16329,0,0,0,0,0,0,0,0,2,13,8,12,10,8,0,0,0,0,0,0,0,0,0,0
device,vf,0,10541,5781,4548,1857,2546,961,355,170,55,28,8,7,1,3,2,0,0,0,0,0,0,0,0,0,0,0
device,vf,1,10541,7883,4548,1857,2546,961,355,170,55,28,8,7,1,3,2,0,0,0,0,0,0,0,0,0,0,0
device,vf,1,6,5317,0,0,0,0,0,0,0,1,0,1,1,2,1,0,0,0,0,0,0,0,0,0,0,0
device,ee,0,58815,7775,29977,12006,12557,2750,986,313,127,32,22,13,8,8,16,0,0,0,0,0,0,0,0,0,0,0
device,ee,1,58815,32913,29977,12006,12557,2750,986,313,127,32,22,12,8,7,5,6,6,1,0,0,0,0,0,0,0,0
device,ee,1,29,30885,0,0,0,0,0,0,0,0,4,4,1,3,7,6,4,0,0,0,0,0,0,0,0,0
device,vf,0,10469,12107,4595,1805,2574,937,314,151,59,15,10,3,4,0,0,2,0,0,0,0,0,0,0,0,0,0
device,vf,1,10469,14413,4595,1805,2574,937,314,151,59,15,10,3,3,1,0,2,0,0,0,0,0,0,0,0,0,0
device,vf,1,4,11959,0,0,0,0,0,0,0,0,0,0,1,1,0,2,0,0,0,0,0,0,0,0,0,0
device,ee,0,60460,11097,31828,11883,12392,2837,983,361,95,26,14,12,6,4,18,1,0,0,0,0,0,0,0,0,0,0
device,ee,1,60460,23275,31828,11883,12392,2837,983,361,95,26,14,12,5,5,3,9,7,0,0,0,0,0,0,0,0,0
device,ee,1,39,28261,0,0,0,0,0,0,0,1,3,9,5,4,5,5,7,0,0,0,0,0,0,0,0,0
device,vf,0,10855,4949,4947,1811,2594,929,333,165,55,14,3,1,1,1,1,0,0,0,0,0,0,0,0,0,0,0
device,vf,1,10855,4949,4947,1811,2594,929,333,165,55,14,3,1,1,1,1,0,0,0,0,0,0,0,0,0,0,0
device,vf,1,3,4949,0,0,0,0,0,0,0,1,0,0,0,1,1,0,0,0,0,0,0,0,0,0,0,0
device,ee,0,60118,10115,31730,11920,12294,2813,932,291,78,14,11,12,5,5,12,1,0,0,0,0,0,0,0,0,0,0
device,ee,1,60118,21537,31730,11920,12294,2813,932,291,78,14,11,12,4,2,2,9,6,0,0,0,0,0,0,0,0,0
device,ee,1,31,16299,0,0,0,0,0,0,0,0,4,6,3,3,8,7,0,0,0,0,0,0,0,0,0,0
device,vf,0,10822,1377,4959,1834,2602,935,296,137,43,8,4,2,2,0,0,0,0,0,0,0,0,0,0,0,0,0
device,vf,1,10822,1377,4959,1834,2602,935,296,137,43,8,4,2,2,0,0,0,0,0,0,0,0,0,0,0,0,0
device,vf,1,1,1377,0,0,0,0,0,0,0,0,0,0,1,0,0,0,0,0,0,0,0,0,0,0,0,0
device,ee,0,58379,11877,30732,11665,11974,2735,900,258,64,11,13,5,5,6,10,1,0,0,0,0,0,0,0,0,0,0
device,ee,1,58379,22213,30732,11665,11974,2735,900,258,64,11,13,5,5,2,2,11,2,0,0,0,0,0,0,0,0,0
device,ee,1,29,14115,0,0,0,0,0,0,0,0,5,4,6,3,6,5,0,0,0,0,0,0,0,0,0,0
device,vf,0,10368,1839,4701,1801,2532,869,291,124,32,13,1,2,2,0,0,0,0,0,0,0,0,0,0,0,0,0
device,vf,1,10368,1839,4701,1801,2532,869,291,124,32,13,1,2,2,0,0,0,0,0,0,0,0,0,0,0,0,0
device,vf,1,4,1839,0,0,0,0,0,0,0,0,0,2,2,0,0,0,0,0,0,0,0,0,0,0,0,0
device,ee,0,55679,11665,28464,11546,11768,2637,901,263,55,4,9,6,7,4,14,1,0,0,0,0,0,0,0,0,0,0
device,ee,1,55679,23273,28464,11546,11768,2637,901,263,55,4,9,6,6,4,3,6,7,0,0,0,0,0,0,0,0,0
device,ee,1,30,22163,0,0,0,0,0,0,0,0,2,4,5,5,8,2,4,0,0,0,0,0,0,0,0,0
device,vf,0,9704,11373,4293,1718,2364,874,284,124,32,7,4,1,1,0,1,1,0,0,0,0,0,0,0,0,0,0
device,vf,1,9704,23393,4293,1718,2364,874,284,124,32,7,4,1,1,0,1,0,1,0,0,0,0,0,0,0,0,0
device,vf,1,4,18523,0,0,0,0,0,0,0,0,1,0,1,0,1,0,1,0,0,0,0,0,0,0,0,0
device,ee,0,51165,9609,24383,11342,11652,2579,846,261,63,3,9,7,3,1,15,1,0,0,0,0,0,0,0,0,0,0
device,ee,1,51165,27527,24383,11342,11652,2579,846,261,63,3,9,7,3,1,1,11,4,0,0,0,0,0,0,0,0,0
device,ee,1,28,30303,0,0,0,0,0,0,0,0,4,5,3,6,6,2,2,0,0,0,0,0,0,0,0,0
device,ee,0,48847,8635,22350,11275,11573,2466,853,235,55,10,8,5,2,2,12,1,0,0,0,0,0,0,0,0,0,0
device,ee,1,48847,72283,22350,11275,11573,2466,853,235,55,10,8,5,1,1,2,9,3,0,1,0,0,0,0,0,0,0
device,ee,1,25,65423,0,0,0,0,0,0,0,0,5,3,3,3,3,5,2,1,0,0,0,0,0,0,0,0
device,ee,0,47191,7757,21154,11168,11311,2422,831,217,48,9,6,7,3,2,13,0,0,0,0,0,0,0,0,0,0,0
device,ee,1,47191,33783,21154,11168,11311,2422,831,217,48,9,6,7,2,2,2,5,6,1,0,0,0,0,0,0,0,0
device,ee,1,23,31667,0,0,0,0,0,0,0,1,2,7,1,1,4,3,4,0,0,0,0,0,0,0,0,0
device,vf,0,8015,2207,3167,1496,2163,802,245,106,28,6,0,1,0,1,0,0,0,0,0,0,0,0,0,0,0,0
device,vf,1,8015,2207,3167,1496,2163,802,245,106,28,6,0,1,0,1,0,0,0,0,0,0,0,0,0,0,0,0
device,vf,1,1,2207,0,0,0,0,0,0,0,0,0,0,0,1,0,0,0,0,0,0,0,0,0,0,0,0
device,ee,0,47736,7797,21719,11114,11382,2400,800,238,50,8,4,4,3,3,11,0,0,0,0,0,0,0,0,0,0,0
device,ee,1,47736,20477,21719,11114,11382,2400,800,238,50,8,4,4,3,0,1,8,5,0,0,0,0,0,0,0,0,0
device,ee,1,20,29427,0,0,0,0,0,0,0,0,2,2,2,0,2,7,5,0,0,0,0,0,0,0,0,0
device,vf,0,8058,1443,3236,1513,2167,770,226,113,26,5,1,0,1,0,0,0,0,0,0,0,0,0,0,0,0,0
device,vf,1,8058,1443,3236,1513,2167,770,226,113,26,5,1,0,1,0,0,0,0,0,0,0,0,0,0,0,0,0
device,vf,1,1,1443,0,0,0,0,0,0,0,0,0,0,1,0,0,0,0,0,0,0,0,0,0,0,0,0
device,ee,0,48827,7725,22921,11079,11342,2348,809,233,52,9,8,8,3,3,12,0,0,0,0,0,0,0,0,0,0,0
device,ee,1,48827,16329,22921,11079,11342,2348,809,233,52,9,8,8,2,3,1,12,0,0,0,0,0,0,0,0,0,0
device,ee,1,26,22139,0,0,0,0,0,0,0,0,4,7,1,1,2,8,3,0,0,0,0,0,0,0,0,0
device,vf,0,8252,4917,3431,1520,2175,729,253,108,19,11,4,1,0,0,1,0,0,0,0,0,0,0,0,0,0,0
device,vf,1,8252,4917,3431,1520,2175,729,253,108,19,11,4,1,0,0,1,0,0,0,0,0,0,0,0,0,0,0
device,vf,1,1,4917,0,0,0,0,0,0,0,0,0,0,0,0,1,0,0,0,0,0,0,0,0,0,0,0
device,ee,0,47429,9147,21826,10980,11233,2253,810,232,46,14,9,4,4,4,13,1,0,0,0,0,0,0,0,0,0,0
device,ee,1,47429,18715,21826,10980,11233,2253,810,232,46,14,9,4,3,2,6,8,3,0,0,0,0,0,0,0,0,0
device,ee,1,25,29235,0,0,0,0,0,0,0,0,2,4,2,2,5,7,3,0,0,0,0,0,0,0,0,0
device,vf,0,7989,7237,3307,1488,2122,684,245,101,26,5,2,3,2,3,1,0,0,0,0,0,0,0,0,0,0,0
device,vf,1,7989,7801,3307,1488,2122,684,245,101,26,5,2,3,2,3,1,0,0,0,0,0,0,0,0,0,0,0
device,vf,1,4,6765,0,0,0,0,0,0,0,0,0,0,0,3,1,0,0,0,0,0,0,0,0,0,0,0
device,ee,0,45094,7773,19895,10855,11003,2218,807,225,50,9,8,3,6,3,12,0,0,0,0,0,0,0,0,0,0,0
device,ee,1,45094,36357,19895,10855,11003,2218,807,225,50,9,8,3,4,3,2,8,3,1,0,0,0,0,0,0,0,0
device,ee,1,25,27817,0,0,0,0,0,0,0,0,2,2,5,6,4,4,2,0,0,0,0,0,0,0,0,0
device,vf,0,7602,3295,3039,1467,2040,675,243,100,23,7,5,1,1,1,0,0,0,0,0,0,0,0,0,0,0,0
device,vf,1,7602,3295,3039,1467,2040,675,243,100,23,7,5,1,1,1,0,0,0,0,0,0,0,0,0,0,0,0
device,vf,1,1,3295,0,0,0,0,0,0,0,0,0,0,0,1,0,0,0,0,0,0,0,0,0,0,0,0
device,ee,0,45162,8003,19833,10800,11152,2255,821,219,43,11,9,4,1,1,13,0,0,0,0,0,0,0,0,0,0,0
device,ee,1,45162,28895,19833,10800,11152,2255,821,219,43,11,9,4,1,0,2,9,3,0,0,0,0,0,0,0,0,0
device,ee,1,21,42969,0,0,0,0,0,0,0,0,4,2,2,0,7,3,1,2,0,0,0,0,0,0,0,0
device,vf,0,7565,3297,2978,1398,2128,674,248,101,26,9,2,0,0,1,0,0,0,0,0,0,0,0,0,0,0,0
device,vf,1,7565,3297,2978,1398,2128,674,248,101,26,9,2,0,0,1,0,0,0,0,0,0,0,0,0,0,0,0
device,vf,1,1,3297,0,0,0,0,0,0,0,0,0,0,0,1,0,0,0,0,0,0,0,0,0,0,0,0
device,ee,0,45053,10379,19714,10778,11086,2343,828,230,36,9,6,7,0,2,13,1,0,0,0,0,0,0,0,0,0,0
device,ee,1,45053,30665,19714,10778,11086,2343,828,230,36,9,6,7,0,1,0,7,8,0,0,0,0,0,0,0,0,0
device,ee,1,19,31099,0,0,0,0,0,0,0,0,2,3,1,0,5,5,3,0,0,0,0,0,0,0,0,0
device,vf,0,7459,14857,2886,1435,2080,665,252,102,29,5,1,2,1,0,0,1,0,0,0,0,0,0,0,0,0,0
device,vf,1,7459,14857,2886,1435,2080,665,252,102,29,5,1,2,1,0,0,1,0,0,0,0,0,0,0,0,0,0
device,vf,1,1,14857,0,0,0,0,0,0,0,0,0,0,0,0,0,1,0,0,0,0,0,0,0,0,0,0
device,ee,0,44597,8023,19437,10685,10993,2358,811,228,48,7,10,3,1,4,12,0,0,0,0,0,0,0,0,0,0,0
device,ee,1,44597,30413,19437,10685,10993,2358,811,228,48,7,10,3,1,2,3,4,7,0,0,0,0,0,0,0,0,0
device,ee,1,20,20229,0,0,0,0,0,0,0,0,3,1,2,1,5,6,2,0,0,0,0,0,0,0,0,0
device,vf,0,7470,28897,2919,1423,2048,685,256,98,26,5,5,4,0,0,0,0,1,0,0,0,0,0,0,0,0,0
device,vf,1,7470,21287,2919,1423,2048,685,256,98,26,5,5,4,0,0,0,0,1,0,0,0,0,0,0,0,0,0
device,vf,1,2,21835,0,0,0,0,0,0,0,0,1,0,0,0,0,0,1,0,0,0,0,0,0,0,0,0
device,ee,0,44098,7971,19192,10643,10768,2346,827,237,52,6,7,3,3,2,12,0,0,0,0,0,0,0,0,0,0,0
device,ee,1,44098,26955,19192,10643,10768,2346,827,237,52,6,7,3,3,0,0,9,5,0,0,0,0,0,0,0,0,0
device,ee,1,22,26735,0,0,0,0,0,0,0,0,3,3,7,0,2,6,1,0,0,0,0,0,0,0,0,0
device,vf,0,7281,2241,2826,1404,1944,696,268,102,31,5,2,2,0,1,0,0,0,0,0,0,0,0,0,0,0,0
device,vf,1,7281,2241,2826,1404,1944,696,268,102,31,5,2,2,0,1,0,0,0,0,0,0,0,0,0,0,0,0
device,vf,1,1,2241,0,0,0,0,0,0,0,0,0,0,0,1,0,0,0,0,0,0,0,0,0,0,0,0
device,ee,0,43322,7995,18378,10755,10700,2299,860,232,58,10,4,6,6,2,12,0,0,0,0,0,0,0,0,0,0,0
device,ee,1,43322,35931,18378,10755,10700,2299,860,232,58,10,4,6,5,1,1,7,5,1,0,0,0,0,0,0,0,0
device,ee,1,23,24573,0,0,0,0,0,0,0,0,0,3,5,3,4,5,3,0,0,0,0,0,0,0,0,0
device,vf,0,7167,12737,2712,1400,1940,693,267,107,36,6,2,1,1,1,0,1,0,0,0,0,0,0,0,0,0,0
device,vf,1,7167,12873,2712,1400,1940,693,267,107,36,6,2,1,1,1,0,1,0,0,0,0,0,0,0,0,0,0
device,vf,1,2,11319,0,0,0,0,0,0,0,0,0,0,0,1,0,1,0,0,0,0,0,0,0,0,0,0
device,ee,0,44361,8017,19566,10601,10653,2318,854,253,67,20,5,5,2,4,13,0,0,0,0,0,0,0,0,0,0,0
device,ee,1,44361,30515,19566,10601,10653,2318,854,253,67,20,5,5,1,3,1,9,5,0,0,0,0,0,0,0,0,0
device,ee,1,23,20887,0,0,0,0,0,0,0,0,3,5,0,5,2,5,3,0,0,0,0,0,0,0,0,0
device,ee,0,46169,11005,21476,10519,10594,2357,862,255,66,7,7,5,4,4,12,1,0,0,0,0,0,0,0,0,0,0
device,ee,1,46169,32301,21476,10519,10594,2357,862,255,66,7,7,5,4,2,1,8,6,0,0,0,0,0,0,0,0,0
device,ee,1,23,30337,0,0,0,0,0,0,0,0,3,3,1,4,2,6,4,0,0,0,0,0,0,0,0,0
device,vf,0,7622,875,3089,1374,1995,722,286,105,32,11,4,4,0,0,0,0,0,0,0,0,0,0,0,0,0,0
device,vf,1,7622,875,3089,1374,1995,722,286,105,32,11,4,4,0,0,0,0,0,0,0,0,0,0,0,0,0,0
device,vf,1,1,875,0,0,0,0,0,0,0,0,0,1,0,0,0,0,0,0,0,0,0,0,0,0,0,0
device,ee,0,46296,11141,21493,10622,10581,2363,890,252,51,9,9,5,3,6,10,2,0,0,0,0,0,0,0,0,0,0
device,ee,1,46296,27857,21493,10622,10581,2363,890,252,51,9,9,5,3,2,2,9,5,0,0,0,0,0,0,0,0,0
device,ee,1,27,24951,0,0,0,0,0,0,0,0,6,3,1,3,6,5,3,0,0,0,0,0,0,0,0,0
device,vf,0,7576,8019,3008,1395,2033,702,279,105,35,7,7,2,2,0,1,0,0,0,0,0,0,0,0,0,0,0
device,vf,1,7576,8019,3008,1395,2033,702,279,105,35,7,7,2,2,0,1,0,0,0,0,0,0,0,0,0,0,0
device,vf,1,2,8019,0,0,0,0,0,0,0,0,0,0,1,0,1,0,0,0,0,0,0,0,0,0,0,0
device,ee,0,47595,7987,22684,10629,10676,2363,882,263,60,8,6,5,4,2,13,0,0,0,0,0,0,0,0,0,0,0
device,ee,1,47595,20583,22684,10629,10676,2363,882,263,60,8,6,5,4,0,2,8,5,0,0,0,0,0,0,0,0,0
device,ee,1,23,14705,0,0,0,0,0,0,0,1,2,3,4,3,5,5,0,0,0,0,0,0,0,0,0,0
device,ee,0,47777,8009,22963,10485,10719,2368,889,256,57,10,13,0,2,4,11,0,0,0,0,0,0,0,0,0,0,0
device,ee,1,47777,26521,22963,10485,10719,2368,889,256,57,10,13,0,2,1,2,8,4,0,0,0,0,0,0,0,0,0
device,ee,1,19,34623,0,0,0,0,0,0,0,0,3,0,1,2,1,5,6,1,0,0,0,0,0,0,0,0
device,vf,0,7804,2553,3202,1383,2070,706,286,104,34,14,2,0,1,2,0,0,0,0,0,0,0,0,0,0,0,0
device,vf,1,7804,2553,3202,1383,2070,706,286,104,34,14,2,0,1,2,0,0,0,0,0,0,0,0,0,0,0,0
device,vf,1,3,2553,0,0,0,0,0,0,0,0,0,0,1,2,0,0,0,0,0,0,0,0,0,0,0,0
device,ee,0,46140,9507,21529,10320,10642,2388,896,260,62,9,8,7,2,2,14,1,0,0,0,0,0,0,0,0,0,0
device,ee,1,46140,28457,21529,10320,10642,2388,896,260,62,9,8,7,1,2,4,8,4,0,0,0,0,0,0,0,0,0
device,ee,1,25,27725,0,0,0,0,0,0,0,1,3,3,2,4,5,5,2,0,0,0,0,0,0,0,0,0
device,vf,0,7547,1441,3027,1352,2006,705,285,118,37,12,0,2,3,0,0,0,0,0,0,0,0,0,0,0,0,0
device,vf,1,7547,1441,3027,1352,2006,705,285,118,37,12,0,2,3,0,0,0,0,0,0,0,0,0,0,0,0,0
device,vf,1,3,1441,0,0,0,0,0,0,0,0,0,1,2,0,0,0,0,0,0,0,0,0,0,0,0,0
device,ee,0,43598,7997,19292,10226,10450,2366,900,259,58,11,11,8,4,1,12,0,0,0,0,0,0,0,0,0,0,0
device,ee,1,43598,29109,19292,10226,10450,2366,900,259,58,11,11,8,3,1,0,9,4,0,0,0,0,0,0,0,0,0
device,ee,1,22,23289,0,0,0,0,0,0,0,0,3,4,2,2,3,3,5,0,0,0,0,0,0,0,0,0
device,ee,0,43822,9687,19251,10156,10755,2385,875,292,62,8,10,10,3,1,13,1,0,0,0,0,0,0,0,0,0,0
device,ee,1,43822,27259,19251,10156,10755,2385,875,292,62,8,10,9,3,1,3,8,4,0,0,0,0,0,0,0,0,0
device,ee,1,27,25115,0,0,0,0,0,0,0,0,5,6,2,2,6,4,2,0,0,0,0,0,0,0,0,0
device,vf,0,7279,9957,2780,1322,2024,698,280,118,40,11,2,3,0,0,0,1,0,0,0,0,0,0,0,0,0,0
device,vf,1,7279,10787,2780,1322,2024,698,280,118,40,11,2,3,0,0,0,1,0,0,0,0,0,0,0,0,0,0
device,vf,1,2,10321,0,0,0,0,0,0,0,0,1,0,0,0,0,1,0,0,0,0,0,0,0,0,0,0
device,ee,0,43827,9917,19070,10246,10801,2417,900,274,65,18,10,8,2,3,12,1,0,0,0,0,0,0,0,0,0,0
device,ee,1,43827,28667,19070,10246,10801,2417,900,274,65,18,10,7,3,1,2,8,5,0,0,0,0,0,0,0,0,0
device,ee,1,23,37959,0,0,0,0,0,0,0,0,2,6,3,3,2,5,1,1,0,0,0,0,0,0,0,0
device,vf,0,7284,8203,2758,1322,2035,714,279,112,42,12,6,2,0,1,0,1,0,0,0,0,0,0,0,0,0,0
device,vf,1,7284,8983,2758,1322,2035,714,279,112,42,12,6,2,0,1,0,1,0,0,0,0,0,0,0,0,0,0
device,vf,1,2,8733,0,0,0,0,0,0,0,0,0,0,0,1,0,1,0,0,0,0,0,0,0,0,0,0
device,ee,0,43173,8015,18495,10338,10626,2419,916,278,48,12,16,8,2,4,11,0,0,0,0,0,0,0,0,0,0,0
device,ee,1,43173,31995,18495,10338,10626,2419,916,278,48,12,16,8,2,0,4,6,5,0,0,0,0,0,0,0,0,0
device,ee,1,23,32495,0,0,0,0,0,0,0,1,3,5,1,2,3,5,3,0,0,0,0,0,0,0,0,0
device,vf,0,7074,16219,2600,1332,1984,708,279,110,41,11,3,4,1,0,0,1,0,0,0,0,0,0,0,0,0,0
device,vf,1,7074,18855,2600,1332,1984,708,279,110,41,11,3,4,1,0,0,0,1,0,0,0,0,0,0,0,0,0
device,vf,1,2,9451,0,0,0,0,0,0,0,0,0,0,1,0,0,1,0,0,0,0,0,0,0,0,0,0
device,ee,0,43574,9947,19099,10242,10522,2423,892,274,68,18,13,7,2,3,10,1,0,0,0,0,0,0,0,0,0,0
device,ee,1,43574,41901,19099,10242,10522,2423,892,274,68,18,13,7,2,1,3,5,4,1,0,0,0,0,0,0,0,0
device,ee,1,22,37567,0,0,0,0,0,0,0,0,5,2,2,0,1,6,5,1,0,0,0,0,0,0,0,0
device,vf,0,7149,23189,2708,1341,1921,732,266,113,45,13,7,2,0,0,0,0,1,0,0,0,0,0,0,0,0,0
device,vf,1,7149,24225,2708,1341,1921,732,266,113,45,13,7,2,0,0,0,0,1,0,0,0,0,0,0,0,0,0
device,vf,1,2,22101,0,0,0,0,0,0,0,0,0,1,0,0,0,0,1,0,0,0,0,0,0,0,0,0
device,ee,0,44494,8051,20154,10192,10473,2389,888,286,57,18,10,6,5,4,12,0,0,0,0,0,0,0,0,0,0,0
device,ee,1,44494,23349,20154,10192,10473,2389,888,286,57,18,9,7,5,4,1,6,5,0,0,0,0,0,0,0,0,0
device,ee,1,25,47453,0,0,0,0,0,0,0,1,3,6,4,3,5,2,0,1,0,0,0,0,0,0,0,0
device,vf,0,7303,7443,2863,1335,1932,712,285,118,35,14,5,2,0,1,1,0,0,0,0,0,0,0,0,0,0,0
device,vf,1,7303,7443,2863,1335,1932,712,285,118,35,14,5,2,0,1,1,0,0,0,0,0,0,0,0,0,0,0
device,vf,1,2,7443,0,0,0,0,0,0,0,0,1,0,0,0,1,0,0,0,0,0,0,0,0,0,0,0
device,ee,0,45100,8021,20764,10165,10485,2401,904,265,59,20,14,5,4,0,14,0,0,0,0,0,0,0,0,0,0,0
device,ee,1,45100,36449,20764,10165,10485,2401,904,265,59,20,14,5,4,0,3,5,5,1,0,0,0,0,0,0,0,0
device,ee,1,24,22065,0,0,0,0,0,0,0,1,5,3,1,2,4,5,3,0,0,0,0,0,0,0,0,0
device,vf,0,7324,1353,2882,1355,1932,701,290,103,43,11,4,2,1,0,0,0,0,0,0,0,0,0,0,0,0,0
device,vf,1,7324,1353,2882,1355,1932,701,290,103,43,11,4,2,1,0,0,0,0,0,0,0,0,0,0,0,0,0
device,vf,1,1,325,0,0,0,0,0,0,0,0,1,0,0,0,0,0,0,0,0,0,0,0,0,0,0,0
device,ee,0,47995,7939,23715,10081,10544,2394,886,274,49,15,11,6,4,3,13,0,0,0,0,0,0,0,0,0,0,0
device,ee,1,47995,29073,23715,10081,10544,2394,886,274,49,15,11,5,5,2,3,7,4,0,0,0,0,0,0,0,0,0
device,ee,1,22,27141,0,0,0,0,0,0,0,0,2,2,2,4,3,8,1,0,0,0,0,0,0,0,0,0
device,vf,0,7898,2229,3359,1390,2028,675,289,96,39,14,6,1,0,1,0,0,0,0,0,0,0,0,0,0,0,0
device,vf,1,7898,2229,3359,1390,2028,675,289,96,39,14,6,1,0,1,0,0,0,0,0,0,0,0,0,0,0,0
device,vf,1,1,307,0,0,0,0,0,0,0,0,1,0,0,0,0,0,0,0,0,0,0,0,0,0,0,0
device,ee,0,49567,9941,25039,10180,10721,2349,894,278,56,13,13,5,2,1,15,1,0,0,0,0,0,0,0,0,0,0
device,ee,1,49567,24093,25039,10180,10721,2349,894,278,56,13,13,5,2,0,3,7,7,0,0,0,0,0,0,0,0,0
device,ee,1,25,35993,0,0,0,0,0,0,0,0,4,4,0,3,5,6,2,1,0,0,0,0,0,0,0,0
device,vf,0,8307,1055,3666,1370,2127,690,288,107,38,13,6,1,1,0,0,0,0,0,0,0,0,0,0,0,0,0
device,vf,1,8307,1055,3666,1370,2127,690,288,107,38,13,6,1,1,0,0,0,0,0,0,0,0,0,0,0,0,0
device,vf,1,1,309,0,0,0,0,0,0,0,0,1,0,0,0,0,0,0,0,0,0,0,0,0,0,0,0
device,ee,0,47570,8041,23117,10125,10675,2346,914,281,64,11,7,6,7,3,14,0,0,0,0,0,0,0,0,0,0,0
device,ee,1,47570,21995,23117,10125,10675,2346,914,281,64,11,7,6,7,2,2,6,7,0,0,0,0,0,0,0,0,0
device,ee,1,29,29619,0,0,0,0,0,0,0,1,3,5,4,3,6,4,3,0,0,0,0,0,0,0,0,0
device,ee,0,46845,11509,22588,10009,10601,2332,909,287,58,18,8,8,9,2,15,1,0,0,0,0,0,0,0,0,0,0
device,ee,1,46845,37285,22588,10009,10601,2332,909,287,58,18,7,8,9,2,4,8,4,1,0,0,0,0,0,0,0,0
device,ee,1,32,23793,0,0,0,0,0,0,0,1,4,4,9,0,3,5,6,0,0,0,0,0,0,0,0,0
device,vf,0,7684,4949,3173,1330,2043,682,292,102,43,10,1,7,0,0,1,0,0,0,0,0,0,0,0,0,0,0
device,vf,1,7684,4951,3173,1330,2043,682,292,102,43,10,1,7,0,0,1,0,0,0,0,0,0,0,0,0,0,0
device,vf,1,2,4951,0,0,0,0,0,0,0,0,0,1,0,0,1,0,0,0,0,0,0,0,0,0,0,0
device,ee,0,46830,8005,22434,10086,10578,2422,905,284,68,18,11,7,3,1,13,0,0,0,0,0,0,0,0,0,0,0
device,ee,1,46830,31011,22434,10086,10578,2422,905,284,68,18,11,7,2,1,2,7,5,0,0,0,0,0,0,0,0,0
device,ee,1,23,22959,0,0,0,0,0,0,0,1,2,4,3,2,4,3,4,0,0,0,0,0,0,0,0,0
device,vf,0,7692,725,3190,1299,2029,718,286,108,42,11,6,3,0,0,0,0,0,0,0,0,0,0,0,0,0,0
device,vf,1,7692,725,3190,1299,2029,718,286,108,42,11,6,3,0,0,0,0,0,0,0,0,0,0,0,0,0,0
device,vf,1,1,725,0,0,0,0,0,0,0,0,0,1,0,0,0,0,0,0,0,0,0,0,0,0,0,0
device,ee,0,45866,8081,21565,10015,10504,2459,930,294,57,13,10,4,1,1,13,0,0,0,0,0,0,0,0,0,0,0
device,ee,1,45866,26573,21565,10015,10504,2459,930,294,57,13,10,4,1,0,3,5,6,0,0,0,0,0,0,0,0,0
device,ee,1,19,26495,0,0,0,0,0,0,0,0,2,2,2,1,3,4,5,0,0,0,0,0,0,0,0,0
device,ee,0,44897,8063,20804,9838,10476,2464,925,279,58,21,8,7,3,2,12,0,0,0,0,0,0,0,0,0,0,0
device,ee,1,44897,22645,20804,9838,10476,2464,925,279,58,21,8,7,2,1,4,5,5,0,0,0,0,0,0,0,0,0
device,ee,1,22,20769,0,0,0,0,0,0,0,1,1,4,2,3,5,4,2,0,0,0,0,0,0,0,0,0
device,vf,0,7362,1569,2923,1263,1997,727,293,96,40,16,5,1,1,0,0,0,0,0,0,0,0,0,0,0,0,0
device,vf,1,7362,1569,2923,1263,1997,727,293,96,40,16,5,1,1,0,0,0,0,0,0,0,0,0,0,0,0,0
device,vf,1,1,523,0,0,0,0,0,0,0,0,0,1,0,0,0,0,0,0,0,0,0,0,0,0,0,0
device,ee,0,46121,8007,21734,9919,10676,2453,960,277,55,15,9,7,3,1,12,0,0,0,0,0,0,0,0,0,0,0
device,ee,1,46121,33557,21734,9919,10676,2453,960,277,55,15,9,7,3,1,0,5,6,1,0,0,0,0,0,0,0,0
device,ee,1,21,31739,0,0,0,0,0,0,0,0,2,3,3,1,4,4,4,0,0,0,0,0,0,0,0,0
device,vf,0,7640,17869,3069,1322,2055,742,294,102,40,9,3,1,1,1,0,0,1,0,0,0,0,0,0,0,0,0
device,vf,1,7640,20907,3069,1322,2055,742,294,102,40,9,3,1,1,1,0,0,1,0,0,0,0,0,0,0,0,0
device,vf,1,3,18097,0,0,0,0,0,0,0,0,0,0,1,1,0,0,1,0,0,0,0,0,0,0,0,0
device,ee,0,43834,9151,19841,9714,10489,2435,976,273,54,19,7,7,3,4,11,1,0,0,0,0,0,0,0,0,0,0
device,ee,1,43834,29941,19841,9714,10489,2435,976,273,54,19,7,6,4,2,2,6,6,0,0,0,0,0,0,0,0,0
device,ee,1,27,38341,0,0,0,0,0,0,0,0,2,5,5,6,1,3,4,1,0,0,0,0,0,0,0,0
device,ee,0,43679,8001,19839,9703,10349,2421,987,270,63,12,13,3,5,2,12,0,0,0,0,0,0,0,0,0,0,0
device,ee,1,43679,20729,19839,9703,10349,2421,987,270,63,12,13,3,4,1,3,6,5,0,0,0,0,0,0,0,0,0
device,ee,1,28,25827,0,0,0,0,0,0,0,0,8,3,3,4,6,2,2,0,0,0,0,0,0,0,0,0
device,vf,0,7180,10675,2759,1278,1949,733,290,110,41,12,5,1,0,1,0,1,0,0,0,0,0,0,0,0,0,0
device,vf,1,7180,16513,2759,1278,1949,733,290,110,41,12,5,1,0,1,0,0,1,0,0,0,0,0,0,0,0,0
device,vf,1,2,10993,0,0,0,0,0,0,0,0,0,0,0,1,0,1,0,0,0,0,0,0,0,0,0,0
device,ee,0,46025,7987,22176,9717,10265,2495,977,272,65,23,11,7,1,5,11,0,0,0,0,0,0,0,0,0,0,0
device,ee,1,46025,32859,22176,9717,10265,2495,977,272,65,23,11,7,1,2,3,4,6,1,0,0,0,0,0,0,0,0
device,ee,1,25,35759,0,0,0,0,0,0,0,0,5,5,0,4,4,4,1,2,0,0,0,0,0,0,0,0
device,vf,0,7688,11301,3168,1290,2019,749,295,103,42,12,3,3,2,1,0,1,0,0,0,0,0,0,0,0,0,0
device,vf,1,7688,11301,3168,1290,2019,749,295,103,42,12,3,3,2,1,0,1,0,0,0,0,0,0,0,0,0,0
device,vf,1,2,11301,0,0,0,0,0,0,0,0,0,0,0,1,0,1,0,0,0,0,0,0,0,0,0,0
device,ee,0,48298,8255,24112,9804,10441,2544,982,281,75,17,11,11,5,2,12,1,0,0,0,0,0,0,0,0,0,0
device,ee,1,48298,26709,24112,9804,10441,2544,982,281,75,17,11,11,5,1,3,4,7,0,0,0,0,0,0,0,0,0
device,ee,1,22,18427,0,0,0,0,0,0,0,1,0,3,4,2,3,6,3,0,0,0,0,0,0,0,0,0
device,vf,0,8158,11253,3511,1298,2130,742,300,115,35,13,8,4,1,0,0,1,0,0,0,0,0,0,0,0,0,0
device,vf,1,8158,14301,3511,1298,2130,742,300,115,35,13,8,4,1,0,0,1,0,0,0,0,0,0,0,0,0,0
device,vf,1,2,15841,0,0,0,0,0,0,0,0,0,1,0,0,0,1,0,0,0,0,0,0,0,0,0,0
device,ee,0,49042,11697,24541,9978,10530,2580,999,276,72,22,13,8,7,4,10,2,0,0,0,0,0,0,0,0,0,0
device,ee,1,49042,34555,24541,9978,10530,2580,999,276,72,22,13,8,7,3,2,6,4,1,0,0,0,0,0,0,0,0
device,ee,1,25,33921,0,0,0,0,0,0,0,0,2,3,5,5,2,5,2,1,0,0,0,0,0,0,0,0
device,vf,0,8239,1823,3540,1351,2087,760,324,109,41,10,10,4,3,0,0,0,0,0,0,0,0,0,0,0,0,0
device,vf,1,8239,1823,3540,1351,2087,760,324,109,41,10,10,4,3,0,0,0,0,0,0,0,0,0,0,0,0,0
device,vf,1,2,1823,0,0,0,0,0,0,0,0,0,0,2,0,0,0,0,0,0,0,0,0,0,0,0,0
device,ee,0,47479,11323,23083,9809,10532,2644,1006,269,68,18,22,10,2,2,12,2,0,0,0,0,0,0,0,0,0,0
device,ee,1,47479,23881,23083,9809,10532,2644,1006,269,68,18,20,11,3,1,0,10,5,0,0,0,0,0,0,0,0,0
device,ee,1,28,22931,0,0,0,0,0,0,0,0,7,4,3,1,3,5,5,0,0,0,0,0,0,0,0,0
device,vf,0,8054,3123,3360,1289,2131,781,315,109,40,15,8,2,0,4,0,0,0,0,0,0,0,0,0,0,0,0
device,vf,1,8054,3123,3360,1289,2131,781,315,109,40,15,8,2,0,4,0,0,0,0,0,0,0,0,0,0,0,0
device,vf,1,4,3027,0,0,0,0,0,0,0,0,0,1,0,3,0,0,0,0,0,0,0,0,0,0,0,0
device,ee,0,47080,9711,22651,9877,10455,2671,1013,279,79,17,11,8,4,1,13,1,0,0,0,0,0,0,0,0,0,0
device,ee,1,47080,35721,22651,9877,10455,2671,1013,279,79,17,11,8,3,2,3,8,2,1,0,0,0,0,0,0,0,0
device,ee,1,25,22409,0,0,0,0,0,0,0,0,3,3,5,6,1,4,3,0,0,0,0,0,0,0,0,0
device,vf,0,7972,2811,3303,1322,2069,800,301,102,42,22,6,2,2,1,0,0,0,0,0,0,0,0,0,0,0,0
device,vf,1,7972,2811,3303,1322,2069,800,301,102,42,22,6,2,2,1,0,0,0,0,0,0,0,0,0,0,0,0
device,vf,1,2,2811,0,0,0,0,0,0,0,0,0,0,1,1,0,0,0,0,0,0,0,0,0,0,0,0
device,ee,0,46100,8067,21944,9789,10349,2608,1002,282,72,16,9,9,5,2,13,0,0,0,0,0,0,0,0,0,0,0
device,ee,1,46100,27245,21944,9789,10349,2608,1002,282,72,16,9,9,5,2,2,5,6,0,0,0,0,0,0,0,0,0
device,ee,1,28,29287,0,0,0,0,0,0,0,1,2,8,3,1,6,4,3,0,0,0,0,0,0,0,0,0
device,ee,0,46792,8015,22607,9786,10346,2645,996,285,67,25,10,5,7,1,12,0,0,0,0,0,0,0,0,0,0,0
device,ee,1,46792,25579,22607,9786,10346,2645,996,285,67,25,10,5,6,2,0,6,6,0,0,0,0,0,0,0,0,0
device,ee,1,26,54493,0,0,0,0,0,0,0,2,5,2,4,3,2,4,3,1,0,0,0,0,0,0,0,0
device,vf,0,7963,33483,3324,1316,2059,776,312,107,43,17,3,1,3,1,0,0,0,1,0,0,0,0,0,0,0,0
device,vf,1,7963,34179,3324,1316,2059,776,312,107,43,17,3,1,3,1,0,0,0,1,0,0,0,0,0,0,0,0
device,vf,1,2,32333,0,0,0,0,0,0,0,0,1,0,0,0,0,0,1,0,0,0,0,0,0,0,0,0
device,ee,0,46610,7957,22657,9612,10275,2616,1039,284,71,21,12,6,3,5,9,0,0,0,0,0,0,0,0,0,0,0
device,ee,1,46610,20169,22657,9612,10275,2616,1039,284,71,21,12,6,2,1,4,8,2,0,0,0,0,0,0,0,0,0
device,ee,1,24,34667,0,0,0,0,0,0,0,1,6,3,2,2,2,6,1,1,0,0,0,0,0,0,0,0
device,vf,0,7844,13593,3275,1280,2021,769,320,118,39,14,3,4,0,0,0,1,0,0,0,0,0,0,0,0,0,0
device,vf,1,7844,14133,3275,1280,2021,769,320,118,39,14,3,4,0,0,0,1,0,0,0,0,0,0,0,0,0,0
device,vf,1,2,13645,0,0,0,0,0,0,0,0,0,1,0,0,0,1,0,0,0,0,0,0,0,0,0,0
device,ee,0,46835,7993,23132,9603,9995,2617,1046,305,81,18,12,5,4,4,13,0,0,0,0,0,0,0,0,0,0,0
device,ee,1,46835,39387,23132,9603,9995,2617,1046,305,81,18,12,5,4,3,1,10,1,2,0,0,0,0,0,0,0,0
device,ee,1,18,32133,0,0,0,0,0,0,0,0,0,3,1,3,1,8,2,0,0,0,0,0,0,0,0,0
device,vf,0,7839,5225,3327,1280,1997,735,309,115,54,8,9,2,2,0,1,0,0,0,0,0,0,0,0,0,0,0
device,vf,1,7839,7283,3327,1280,1997,735,309,115,54,8,9,2,2,0,1,0,0,0,0,0,0,0,0,0,0,0
device,vf,1,2,7283,0,0,0,0,0,0,0,0,0,0,1,0,1,0,0,0,0,0,0,0,0,0,0,0
device,ee,0,47824,8571,24076,9573,10066,2592,1028,322,94,26,16,10,4,5,11,1,0,0,0,0,0,0,0,0,0,0
device,ee,1,47824,35191,24076,9573,10066,2592,1028,322,94,26,16,10,4,2,1,6,7,1,0,0,0,0,0,0,0,0
device,ee,1,28,36081,0,0,0,0,0,0,0,1,5,3,2,3,4,5,4,1,0,0,0,0,0,0,0,0
device,vf,0,8057,24191,3498,1288,2013,741,323,117,45,24,5,2,0,0,0,0,1,0,0,0,0,0,0,0,0,0
device,vf,1,8057,28153,3498,1288,2013,741,323,117,45,24,5,2,0,0,0,0,1,0,0,0,0,0,0,0,0,0
device,vf,1,1,33639,0,0,0,0,0,0,0,0,0,0,0,0,0,0,0,1,0,0,0,0,0,0,0,0
device,ee,0,48312,14925,24588,9626,10038,2546,1029,332,87,19,18,7,3,5,12,2,0,0,0,0,0,0,0,0,0,0
device,ee,1,48312,35825,24588,9626,10038,2546,1029,332,87,19,18,7,3,3,3,7,5,1,0,0,0,0,0,0,0,0
device,ee,1,28,48995,0,0,0,0,0,0,0,0,3,4,3,3,6,5,3,1,0,0,0,0,0,0,0,0
device,vf,0,8059,1189,3546,1279,1999,716,331,110,51,17,6,3,1,0,0,0,0,0,0,0,0,0,0,0,0,0
device,vf,1,8059,1189,3546,1279,1999,716,331,110,51,17,6,3,1,0,0,0,0,0,0,0,0,0,0,0,0,0
device,vf,1,1,581,0,0,0,0,0,0,0,0,0,1,0,0,0,0,0,0,0,0,0,0,0,0,0,0
device,ee,0,48076,7993,24496,9514,10012,2527,1036,323,87,30,22,9,5,2,13,0,0,0,0,0,0,0,0,0,0,0
device,ee,1,48076,24669,24496,9514,10012,2527,1036,323,87,30,22,8,5,2,1,3,10,0,0,0,0,0,0,0,0,0
device,ee,1,29,39795,0,0,0,0,0,0,0,0,4,5,7,4,3,3,2,1,0,0,0,0,0,0,0,0
device,vf,0,7964,19307,3545,1239,1957,709,318,116,48,22,4,5,0,0,0,0,1,0,0,0,0,0,0,0,0,0
device,vf,1,7964,18461,3545,1239,1957,709,318,116,48,22,4,5,0,0,0,0,1,0,0,0,0,0,0,0,0,0
device,vf,1,2,20439,0,0,0,0,0,0,0,0,0,1,0,0,0,0,1,0,0,0,0,0,0,0,0,0
device,ee,0,48830,7995,25219,9515,10011,2532,1061,331,91,23,17,11,5,3,11,0,0,0,0,0,0,0,0,0,0,0
device,ee,1,48830,31193,25219,9515,10011,2532,1061,331,91,23,17,11,5,1,2,7,4,0,0,0,0,0,0,0,0,0
device,ee,1,27,22943,0,0,0,0,0,0,0,0,6,5,2,4,5,3,2,0,0,0,0,0,0,0,0,0
device,vf,0,8124,17559,3673,1262,1961,703,335,117,45,17,6,4,0,0,0,0,1,0,0,0,0,0,0,0,0,0
device,vf,1,8124,20235,3673,1262,1961,703,335,117,45,17,6,4,0,0,0,0,1,0,0,0,0,0,0,0,0,0
device,vf,1,2,18905,0,0,0,0,0,0,0,0,1,0,0,0,0,0,1,0,0,0,0,0,0,0,0,0
device,ee,0,52464,9253,28943,9516,9858,2590,1060,327,85,33,19,9,5,5,13,1,0,0,0,0,0,0,0,0,0,0
device,ee,1,52464,22113,28943,9516,9858,2590,1060,327,85,33,19,9,5,4,2,10,3,0,0,0,0,0,0,0,0,0
device,ee,1,28,26973,0,0,0,0,0,0,0,0,4,5,3,5,2,5,4,0,0,0,0,0,0,0,0,0
device,vf,0,8896,21535,4322,1318,2008,720,318,129,49,20,3,4,0,2,1,1,1,0,0,0,0,0,0,0,0,0
device,vf,1,8896,38359,4322,1318,2008,720,318,129,49,20,3,4,0,2,1,0,1,1,0,0,0,0,0,0,0,0
device,vf,1,4,33667,0,0,0,0,0,0,0,0,2,0,0,0,0,0,1,1,0,0,0,0,0,0,0,0
device,ee,0,59369,10273,35461,9470,10242,2636,1056,329,98,25,15,13,9,2,12,1,0,0,0,0,0,0,0,0,0,0
device,ee,1,59369,26301,35461,9470,10242,2636,1056,329,98,25,15,13,9,1,0,4,10,0,0,0,0,0,0,0,0,0
device,ee,1,33,32243,0,0,0,0,0,0,0,0,6,8,6,2,0,7,4,0,0,0,0,0,0,0,0,0
device,vf,0,10616,9983,5712,1438,2191,742,319,135,45,20,5,2,3,1,1,2,0,0,0,0,0,0,0,0,0,0
device,vf,1,10616,15889,5712,1438,2191,742,319,135,45,20,5,2,3,1,1,2,0,0,0,0,0,0,0,0,0,0
device,vf,1,4,15889,0,0,0,0,0,0,0,0,0,1,1,0,1,1,0,0,0,0,0,0,0,0,0,0
device,ee,0,65751,14931,41635,9580,10305,2669,1031,329,112,36,14,11,10,4,13,2,0,0,0,0,0,0,0,0,0,0
device,ee,1,65751,42455,41635,9580,10305,2669,1031,329,112,36,14,11,9,3,3,9,4,1,0,0,0,0,0,0,0,0
device,ee,1,34,38805,0,0,0,0,0,0,0,0,2,4,9,3,8,5,1,2,0,0,0,0,0,0,0,0
device,vf,0,12308,41975,7158,1462,2387,771,309,128,53,26,6,2,3,1,0,0,1,1,0,0,0,0,0,0,0,0
device,vf,1,12308,90991,7158,1462,2387,771,309,128,53,26,6,2,3,1,0,1,0,0,1,0,0,0,0,0,0,0
device,vf,1,2,90991,0,0,0,0,0,0,0,0,0,0,0,0,0,1,0,0,1,0,0,0,0,0,0,0
device,ee,0,71671,11145,47672,9504,10341,2667,1000,328,94,20,10,15,5,4,10,1,0,0,0,0,0,0,0,0,0,0
device,ee,1,71671,31581,47672,9504,10341,2667,1000,328,94,20,10,15,5,1,1,7,6,0,0,0,0,0,0,0,0,0
device,ee,1,33,42339,0,0,0,0,0,0,0,0,5,12,2,5,4,3,1,1,0,0,0,0,0,0,0,0
device,vf,0,13899,56671,8547,1549,2525,772,307,127,52,12,2,1,2,0,2,0,0,1,0,0,0,0,0,0,0,0
device,vf,1,13899,56671,8547,1549,2525,772,307,127,52,12,2,1,2,0,2,0,0,1,0,0,0,0,0,0,0,0
device,vf,1,1,56671,0,0,0,0,0,0,0,0,0,0,0,0,0,0,0,1,0,0,0,0,0,0,0,0
device,ee,0,78320,12553,54002,9518,10650,2701,994,316,75,16,12,11,5,6,13,1,0,0,0,0,0,0,0,0,0,0
device,ee,1,78320,36385,54002,9518,10650,2701,994,316,75,16,11,12,4,5,1,9,5,1,0,0,0,0,0,0,0,0
device,ee,1,29,42789,0,0,0,0,0,0,0,0,0,6,5,6,6,2,3,1,0,0,0,0,0,0,0,0
device,vf,0,15759,2667,10123,1589,2762,791,313,114,43,11,6,2,3,2,0,0,0,0,0,0,0,0,0,0,0,0
device,vf,1,15759,2667,10123,1589,2762,791,313,114,43,11,6,2,3,2,0,0,0,0,0,0,0,0,0,0,0,0
device,vf,1,2,2667,0,0,0,0,0,0,0,0,0,1,0,1,0,0,0,0,0,0,0,0,0,0,0,0
device,ee,0,79885,7991,55900,9463,10438,2626,1026,291,71,17,18,9,7,6,13,0,0,0,0,0,0,0,0,0,0,0
device,ee,1,79885,29739,55900,9463,10438,2626,1026,291,71,17,18,9,6,5,4,6,5,0,0,0,0,0,0,0,0,0
device,ee,1,40,26203,0,0,0,0,0,0,0,1,10,7,6,5,5,4,2,0,0,0,0,0,0,0,0,0
device,vf,0,16091,14083,10455,1640,2743,768,296,120,42,18,4,2,1,0,0,2,0,0,0,0,0,0,0,0,0,0
device,vf,1,16091,24505,10455,1640,2743,768,296,120,42,18,4,2,1,0,0,0,2,0,0,0,0,0,0,0,0,0
device,vf,1,3,21493,0,0,0,0,0,0,0,0,0,1,0,0,0,1,1,0,0,0,0,0,0,0,0,0
device,ee,0,88252,7989,64400,9449,10390,2614,984,279,78,14,14,10,6,2,12,0,0,0,0,0,0,0,0,0,0,0
device,ee,1,88252,29009,64400,9449,10390,2614,984,279,78,14,13,11,6,1,0,6,7,0,0,0,0,0,0,0,0,0
device,ee,1,34,69745,0,0,0,0,0,0,0,0,6,8,7,3,2,4,3,0,1,0,0,0,0,0,0,0
device,vf,0,18492,25849,12614,1710,2966,727,287,123,45,7,4,3,2,2,1,0,1,0,0,0,0,0,0,0,0,0
device,vf,1,18492,48561,12614,1710,2966,727,287,123,45,7,4,3,2,2,1,0,0,1,0,0,0,0,0,0,0,0
device,vf,1,4,48561,0,0,0,0,0,0,0,0,0,1,1,0,1,0,0,1,0,0,0,0,0,0,0,0
device,ee,0,97099,10231,73093,9489,10347,2762,985,309,69,14,8,6,3,1,12,1,0,0,0,0,0,0,0,0,0,0
device,ee,1,97099,29811,73093,9489,10347,2762,985,309,69,14,8,5,3,2,2,8,3,0,0,0,0,0,0,0,0,0
device,ee,1,21,20015,0,0,0,0,0,0,0,0,2,4,1,6,1,5,2,0,0,0,0,0,0,0,0,0
device,vf,0,21176,9073,14987,1805,3125,785,291,127,34,13,5,0,2,0,1,1,0,0,0,0,0,0,0,0,0,0
device,vf,1,21176,14949,14987,1805,3125,785,291,127,34,13,5,0,2,0,0,2,0,0,0,0,0,0,0,0,0,0
device,vf,1,2,17093,0,0,0,0,0,0,0,0,0,0,0,0,1,0,1,0,0,0,0,0,0,0,0,0
device,ee,0,104966,7981,81090,9395,10210,2827,1021,305,71,13,11,7,2,2,12,0,0,0,0,0,0,0,0,0,0,0
device,ee,1,104966,24809,81090,9395,10210,2827,1021,305,71,13,11,7,2,2,3,6,3,0,0,0,0,0,0,0,0,0
device,ee,1,23,35129,0,0,0,0,0,0,0,0,4,5,1,3,5,3,1,1,0,0,0,0,0,0,0,0
device,vf,0,23734,9723,17371,1888,3218,786,293,121,39,7,6,0,1,0,2,2,0,0,0,0,0,0,0,0,0,0
device,vf,1,23734,15317,17371,1888,3218,786,293,121,39,7,6,0,1,0,2,2,0,0,0,0,0,0,0,0,0,0
device,vf,1,5,9483,0,0,0,0,0,0,0,0,0,0,1,0,2,2,0,0,0,0,0,0,0,0,0,0
device,ee,0,109396,8013,86353,9017,9831,2788,1008,299,57,8,10,11,0,2,12,0,0,0,0,0,0,0,0,0,0,0
device,ee,1,109396,30967,86353,9017,9831,2788,1008,299,57,8,10,11,0,1,0,7,6,0,0,0,0,0,0,0,0,0
device,ee,1,24,32615,0,0,0,0,0,0,0,1,3,8,0,0,2,5,5,0,0,0,0,0,0,0,0,0
device,vf,0,25209,33161,18964,1841,3195,744,295,117,34,13,3,1,1,0,0,0,0,1,0,0,0,0,0,0,0,0
device,vf,1,25209,37527,18964,1841,3195,744,295,117,34,13,3,1,1,0,0,0,0,1,0,0,0,0,0,0,0,0
device,vf,1,2,34837,0,0,0,0,0,0,0,0,0,0,1,0,0,0,0,1,0,0,0,0,0,0,0,0
device,ee,0,110978,9597,88692,8807,9365,2755,978,282,63,9,7,5,1,2,11,1,0,0,0,0,0,0,0,0,0,0
device,ee,1,110978,31355,88692,8807,9365,2755,978,282,63,9,7,5,1,0,1,9,4,0,0,0,0,0,0,0,0,0
device,ee,1,22,54783,0,0,0,0,0,0,0,0,6,1,3,3,3,2,3,1,0,0,0,0,0,0,0,0
device,ee,0,111093,7991,88985,8570,9431,2791,948,270,57,8,9,8,2,1,13,0,0,0,0,0,0,0,0,0,0,0
device,ee,1,111093,21433,88985,8570,9431,2791,948,270,57,8,9,8,2,1,2,5,6,0,0,0,0,0,0,0,0,0
device,ee,1,26,34951,0,0,0,0,0,0,0,0,6,4,3,1,6,4,1,1,0,0,0,0,0,0,0,0
device,vf,0,26231,3737,20146,1763,3148,751,271,102,32,11,2,3,1,1,0,0,0,0,0,0,0,0,0,0,0,0
device,vf,1,26231,3903,20146,1763,3148,751,271,102,32,11,2,3,1,1,0,0,0,0,0,0,0,0,0,0,0,0
device,vf,1,3,3903,0,0,0,0,0,0,0,0,0,1,1,1,0,0,0,0,0,0,0,0,0,0,0,0
device,ee,0,114729,10669,92422,8565,9703,2735,951,254,59,9,8,4,3,2,12,2,0,0,0,0,0,0,0,0,0,0
device,ee,1,114729,28139,92422,8565,9703,2735,951,254,59,9,8,4,3,0,1,11,4,0,0,0,0,0,0,0,0,0
device,ee,1,27,41083,0,0,0,0,0,0,0,2,6,2,2,1,2,6,5,1,0,0,0,0,0,0,0,0
device,vf,0,27571,6823,21366,1760,3270,745,278,108,32,4,2,2,0,1,3,0,0,0,0,0,0,0,0,0,0,0
device,vf,1,27571,6823,21366,1760,3270,745,278,108,32,4,2,2,0,1,3,0,0,0,0,0,0,0,0,0,0,0
device,vf,1,5,6569,0,0,0,0,0,0,0,0,0,1,0,1,3,0,0,0,0,0,0,0,0,0,0,0
device,ee,0,119791,7997,97609,8467,9709,2729,932,255,54,10,6,5,2,4,9,0,0,0,0,0,0,0,0,0,0,0
device,ee,1,119791,26037,97609,8467,9709,2729,932,255,54,10,6,5,1,2,1,5,6,0,0,0,0,0,0,0,0,0
device,ee,1,21,28651,0,0,0,0,0,0,0,0,2,4,1,1,2,6,5,0,0,0,0,0,0,0,0,0
device,vf,0,29443,7111,23120,1839,3314,751,275,107,29,3,0,1,1,2,1,0,0,0,0,0,0,0,0,0,0,0
device,vf,1,29443,7761,23120,1839,3314,751,275,107,29,3,0,1,1,2,1,0,0,0,0,0,0,0,0,0,0,0
device,vf,1,3,6861,0,0,0,0,0,0,0,0,0,0,1,1,1,0,0,0,0,0,0,0,0,0,0,0
device,ee,0,134255,8005,112294,8248,9593,2893,916,236,53,3,3,2,0,2,12,0,0,0,0,0,0,0,0,0,0,0
device,ee,1,134255,35775,112294,8248,9593,2893,916,236,53,3,3,2,0,0,3,7,3,1,0,0,0,0,0,0,0,0
device,ee,1,16,27643,0,0,0,0,0,0,0,0,1,2,4,2,2,3,2,0,0,0,0,0,0,0,0,0
device,ee,0,146894,10351,125773,7988,9108,2787,926,245,47,4,1,2,0,1,11,1,0,0,0,0,0,0,0,0,0,0
device,ee,1,146894,26495,125773,7988,9108,2787,926,245,47,4,1,1,0,1,0,7,6,0,0,0,0,0,0,0,0,0
device,ee,1,15,24749,0,0,0,0,0,0,0,0,0,1,1,3,3,3,4,0,0,0,0,0,0,0,0,0
device,ee,0,163675,7991,143350,7392,8951,2756,919,238,47,4,2,2,1,1,12,0,0,0,0,0,0,0,0,0,0,0
device,ee,1,163675,32401,143350,7392,8951,2756,919,238,47,4,2,2,0,1,0,8,5,0,0,0,0,0,0,0,0,0
device,ee,1,17,30403,0,0,0,0,0,0,0,0,1,2,1,3,4,2,4,0,0,0,0,0,0,0,0,0
device,ee,0,191279,8013,170462,7357,9150,3052,944,245,47,2,3,3,1,2,11,0,0,0,0,0,0,0,0,0,0,0
device,ee,1,191279,22493,170462,7357,9150,3052,944,245,47,2,3,3,1,0,1,7,5,0,0,0,0,0,0,0,0,0
device,ee,1,18,31521,0,0,0,0,0,0,0,0,1,3,2,1,2,7,2,0,0,0,0,0,0,0,0,0
device,ee,0,224355,7997,203349,7503,9151,3100,944,242,42,3,5,3,0,1,12,0,0,0,0,0,0,0,0,0,0,0
device,ee,1,224355,36751,203349,7503,9151,3100,944,242,42,3,5,3,0,0,1,7,4,1,0,0,0,0,0,0,0,0
device,ee,1,18,37545,0,0,0,0,0,0,0,0,2,4,2,3,2,2,1,2,0,0,0,0,0,0,0,0
device,ee,0,256500,7989,236644,7140,8510,2949,948,241,51,1,2,0,1,1,12,0,0,0,0,0,0,0,0,0,0,0
device,ee,1,256500,41747,236644,7140,8510,2949,948,241,51,1,1,0,2,0,1,5,5,2,0,0,0,0,0,0,0,0
device,ee,1,15,24989,0,0,0,0,0,0,0,0,0,2,2,1,2,3,5,0,0,0,0,0,0,0,0,0
device,ee,0,294909,8001,275838,6888,7854,3024,988,249,45,1,8,1,0,1,12,0,0,0,0,0,0,0,0,0,0,0
device,ee,1,294909,28163,275838,6888,7854,3024,988,249,45,1,8,1,0,0,1,5,7,0,0,0,0,0,0,0,0,0
device,ee,1,19,33203,0,0,0,0,0,0,0,0,5,1,0,2,3,6,1,1,0,0,0,0,0,0,0,0
device,ee,0,336090,7925,317802,6492,7434,3049,998,247,48,4,1,1,1,1,12,0,0,0,0,0,0,0,0,0,0,0
device,ee,1,336090,23413,317802,6492,7434,3049,998,247,48,4,1,1,0,1,2,6,5,0,0,0,0,0,0,0,0,0
device,ee,1,16,32733,0,0,0,0,0,0,0,1,0,1,3,3,3,1,4,0,0,0,0,0,0,0,0,0
device,ee,0,375926,9307,358343,6221,6993,3009,1042,249,47,3,3,2,1,2,10,1,0,0,0,0,0,0,0,0,0,0
device,ee,1,375926,28535,358343,6221,6993,3009,1042,249,47,3,3,1,1,1,1,5,7,0,0,0,0,0,0,0,0,0
device,ee,1,17,31271,0,0,0,0,0,0,0,0,2,1,2,4,1,4,3,0,0,0,0,0,0,0,0,0
device,ee,0,412907,7999,396660,5824,6398,2732,979,245,48,3,1,2,1,3,11,0,0,0,0,0,0,0,0,0,0,0
device,ee,1,412907,27259,396660,5824,6398,2732,979,245,48,3,1,1,2,1,1,6,6,0,0,0,0,0,0,0,0,0
device,ee,1,17,19037,0,0,0,0,0,0,0,0,0,2,2,2,5,3,3,0,0,0,0,0,0,0,0,0
device,ee,0,448963,7969,434418,5614,5554,2203,870,232,51,2,2,1,3,2,11,0,0,0,0,0,0,0,0,0,0,0
device,ee,1,448963,41113,434418,5614,5554,2203,870,232,51,2,2,1,2,1,1,7,2,3,0,0,0,0,0,0,0,0
device,ee,1,17,34691,0,0,0,0,0,0,0,0,1,1,2,1,5,6,0,1,0,0,0,0,0,0,0,0
device,ee,0,455642,7971,442823,4434,5112,2084,885,230,50,4,3,3,1,1,12,0,0,0,0,0,0,0,0,0,0,0
device,ee,1,455642,33541,442823,4434,5112,2084,885,230,50,4,3,3,1,0,0,9,3,1,0,0,0,0,0,0,0,0
device,ee,1,16,38799,0,0,0,0,0,0,0,0,0,2,2,3,3,4,1,1,0,0,0,0,0,0,0,0
device,ee,0,458216,7995,445603,4478,4868,2112,838,246,50,3,1,1,1,4,11,0,0,0,0,0,0,0,0,0,0,0
device,ee,1,458216,31253,445603,4478,4868,2112,838,246,50,3,1,0,2,2,3,9,1,0,0,0,0,0,0,0,0,0
device,ee,1,17,27795,0,0,0,0,0,0,0,0,0,0,4,2,0,8,3,0,0,0,0,0,0,0,0,0
device,ee,0,465510,7959,451739,4620,5068,2521,1119,354,66,3,1,3,3,3,10,0,0,0,0,0,0,0,0,0,0,0
device,ee,1,465510,21623,451739,4620,5068,2521,1119,354,66,3,1,2,4,0,2,7,4,0,0,0,0,0,0,0,0,0
device,ee,1,19,43047,0,0,0,0,0,0,0,0,0,4,7,1,2,3,1,1,0,0,0,0,0,0,0,0
device,vf,0,164094,6189,158345,1223,3188,810,356,132,33,5,0,0,1,0,1,0,0,0,0,0,0,0,0,0,0,0
device,vf,1,164094,6189,158345,1223,3188,810,356,132,33,5,0,0,1,0,1,0,0,0,0,0,0,0,0,0,0,0
device,vf,1,2,6115,0,0,0,0,0,0,0,0,0,0,1,0,1,0,0,0,0,0,0,0,0,0,0,0
device,ee,0,467530,8017,454434,4942,4790,2151,887,252,50,7,2,1,0,4,10,0,0,0,0,0,0,0,0,0,0,0
device,ee,1,467530,31895,454434,4942,4790,2151,887,252,50,7,2,1,0,1,1,7,5,0,0,0,0,0,0,0,0,0
device,ee,1,15,30425,0,0,0,0,0,0,0,0,0,1,2,1,2,6,3,0,0,0,0,0,0,0,0,0
device,ee,0,450739,7969,440304,3479,3976,1846,814,243,54,2,3,3,1,3,11,0,0,0,0,0,0,0,0,0,0,0
device,ee,1,450739,32629,440304,3479,3976,1846,814,243,54,2,3,2,1,2,2,5,6,0,0,0,0,0,0,0,0,0
device,ee,1,19,40875,0,0,0,0,0,0,0,0,1,4,4,2,3,3,1,1,0,0,0,0,0,0,0,0
device,vf,0,159960,1183,155500,839,2740,548,208,88,31,4,1,0,1,0,0,0,0,0,0,0,0,0,0,0,0,0
device,vf,1,159960,1183,155500,839,2740,548,208,88,31,4,1,0,1,0,0,0,0,0,0,0,0,0,0,0,0,0
device,vf,1,1,1183,0,0,0,0,0,0,0,0,0,0,1,0,0,0,0,0,0,0,0,0,0,0,0,0
device,ee,0,441626,8033,431352,3342,3938,1865,803,247,54,2,4,3,3,2,11,0,0,0,0,0,0,0,0,0,0,0
device,ee,1,441626,32471,431352,3342,3938,1865,803,247,54,2,4,3,3,0,0,7,6,0,0,0,0,0,0,0,0,0
device,ee,1,21,35049,0,0,0,0,0,0,0,0,2,3,5,2,2,2,4,1,0,0,0,0,0,0,0,0
device,ee,0,432740,7971,422648,3166,3922,1876,801,246,54,5,3,5,0,3,11,0,0,0,0,0,0,0,0,0,0,0
device,ee,1,432740,36675,422648,3166,3922,1876,801,246,54,5,3,4,0,2,1,6,5,1,0,0,0,0,0,0,0,0
device,ee,1,20,43463,0,0,0,0,0,0,0,0,1,5,1,5,0,6,1,1,0,0,0,0,0,0,0,0
device,ee,0,411918,8047,401957,3235,3773,1827,798,248,51,3,2,10,0,2,12,0,0,0,0,0,0,0,0,0,0,0
device,ee,1,411918,23475,401957,3235,3773,1827,798,248,51,3,2,9,1,0,3,8,3,0,0,0,0,0,0,0,0,0
device,ee,1,25,50447,0,0,0,0,0,0,0,0,1,11,1,2,3,6,0,1,0,0,0,0,0,0,0,0
device,ee,0,396240,7997,386476,3076,3737,1821,800,256,45,8,2,5,1,1,12,0,0,0,0,0,0,0,0,0,0,0
device,ee,1,396240,31603,386476,3076,3737,1821,800,256,45,8,2,4,1,1,0,7,6,0,0,0,0,0,0,0,0,0
device,ee,1,20,34433,0,0,0,0,0,0,0,0,1,5,2,3,1,7,0,1,0,0,0,0,0,0,0,0
device,ee,0,388206,7965,378524,3008,3714,1826,805,261,43,7,2,2,0,3,11,0,0,0,0,0,0,0,0,0,0,0
device,ee,1,388206,41289,378524,3008,3714,1826,805,261,43,7,2,2,0,1,1,6,5,1,0,0,0,0,0,0,0,0
device,ee,1,15,37989,0,0,0,0,0,0,0,0,0,1,0,2,7,3,1,1,0,0,0,0,0,0,0,0
device,ee,0,389858,8233,379910,3096,3872,1842,801,268,47,2,2,0,2,5,10,1,0,0,0,0,0,0,0,0,0,0
device,ee,1,389858,19579,379910,3096,3872,1842,801,268,47,2,2,0,2,2,2,10,2,0,0,0,0,0,0,0,0,0
device,ee,1,19,23355,0,0,0,0,0,0,0,0,1,0,3,7,2,4,2,0,0,0,0,0,0,0,0,0
device,ee,0,480289,8001,468505,4108,4576,1954,801,272,45,5,4,3,1,5,10,0,0,0,0,0,0,0,0,0,0,0
device,ee,1,480289,32831,468505,4108,4576,1954,801,272,45,5,4,3,1,2,3,6,3,1,0,0,0,0,0,0,0,0
device,ee,1,21,38399,0,0,0,0,0,0,0,0,2,4,3,4,0,4,3,1,0,0,0,0,0,0,0,0
device,ee,0,529958,7989,517391,4675,4822,1931,792,269,50,6,4,2,3,2,11,0,0,0,0,0,0,0,0,0,0,0
device,ee,1,529958,46801,517391,4675,4822,1931,792,269,50,6,3,2,4,0,1,8,3,1,0,0,0,0,0,0,0,0
device,ee,1,21,26401,0,0,0,0,0,0,0,1,1,2,5,2,2,3,5,0,0,0,0,0,0,0,0,0
device,vf,0,199628,3317,193900,962,3474,926,229,97,27,7,0,5,0,1,0,0,0,0,0,0,0,0,0,0,0,0
device,vf,1,199628,3317,193900,962,3474,926,229,97,27,7,0,5,0,1,0,0,0,0,0,0,0,0,0,0,0,0
device,vf,1,6,3317,0,0,0,0,0,0,0,0,0,5,0,1,0,0,0,0,0,0,0,0,0,0,0,0
device,ee,0,533881,9019,521588,4533,4701,1900,789,288,47,6,8,6,1,4,9,1,0,0,0,0,0,0,0,0,0,0
device,ee,1,533881,26447,521588,4533,4701,1900,789,288,47,6,8,6,0,2,2,7,4,0,0,0,0,0,0,0,0,0
device,ee,1,27,30249,0,0,0,0,0,0,0,1,6,5,3,2,2,3,5,0,0,0,0,0,0,0,0,0
device,vf,0,203660,11235,198275,987,3012,1018,226,96,29,7,0,7,1,0,0,2,0,0,0,0,0,0,0,0,0,0
device,vf,1,203660,33629,198275,987,3012,1018,226,96,29,6,1,7,1,0,0,0,1,1,0,0,0,0,0,0,0,0
device,vf,1,10,48601,0,0,0,0,0,0,0,0,2,5,1,0,0,1,0,1,0,0,0,0,0,0,0,0
device,ee,0,484492,7989,471892,4628,4846,1957,806,277,53,6,10,1,2,3,11,0,0,0,0,0,0,0,0,0,0,0
device,ee,1,484492,24339,471892,4628,4846,1957,806,277,53,6,10,1,2,1,1,8,4,0,0,0,0,0,0,0,0,0
device,ee,1,24,49093,0,0,0,0,0,0,1,0,6,1,1,3,6,3,2,1,0,0,0,0,0,0,0,0
device,vf,0,184459,11101,179215,1008,2819,1042,237,95,28,8,1,1,0,0,0,5,0,0,0,0,0,0,0,0,0,0
device,vf,1,184459,55909,179215,1008,2819,1042,237,95,28,7,2,1,0,0,0,0,2,3,0,0,0,0,0,0,0,0
device,vf,1,7,28703,0,0,0,0,0,0,0,0,1,1,0,0,1,1,3,0,0,0,0,0,0,0,0,0
device,ee,0,354172,8641,341458,4653,4889,1986,819,285,53,9,2,4,0,3,10,1,0,0,0,0,0,0,0,0,0,0
device,ee,1,354172,35883,341458,4653,4889,1986,819,285,53,9,2,3,0,2,1,7,4,1,0,0,0,0,0,0,0,0
device,ee,1,19,34843,0,0,0,0,0,0,0,0,1,3,2,2,2,6,2,1,0,0,0,0,0,0,0,0
device,vf,0,131472,12017,126458,978,2500,1138,255,98,32,7,0,2,0,0,0,4,0,0,0,0,0,0,0,0,0,0
device,vf,1,131472,60233,126458,978,2500,1138,255,98,32,7,0,2,0,0,0,0,2,2,0,0,0,0,0,0,0,0
device,vf,1,6,42123,0,0,0,0,0,0,0,0,0,2,0,0,0,1,2,1,0,0,0,0,0,0,0,0
device,ee,0,247648,7917,234709,4588,5095,2087,807,283,46,6,7,7,0,2,11,0,0,0,0,0,0,0,0,0,0,0
device,ee,1,247648,47629,234709,4588,5095,2087,807,283,46,6,7,6,1,0,2,6,4,1,0,0,0,0,0,0,0,0
device,ee,1,25,36513,0,0,0,0,0,0,0,0,6,5,2,1,3,4,3,1,0,0,0,0,0,0,0,0
device,vf,0,88447,12345,83695,989,2267,1105,251,95,34,7,0,0,0,0,0,4,0,0,0,0,0,0,0,0,0,0
device,vf,1,88447,68437,83695,989,2267,1105,251,95,34,7,0,0,0,0,0,0,0,3,1,0,0,0,0,0,0,0
device,vf,1,4,31261,0,0,0,0,0,0,0,0,0,0,0,0,1,0,3,0,0,0,0,0,0,0,0,0
device,ee,0,190616,7985,176797,5094,5291,2233,845,279,48,5,6,5,0,2,11,0,0,0,0,0,0,0,0,0,0,0
device,ee,1,190616,42681,176797,5094,5291,2233,845,279,48,5,6,5,0,0,2,6,4,1,0,0,0,0,0,0,0,0
device,ee,1,22,23371,0,0,0,0,0,0,0,0,6,3,1,2,5,2,3,0,0,0,0,0,0,0,0,0
device,vf,0,65907,12637,61112,1085,2273,1030,268,98,28,9,0,0,0,0,0,4,0,0,0,0,0,0,0,0,0,0
device,vf,1,65907,84063,61112,1085,2273,1030,268,98,28,9,0,0,0,0,0,0,2,1,1,0,0,0,0,0,0,0
device,vf,1,4,58441,0,0,0,0,0,0,0,0,0,0,0,0,1,1,1,1,0,0,0,0,0,0,0,0
device,ee,0,120599,8003,107597,4790,4937,2109,811,277,51,6,4,3,1,4,9,0,0,0,0,0,0,0,0,0,0,0
device,ee,1,120599,42515,107597,4790,4937,2109,811,277,51,6,4,3,0,2,2,3,6,1,0,0,0,0,0,0,0,0
device,ee,1,18,28213,0,0,0,0,0,0,0,0,3,2,0,3,2,3,5,0,0,0,0,0,0,0,0,0
device,vf,0,39309,12397,35102,944,1919,967,239,97,28,9,1,2,0,0,0,1,0,0,0,0,0,0,0,0,0,0
device,vf,1,39309,15251,35102,944,1919,967,239,97,28,9,1,2,0,0,0,1,0,0,0,0,0,0,0,0,0,0
device,vf,1,4,24855,0,0,0,0,0,0,0,0,1,2,0,0,0,0,1,0,0,0,0,0,0,0,0,0
device,ee,0,82060,10757,70351,4188,4419,1943,796,279,61,5,1,3,0,2,11,1,0,0,0,0,0,0,0,0,0,0
device,ee,1,82060,34363,70351,4188,4419,1943,796,279,61,5,1,3,0,1,0,6,6,1,0,0,0,0,0,0,0,0
device,ee,1,17,26817,0,0,0,0,0,0,0,0,1,2,2,0,5,3,4,0,0,0,0,0,0,0,0,0
device,vf,0,25307,16725,21982,707,1514,729,238,98,29,7,0,0,0,2,0,0,1,0,0,0,0,0,0,0,0,0
device,vf,1,25307,19093,21982,707,1514,729,238,98,29,7,0,0,0,2,0,0,1,0,0,0,0,0,0,0,0,0
device,vf,1,3,22425,0,0,0,0,0,0,0,0,0,0,0,2,0,0,1,0,0,0,0,0,0,0,0,0
device,ee,0,64294,7991,53339,3684,4208,1911,787,284,54,6,3,5,0,1,12,0,0,0,0,0,0,0,0,0,0,0
device,ee,1,64294,29079,53339,3684,4208,1911,787,284,54,6,3,5,0,0,0,7,6,0,0,0,0,0,0,0,0,0
device,ee,1,20,33285,0,0,0,0,0,0,0,0,2,5,1,0,3,1,7,1,0,0,0,0,0,0,0,0
device,vf,0,18817,28227,15955,607,1272,622,224,98,29,8,1,0,0,0,0,0,1,0,0,0,0,0,0,0,0,0
device,vf,1,18817,20987,15955,607,1272,622,224,98,29,8,1,0,0,0,0,0,1,0,0,0,0,0,0,0,0,0
device,vf,1,1,21931,0,0,0,0,0,0,0,0,0,0,0,0,0,0,1,0,0,0,0,0,0,0,0,0
device,ee,0,53186,8005,42355,3633,4114,1932,790,278,55,8,3,3,1,4,10,0,0,0,0,0,0,0,0,0,0,0
device,ee,1,53186,30253,42355,3633,4114,1932,790,278,55,8,3,2,2,1,2,6,5,0,0,0,0,0,0,0,0,0
device,ee,1,23,19107,0,0,0,0,0,0,1,1,3,2,3,2,3,6,2,0,0,0,0,0,0,0,0,0
device,vf,0,14615,27891,11868,575,1211,607,220,94,29,7,3,0,0,0,0,0,1,0,0,0,0,0,0,0,0,0
device,vf,1,14615,37465,11868,575,1211,607,220,94,29,7,3,0,0,0,0,0,0,1,0,0,0,0,0,0,0,0
device,vf,1,1,34675,0,0,0,0,0,0,0,0,0,0,0,0,0,0,0,1,0,0,0,0,0,0,0,0
device,ee,0,39608,7995,28757,3649,4117,1933,790,273,55,6,7,8,0,3,10,0,0,0,0,0,0,0,0,0,0,0
device,ee,1,39608,29047,28757,3649,4117,1933,790,273,55,6,7,8,0,0,1,7,5,0,0,0,0,0,0,0,0,0
device,ee,1,25,30233,0,0,0,0,0,0,0,0,6,6,0,3,2,5,3,0,0,0,0,0,0,0,0,0
device,vf,0,9462,5333,6902,560,1126,520,220,94,30,7,2,0,0,0,1,0,0,0,0,0,0,0,0,0,0,0
device,vf,1,9462,9213,6902,560,1126,520,220,94,30,7,2,0,0,0,0,1,0,0,0,0,0,0,0,0,0,0
device,vf,1,2,9165,0,0,0,0,0,0,0,0,1,0,0,0,0,1,0,0,0,0,0,0,0,0,0,0
device,ee,0,29285,7993,18644,3527,4046,1909,796,281,56,8,1,2,2,2,11,0,0,0,0,0,0,0,0,0,0,0
device,ee,1,29285,38853,18644,3527,4046,1909,796,281,56,8,1,2,2,0,1,6,4,2,0,0,0,0,0,0,0,0
device,ee,1,18,36699,0,0,0,0,0,0,0,1,1,1,2,0,2,3,7,1,0,0,0,0,0,0,0,0
device,vf,0,6196,4763,3955,509,905,478,219,91,29,8,0,1,0,0,1,0,0,0,0,0,0,0,0,0,0,0
device,vf,1,6196,4763,3955,509,905,478,219,91,29,8,0,1,0,0,1,0,0,0,0,0,0,0,0,0,0,0
device,vf,1,1,4763,0,0,0,0,0,0,0,0,0,0,0,0,1,0,0,0,0,0,0,0,0,0,0,0
device,ee,0,25893,7971,15238,3438,4048,1986,796,304,56,9,2,3,0,1,12,0,0,0,0,0,0,0,0,0,0,0
device,ee,1,25893,33571,15238,3438,4048,1986,796,304,56,9,2,3,0,0,0,8,4,1,0,0,0,0,0,0,0,0
device,ee,1,16,41709,0,0,0,0,0,0,0,0,1,2,0,0,3,6,3,1,0,0,0,0,0,0,0,0
device,ee,0,21989,8151,11498,3334,3986,1972,823,293,56,7,3,4,0,2,11,0,0,0,0,0,0,0,0,0,0,0
device,ee,1,21989,22575,11498,3334,3986,1972,823,293,56,7,3,3,1,0,3,7,3,0,0,0,0,0,0,0,0,0
device,ee,1,19,42919,0,0,0,0,0,0,0,0,3,3,1,3,2,3,3,1,0,0,0,0,0,0,0,0
device,ee,0,20512,8241,10075,3342,3934,1965,824,289,59,6,2,2,0,4,9,1,0,0,0,0,0,0,0,0,0,0
device,ee,1,20512,32265,10075,3342,3934,1965,824,289,59,6,2,1,1,1,2,8,3,0,0,0,0,0,0,0,0,0
device,ee,1,17,46587,0,0,0,0,0,0,0,0,1,2,2,4,3,2,2,1,0,0,0,0,0,0,0,0
device,ee,0,21136,7937,10617,3375,3970,1977,834,276,62,5,2,4,1,2,11,0,0,0,0,0,0,0,0,0,0,0
device,ee,1,21136,32231,10617,3375,3970,1977,834,276,62,5,2,4,1,0,1,7,5,0,0,0,0,0,0,0,0,0
device,ee,1,19,26245,0,0,0,0,0,0,0,0,1,4,4,2,2,4,2,0,0,0,0,0,0,0,0,0
device,ee,0,21271,8013,10825,3304,3968,1979,843,268,61,5,1,4,0,2,11,0,0,0,0,0,0,0,0,0,0,0
device,ee,1,21271,40245,10825,3304,3968,1979,843,268,61,5,1,4,0,0,1,9,2,1,0,0,0,0,0,0,0,0
device,ee,1,16,38661,0,0,0,0,0,0,0,0,0,3,2,1,1,5,3,1,0,0,0,0,0,0,0,0
device,ee,0,18616,8031,8176,3329,3931,1986,847,263,59,7,1,2,1,3,11,0,0,0,0,0,0,0,0,0,0,0
device,ee,1,18616,33613,8176,3329,3931,1986,847,263,59,7,1,2,0,2,1,8,3,1,0,0,0,0,0,0,0,0
device,ee,1,17,30089,0,0,0,0,0,0,0,0,0,3,0,3,3,3,5,0,0,0,0,0,0,0,0,0
device,vf,0,3809,2779,1721,450,804,495,215,83,33,6,1,0,0,1,0,0,0,0,0,0,0,0,0,0,0,0
device,vf,1,3809,2779,1721,450,804,495,215,83,33,6,1,0,0,1,0,0,0,0,0,0,0,0,0,0,0,0
device,vf,1,1,2779,0,0,0,0,0,0,0,0,0,0,0,1,0,0,0,0,0,0,0,0,0,0,0,0
device,ee,0,17309,8003,6874,3314,3935,1992,850,261,56,5,4,3,2,2,11,0,0,0,0,0,0,0,0,0,0,0
device,ee,1,17309,38083,6874,3314,3935,1992,850,261,56,5,4,2,2,1,2,6,4,1,0,0,0,0,0,0,0,0
device,ee,1,20,31403,0,0,0,0,0,0,0,0,2,2,4,2,5,1,4,0,0,0,0,0,0,0,0,0
device,vf,0,3474,4819,1415,451,768,497,219,83,33,6,0,1,0,0,1,0,0,0,0,0,0,0,0,0,0,0
device,vf,1,3474,4819,1415,451,768,497,219,83,33,6,0,1,0,0,1,0,0,0,0,0,0,0,0,0,0,0
device,vf,1,1,4819,0,0,0,0,0,0,0,0,0,0,0,0,1,0,0,0,0,0,0,0,0,0,0,0
device,ee,0,16400,7979,5912,3348,3951,2001,848,257,60,6,1,3,0,2,11,0,0,0,0,0,0,0,0,0,0,0
device,ee,1,16400,30197,5912,3348,3951,2001,848,257,60,6,1,2,0,1,0,7,6,0,0,0,0,0,0,0,0,0
device,ee,1,16,33171,0,0,0,0,0,0,0,0,0,2,0,3,5,4,1,1,0,0,0,0,0,0,0,0
device,ee,0,15836,8847,5367,3337,3936,2007,844,260,62,5,2,2,1,2,10,1,0,0,0,0,0,0,0,0,0,0
device,ee,1,15836,48363,5367,3337,3936,2007,844,260,62,5,2,2,0,1,2,7,2,2,0,0,0,0,0,0,0,0
device,ee,1,17,16965,0,0,0,0,0,0,0,0,2,1,0,1,6,6,1,0,0,0,0,0,0,0,0,0
device,ee,0,15698,7865,5256,3303,3927,2019,848,261,61,4,2,3,1,4,9,0,0,0,0,0,0,0,0,0,0,0
device,ee,1,15698,39937,5256,3303,3927,2019,848,261,61,4,2,3,1,0,3,4,5,1,0,0,0,0,0,0,0,0
device,ee,1,19,47955,0,0,0,0,0,0,0,0,2,4,1,3,2,2,3,2,0,0,0,0,0,0,0,0
device,ee,0,15414,8017,4964,3325,3918,2011,861,255,59,4,0,4,0,2,11,0,0,0,0,0,0,0,0,0,0,0
device,ee,1,15414,29225,4964,3325,3918,2011,861,255,59,4,0,4,0,1,2,4,6,0,0,0,0,0,0,0,0,0
device,ee,1,17,28513,0,0,0,0,0,0,0,0,0,4,0,1,4,5,3,0,0,0,0,0,0,0,0,0
device,vf,0,2983,451,946,444,749,498,218,83,34,10,1,0,0,0,0,0,0,0,0,0,0,0,0,0,0,0
device,vf,1,2983,451,946,444,749,498,218,83,34,10,1,0,0,0,0,0,0,0,0,0,0,0,0,0,0,0
device,vf,1,1,451,0,0,0,0,0,0,0,0,1,0,0,0,0,0,0,0,0,0,0,0,0,0,0,0
device,ee,0,15203,7949,4751,3327,3915,2013,864,255,59,3,1,2,0,2,11,0,0,0,0,0,0,0,0,0,0,0
device,ee,1,15203,28411,4751,3327,3915,2013,864,255,59,3,1,1,1,1,0,7,5,0,0,0,0,0,0,0,0,0
device,ee,1,16,39461,0,0,0,0,0,0,0,0,1,1,1,3,3,4,2,1,0,0,0,0,0,0,0,0
device,vf,0,2887,571,873,440,731,497,221,79,35,10,0,1,0,0,0,0,0,0,0,0,0,0,0,0,0,0
device,vf,1,2887,571,873,440,731,497,221,79,35,10,0,1,0,0,0,0,0,0,0,0,0,0,0,0,0,0
device,vf,1,1,571,0,0,0,0,0,0,0,0,0,1,0,0,0,0,0,0,0,0,0,0,0,0,0,0
device,ee,0,15275,7979,4857,3300,3907,2015,864,254,59,4,2,0,0,2,11,0,0,0,0,0,0,0,0,0,0,0
device,ee,1,15275,23571,4857,3300,3907,2015,864,254,59,4,2,0,0,0,2,7,4,0,0,0,0,0,0,0,0,0
device,ee,1,14,29169,0,0,0,0,0,0,0,0,1,0,1,3,2,5,2,0,0,0,0,0,0,0,0,0
device,ee,0,15403,8105,4927,3345,3914,2024,864,254,54,5,1,2,0,2,11,0,0,0,0,0,0,0,0,0,0,0
device,ee,1,15403,25665,4927,3345,3914,2024,864,254,54,5,1,2,0,0,1,8,4,0,0,0,0,0,0,0,0,0
device,ee,1,14,44179,0,0,0,0,0,0,0,0,0,1,2,1,2,2,3,3,0,0,0,0,0,0,0,0
device,ee,0,15333,7961,4846,3355,3914,2021,864,259,53,6,1,0,1,2,11,0,0,0,0,0,0,0,0,0,0,0
device,ee,1,15333,23831,4846,3355,3914,2021,864,259,53,6,1,0,1,1,0,8,4,0,0,0,0,0,0,0,0,0
device,ee,1,14,41771,0,0,0,0,0,0,0,0,0,1,3,2,2,4,1,1,0,0,0,0,0,0,0,0
device,vf,0,2985,1385,964,438,739,501,215,82,34,11,0,0,1,0,0,0,0,0,0,0,0,0,0,0,0,0
device,vf,1,2985,1385,964,438,739,501,215,82,34,11,0,0,1,0,0,0,0,0,0,0,0,0,0,0,0,0
device,vf,1,1,1385,0,0,0,0,0,0,0,0,0,0,1,0,0,0,0,0,0,0,0,0,0,0,0,0
device,ee,0,14962,8281,4521,3343,3879,2025,860,256,56,7,0,1,0,3,10,1,0,0,0,0,0,0,0,0,0,0
device,ee,1,14962,27127,4521,3343,3879,2025,860,256,56,7,0,1,0,1,1,5,7,0,0,0,0,0,0,0,0,0
device,ee,1,14,46257,0,0,0,0,0,0,0,0,0,1,0,2,3,3,4,1,0,0,0,0,0,0,0,0
device,ee,0,14645,8871,4220,3363,3842,2027,862,254,51,6,3,1,2,3,10,1,0,0,0,0,0,0,0,0,0,0
device,ee,1,14645,21861,4220,3363,3842,2027,862,254,51,6,3,1,1,2,2,6,5,0,0,0,0,0,0,0,0,0
device,ee,1,19,39945,0,0,0,0,0,0,0,0,2,2,2,1,4,2,4,2,0,0,0,0,0,0,0,0
device,ee,0,14178,7997,3708,3406,3845,2023,867,254,51,6,2,3,0,3,10,0,0,0,0,0,0,0,0,0,0,0
device,ee,1,14178,30923,3708,3406,3845,2023,867,254,51,6,2,3,0,0,1,6,6,0,0,0,0,0,0,0,0,0
device,ee,1,15,43025,0,0,0,0,0,0,0,0,0,2,1,1,4,4,2,1,0,0,0,0,0,0,0,0
device,ee,0,13711,7975,3236,3403,3860,2016,871,249,51,8,1,2,1,2,11,0,0,0,0,0,0,0,0,0,0,0
device,ee,1,13711,31969,3236,3403,3860,2016,871,249,51,8,1,1,2,0,1,8,4,0,0,0,0,0,0,0,0,0
device,ee,1,16,29991,0,0,0,0,0,0,0,0,0,1,1,3,1,8,2,0,0,0,0,0,0,0,0,0
device,ee,0,13619,7977,3167,3380,3855,2023,868,249,53,6,0,3,1,3,11,0,0,0,0,0,0,0,0,0,0,0
device,ee,1,13619,26799,3167,3380,3855,2023,868,249,53,6,0,3,0,2,0,9,4,0,0,0,0,0,0,0,0,0
device,ee,1,18,39603,0,0,0,0,0,0,0,0,1,2,0,2,6,3,2,2,0,0,0,0,0,0,0,0
device,vf,0,2797,3807,808,429,719,489,223,75,44,6,3,0,0,1,0,0,0,0,0,0,0,0,0,0,0,0
device,vf,1,2797,3807,808,429,719,489,223,75,44,6,3,0,0,1,0,0,0,0,0,0,0,0,0,0,0,0
device,vf,1,1,3807,0,0,0,0,0,0,0,0,0,0,0,1,0,0,0,0,0,0,0,0,0,0,0,0
device,ee,0,13543,8065,3078,3400,3840,2025,870,255,52,7,1,2,0,2,11,0,0,0,0,0,0,0,0,0,0,0
device,ee,1,13543,39087,3078,3400,3840,2025,870,255,52,7,1,2,0,0,4,4,4,1,0,0,0,0,0,0,0,0
device,ee,1,14,28177,0,0,0,0,0,0,0,0,0,1,2,2,5,2,2,0,0,0,0,0,0,0,0,0
device,vf,0,2795,719,803,432,721,487,221,79,43,3,4,2,0,0,0,0,0,0,0,0,0,0,0,0,0,0
device,vf,1,2795,719,803,432,721,487,221,79,43,3,4,2,0,0,0,0,0,0,0,0,0,0,0,0,0,0
device,vf,1,2,719,0,0,0,0,0,0,0,0,0,2,0,0,0,0,0,0,0,0,0,0,0,0,0,0
device,ee,0,13479,7957,3045,3394,3819,2014,878,251,54,7,3,1,0,2,11,0,0,0,0,0,0,0,0,0,0,0
device,ee,1,13479,31001,3045,3394,3819,2014,878,251,54,7,3,1,0,0,1,7,5,0,0,0,0,0,0,0,0,0
device,ee,1,15,28391,0,0,0,0,0,0,0,0,1,1,0,3,4,3,3,0,0,0,0,0,0,0,0,0
device,vf,0,2779,4525,796,428,718,486,219,78,45,5,1,1,1,0,1,0,0,0,0,0,0,0,0,0,0,0
device,vf,1,2779,4525,796,428,718,486,219,78,45,5,1,1,1,0,1,0,0,0,0,0,0,0,0,0,0,0
device,vf,1,2,4525,0,0,0,0,0,0,0,0,0,0,1,0,1,0,0,0,0,0,0,0,0,0,0,0
device,ee,0,13503,7979,3057,3391,3824,2027,877,248,56,7,0,2,1,3,10,0,0,0,0,0,0,0,0,0,0,0
device,ee,1,13503,22111,3057,3391,3824,2027,877,248,56,7,0,1,1,1,1,7,5,0,0,0,0,0,0,0,0,0
device,ee,1,16,34511,0,0,0,0,0,0,0,0,1,0,1,2,4,4,3,1,0,0,0,0,0,0,0,0
device,vf,0,2784,4431,798,431,718,486,221,80,39,7,0,1,0,2,1,0,0,0,0,0,0,0,0,0,0,0
device,vf,1,2784,4431,798,431,718,486,221,80,39,7,0,1,0,2,1,0,0,0,0,0,0,0,0,0,0,0
device,vf,1,3,4279,0,0,0,0,0,0,0,0,0,0,0,2,1,0,0,0,0,0,0,0,0,0,0,0
device,ee,0,13476,7981,3022,3388,3834,2031,872,255,50,6,2,2,1,2,11,0,0,0,0,0,0,0,0,0,0,0
device,ee,1,13476,31335,3022,3388,3834,2031,872,255,50,6,2,2,1,0,1,5,7,0,0,0,0,0,0,0,0,0
device,ee,1,16,29903,0,0,0,0,0,0,0,0,1,1,3,2,3,4,2,0,0,0,0,0,0,0,0,0
device,ee,0,13532,7971,3059,3404,3839,2032,873,254,49,6,2,0,1,2,11,0,0,0,0,0,0,0,0,0,0,0
device,ee,1,13532,25877,3059,3404,3839,2032,873,254,49,6,2,0,0,1,1,6,6,0,0,0,0,0,0,0,0,0
device,ee,1,15,32721,0,0,0,0,0,0,0,0,1,0,0,3,3,3,5,0,0,0,0,0,0,0,0,0
device,ee,0,13535,7975,3061,3402,3836,2038,872,255,51,5,0,1,0,3,11,0,0,0,0,0,0,0,0,0,0,0
device,ee,1,13535,33465,3061,3402,3836,2038,872,255,51,5,0,1,0,1,1,5,6,1,0,0,0,0,0,0,0,0
device,ee,1,15,40135,0,0,0,0,0,0,0,0,0,1,1,2,5,4,1,1,0,0,0,0,0,0,0,0
device,ee,0,13482,7953,3008,3389,3836,2051,867,259,52,4,0,1,2,2,11,0,0,0,0,0,0,0,0,0,0,0
device,ee,1,13482,33657,3008,3389,3836,2051,867,259,52,4,0,1,2,0,0,4,8,1,0,0,0,0,0,0,0,0
device,ee,1,16,25305,0,0,0,0,0,0,0,0,0,1,3,2,3,3,4,0,0,0,0,0,0,0,0,0
device,ee,0,13435,7987,2965,3377,3847,2045,870,256,55,4,1,0,1,3,11,0,0,0,0,0,0,0,0,0,0,0
device,ee,1,13435,30729,2965,3377,3847,2045,870,256,55,4,1,0,1,1,1,5,7,0,0,0,0,0,0,0,0,0
device,ee,1,16,34107,0,0,0,0,0,0,0,0,1,1,2,2,3,5,1,1,0,0,0,0,0,0,0,0
device,ee,0,13409,8671,2916,3394,3846,2055,865,256,56,7,0,1,0,2,10,1,0,0,0,0,0,0,0,0,0,0
device,ee,1,13409,28295,2916,3394,3846,2055,865,256,56,7,0,1,0,0,1,8,4,0,0,0,0,0,0,0,0,0
device,ee,1,15,37201,0,0,0,0,0,0,0,1,0,1,1,0,1,6,4,1,0,0,0,0,0,0,0,0
device,ee,0,13383,7951,2900,3376,3854,2056,865,256,56,5,1,1,0,3,10,0,0,0,0,0,0,0,0,0,0,0
device,ee,1,13383,27521,2900,3376,3854,2056,865,256,56,5,1,1,0,0,0,6,7,0,0,0,0,0,0,0,0,0
device,ee,1,15,33435,0,0,0,0,0,0,0,0,1,1,0,3,3,3,3,1,0,0,0,0,0,0,0,0
device,ee,0,13357,10437,2883,3374,3846,2052,866,260,55,4,1,2,1,3,8,2,0,0,0,0,0,0,0,0,0,0
device,ee,1,13357,34941,2883,3374,3846,2052,866,260,55,4,1,2,1,0,2,6,4,1,0,0,0,0,0,0,0,0
device,ee,1,16,35437,0,0,0,0,0,0,0,0,1,1,2,0,4,4,3,1,0,0,0,0,0,0,0,0
device,vf,0,2769,2733,788,428,718,474,225,84,42,8,0,0,0,2,0,0,0,0,0,0,0,0,0,0,0,0
device,vf,1,2769,2733,788,428,718,474,225,84,42,8,0,0,0,2,0,0,0,0,0,0,0,0,0,0,0,0
device,vf,1,2,2733,0,0,0,0,0,0,0,0,0,0,0,2,0,0,0,0,0,0,0,0,0,0,0,0
device,ee,0,13412,8917,2910,3379,3856,2061,870,261,53,4,1,2,2,2,8,3,0,0,0,0,0,0,0,0,0,0
device,ee,1,13412,33835,2910,3379,3856,2061,870,261,53,4,1,2,2,0,1,6,5,1,0,0,0,0,0,0,0,0
device,ee,1,17,34623,0,0,0,0,0,0,0,0,1,2,1,0,4,4,4,1,0,0,0,0,0,0,0,0
device,vf,0,2774,1383,789,429,716,478,226,85,40,10,0,0,1,0,0,0,0,0,0,0,0,0,0,0,0,0
device,vf,1,2774,1383,789,429,716,478,226,85,40,10,0,0,1,0,0,0,0,0,0,0,0,0,0,0,0,0
device,vf,1,1,1383,0,0,0,0,0,0,0,0,0,0,1,0,0,0,0,0,0,0,0,0,0,0,0,0
device,ee,0,13402,9303,2888,3378,3863,2070,874,251,57,5,2,1,0,2,10,1,0,0,0,0,0,0,0,0,0,0
device,ee,1,13402,44275,2888,3378,3863,2070,874,251,57,5,2,1,0,0,1,5,6,1,0,0,0,0,0,0,0,0
device,ee,1,14,19969,0,0,0,0,0,0,0,0,0,1,1,2,4,4,2,0,0,0,0,0,0,0,0,0
device,ee,0,13410,8013,2870,3386,3869,2080,880,249,56,5,1,0,1,2,11,0,0,0,0,0,0,0,0,0,0,0
device,ee,1,13410,30545,2870,3386,3869,2080,880,249,56,5,1,0,0,1,2,4,7,0,0,0,0,0,0,0,0,0
device,ee,1,14,45391,0,0,0,0,0,0,0,0,0,0,1,1,2,7,1,2,0,0,0,0,0,0,0,0
device,ee,0,13389,7973,2860,3380,3863,2082,884,244,52,7,0,3,1,1,12,0,0,0,0,0,0,0,0,0,0,0
device,ee,1,13389,39131,2860,3380,3863,2082,884,244,52,7,0,3,1,0,0,5,6,2,0,0,0,0,0,0,0,0
device,ee,1,16,35351,0,0,0,0,0,0,0,0,1,1,1,2,1,5,4,1,0,0,0,0,0,0,0,0
device,ee,0,13371,7993,2845,3374,3859,2094,881,241,53,7,1,2,0,3,11,0,0,0,0,0,0,0,0,0,0,0
device,ee,1,13371,42255,2845,3374,3859,2094,881,241,53,7,1,2,0,1,1,6,5,1,0,0,0,0,0,0,0,0
device,ee,1,17,33431,0,0,0,0,0,0,0,1,1,1,0,4,3,3,3,1,0,0,0,0,0,0,0,0
device,vf,0,2771,4681,780,429,716,483,220,90,44,8,0,0,0,0,1,0,0,0,0,0,0,0,0,0,0,0
device,vf,1,2771,4681,780,429,716,483,220,90,44,8,0,0,0,0,1,0,0,0,0,0,0,0,0,0,0,0
device,vf,1,1,4681,0,0,0,0,0,0,0,0,0,0,0,0,1,0,0,0,0,0,0,0,0,0,0,0
device,ee,0,13368,9143,2838,3382,3857,2100,878,236,55,6,0,2,1,2,10,1,0,0,0,0,0,0,0,0,0,0
device,ee,1,13368,21641,2838,3382,3857,2100,878,236,55,6,0,2,1,0,1,10,2,0,0,0,0,0,0,0,0,0
device,ee,1,15,28263,0,0,0,0,0,0,0,0,0,2,1,1,6,2,3,0,0,0,0,0,0,0,0,0
device,vf,0,2770,1053,777,431,716,483,220,91,42,9,0,0,1,0,0,0,0,0,0,0,0,0,0,0,0,0
device,vf,1,2770,1053,777,431,716,483,220,91,42,9,0,0,1,0,0,0,0,0,0,0,0,0,0,0,0,0
device,vf,1,1,1053,0,0,0,0,0,0,0,0,0,0,1,0,0,0,0,0,0,0,0,0,0,0,0,0
device,ee,0,13408,11951,2867,3391,3858,2091,880,244,55,8,0,1,0,0,5,8,0,0,0,0,0,0,0,0,0,0
device,ee,1,13408,23833,2867,3391,3858,2091,880,244,55,8,0,1,0,0,1,5,7,0,0,0,0,0,0,0,0,0
device,ee,1,13,22897,0,0,0,0,0,0,0,0,0,0,1,0,1,9,2,0,0,0,0,0,0,0,0,0
device,ee,0,13413,7951,2864,3384,3872,2087,883,245,57,4,1,2,0,2,12,0,0,0,0,0,0,0,0,0,0,0
device,ee,1,13413,26275,2864,3384,3872,2087,883,245,57,4,1,2,0,0,2,8,4,0,0,0,0,0,0,0,0,0
device,ee,1,17,41935,0,0,0,0,0,0,0,0,2,1,1,1,2,6,3,1,0,0,0,0,0,0,0,0
device,ee,0,13371,8023,2831,3371,3875,2091,884,241,59,4,0,1,1,2,11,0,0,0,0,0,0,0,0,0,0,0
device,ee,1,13371,28933,2831,3371,3875,2091,884,241,59,4,0,1,1,1,3,5,4,0,0,0,0,0,0,0,0,0
device,ee,1,14,45615,0,0,0,0,0,0,0,0,0,0,1,2,6,3,1,1,0,0,0,0,0,0,0,0
device,vf,0,2769,1653,774,427,723,484,217,92,43,8,0,0,1,0,0,0,0,0,0,0,0,0,0,0,0,0
device,vf,1,2769,1653,774,427,723,484,217,92,43,8,0,0,1,0,0,0,0,0,0,0,0,0,0,0,0,0
device,vf,1,1,1653,0,0,0,0,0,0,0,0,0,0,1,0,0,0,0,0,0,0,0,0,0,0,0,0
device,ee,0,13367,8211,2806,3370,3881,2105,884,244,58,3,1,1,1,2,10,1,0,0,0,0,0,0,0,0,0,0
device,ee,1,13367,48663,2806,3370,3881,2105,884,244,58,3,1,0,1,1,2,8,2,1,0,0,0,0,0,0,0,0
device,ee,1,16,33537,0,0,0,0,0,0,0,0,1,0,2,4,1,3,4,1,0,0,0,0,0,0,0,0
device,ee,0,13362,7969,2803,3359,3881,2122,877,241,60,4,0,1,1,2,11,0,0,0,0,0,0,0,0,0,0,0
device,ee,1,13362,36591,2803,3359,3881,2122,877,241,60,4,0,1,0,1,2,6,4,1,0,0,0,0,0,0,0,0
device,ee,1,15,12947,0,0,0,0,0,0,0,0,0,1,0,1,3,10,0,0,0,0,0,0,0,0,0,0
device,ee,0,13351,8273,2789,3370,3871,2127,874,241,60,4,1,1,0,2,7,4,0,0,0,0,0,0,0,0,0,0
device,ee,1,13351,30529,2789,3370,3871,2127,874,241,60,4,1,1,0,0,3,1,9,0,0,0,0,0,0,0,0,0
device,ee,1,14,33909,0,0,0,0,0,0,0,0,0,1,0,3,1,5,3,1,0,0,0,0,0,0,0,0
device,vf,0,2771,2309,771,427,719,489,216,95,43,10,0,0,0,1,0,0,0,0,0,0,0,0,0,0,0,0
device,vf,1,2771,2309,771,427,719,489,216,95,43,10,0,0,0,1,0,0,0,0,0,0,0,0,0,0,0,0
device,vf,1,1,2309,0,0,0,0,0,0,0,0,0,0,0,1,0,0,0,0,0,0,0,0,0,0,0,0
device,ee,0,13340,7941,2765,3370,3874,2136,873,243,62,3,1,0,0,3,10,0,0,0,0,0,0,0,0,0,0,0
device,ee,1,13340,32333,2765,3370,3874,2136,873,243,62,3,1,0,0,0,0,10,3,0,0,0,0,0,0,0,0,0
device,ee,1,13,24315,0,0,0,0,0,0,0,0,0,0,2,1,5,4,1,0,0,0,0,0,0,0,0,0
device,ee,0,13347,7983,2770,3371,3886,2142,862,236,62,4,0,0,1,3,10,0,0,0,0,0,0,0,0,0,0,0
device,ee,1,13347,24979,2770,3371,3886,2142,862,236,62,4,0,0,0,1,2,6,5,0,0,0,0,0,0,0,0,0
device,ee,1,14,30843,0,0,0,0,0,0,0,0,0,0,0,3,4,6,1,0,0,0,0,0,0,0,0,0
device,vf,0,2770,493,767,428,719,492,215,93,45,10,1,0,0,0,0,0,0,0,0,0,0,0,0,0,0,0
device,vf,1,2770,493,767,428,719,492,215,93,45,10,1,0,0,0,0,0,0,0,0,0,0,0,0,0,0,0
device,vf,1,1,493,0,0,0,0,0,0,0,0,1,0,0,0,0,0,0,0,0,0,0,0,0,0,0,0
device,ee,0,13339,8059,2777,3353,3870,2143,875,241,57,4,2,3,1,3,10,0,0,0,0,0,0,0,0,0,0,0
device,ee,1,13339,28359,2777,3353,3870,2143,875,241,57,4,2,3,1,0,1,6,6,0,0,0,0,0,0,0,0,0
device,ee,1,18,48463,0,0,0,0,0,0,0,0,2,3,3,0,4,2,3,1,0,0,0,0,0,0,0,0
device,vf,0,2768,521,766,429,718,490,216,93,45,10,0,1,0,0,0,0,0,0,0,0,0,0,0,0,0,0
device,vf,1,2768,521,766,429,718,490,216,93,45,10,0,1,0,0,0,0,0,0,0,0,0,0,0,0,0,0
device,vf,1,1,521,0,0,0,0,0,0,0,0,0,1,0,0,0,0,0,0,0,0,0,0,0,0,0,0
device,ee,0,13342,9273,2775,3357,3863,2150,870,250,56,4,0,1,3,3,9,1,0,0,0,0,0,0,0,0,0,0
device,ee,1,13342,26267,2775,3357,3863,2150,870,250,56,4,0,1,2,1,4,4,5,0,0,0,0,0,0,0,0,0
device,ee,1,17,32059,0,0,0,0,0,0,0,0,0,1,3,3,4,5,1,0,0,0,0,0,0,0,0,0
device,vf,0,2768,1131,765,428,719,489,218,95,41,12,0,0,1,0,0,0,0,0,0,0,0,0,0,0,0,0
device,vf,1,2768,1131,765,428,719,489,218,95,41,12,0,0,1,0,0,0,0,0,0,0,0,0,0,0,0,0
device,vf,1,1,1131,0,0,0,0,0,0,0,0,0,0,1,0,0,0,0,0,0,0,0,0,0,0,0,0
device,ee,0,13344,7957,2786,3349,3860,2149,870,255,55,3,2,1,1,2,11,0,0,0,0,0,0,0,0,0,0,0
device,ee,1,13344,21549,2786,3349,3860,2149,870,255,55,3,2,0,1,1,0,7,6,0,0,0,0,0,0,0,0,0
device,ee,1,15,34019,0,0,0,0,0,0,0,0,0,0,1,3,1,5,4,1,0,0,0,0,0,0,0,0
device,vf,0,2769,2299,767,425,720,492,217,93,43,11,0,0,0,1,0,0,0,0,0,0,0,0,0,0,0,0
device,vf,1,2769,2299,767,425,720,492,217,93,43,11,0,0,0,1,0,0,0,0,0,0,0,0,0,0,0,0
device,vf,1,1,2299,0,0,0,0,0,0,0,0,0,0,0,1,0,0,0,0,0,0,0,0,0,0,0,0
device,ee,0,13336,7977,2757,3358,3864,2149,880,253,55,6,0,1,0,1,12,0,0,0,0,0,0,0,0,0,0,0
device,ee,1,13336,25667,2757,3358,3864,2149,880,253,55,6,0,0,0,1,1,6,6,0,0,0,0,0,0,0,0,0
device,ee,1,14,30545,0,0,0,0,0,0,0,0,0,0,0,2,3,5,4,0,0,0,0,0,0,0,0,0
device,ee,0,13363,7997,2746,3387,3869,2153,880,252,56,2,1,1,3,3,10,0,0,0,0,0,0,0,0,0,0,0
device,ee,1,13363,27639,2746,3387,3869,2153,880,252,56,2,1,1,2,1,2,7,4,0,0,0,0,0,0,0,0,0
device,ee,1,18,35663,0,0,0,0,0,0,0,0,1,1,5,3,2,1,4,1,0,0,0,0,0,0,0,0
device,vf,0,2776,2981,765,429,722,495,217,90,46,10,0,0,1,1,0,0,0,0,0,0,0,0,0,0,0,0
device,vf,1,2776,2981,765,429,722,495,217,90,46,10,0,0,1,1,0,0,0,0,0,0,0,0,0,0,0,0
device,vf,1,2,2981,0,0,0,0,0,0,0,0,0,0,1,1,0,0,0,0,0,0,0,0,0,0,0,0
device,ee,0,13367,8003,2744,3381,3884,2156,873,250,61,4,0,1,0,2,11,0,0,0,0,0,0,0,0,0,0,0
device,ee,1,13367,22961,2744,3381,3884,2156,873,250,61,4,0,0,1,2,1,6,4,0,0,0,0,0,0,0,0,0
device,ee,1,13,28851,0,0,0,0,0,0,0,0,0,0,0,4,2,3,4,0,0,0,0,0,0,0,0,0
device,vf,0,2775,1391,765,426,725,494,217,93,41,10,2,1,1,0,0,0,0,0,0,0,0,0,0,0,0,0
device,vf,1,2775,1391,765,426,725,494,217,93,41,10,2,1,1,0,0,0,0,0,0,0,0,0,0,0,0,0
device,vf,1,2,1391,0,0,0,0,0,0,0,0,0,1,1,0,0,0,0,0,0,0,0,0,0,0,0,0
device,ee,0,13364,7967,2740,3388,3876,2168,862,248,64,3,0,1,1,2,11,0,0,0,0,0,0,0,0,0,0,0
device,ee,1,13364,40387,2740,3388,3876,2168,862,248,64,3,0,1,1,0,3,3,6,1,0,0,0,0,0,0,0,0
device,ee,1,14,26903,0,0,0,0,0,0,0,0,0,1,1,2,2,6,2,0,0,0,0,0,0,0,0,0
device,vf,0,2770,1209,763,424,723,496,215,92,42,13,1,0,1,0,0,0,0,0,0,0,0,0,0,0,0,0
device,vf,1,2770,1209,763,424,723,496,215,92,42,13,1,0,1,0,0,0,0,0,0,0,0,0,0,0,0,0
device,vf,1,1,1209,0,0,0,0,0,0,0,0,0,0,1,0,0,0,0,0,0,0,0,0,0,0,0,0
device,ee,0,13350,8781,2718,3377,3882,2178,866,248,60,4,2,2,0,2,10,1,0,0,0,0,0,0,0,0,0,0
device,ee,1,13350,30795,2718,3377,3882,2178,866,248,60,4,2,1,1,0,1,4,8,0,0,0,0,0,0,0,0,0
device,ee,1,16,37529,0,0,0,0,0,0,0,0,2,1,0,2,3,4,2,2,0,0,0,0,0,0,0,0
device,vf,0,2776,3571,763,426,725,498,213,94,43,10,2,1,0,1,0,0,0,0,0,0,0,0,0,0,0,0
device,vf,1,2776,3571,763,426,725,498,213,94,43,10,2,1,0,1,0,0,0,0,0,0,0,0,0,0,0,0
device,vf,1,2,3571,0,0,0,0,0,0,0,0,0,1,0,1,0,0,0,0,0,0,0,0,0,0,0,0
device,ee,0,13352,7973,2693,3385,3892,2183,873,247,60,3,0,1,1,3,11,0,0,0,0,0,0,0,0,0,0,0
device,ee,1,13352,32213,2693,3385,3892,2183,873,247,60,3,0,0,1,2,2,3,8,0,0,0,0,0,0,0,0,0
device,ee,1,16,38021,0,0,0,0,0,0,0,0,0,0,1,3,3,4,4,1,0,0,0,0,0,0,0,0
device,vf,0,2776,2737,759,425,728,499,216,91,46,9,2,0,0,1,0,0,0,0,0,0,0,0,0,0,0,0
device,vf,1,2776,2737,759,425,728,499,216,91,46,9,2,0,0,1,0,0,0,0,0,0,0,0,0,0,0,0
device,vf,1,1,2737,0,0,0,0,0,0,0,0,0,0,0,1,0,0,0,0,0,0,0,0,0,0,0,0
device,ee,0,13347,8523,2688,3387,3892,2180,870,252,57,4,2,1,1,2,9,2,0,0,0,0,0,0,0,0,0,0
device,ee,1,13347,30527,2688,3387,3892,2180,870,252,57,4,2,1,0,1,0,11,2,0,0,0,0,0,0,0,0,0
device,ee,1,16,32811,0,0,0,0,0,0,0,0,1,1,2,2,2,4,3,1,0,0,0,0,0,0,0,0
device,ee,0,13345,7963,2685,3396,3878,2189,872,241,66,3,0,2,0,3,10,0,0,0,0,0,0,0,0,0,0,0
device,ee,1,13345,33547,2685,3396,3878,2189,872,241,66,3,0,1,1,0,0,5,7,1,0,0,0,0,0,0,0,0
device,ee,1,14,25645,0,0,0,0,0,0,0,0,0,2,1,1,3,4,3,0,0,0,0,0,0,0,0,0
device,vf,0,2769,5663,750,429,729,495,222,88,46,6,3,0,0,0,1,0,0,0,0,0,0,0,0,0,0,0
device,vf,1,2769,5663,750,429,729,495,222,88,46,6,3,0,0,0,1,0,0,0,0,0,0,0,0,0,0,0
device,vf,1,1,5663,0,0,0,0,0,0,0,0,0,0,0,0,1,0,0,0,0,0,0,0,0,0,0,0
device,ee,0,13351,7943,2696,3396,3877,2192,870,235,65,3,0,4,0,2,11,0,0,0,0,0,0,0,0,0,0,0
device,ee,1,13351,24075,2696,3396,3877,2192,870,235,65,3,0,4,0,1,1,5,6,0,0,0,0,0,0,0,0,0
device,ee,1,16,37581,0,0,0,0,0,0,0,0,0,5,2,1,0,6,1,1,0,0,0,0,0,0,0,0
device,ee,0,13367,7975,2709,3387,3881,2200,876,227,68,4,0,1,1,2,11,0,0,0,0,0,0,0,0,0,0,0
device,ee,1,13367,41277,2709,3387,3881,2200,876,227,68,4,0,0,2,0,1,5,6,1,0,0,0,0,0,0,0,0
device,ee,1,15,31703,0,0,0,0,0,0,0,0,0,0,3,1,2,2,7,0,0,0,0,0,0,0,0,0
device,vf,0,2772,2529,752,427,730,499,222,86,46,6,2,1,0,1,0,0,0,0,0,0,0,0,0,0,0,0
device,vf,1,2772,2529,752,427,730,499,222,86,46,6,2,1,0,1,0,0,0,0,0,0,0,0,0,0,0,0
device,vf,1,1,2529,0,0,0,0,0,0,0,0,0,0,0,1,0,0,0,0,0,0,0,0,0,0,0,0
device,ee,0,13328,11145,2671,3383,3884,2204,873,227,63,5,2,2,1,3,7,3,0,0,0,0,0,0,0,0,0,0
device,ee,1,13328,32089,2671,3383,3884,2204,873,227,63,5,2,1,1,1,2,6,5,0,0,0,0,0,0,0,0,0
device,ee,1,16,30341,0,0,0,0,0,0,0,0,0,1,1,4,2,3,5,0,0,0,0,0,0,0,0,0
device,vf,0,2758,6977,742,425,730,495,225,83,48,7,1,1,0,0,1,0,0,0,0,0,0,0,0,0,0,0
device,vf,1,2758,6835,742,425,730,495,225,83,48,7,1,1,0,0,1,0,0,0,0,0,0,0,0,0,0,0
device,vf,1,1,7129,0,0,0,0,0,0,0,0,0,0,0,0,1,0,0,0,0,0,0,0,0,0,0,0
device,ee,0,13331,7953,2680,3382,3878,2209,871,226,61,4,3,1,2,3,11,0,0,0,0,0,0,0,0,0,0,0
device,ee,1,13331,40243,2680,3382,3878,2209,871,226,61,4,3,1,1,2,2,5,4,2,0,0,0,0,0,0,0,0
device,ee,1,20,23463,0,0,0,0,0,0,0,0,3,2,2,3,2,0,8,0,0,0,0,0,0,0,0,0
device,vf,0,2760,5359,743,425,730,498,224,80,51,6,1,0,1,0,1,0,0,0,0,0,0,0,0,0,0,0
device,vf,1,2760,5359,743,425,730,498,224,80,51,6,1,0,1,0,1,0,0,0,0,0,0,0,0,0,0,0
device,vf,1,1,5359,0,0,0,0,0,0,0,0,0,0,0,0,1,0,0,0,0,0,0,0,0,0,0,0
device,ee,0,13318,7933,2665,3380,3881,2215,864,231,63,5,0,0,1,2,11,0,0,0,0,0,0,0,0,0,0,0
device,ee,1,13318,27975,2665,3380,3881,2215,864,231,63,5,0,0,0,0,2,7,5,0,0,0,0,0,0,0,0,0
device,ee,1,14,26593,0,0,0,0,0,0,0,0,0,0,3,0,4,3,4,0,0,0,0,0,0,0,0,0
device,ee,0,13332,8009,2676,3380,3883,2217,863,235,59,4,1,1,0,2,11,0,0,0,0,0,0,0,0,0,0,0
device,ee,1,13332,31277,2676,3380,3883,2217,863,235,59,4,1,0,0,1,2,5,6,0,0,0,0,0,0,0,0,0
device,ee,1,15,26859,0,0,0,0,0,0,0,0,1,0,2,2,3,3,4,0,0,0,0,0,0,0,0,0
device,vf,0,2756,5335,739,426,730,496,224,80,51,6,2,0,1,0,1,0,0,0,0,0,0,0,0,0,0,0
device,vf,1,2756,5335,739,426,730,496,224,80,51,6,2,0,1,0,1,0,0,0,0,0,0,0,0,0,0,0
device,vf,1,2,5331,0,0,0,0,0,0,0,0,0,0,1,0,1,0,0,0,0,0,0,0,0,0,0,0
device,ee,0,13321,7959,2671,3372,3880,2222,864,231,60,5,0,2,1,2,11,0,0,0,0,0,0,0,0,0,0,0
device,ee,1,13321,42083,2671,3372,3880,2222,864,231,60,5,0,1,1,1,3,3,6,1,0,0,0,0,0,0,0,0
device,ee,1,16,45007,0,0,0,0,0,0,0,0,0,1,2,2,5,3,1,2,0,0,0,0,0,0,0,0
device,vf,0,2756,927,740,425,732,493,224,81,51,7,2,1,0,0,0,0,0,0,0,0,0,0,0,0,0,0
device,vf,1,2756,927,740,425,732,493,224,81,51,7,2,1,0,0,0,0,0,0,0,0,0,0,0,0,0,0
device,vf,1,1,927,0,0,0,0,0,0,0,0,0,1,0,0,0,0,0,0,0,0,0,0,0,0,0,0
device,ee,0,13350,7969,2691,3387,3882,2209,862,236,61,6,1,2,0,2,11,0,0,0,0,0,0,0,0,0,0,0
device,ee,1,13350,37217,2691,3387,3882,2209,862,236,61,6,1,2,0,0,4,2,6,1,0,0,0,0,0,0,0,0
device,ee,1,16,32655,0,0,0,0,0,0,0,0,1,3,1,3,1,2,5,0,0,0,0,0,0,0,0,0
device,vf,0,2761,2871,742,427,732,494,221,88,49,5,2,0,0,1,0,0,0,0,0,0,0,0,0,0,0,0
device,vf,1,2761,2871,742,427,732,494,221,88,49,5,2,0,0,1,0,0,0,0,0,0,0,0,0,0,0,0
device,vf,1,1,2871,0,0,0,0,0,0,0,0,0,0,0,1,0,0,0,0,0,0,0,0,0,0,0,0
device,ee,0,13353,10677,2674,3396,3889,2218,859,237,57,8,1,0,1,2,10,1,0,0,0,0,0,0,0,0,0,0
device,ee,1,13353,24271,2674,3396,3889,2218,859,237,57,8,1,0,1,0,2,6,5,0,0,0,0,0,0,0,0,0
device,ee,1,14,28001,0,0,0,0,0,0,0,0,0,0,2,1,3,3,5,0,0,0,0,0,0,0,0,0
device,ee,0,13354,7949,2691,3381,3890,2219,847,246,59,5,0,3,0,1,12,0,0,0,0,0,0,0,0,0,0,0
device,ee,1,13354,44217,2691,3381,3890,2219,847,246,59,5,0,2,0,1,1,6,5,1,0,0,0,0,0,0,0,0
device,ee,1,16,27385,0,0,0,0,0,0,0,0,0,3,2,1,2,5,3,0,0,0,0,0,0,0,0,0
device,vf,0,2762,855,748,426,731,490,223,88,45,8,2,1,0,0,0,0,0,0,0,0,0,0,0,0,0,0
device,vf,1,2762,855,748,426,731,490,223,88,45,8,2,1,0,0,0,0,0,0,0,0,0,0,0,0,0,0
device,vf,1,1,855,0,0,0,0,0,0,0,0,0,1,0,0,0,0,0,0,0,0,0,0,0,0,0,0
device,ee,0,13353,7957,2686,3386,3893,2215,846,246,60,5,0,1,2,2,11,0,0,0,0,0,0,0,0,0,0,0
device,ee,1,13353,34635,2686,3386,3893,2215,846,246,60,5,0,0,2,1,2,6,4,1,0,0,0,0,0,0,0,0
device,ee,1,16,29357,0,0,0,0,0,0,0,0,0,0,3,2,3,4,4,0,0,0,0,0,0,0,0,0
device,vf,0,2763,3917,748,427,732,488,220,93,42,11,0,0,1,1,0,0,0,0,0,0,0,0,0,0,0,0
device,vf,1,2763,3917,748,427,732,488,220,93,42,11,0,0,1,1,0,0,0,0,0,0,0,0,0,0,0,0
device,vf,1,2,3917,0,0,0,0,0,0,0,0,0,0,1,1,0,0,0,0,0,0,0,0,0,0,0,0
device,ee,0,13344,7971,2665,3397,3891,2220,844,247,59,5,1,2,0,1,12,0,0,0,0,0,0,0,0,0,0,0
device,ee,1,13344,21161,2665,3397,3891,2220,844,247,59,5,1,2,0,1,2,8,2,0,0,0,0,0,0,0,0,0
device,ee,1,14,37053,0,0,0,0,0,0,0,0,0,2,0,2,3,4,2,1,0,0,0,0,0,0,0,0
device,vf,0,2763,2063,745,427,736,485,227,88,43,9,2,0,0,1,0,0,0,0,0,0,0,0,0,0,0,0
device,vf,1,2763,2063,745,427,736,485,227,88,43,9,2,0,0,1,0,0,0,0,0,0,0,0,0,0,0,0
device,vf,1,1,2063,0,0,0,0,0,0,0,0,0,0,0,1,0,0,0,0,0,0,0,0,0,0,0,0
device,ee,0,13354,7967,2675,3397,3893,2212,849,247,62,5,0,0,1,3,10,0,0,0,0,0,0,0,0,0,0,0
device,ee,1,13354,28193,2675,3397,3893,2212,849,247,62,5,0,0,0,1,0,3,10,0,0,0,0,0,0,0,0,0
device,ee,1,14,23569,0,0,0,0,0,0,0,0,0,0,1,3,0,3,7,0,0,0,0,0,0,0,0,0
device,ee,0,13330,7961,2635,3392,3913,2211,852,243,66,4,0,1,0,2,11,0,0,0,0,0,0,0,0,0,0,0
device,ee,1,13330,33113,2635,3392,3913,2211,852,243,66,4,0,1,0,0,1,8,3,1,0,0,0,0,0,0,0,0
device,ee,1,13,38599,0,0,0,0,0,0,0,0,0,0,1,2,2,5,2,1,0,0,0,0,0,0,0,0
device,ee,0,13353,8013,2655,3402,3907,2216,843,249,62,4,1,1,0,2,11,0,0,0,0,0,0,0,0,0,0,0
device,ee,1,13353,32091,2655,3402,3907,2216,843,249,62,4,1,1,0,0,1,5,7,0,0,0,0,0,0,0,0,0
device,ee,1,14,41353,0,0,0,0,0,0,0,0,0,2,0,0,4,3,4,1,0,0,0,0,0,0,0,0
device,vf,0,10713,4063,1648,2672,3293,2835,260,3,1,0,0,0,0,1,0,0,0,0,0,0,0,0,0,0,0,0
device,vf,1,10713,4063,1648,2672,3293,2835,260,3,1,0,0,0,0,1,0,0,0,0,0,0,0,0,0,0,0,0
device,vf,1,1,4063,0,0,0,0,0,0,0,0,0,0,0,1,0,0,0,0,0,0,0,0,0,0,0,0
device,ee,0,27746,1649,5278,13480,8758,194,24,9,2,0,0,0,1,0,0,0,0,0,0,0,0,0,0,0,0,0
device,ee,1,27746,1649,5278,13480,8758,194,24,9,2,0,0,0,1,0,0,0,0,0,0,0,0,0,0,0,0,0
device,ee,1,1,1649,0,0,0,0,0,0,0,0,0,0,1,0,0,0,0,0,0,0,0,0,0,0,0,0
device,vf,0,10695,2491,1627,2675,3285,2841,261,4,1,0,0,0,0,1,0,0,0,0,0,0,0,0,0,0,0,0
device,vf,1,10695,2491,1627,2675,3285,2841,261,4,1,0,0,0,0,1,0,0,0,0,0,0,0,0,0,0,0,0
device,vf,1,1,2491,0,0,0,0,0,0,0,0,0,0,0,1,0,0,0,0,0,0,0,0,0,0,0,0
device,ee,0,27796,987,5291,13504,8767,196,29,5,1,0,2,1,0,0,0,0,0,0,0,0,0,0,0,0,0,0
device,ee,1,27796,987,5291,13504,8767,196,29,5,1,0,2,1,0,0,0,0,0,0,0,0,0,0,0,0,0,0
device,ee,1,1,987,0,0,0,0,0,0,0,0,0,1,0,0,0,0,0,0,0,0,0,0,0,0,0,0
device,ee,0,27605,4831,5075,13535,8761,192,32,5,2,0,0,0,2,0,1,0,0,0,0,0,0,0,0,0,0,0
device,ee,1,27605,5367,5075,13535,8761,192,32,5,2,0,0,0,2,0,1,0,0,0,0,0,0,0,0,0,0,0
device,ee,1,3,5133,0,0,0,0,0,0,0,0,0,0,2,0,1,0,0,0,0,0,0,0,0,0,0,0
device,ee,0,27633,821,5095,13536,8769,190,32,6,2,2,0,1,0,0,0,0,0,0,0,0,0,0,0,0,0,0
device,ee,1,27633,821,5095,13536,8769,190,32,6,2,2,0,1,0,0,0,0,0,0,0,0,0,0,0,0,0,0
device,ee,1,1,821,0,0,0,0,0,0,0,0,0,1,0,0,0,0,0,0,0,0,0,0,0,0,0,0
device,ee,0,27674,595,5122,13538,8774,205,23,8,2,1,0,1,0,0,0,0,0,0,0,0,0,0,0,0,0,0
device,ee,1,27674,595,5122,13538,8774,205,23,8,2,1,0,1,0,0,0,0,0,0,0,0,0,0,0,0,0,0
device,ee,1,1,595,0,0,0,0,0,0,0,0,0,1,0,0,0,0,0,0,0,0,0,0,0,0,0,0
device,ee,0,27689,2695,5114,13553,8778,209,24,5,4,1,0,0,0,1,0,0,0,0,0,0,0,0,0,0,0,0
device,ee,1,27689,2695,5114,13553,8778,209,24,5,4,1,0,0,0,1,0,0,0,0,0,0,0,0,0,0,0,0
device,ee,1,1,2695,0,0,0,0,0,0,0,0,0,0,0,1,0,0,0,0,0,0,0,0,0,0,0,0
device,ee,0,27751,3639,5123,13590,8791,211,26,4,4,1,0,0,0,1,0,0,0,0,0,0,0,0,0,0,0,0
device,ee,1,27751,3639,5123,13590,8791,211,26,4,4,1,0,0,0,1,0,0,0,0,0,0,0,0,0,0,0,0
device,ee,1,1,3639,0,0,0,0,0,0,0,0,0,0,0,1,0,0,0,0,0,0,0,0,0,0,0,0
device,ee,0,27769,1373,5130,13603,8788,208,29,4,4,0,1,0,2,0,0,0,0,0,0,0,0,0,0,0,0,0
device,ee,1,27769,1373,5130,13603,8788,208,29,4,4,0,1,0,2,0,0,0,0,0,0,0,0,0,0,0,0,0
device,ee,1,2,1373,0,0,0,0,0,0,0,0,0,0,2,0,0,0,0,0,0,0,0,0,0,0,0,0
device,ee,0,27746,1803,5050,13593,8834,226,33,7,1,1,0,0,1,0,0,0,0,0,0,0,0,0,0,0,0,0
device,ee,1,27746,1803,5050,13593,8834,226,33,7,1,1,0,0,1,0,0,0,0,0,0,0,0,0,0,0,0,0
device,ee,1,1,1803,0,0,0,0,0,0,0,0,0,0,1,0,0,0,0,0,0,0,0,0,0,0,0,0
device,vf,0,10663,4389,1516,2686,3315,2870,270,4,1,0,0,0,0,0,1,0,0,0,0,0,0,0,0,0,0,0
device,vf,1,10663,4389,1516,2686,3315,2870,270,4,1,0,0,0,0,0,1,0,0,0,0,0,0,0,0,0,0,0
device,vf,1,1,4389,0,0,0,0,0,0,0,0,0,0,0,0,1,0,0,0,0,0,0,0,0,0,0,0
device,ee,0,27653,2507,4945,13628,8798,237,36,8,0,0,0,0,0,1,0,0,0,0,0,0,0,0,0,0,0,0
device,ee,1,27653,2507,4945,13628,8798,237,36,8,0,0,0,0,0,1,0,0,0,0,0,0,0,0,0,0,0,0
device,ee,1,1,2507,0,0,0,0,0,0,0,0,0,0,0,1,0,0,0,0,0,0,0,0,0,0,0,0
