repeat,mode,case,type,queries,broad_ms,narrow_ms,fp,fn
1,0,100ee,ee,225426,1.3188,1.28757,65,0
1,0,100vf,vf,77161,0.712329,0.486576,12,0
1,0,101ee,ee,223924,3.04671,1.29909,137,0
1,0,101vf,vf,76590,1.63419,0.526286,35,0
1,0,102ee,ee,222990,3.42619,1.27711,64,0
1,0,102vf,vf,76332,1.81136,0.474736,12,0
1,0,103ee,ee,220765,3.32827,1.25506,39,0
1,0,103vf,vf,75965,1.76775,0.573901,4,0
1,0,104ee,ee,214330,3.56564,1.24559,30,0
1,0,104vf,vf,74289,1.79191,0.525838,7,0
1,0,105ee,ee,210765,3.56583,1.25103,33,0
1,0,105vf,vf,73618,1.77636,0.457425,16,0
1,0,106ee,ee,194881,3.42721,1.18422,44,0
1,0,106vf,vf,68121,1.69271,0.498095,11,0
1,0,107ee,ee,289172,3.20677,1.78368,1299,0
1,0,107vf,vf,101657,1.42159,0.658922,530,0
1,0,108ee,ee,173284,3.18761,1.13247,53,0
1,0,108vf,vf,59432,1.72545,0.4548,28,0
1,0,109ee,ee,134253,2.78484,1.90099,36,0
1,0,109vf,vf,44420,1.47426,0.342517,12,0
1,0,10ee,ee,331474,2.41374,1.89101,38,0
1,0,10vf,vf,115775,1.41381,0.653226,18,0
1,0,110ee,ee,115773,2.28959,0.788582,4,0
1,0,111ee,ee,94999,1.75149,0.660011,20,0
1,0,111vf,vf,30641,0.824005,0.255832,6,0
1,0,112ee,ee,71586,1.56628,0.537775,14,0
1,0,112vf,vf,22224,0.584717,0.252919,3,0
1,0,113ee,ee,56133,1.62187,0.466225,11,0
1,0,114ee,ee,57224,1.74231,1.37909,15,0
1,0,114vf,vf,17474,0.54571,0.292662,2,0
1,0,115ee,ee,61879,1.60219,0.519503,23,0
1,0,115vf,vf,19042,0.565645,0.241848,3,0
1,0,116ee,ee,71191,1.66212,0.537583,15,0
1,0,116vf,vf,22010,0.566414,0.307094,2,0
1,0,117ee,ee,83889,1.69937,0.639946,18,0
1,0,117vf,vf,26048,0.529774,0.561262,3,0
1,0,118ee,ee,97045,1.63457,0.7282,34,0
1,0,118vf,vf,30663,0.555982,0.382163,6,0
1,0,119ee,ee,105188,1.65179,0.734984,30,0
1,0,119vf,vf,33658,0.6099,0.366996,4,0
1,0,11ee,ee,357214,2.20319,2.03648,31,0
1,0,11vf,vf,125575,1.04733,0.718312,18,0
1,0,120ee,ee,166905,1.79309,1.07129,1204,0
1,0,120vf,vf,56752,0.846948,0.432594,406,0
1,0,121ee,ee,145620,1.95744,0.950273,18,0
1,0,121vf,vf,49715,0.89389,0.392083,1,0
1,0,122ee,ee,137551,2.2638,2.57473,16,0
1,0,122vf,vf,46471,0.987967,0.414035,2,0
1,0,123ee,ee,127329,2.74666,0.905954,17,0
1,0,124ee,ee,122333,3.37486,0.820613,11,0
1,0,124vf,vf,41080,1.86602,0.439089,2,0
1,0,125ee,ee,245136,3.64362,1.50603,2098,0
1,0,125vf,vf,86619,1.3948,0.561901,882,0
1,0,126ee,ee,142046,3.34635,1.02509,9,0
1,0,126vf,vf,49155,1.79514,0.759494,1,0
1,0,127ee,ee,124389,3.52612,0.878243,19,0
1,0,127vf,vf,42945,2.8657,0.36946,4,0
1,0,128ee,ee,120899,3.65796,0.839428,25,0
1,0,128vf,vf,41875,2.3485,0.335381,8,0
1,0,129ee,ee,107774,3.46411,0.761447,45,0
1,0,129vf,vf,36874,2.48795,0.295606,8,0
1,0,12ee,ee,311432,2.0264,2.03132,90,0
1,0,12vf,vf,107550,0.999391,0.621484,34,0
1,0,130ee,ee,80690,2.58955,0.63889,7,0
1,0,130vf,vf,26364,1.80186,0.512495,1,0
1,0,131ee,ee,152048,2.25772,1.04134,2094,0
1,0,131vf,vf,51681,1.17036,1.21622,881,0
1,0,132ee,ee,62445,1.77671,0.494927,9,0
1,0,133ee,ee,63488,1.8098,0.515183,20,0
1,0,133vf,vf,20317,0.897986,0.22732,4,0
1,0,134ee,ee,67419,1.89245,0.565901,22,0
1,0,134vf,vf,21676,0.896418,0.230489,7,0
1,0,135ee,ee,129850,2.02889,0.875843,1795,0
1,0,135vf,vf,43546,1.0671,0.35026,658,0
1,0,136ee,ee,64239,1.68779,0.855971,31,0
1,0,136vf,vf,20477,0.867715,0.211193,7,0
1,0,137ee,ee,54203,1.72599,0.478192,10,0
1,0,137vf,vf,16248,0.562189,0.545294,1,0
1,0,138ee,ee,103471,1.9,0.803717,1430,0
1,0,138vf,vf,33400,0.949792,0.309302,513,0
1,0,139ee,ee,64068,2.47297,0.540462,6,0
1,0,139vf,vf,20336,0.903202,0.235352,2,0
1,0,13ee,ee,279453,1.84656,1.62587,198,0
1,0,13vf,vf,96468,0.858787,0.581965,47,0
1,0,140ee,ee,60441,1.97024,0.579501,4,0
1,0,140vf,vf,18734,0.812037,0.571405,0,0
1,0,142ee,ee,59382,1.74212,2.23055,25,0
1,0,142vf,vf,18090,0.628075,0.497872,8,0
1,0,143ee,ee,53592,1.71972,0.500656,22,0
1,0,143vf,vf,16197,0.569645,0.263224,4,0
1,0,144ee,ee,48023,1.63195,0.441841,35,0
1,0,144vf,vf,14361,0.557741,0.30175,3,0
1,0,145ee,ee,48818,1.62337,0.424434,75,0
1,0,145vf,vf,14582,0.615275,0.221145,16,0
1,0,146ee,ee,51244,1.71495,0.447889,31,0
1,0,146vf,vf,15498,0.642571,0.262551,6,0
1,0,147ee,ee,50751,1.80266,0.435122,65,0
1,0,147vf,vf,15362,0.565518,0.397811,6,0
1,0,148ee,ee,56303,2.28904,0.508176,34,0
1,0,148vf,vf,17076,0.619851,0.315926,13,0
1,0,149ee,ee,58229,1.99561,0.502927,57,0
1,0,149vf,vf,17687,0.644395,0.52571,13,0
1,0,14ee,ee,250042,1.77796,1.52033,219,0
1,0,14vf,vf,85490,0.8449,0.521903,57,0
1,0,150ee,ee,217350,2.37199,1.81031,2858,0
1,0,150vf,vf,75177,1.26572,0.491248,1308,0
1,0,151ee,ee,66976,1.7929,0.550894,12,0
1,0,152ee,ee,55543,1.79568,0.44373,65,0
1,0,152vf,vf,17025,0.734344,0.241432,11,0
1,0,153ee,ee,54946,1.66135,0.478192,36,0
1,0,153vf,vf,16536,0.785446,0.199066,7,0
1,0,154ee,ee,55419,1.6467,0.456817,16,0
1,0,154vf,vf,16517,0.591596,0.302742,2,0
1,0,155ee,ee,61827,1.73492,0.504751,19,0
1,0,155vf,vf,18961,0.873955,0.249336,3,0
1,0,156ee,ee,58080,6.55901,0.565102,29,0
1,0,156vf,vf,17830,0.685737,0.296854,5,0
1,0,157ee,ee,51247,1.86387,0.483568,30,0
1,0,157vf,vf,15398,0.595021,0.23788,6,0
1,0,158ee,ee,43025,1.87191,0.396339,153,0
1,0,158vf,vf,12857,0.600364,0.220057,21,0
1,0,159ee,ee,46773,1.75524,0.487728,16,0
1,0,159vf,vf,14090,0.588172,1.39727,3,0
1,0,15ee,ee,239395,2.08931,3.02105,163,0
1,0,15vf,vf,81366,0.870531,0.526319,38,0
1,0,160ee,ee,217835,2.60059,1.42559,3118,0
1,0,160vf,vf,74255,1.15564,0.508655,1406,0
1,0,161ee,ee,73287,1.79853,0.571789,28,0
1,0,162ee,ee,51299,1.87655,0.436818,28,0
1,0,162vf,vf,15709,0.996607,0.281047,8,0
1,0,163ee,ee,49812,1.68154,0.453137,19,0
1,0,163vf,vf,14895,0.628971,0.250519,5,0
1,0,164ee,ee,52334,1.81834,0.513679,10,0
1,0,164vf,vf,15403,0.605196,0.226553,2,0
1,0,165ee,ee,145959,2.08342,0.996607,2391,0
1,0,165vf,vf,48792,1.20953,0.36482,1004,0
1,0,166ee,ee,49547,1.74599,0.454929,27,0
1,0,166vf,vf,15000,0.592268,0.222201,5,0
1,0,167ee,ee,40429,1.91511,0.359764,37,0
1,0,167vf,vf,11960,0.588396,0.206938,5,0
1,0,168ee,ee,44035,1.87555,0.410514,20,0
1,0,168vf,vf,12922,0.574861,0.274583,3,0
1,0,169ee,ee,45507,1.88083,0.403698,105,0
1,0,169vf,vf,13447,2.34623,0.179898,26,0
1,0,16ee,ee,204557,1.6115,1.23593,35,0
1,0,16vf,vf,68840,0.885219,0.455601,12,0
1,0,170ee,ee,50547,3.60958,2.45605,32,0
1,0,170vf,vf,15170,0.608204,0.227352,8,0
1,0,171ee,ee,51671,1.74602,0.54955,26,0
1,0,171vf,vf,15543,0.689961,0.318869,6,0
1,0,172ee,ee,51206,2.05379,0.512719,35,0
1,0,172vf,vf,15361,0.610348,0.754343,4,0
1,0,173ee,ee,49271,1.91744,0.471185,27,0
1,0,173vf,vf,14812,0.669258,0.449009,2,0
1,0,174ee,ee,148988,2.21999,1.05859,2581,0
1,0,174vf,vf,49237,1.2158,0.37442,1064,0
1,0,175ee,ee,52022,1.7385,0.491984,8,0
1,0,176ee,ee,44270,1.71105,0.452849,39,0
1,0,176vf,vf,13127,0.6139,0.236792,6,0
1,0,177ee,ee,52599,1.71229,0.515343,20,0
1,0,177vf,vf,15748,0.587244,0.237112,2,0
1,0,178ee,ee,55281,1.89843,0.487632,33,0
1,0,178vf,vf,16681,0.577452,0.244216,8,0
1,0,179ee,ee,53200,1.83546,0.47448,27,0
1,0,179vf,vf,15998,0.6131,0.253432,4,0
1,0,17ee,ee,175730,1.57067,1.07673,22,0
1,0,17vf,vf,58579,0.858788,0.455569,5,0
1,0,180ee,ee,51787,1.79264,0.521839,22,0
1,0,180vf,vf,15441,0.568397,0.727048,2,0
1,0,181ee,ee,51388,2.01401,0.452241,28,0
1,0,181vf,vf,15481,0.632171,0.432018,3,0
1,0,182ee,ee,52267,1.74743,0.517647,34,0
1,0,182vf,vf,15853,0.635211,0.276695,5,0
1,0,183ee,ee,51081,1.93101,0.445969,129,0
1,0,183vf,vf,15519,0.636395,0.230136,23,0
1,0,184ee,ee,55511,1.73901,0.60542,16,0
1,0,184vf,vf,16821,0.741319,0.834245,9,0
1,0,185ee,ee,151376,1.96829,1.07955,2183,0
1,0,185vf,vf,50479,1.01577,0.405715,854,0
1,0,186ee,ee,86314,1.75642,0.692585,88,0
1,0,186vf,vf,27354,0.662122,0.283638,29,0
1,0,187ee,ee,76832,1.77284,0.630091,61,0
1,0,187vf,vf,23659,0.648523,0.308501,15,0
1,0,188ee,ee,75752,1.61351,0.583469,44,0
1,0,188vf,vf,23261,0.625259,0.435922,12,0
1,0,189ee,ee,74035,1.69882,0.607756,125,0
1,0,189vf,vf,23019,0.603916,0.314134,44,0
1,0,18ee,ee,158057,1.53797,0.973664,36,0
1,0,18vf,vf,52367,0.778886,0.3509,8,0
1,0,190ee,ee,62846,1.71549,0.533903,47,0
1,0,190vf,vf,19487,0.578861,0.301046,6,0
1,0,191ee,ee,58793,1.69985,0.526286,67,0
1,0,191vf,vf,18198,0.600012,0.261047,12,0
1,0,192ee,ee,57199,1.62977,0.496688,48,0
1,0,192vf,vf,17531,0.790534,0.221305,14,0
1,0,193ee,ee,60836,3.88451,0.913634,43,0
1,0,193vf,vf,18916,0.836516,0.396371,12,0
1,0,194ee,ee,62941,1.66033,0.526639,39,0
1,0,194vf,vf,19862,0.749576,0.297462,7,0
1,0,195ee,ee,61098,2.13859,0.613803,16,0
1,0,195vf,vf,19258,0.581421,1.00688,1,0
1,0,196ee,ee,55247,1.62878,0.676041,45,0
1,0,196vf,vf,16894,0.560653,0.259704,11,0
1,0,197ee,ee,48785,1.87002,0.487632,27,0
1,0,197vf,vf,14770,0.585837,0.36178,1,0
1,0,198ee,ee,47252,2.11599,0.739271,34,0
1,0,198vf,vf,14302,0.627339,0.307414,6,0
1,0,199ee,ee,47901,1.79156,0.440433,39,0
1,0,199vf,vf,14538,0.602412,0.391155,2,0
1,0,19ee,ee,153322,2.56129,15.7488,28,0
1,0,19vf,vf,50572,0.699113,0.489808,6,0
1,0,200ee,ee,51152,1.82084,0.603308,65,0
1,0,200vf,vf,15573,0.679209,0.252728,9,0
1,0,201ee,ee,55005,1.74093,0.513327,73,0
1,0,201vf,vf,17009,0.709576,0.318838,9,0
1,0,202ee,ee,58416,1.90752,0.61118,58,0
1,0,202vf,vf,18229,0.829956,0.409395,8,0
1,0,203ee,ee,58343,1.77412,2.06236,68,0
1,0,203vf,vf,18141,1.36939,0.675081,4,0
1,0,204ee,ee,54656,3.57489,0.463568,57,0
1,0,204vf,vf,16755,0.88365,0.42533,3,0
1,0,205ee,ee,51542,1.99731,0.547854,54,0
1,0,205vf,vf,15969,0.84922,0.334773,5,0
1,0,206ee,ee,50130,1.98451,0.467664,72,0
1,0,206vf,vf,15482,0.855044,0.428849,7,0
1,0,207ee,ee,49659,1.7825,0.525455,58,0
1,0,207vf,vf,15309,0.655147,0.443025,4,0
1,0,208ee,ee,49398,2.01145,0.42501,91,0
1,0,208vf,vf,15157,0.637163,0.229944,12,0
1,0,209ee,ee,48895,2.01993,0.446001,70,0
1,0,209vf,vf,15161,0.675017,0.480176,5,0
1,0,20ee,ee,146375,2.91955,0.923009,15,0
1,0,20vf,vf,47428,0.657163,0.332917,3,0
1,0,210ee,ee,47906,1.98982,1.29663,125,0
1,0,210vf,vf,14880,0.733672,0.431218,14,0
1,0,211ee,ee,52845,1.95056,0.529966,89,0
1,0,211vf,vf,16643,1.17795,0.467985,8,0
1,0,212ee,ee,54717,2.4596,0.470192,81,0
1,0,212vf,vf,17235,0.72004,0.551438,6,0
1,0,213ee,ee,53319,1.9039,0.491311,110,0
1,0,213vf,vf,16606,0.649387,0.319061,16,0
1,0,214ee,ee,55920,2.07401,0.481008,100,0
1,0,214vf,vf,17548,0.645322,0.357716,7,0
1,0,215ee,ee,57156,2.01548,0.497519,70,0
1,0,215vf,vf,17849,0.696489,0.521903,6,0
1,0,216ee,ee,57772,2.03923,0.534958,67,0
1,0,216vf,vf,17978,0.713481,0.441169,10,0
1,0,217ee,ee,57515,2.11772,0.534894,106,0
1,0,217vf,vf,17862,0.662122,0.663722,9,0
1,0,218ee,ee,57495,1.9304,0.552302,117,0
1,0,218vf,vf,17809,0.665706,0.424466,11,0
1,0,219ee,ee,57971,2.76064,0.557453,117,0
1,0,219vf,vf,17792,0.633739,0.789606,9,0
1,0,21ee,ee,136578,1.53963,0.882946,22,0
1,0,21vf,vf,43406,0.525551,0.402322,3,0
1,0,220ee,ee,57903,2.13215,0.528175,118,0
1,0,220vf,vf,17818,0.678985,1.02294,4,0
1,0,221ee,ee,58677,1.9792,0.705193,94,0
1,0,221vf,vf,18078,0.701769,0.597708,7,0
1,0,222ee,ee,60292,2.01261,0.830564,94,0
1,0,222vf,vf,18592,0.738919,0.67809,6,0
1,0,223ee,ee,63588,2.11276,0.567661,104,0
1,0,223vf,vf,19452,0.699305,0.685802,8,0
1,0,224ee,ee,65778,2.07705,0.607628,60,0
1,0,224vf,vf,20171,0.687337,0.690057,4,0
1,0,225ee,ee,69789,2.1966,0.65009,41,0
1,0,225vf,vf,21552,0.691753,0.346869,7,0
1,0,226ee,ee,72241,2.21525,0.693577,42,0
1,0,226vf,vf,22310,0.886787,0.7098,3,0
1,0,227ee,ee,74981,2.1423,0.807494,33,0
1,0,227vf,vf,23020,0.789286,0.992799,3,0
1,0,228ee,ee,74840,2.0542,0.744423,50,0
1,0,228vf,vf,23141,2.63911,0.942209,6,0
1,0,229ee,ee,303623,2.39102,2.17257,4015,0
1,0,229vf,vf,106317,1.15177,0.729799,1594,0
1,0,22ee,ee,137008,1.4293,0.905026,39,0
1,0,22vf,vf,43146,0.564398,0.360628,8,0
1,0,230ee,ee,93347,2.03593,0.735111,37,0
1,0,230vf,vf,30904,0.756327,0.440178,8,0
1,0,231ee,ee,77691,1.95709,1.41899,8,0
1,0,231vf,vf,24652,0.91469,0.840388,4,0
1,0,232ee,ee,74632,1.912,0.670858,13,0
1,0,232vf,vf,23416,0.694569,0.428433,4,0
1,0,233ee,ee,81593,2.02944,0.753575,32,0
1,0,233vf,vf,26310,0.698088,0.653259,15,0
1,0,234ee,ee,73186,2.10361,0.634539,30,0
1,0,234vf,vf,22761,0.683241,0.366004,8,0
1,0,235ee,ee,82378,3.08841,0.720072,23,0
1,0,235vf,vf,25840,0.720296,0.465937,6,0
1,0,236ee,ee,84402,2.04467,0.768839,25,0
1,0,236vf,vf,26401,0.80663,0.955168,2,0
1,0,237ee,ee,89943,1.91834,0.762343,31,0
1,0,237vf,vf,28293,0.836196,0.54171,6,0
1,0,238ee,ee,100601,1.83556,0.802373,32,0
1,0,238vf,vf,32255,0.81079,0.48568,6,0
1,0,239ee,ee,108793,2.18284,0.885027,34,0
1,0,239vf,vf,35246,0.83626,0.405747,4,0
1,0,23ee,ee,148379,1.63662,0.954784,48,0
1,0,23vf,vf,46901,0.61214,15.328,8,0
1,0,240ee,ee,121976,2.12466,0.908738,102,0
1,0,240vf,vf,40272,0.868803,0.360692,22,0
1,0,241ee,ee,132613,1.89517,1.00726,47,0
1,0,241vf,vf,44574,1.06105,0.49528,11,0
1,0,242ee,ee,148382,3.13081,1.07593,60,0
1,0,242vf,vf,50747,1.61985,0.408467,10,0
1,0,243ee,ee,159710,2.41173,2.17052,46,0
1,0,243vf,vf,55564,1.91494,0.463056,10,0
1,0,244ee,ee,158477,2.38126,1.19817,31,0
1,0,244vf,vf,55385,2.04297,0.684969,2,0
1,0,245ee,ee,135133,2.23503,1.20034,27,0
1,0,245vf,vf,45708,1.28687,0.680426,2,0
1,0,246ee,ee,108585,2.66094,0.91453,35,0
1,0,246vf,vf,34582,0.716425,0.544622,7,0
1,0,247ee,ee,105192,2.32863,0.965792,26,0
1,0,247vf,vf,33173,0.761191,0.47736,3,0
1,0,248ee,ee,102379,4.40453,1.00707,45,0
1,0,248vf,vf,32196,0.717032,0.538862,10,0
1,0,249ee,ee,97421,2.33915,1.73146,20,0
1,0,249vf,vf,30095,0.757638,0.712937,2,0
1,0,24ee,ee,161410,1.47563,1.01718,79,0
1,0,24vf,vf,51391,0.603596,0.47352,18,0
1,0,250ee,ee,101437,2.08211,1.05056,35,0
1,0,250vf,vf,31266,0.791974,0.47528,7,0
1,0,251ee,ee,100661,2.38671,0.919938,72,0
1,0,251vf,vf,30736,0.78231,0.478449,17,0
1,0,252ee,ee,107197,2.25375,1.01104,70,0
1,0,252vf,vf,33202,0.804133,0.518351,16,0
1,0,253ee,ee,114057,3.15682,0.971808,93,0
1,0,253vf,vf,35665,0.849859,0.446002,27,0
1,0,254ee,ee,137013,2.43339,1.17919,113,0
1,0,254vf,vf,43845,1.46402,0.547982,36,0
1,0,255ee,ee,125821,2.21641,1.05881,125,0
1,0,255vf,vf,39263,0.808197,0.487216,42,0
1,0,256ee,ee,115514,2.41243,1.00758,121,0
1,0,256vf,vf,35317,0.860004,0.432721,45,0
1,0,257ee,ee,116964,2.40382,1.0984,119,0
1,0,257vf,vf,35722,0.862083,0.481104,29,0
1,0,258ee,ee,121051,2.33259,1.10121,109,0
1,0,258vf,vf,37003,0.877187,0.615979,34,0
1,0,259ee,ee,120019,2.73044,1.13817,72,0
1,0,259vf,vf,36489,0.883075,0.572877,18,0
1,0,25ee,ee,163744,1.41426,1.01958,37,0
1,0,25vf,vf,51995,0.587852,0.389491,11,0
1,0,260ee,ee,118529,2.50686,1.14665,50,0
1,0,260vf,vf,35906,0.88349,0.475505,15,0
1,0,261ee,ee,117883,11.1481,7.51521,64,0
1,0,261vf,vf,35406,0.903042,0.455249,25,0
1,0,262ee,ee,121894,2.55051,1.31986,35,0
1,0,262vf,vf,36645,0.921761,0.527983,17,0
1,0,263ee,ee,120904,2.71041,1.07267,45,0
1,0,263vf,vf,36061,0.967264,0.432178,17,0
1,0,264ee,ee,130331,2.67735,3.0336,164,0
1,0,264vf,vf,39387,0.931649,0.499504,83,0
1,0,265ee,ee,131747,2.83139,1.20246,69,0
1,0,265vf,vf,39917,1.0366,0.526479,21,0
1,0,266ee,ee,152277,2.68346,1.29292,187,0
1,0,266vf,vf,46930,0.958528,0.502447,78,0
1,0,267ee,ee,142341,2.74532,1.24322,122,0
1,0,267vf,vf,43082,1.10624,0.495248,48,0
1,0,268ee,ee,130343,2.48328,1.17203,135,0
1,0,268vf,vf,39014,1.08537,0.47656,47,0
1,0,269ee,ee,135409,3.27858,1.26901,229,0
1,0,269vf,vf,40760,1.12271,0.49176,78,0
1,0,26ee,ee,178956,1.49448,2.40789,195,0
1,0,26vf,vf,57410,0.685161,0.387635,61,0
1,0,270ee,ee,133168,3.19676,1.19798,128,0
1,0,270vf,vf,39831,1.09129,0.461681,62,0
1,0,271ee,ee,132003,3.07468,1.23884,72,0
1,0,271vf,vf,39388,1.18434,0.467889,35,0
1,0,272ee,ee,135183,3.4324,1.28764,113,0
1,0,272vf,vf,40590,1.19238,0.53947,62,0
1,0,273ee,ee,137466,3.44027,3.37954,119,0
1,0,273vf,vf,41383,1.17391,0.633643,60,0
1,0,274ee,ee,140711,3.4035,1.32082,134,0
1,0,274vf,vf,42276,1.1949,0.597036,70,0
1,0,275ee,ee,143790,3.23797,1.36949,260,0
1,0,275vf,vf,43412,2.9511,0.521103,115,0
1,0,276ee,ee,148028,3.88643,1.31989,182,0
1,0,276vf,vf,44920,1.17609,0.750887,95,0
1,0,277ee,ee,162029,17.5854,1.42277,195,0
1,0,277vf,vf,50156,1.23641,0.566542,101,0
1,0,278ee,ee,160431,3.4603,1.38047,186,0
1,0,278vf,vf,49441,1.30511,0.538606,75,0
1,0,279ee,ee,153032,3.4612,1.39061,99,0
1,0,279vf,vf,46452,1.2966,0.617227,36,0
1,0,27ee,ee,178324,1.33285,1.09126,22,0
1,0,27vf,vf,57008,0.508751,0.430161,6,0
1,0,280ee,ee,154158,3.41969,1.40037,122,0
1,0,280vf,vf,46766,1.37227,0.545454,61,0
1,0,281ee,ee,197693,3.97651,1.63396,1066,0
1,0,281vf,vf,62420,1.24901,0.662858,445,0
1,0,282ee,ee,160575,3.87958,1.41851,65,0
1,0,282vf,vf,48568,1.28956,0.629067,40,0
1,0,283ee,ee,157335,3.76147,1.42635,104,0
1,0,283vf,vf,47513,1.33887,0.708232,58,0
1,0,284ee,ee,166544,3.45144,1.50043,180,0
1,0,284vf,vf,50943,1.32601,0.659466,91,0
1,0,285ee,ee,176819,3.58017,1.54334,210,0
1,0,285vf,vf,54504,1.31196,0.592716,113,0
1,0,286ee,ee,180037,3.50686,1.60129,251,0
1,0,286vf,vf,55414,1.29919,0.592524,113,0
1,0,287ee,ee,181830,3.62478,1.60155,275,0
1,0,287vf,vf,56050,1.43138,0.605388,120,0
1,0,288ee,ee,190800,3.76973,1.70209,296,0
1,0,288vf,vf,59228,1.30645,1.04867,130,0
1,0,289ee,ee,185254,3.88525,3.05504,223,0
1,0,289vf,vf,56941,1.31996,0.589644,98,0
1,0,28ee,ee,209596,1.35023,1.19849,34,0
1,0,28vf,vf,68507,0.509519,0.431698,9,0
1,0,290ee,ee,178607,4.01865,1.59307,123,0
1,0,290vf,vf,54257,1.25708,0.661322,58,0
1,0,291ee,ee,179047,3.62161,1.57051,135,0
1,0,291vf,vf,54373,1.32591,0.631147,53,0
1,0,292ee,ee,176049,4.1926,1.49102,100,0
1,0,292vf,vf,53338,1.35224,0.600268,40,0
1,0,293ee,ee,175824,4.08258,3.57927,152,0
1,0,293vf,vf,53017,1.28216,0.587405,52,0
1,0,294ee,ee,170197,4.14914,1.51233,159,0
1,0,294vf,vf,50922,1.30562,0.596333,49,0
1,0,295ee,ee,172338,4.17468,1.50971,167,0
1,0,295vf,vf,51596,1.32764,0.626283,58,0
1,0,296ee,ee,175687,2.35442,3.68285,170,0
1,0,296vf,vf,52721,0.888547,0.605228,60,0
1,0,297ee,ee,177769,2.05145,1.816,184,0
1,0,297vf,vf,53280,0.84698,0.55867,73,0
1,0,298ee,ee,171099,3.47336,1.52564,189,0
1,0,298vf,vf,50788,0.792773,0.712233,66,0
1,0,299ee,ee,171973,2.24511,1.51435,180,0
1,0,299vf,vf,51059,0.771751,0.685801,64,0
1,0,29ee,ee,257621,1.47198,1.46875,9,0
1,0,29vf,vf,86326,0.710344,0.510863,4,0
1,0,300ee,ee,170709,2.1862,1.54708,158,0
1,0,300vf,vf,50604,0.766822,0.578573,66,0
1,0,301ee,ee,168610,2.22543,1.57553,89,0
1,0,301vf,vf,49918,0.723912,0.657674,57,0
1,0,302ee,ee,168732,2.27106,1.5467,160,0
1,0,302vf,vf,49897,0.770215,0.552749,69,0
1,0,303ee,ee,167403,2.19695,1.52216,136,0
1,0,303vf,vf,49492,0.731048,0.648618,49,0
1,0,304ee,ee,171016,3.09347,1.53742,179,0
1,0,304vf,vf,50697,0.753927,0.629771,68,0
1,0,305ee,ee,169186,2.35208,1.53412,133,0
1,0,305vf,vf,50071,0.732904,0.772198,58,0
1,0,306ee,ee,171739,2.22901,1.54933,266,0
1,0,306vf,vf,50859,0.791942,0.679529,83,0
1,0,307ee,ee,168554,2.32408,1.50513,179,0
1,0,307vf,vf,49680,0.760583,0.646315,74,0
1,0,308ee,ee,173534,3.92582,2.49134,208,0
1,0,308vf,vf,51349,0.815556,0.600557,90,0
1,0,309ee,ee,175274,2.33231,1.57249,195,0
1,0,309vf,vf,52001,0.871331,0.578157,114,0
1,0,30ee,ee,380047,4.35397,2.15382,234,0
1,0,30vf,vf,132596,1.68065,0.72708,90,0
1,0,310ee,ee,183694,2.25116,1.60843,356,0
1,0,310vf,vf,54653,0.789318,0.595244,186,0
1,0,311ee,ee,186837,2.43982,1.78999,279,0
1,0,311vf,vf,55532,0.801638,0.698408,175,0
1,0,312ee,ee,190323,2.35909,1.7073,322,0
1,0,312vf,vf,56754,0.820837,0.677673,206,0
1,0,313ee,ee,193836,2.3404,3.21609,368,0
1,0,313vf,vf,57820,0.843012,0.73876,242,0
1,0,314ee,ee,186484,2.28296,1.69924,353,0
1,0,314vf,vf,55101,0.946209,0.682441,227,0
1,0,315ee,ee,189805,2.32175,2.39515,397,0
1,0,315vf,vf,56275,0.812741,0.653579,248,0
1,0,316ee,ee,199678,2.28159,1.75287,539,0
1,0,316vf,vf,59868,1.01411,0.613836,309,0
1,0,317ee,ee,247998,2.20822,3.00396,781,0
1,0,317vf,vf,77913,1.76266,0.721352,376,0
1,0,318ee,ee,301032,2.64014,2.35547,1033,0
1,0,318vf,vf,96436,2.01085,0.795301,437,0
1,0,319ee,ee,439511,3.30091,3.11695,1866,0
1,0,319vf,vf,147805,2.16284,1.04752,631,0
1,0,31ee,ee,411341,6.98028,2.26597,25,0
1,0,31vf,vf,144764,1.9232,0.77479,5,0
1,0,320ee,ee,594963,5.90902,3.93606,2241,0
1,0,320vf,vf,205296,1.82733,1.30041,731,0
1,0,321ee,ee,821239,7.4579,5.27378,2393,0
1,0,321vf,vf,293485,3.67793,1.68081,772,0
1,0,322ee,ee,926541,10.4012,5.53223,3095,0
1,0,322vf,vf,338576,5.24927,1.77258,857,0
1,0,323ee,ee,689304,8.66755,5.06271,2776,0
1,0,323vf,vf,249459,7.01359,1.39362,779,0
1,0,324ee,ee,511510,6.46999,3.22012,1701,0
1,0,324vf,vf,182086,6.45755,1.24143,498,0
1,0,325ee,ee,346576,4.97772,2.31928,912,0
1,0,325vf,vf,120094,5.26248,0.806021,295,0
1,0,326ee,ee,5068352,24.5604,28.1126,19308,0
1,0,326vf,vf,2032004,12.1799,8.07525,4650,0
1,0,327ee,ee,1616719,8.08613,8.61139,919,0
1,0,327vf,vf,631811,3.8801,2.73738,237,0
1,0,328ee,ee,709809,9.52596,3.97309,529,0
1,0,328vf,vf,275295,6.93622,1.32341,151,0
1,0,329ee,ee,620755,6.48135,3.45777,62,0
1,0,329vf,vf,242258,7.16223,1.18783,14,0
1,0,32ee,ee,471599,5.72909,2.52036,10,0
1,0,32vf,vf,168056,2.2054,2.90365,2,0
1,0,330ee,ee,535777,8.111,3.00387,393,0
1,0,330vf,vf,208109,9.96444,2.11763,96,0
1,0,331ee,ee,317240,9.34295,3.99887,81,0
1,0,331vf,vf,120605,15.4388,0.684138,17,0
1,0,332ee,ee,170170,4.71914,1.17945,50,0
1,0,332vf,vf,59497,6.53582,0.783462,10,0
1,0,333ee,ee,98036,3.64052,2.94934,212,0
1,0,333vf,vf,30840,2.21276,0.286262,53,0
1,0,334ee,ee,74453,2.63879,0.638347,151,0
1,0,334vf,vf,22345,1.44466,0.305622,36,0
1,0,335ee,ee,69572,1.57259,0.576941,210,0
1,0,335vf,vf,20591,0.704969,0.259223,56,0
1,0,336ee,ee,73703,1.62548,0.598956,85,0
1,0,336vf,vf,22489,1.18207,0.509743,17,0
1,0,337ee,ee,91564,2.62948,0.724328,81,0
1,0,337vf,vf,29664,2.219,0.305878,21,0
1,0,338ee,ee,116982,2.70538,0.874915,204,0
1,0,338vf,vf,39862,2.67489,0.37954,53,0
1,0,339ee,ee,103436,2.3046,0.762886,120,0
1,0,339vf,vf,34707,2.04006,0.29183,31,0
1,0,33ee,ee,570940,6.57924,3.02729,197,0
1,0,33vf,vf,205058,2.5738,1.02269,79,0
1,0,340ee,ee,94055,1.60587,0.725704,195,0
1,0,340vf,vf,30481,1.15308,0.325589,42,0
1,0,341ee,ee,73917,1.51326,1.76052,175,0
1,0,341vf,vf,22470,0.617675,0.326037,45,0
1,0,342ee,ee,82354,1.68074,0.899139,462,0
1,0,342vf,vf,25916,0.692105,0.30175,127,0
1,0,343ee,ee,72039,2.07856,0.586861,315,0
1,0,343vf,vf,22331,0.600077,0.253463,93,0
1,0,344ee,ee,59494,1.55086,0.505711,172,0
1,0,344vf,vf,17464,0.575757,0.299222,44,0
1,0,345ee,ee,58159,1.5452,0.502511,142,0
1,0,345vf,vf,16793,0.518126,0.244152,34,0
1,0,346ee,ee,57698,1.57588,0.507279,96,0
1,0,346vf,vf,16955,0.513679,0.263031,19,0
1,0,347ee,ee,56279,1.48325,0.47704,55,0
1,0,347vf,vf,16589,0.517039,0.23868,17,0
1,0,348ee,ee,53149,1.46414,0.458769,42,0
1,0,348vf,vf,15552,0.571661,3.29544,8,0
1,0,349ee,ee,51059,1.49275,0.47592,74,0
1,0,349vf,vf,14636,0.549198,0.20121,14,0
1,0,34ee,ee,579702,7.58973,2.93971,22,0
1,0,34vf,vf,208457,3.19113,1.00249,11,0
1,0,350ee,ee,48272,2.7121,0.446097,105,0
1,0,350vf,vf,13633,0.513391,0.199674,25,0
1,0,351ee,ee,44065,1.50341,0.410963,20,0
1,0,351vf,vf,12267,0.523279,0.254967,5,0
1,0,352ee,ee,45485,1.5228,0.440082,76,0
1,0,352vf,vf,12725,0.53467,0.276535,19,0
1,0,353ee,ee,48703,1.69271,0.462993,87,0
1,0,353vf,vf,13586,0.688809,0.218681,28,0
1,0,354ee,ee,48111,1.35384,0.48072,172,0
1,0,354vf,vf,13543,0.552526,0.201209,43,0
1,0,355ee,ee,49280,1.48626,0.457425,192,0
1,0,355vf,vf,13938,0.581197,0.201305,42,0
1,0,356ee,ee,51858,1.4308,0.470097,219,0
1,0,356vf,vf,14809,0.568077,0.222457,50,0
1,0,357ee,ee,54981,1.43746,0.497808,289,0
1,0,357vf,vf,15782,0.497616,0.205689,68,0
1,0,358ee,ee,62828,1.42034,0.534574,394,0
1,0,358vf,vf,18656,0.535822,0.227929,97,0
1,0,359ee,ee,84698,1.48302,0.682089,518,0
1,0,359vf,vf,26568,0.614508,0.277175,122,0
1,0,35ee,ee,591528,7.66653,3.0975,92,0
1,0,35vf,vf,217002,3.50027,1.05865,27,0
1,0,360ee,ee,96376,1.48709,0.736008,402,0
1,0,360vf,vf,31106,0.650283,0.321653,88,0
1,0,361ee,ee,138732,1.49521,1.00685,647,0
1,0,361vf,vf,48053,0.879586,0.37154,141,0
1,0,362ee,ee,176047,1.80548,1.22863,139,0
1,0,362vf,vf,63624,1.71354,0.422482,52,0
1,0,363ee,ee,277664,2.86925,1.61243,92,0
1,0,363vf,vf,106186,3.69101,0.574157,16,0
1,0,364ee,ee,312524,3.96396,1.8082,45,0
1,0,364vf,vf,118724,7.36174,0.629227,8,0
1,0,365ee,ee,357328,4.75386,2.16806,47,0
1,0,365vf,vf,138719,8.28565,0.714024,7,0
1,0,366ee,ee,268501,3.52465,1.56197,67,0
1,0,366vf,vf,101880,5.0949,1.66203,23,0
1,0,367ee,ee,218736,2.62302,1.31922,128,0
1,0,367vf,vf,81186,3.30443,0.469681,37,0
1,0,368ee,ee,228571,2.94806,1.41349,177,0
1,0,368vf,vf,84403,1.8544,0.511183,44,0
1,0,369ee,ee,235066,2.26834,1.45925,101,0
1,0,369vf,vf,87053,2.00313,0.52155,30,0
1,0,36ee,ee,497379,7.71446,2.79296,75,0
1,0,36vf,vf,185213,4.55073,0.894531,18,0
1,0,370ee,ee,123265,1.58564,0.847524,62,0
1,0,370vf,vf,42118,1.24124,0.331701,16,0
1,0,371ee,ee,73440,1.53432,0.599628,110,0
1,0,371vf,vf,22566,0.620363,0.234809,31,0
1,0,372ee,ee,52809,1.46363,0.466097,62,0
1,0,372vf,vf,15107,0.541486,0.223128,12,0
1,0,373ee,ee,43815,1.32066,0.405362,32,0
1,0,373vf,vf,12291,0.554413,0.210073,8,0
1,0,374ee,ee,42459,1.30696,0.43669,41,0
1,0,374vf,vf,11825,0.512879,0.188218,7,0
1,0,375ee,ee,45460,3.44805,0.508111,70,0
1,0,375vf,vf,12708,0.53179,0.201178,13,0
1,0,376ee,ee,45449,1.39119,0.42229,27,0
1,0,376vf,vf,12705,0.531695,0.527214,3,0
1,0,377ee,ee,48067,1.33765,0.439506,94,0
1,0,377vf,vf,13431,0.535759,0.182042,28,0
1,0,378ee,ee,49261,1.41384,0.484687,44,0
1,0,378vf,vf,13954,0.550062,0.399058,7,0
1,0,379ee,ee,50074,1.38619,0.443601,64,0
1,0,379vf,vf,14257,0.622475,0.203802,13,0
1,0,37ee,ee,442116,4.87245,2.33263,60,0
1,0,37vf,vf,166428,2.9679,0.821796,10,0
1,0,380ee,ee,46840,1.50945,0.434962,36,0
1,0,380vf,vf,13230,1.27986,0.740679,5,0
1,0,381ee,ee,47990,1.42693,0.432593,118,0
1,0,381vf,vf,13396,0.602956,0.177274,43,0
1,0,382ee,ee,44369,1.3045,0.425586,55,0
1,0,382vf,vf,12250,0.613643,0.240824,13,0
1,0,383ee,ee,48073,1.7034,0.448657,71,0
1,0,383vf,vf,13439,0.601452,0.199833,22,0
1,0,384ee,ee,48403,1.39247,0.455281,33,0
1,0,384vf,vf,13515,0.606124,0.250136,4,0
1,0,385ee,ee,53119,1.44613,0.495312,81,0
1,0,385vf,vf,14919,0.58238,0.19513,18,0
1,0,386ee,ee,55908,1.38715,0.557166,70,0
1,0,386vf,vf,15896,0.566094,0.218776,10,0
1,0,387ee,ee,58304,1.35288,0.524751,71,0
1,0,387vf,vf,16666,0.650379,0.246136,11,0
1,0,388ee,ee,59898,1.39659,0.544174,68,0
1,0,388vf,vf,17132,0.602124,0.206745,16,0
1,0,389ee,ee,58839,1.36802,0.521934,51,0
1,0,389vf,vf,16718,0.592908,0.229176,19,0
1,0,38ee,ee,317815,4.66202,1.78743,26,0
1,0,38vf,vf,117315,2.46952,0.66193,2,0
1,0,390ee,ee,57789,1.37439,0.543918,69,0
1,0,390vf,vf,16363,0.623404,0.218777,25,0
1,0,391ee,ee,62108,1.87283,0.553645,115,0
1,0,391vf,vf,17659,0.607532,0.232344,37,0
1,0,392ee,ee,65725,1.86032,0.587596,93,0
1,0,392vf,vf,18693,0.576621,0.220025,29,0
1,0,393ee,ee,72068,1.37356,0.611692,163,0
1,0,393vf,vf,20753,0.675913,0.241976,47,0
1,0,394ee,ee,75010,3.12124,0.642923,84,0
1,0,394vf,vf,21665,0.661962,0.254967,30,0
1,0,395ee,ee,77876,1.31093,0.677802,99,0
1,0,395vf,vf,22890,0.721064,0.293142,26,0
1,0,396ee,ee,79219,1.2141,0.659946,118,0
1,0,396vf,vf,23241,0.690793,0.251927,33,0
1,0,397ee,ee,79350,1.211,0.70772,158,0
1,0,397vf,vf,22972,0.688937,0.341205,45,0
1,0,398ee,ee,86422,1.26178,0.703368,133,0
1,0,398vf,vf,25248,0.690633,0.284535,42,0
1,0,399ee,ee,95531,1.28978,0.806021,267,0
1,0,399vf,vf,28288,0.661162,0.288662,80,0
1,0,39ee,ee,185589,4.45553,1.16863,30,0
1,0,39vf,vf,63277,2.66935,0.43573,5,0
1,0,3ee,ee,70926,1.15593,0.525615,2,0
1,0,40ee,ee,287813,7.22197,1.63233,39,0
1,0,40vf,vf,104059,4.80685,0.601932,9,0
1,0,41ee,ee,351174,6.71175,1.99507,18,0
1,0,41vf,vf,129271,4.18796,0.725128,3,0
1,0,42ee,ee,336147,4.151,1.92822,12,0
1,0,42vf,vf,121044,1.97235,0.699657,2,0
1,0,43ee,ee,389653,3.13203,3.35675,9,0
1,0,43vf,vf,141601,2.64164,0.815141,1,0
1,0,44ee,ee,498584,4.86864,2.63684,11,0
1,0,44vf,vf,186934,2.99769,0.95248,4,0
1,0,45ee,ee,574309,6.61037,3.03023,22,0
1,0,45vf,vf,220570,4.60225,1.04028,9,0
1,0,46ee,ee,557693,8.18738,2.88749,41,0
1,0,46vf,vf,215502,5.62641,0.989151,13,0
1,0,47ee,ee,447263,10.5679,2.37307,29,0
1,0,47vf,vf,170653,7.89875,0.810917,15,0
1,0,48ee,ee,301397,11.195,1.68922,15,0
1,0,48vf,vf,111074,9.24155,0.66481,1,0
1,0,49ee,ee,176368,7.92486,1.04333,24,0
1,0,49vf,vf,60824,7.28504,0.387763,8,0
1,0,4ee,ee,94925,1.30229,0.683049,2,0
1,0,50ee,ee,101230,4.14716,0.71284,64,0
1,0,50vf,vf,31718,3.06294,0.240632,33,0
1,0,51ee,ee,89326,4.49508,0.596172,11,0
1,0,51vf,vf,28456,2.90313,0.258104,5,0
1,0,52ee,ee,92834,4.65457,0.585996,126,0
1,0,52vf,vf,31322,3.19055,0.217753,34,0
1,0,53ee,ee,78243,2.9471,0.54859,16,0
1,0,53vf,vf,26439,1.85469,0.213369,7,0
1,0,54ee,ee,59124,1.7801,0.443921,105,0
1,0,54vf,vf,18557,0.628331,0.190938,19,0
1,0,55ee,ee,67430,1.98477,0.495376,52,0
1,0,55vf,vf,21354,0.66177,0.284054,8,0
1,0,56ee,ee,94768,1.9824,0.648843,6,0
1,0,56vf,vf,31575,1.05955,0.512815,2,0
1,0,57ee,ee,127473,3.45691,0.800294,27,0
1,0,57vf,vf,44361,2.17439,0.289782,6,0
1,0,58ee,ee,143669,3.84771,0.871235,38,0
1,0,58vf,vf,50470,2.36818,0.34386,8,0
1,0,59ee,ee,143131,3.76999,0.865252,180,0
1,0,59vf,vf,49550,2.47544,0.303766,46,0
1,0,5ee,ee,127099,1.70061,0.975008,2,0
1,0,5vf,vf,39462,0.673993,0.579021,1,0
1,0,60ee,ee,155119,4.90704,0.928801,30,0
1,0,60vf,vf,55266,4.25896,0.392147,7,0
1,0,61ee,ee,169253,5.47524,1.00208,403,0
1,0,61vf,vf,60620,4.68772,0.379476,122,0
1,0,62ee,ee,139039,4.65127,0.845092,41,0
1,0,62vf,vf,49164,3.39829,0.318965,11,0
1,0,63ee,ee,123766,3.18319,0.782662,272,0
1,0,63vf,vf,42623,2.14412,0.666954,76,0
1,0,64ee,ee,93798,2.09923,0.637547,11,0
1,0,64vf,vf,31412,1.20246,0.261431,1,0
1,0,65ee,ee,66884,2.02073,0.501903,83,0
1,0,65vf,vf,21022,0.668426,0.225113,24,0
1,0,66ee,ee,54216,2.13404,0.966335,33,0
1,0,66vf,vf,16332,1.15065,0.277014,5,0
1,0,67ee,ee,64224,3.63543,0.473776,198,0
1,0,67vf,vf,20023,0.67009,0.206905,33,0
1,0,68ee,ee,71766,1.67902,0.524303,26,0
1,0,68vf,vf,22866,0.711688,0.231864,8,0
1,0,69ee,ee,82352,1.9944,0.572269,6,0
1,0,69vf,vf,26516,0.913889,0.406419,2,0
1,0,6ee,ee,158856,1.83712,1.01907,2,0
1,0,6vf,vf,50950,0.78839,0.43285,2,0
1,0,70ee,ee,81640,2.12403,0.572909,284,0
1,0,70vf,vf,26243,1.0552,0.211417,65,0
1,0,71ee,ee,68162,2.05948,0.496271,25,0
1,0,71vf,vf,21602,1.14371,0.234552,9,0
1,0,72ee,ee,67117,1.98461,0.525007,282,0
1,0,72vf,vf,21233,1.11052,0.17689,72,0
1,0,73ee,ee,57071,1.75402,0.420146,3,0
1,0,73vf,vf,17549,0.932738,0.667433,5,0
1,0,74ee,ee,53638,1.97818,0.403026,89,0
1,0,74vf,vf,16108,0.667754,0.174586,16,0
1,0,75ee,ee,56732,2.04662,0.445809,20,0
1,0,75vf,vf,17360,0.630507,0.390451,10,0
1,0,76ee,ee,68327,2.09734,0.50312,36,0
1,0,76vf,vf,21584,0.651915,0.251287,12,0
1,0,77ee,ee,78791,2.16614,0.567469,13,0
1,0,77vf,vf,25385,0.639339,0.292918,2,0
1,0,78ee,ee,84644,1.72503,0.592141,33,0
1,0,78vf,vf,27363,0.693801,0.276823,5,0
1,0,79ee,ee,96364,1.98278,0.695529,13,0
1,0,79vf,vf,31441,0.649482,0.640619,1,0
1,0,7ee,ee,193613,2.04035,1.26498,5,0
1,0,7vf,vf,63541,1.32568,0.571373,6,0
1,0,80ee,ee,123797,2.01987,0.874243,251,0
1,0,80vf,vf,41670,3.36363,2.01459,49,0
1,0,81ee,ee,134891,1.94921,3.30072,16,0
1,0,81vf,vf,46231,0.912834,0.354164,4,0
1,0,82ee,ee,149048,1.78983,0.981856,29,0
1,0,82vf,vf,51410,1.06784,0.371987,6,0
1,0,83ee,ee,165575,3.03052,1.02854,18,0
1,0,83vf,vf,57718,1.17065,0.410322,4,0
1,0,84ee,ee,180114,2.18658,1.55083,26,0
1,0,84vf,vf,63241,1.34146,0.433682,4,0
1,0,85ee,ee,195164,2.36478,1.19273,36,0
1,0,85vf,vf,68758,1.50926,0.473169,10,0
1,0,86ee,ee,214292,2.48824,1.28245,30,0
1,0,86vf,vf,75865,1.5931,0.478608,5,0
1,0,87ee,ee,229644,2.65591,1.37592,9,0
1,0,87vf,vf,81760,1.70772,0.64769,1,0
1,0,88ee,ee,238213,5.0461,1.45986,14,0
1,0,88vf,vf,84651,1.59566,0.560462,1,0
1,0,89ee,ee,236681,2.3749,1.38722,54,0
1,0,89vf,vf,83471,1.47208,0.516111,11,0
1,0,8ee,ee,235117,2.33394,1.41503,20,0
1,0,8vf,vf,78802,1.24748,0.510704,13,0
1,0,90ee,ee,226091,2.18329,2.46046,35,0
1,0,91ee,ee,214801,1.93709,1.30201,23,0
1,0,92ee,ee,214427,1.94182,1.26642,37,0
1,0,92vf,vf,73900,0.987488,0.663018,9,0
1,0,93ee,ee,220339,2.23593,16.458,39,0
1,0,93vf,vf,76175,1.23465,0.539726,13,0
1,0,94ee,ee,222724,2.31858,1.3108,68,0
1,0,94vf,vf,77136,1.26665,0.710152,15,0
1,0,95ee,ee,220248,2.36619,1.26546,40,0
1,0,95vf,vf,75916,1.27896,0.555918,8,0
1,0,96ee,ee,213103,2.19954,1.28181,45,0
1,0,96vf,vf,72751,1.09801,0.567629,5,0
1,0,97ee,ee,208054,1.98381,1.19522,78,0
1,0,97vf,vf,69989,0.810693,0.557069,14,0
1,0,98ee,ee,190027,2.65921,1.38207,36,0
1,0,98vf,vf,62834,0.714152,0.650315,4,0
1,0,99ee,ee,216047,2.31394,1.23644,293,0
1,0,99vf,vf,73127,1.10515,0.468177,84,0
1,0,9ee,ee,277538,2.36719,1.69082,15,0
1,0,9vf,vf,94834,1.27359,0.569101,11,0
1,2,100ee,ee,225426,5.57098,0.882818,65,0
1,2,100vf,vf,77161,0.711432,0.54779,12,0
1,2,101ee,ee,223924,4.99129,0.962816,137,0
1,2,101vf,vf,76590,1.66183,0.379219,35,0
1,2,102ee,ee,222990,3.41761,0.914786,64,0
1,2,102vf,vf,76332,1.77377,0.331349,12,0
1,2,103ee,ee,220765,4.06754,0.934017,39,0
1,2,103vf,vf,75965,1.75844,0.991328,4,0
1,2,104ee,ee,214330,3.40322,0.865315,30,0
1,2,104vf,vf,74289,1.79776,0.419346,7,0
1,2,105ee,ee,210765,3.58497,0.902946,33,0
1,2,105vf,vf,73618,1.78388,0.541614,16,0
1,2,106ee,ee,194881,3.4452,0.818149,44,0
1,2,106vf,vf,68121,1.71444,0.674377,11,0
1,2,107ee,ee,289172,3.24472,1.25273,1299,0
1,2,107vf,vf,101657,1.4243,0.863268,530,0
1,2,108ee,ee,173284,3.1566,0.921282,53,0
1,2,108vf,vf,59432,1.72154,0.288822,28,0
1,2,109ee,ee,134253,2.82128,1.98905,36,0
1,2,109vf,vf,44420,1.47678,0.245752,12,0
1,2,10ee,ee,331474,2.37128,1.24249,38,0
1,2,10vf,vf,115775,1.27308,0.838916,18,0
1,2,110ee,ee,115773,2.28837,0.578124,4,0
1,2,111ee,ee,94999,1.81341,3.31128,20,0
1,2,111vf,vf,30641,0.800966,0.184602,6,0
1,2,112ee,ee,71586,1.64852,0.406291,14,0
1,2,112vf,vf,22224,0.589613,0.233432,3,0
1,2,113ee,ee,56133,1.5658,0.409842,11,0
1,2,114ee,ee,57224,1.68356,0.406898,15,0
1,2,114vf,vf,17474,0.638219,0.815141,2,0
1,2,115ee,ee,61879,1.57992,0.791557,23,0
1,2,115vf,vf,19042,0.566093,0.223609,3,0
1,2,116ee,ee,71191,1.63486,0.668937,15,0
1,2,116vf,vf,22010,0.584077,0.421586,2,0
1,2,117ee,ee,83889,1.7202,0.490384,18,0
1,2,117vf,vf,26048,0.532558,0.53403,3,0
1,2,118ee,ee,97045,1.69489,0.556205,34,0
1,2,118vf,vf,30663,0.564301,0.401267,6,0
1,2,119ee,ee,105188,4.16501,0.534574,30,0
1,2,119vf,vf,33658,0.581516,0.455793,4,0
1,2,11ee,ee,357214,2.20127,1.32725,31,0
1,2,11vf,vf,125575,1.05862,0.753031,18,0
1,2,120ee,ee,166905,1.88515,0.916546,1204,0
1,2,120vf,vf,56752,0.785766,0.504847,406,0
1,2,121ee,ee,145620,1.93904,0.649482,18,0
1,2,121vf,vf,49715,0.863043,0.280983,1,0
1,2,122ee,ee,137551,2.35007,0.688809,16,0
1,2,122vf,vf,46471,1.01936,0.342132,2,0
1,2,123ee,ee,127329,2.68452,1.3676,17,0
1,2,124ee,ee,122333,3.36293,0.885123,11,0
1,2,124vf,vf,41080,1.84109,0.577613,1,0
1,2,125ee,ee,245136,3.20156,1.09763,2097,0
1,2,125vf,vf,86619,1.38495,0.61566,882,0
1,2,126ee,ee,142046,3.34741,0.836645,9,0
1,2,126vf,vf,49155,1.77229,1.68206,1,0
1,2,127ee,ee,124389,3.48264,1.76301,19,0
1,2,127vf,vf,42945,1.94077,0.30639,4,0
1,2,128ee,ee,120899,5.88956,0.928321,25,0
1,2,128vf,vf,41875,2.30911,1.12086,8,0
1,2,129ee,ee,107774,3.53153,2.52411,45,0
1,2,129vf,vf,36874,2.49064,0.162202,8,0
1,2,12ee,ee,311432,1.97833,1.17731,89,0
1,2,12vf,vf,107550,0.991519,0.624715,34,0
1,2,130ee,ee,80690,2.56065,0.489712,7,0
1,2,130vf,vf,26364,1.79242,0.779302,1,0
1,2,131ee,ee,152048,2.03628,0.805541,2094,0
1,2,131vf,vf,51681,1.16691,0.589389,882,0
1,2,132ee,ee,62445,1.8145,0.399091,9,0
1,2,133ee,ee,63488,1.83987,0.42997,20,0
1,2,133vf,vf,20317,0.878947,0.279191,4,0
1,2,134ee,ee,67419,1.84621,0.480529,22,0
1,2,134vf,vf,21676,0.880419,0.372244,6,0
1,2,135ee,ee,129850,3.57623,0.680362,1795,0
1,2,135vf,vf,43546,1.05872,0.814405,658,0
1,2,136ee,ee,64239,4.65591,0.589901,31,0
1,2,136vf,vf,20477,0.868163,0.338549,7,0
1,2,137ee,ee,54203,1.7409,1.76589,10,0
1,2,137vf,vf,16248,3.454,0.699976,1,0
1,2,138ee,ee,103471,1.90768,0.691049,1430,0
1,2,138vf,vf,33400,0.930497,0.671402,513,0
1,2,139ee,ee,64068,2.05878,0.688009,6,0
1,2,139vf,vf,20336,0.893283,0.223928,2,0
1,2,13ee,ee,279453,1.80208,3.60007,198,0
1,2,13vf,vf,96468,0.862564,0.425137,47,0
1,2,140ee,ee,60441,1.87283,1.34146,4,0
1,2,140vf,vf,18734,0.802278,0.732712,0,0
1,2,142ee,ee,59382,1.71831,0.509423,25,0
1,2,142vf,vf,18090,0.68193,0.358388,8,0
1,2,143ee,ee,53592,1.69278,0.557133,22,0
1,2,143vf,vf,16197,0.578349,0.263767,4,0
1,2,144ee,ee,48023,1.65274,0.624907,35,0
1,2,144vf,vf,14361,0.572557,0.637803,2,0
1,2,145ee,ee,48818,1.64119,0.656874,75,0
1,2,145vf,vf,14582,0.576333,0.19401,15,0
1,2,146ee,ee,51244,4.30402,0.650442,31,0
1,2,146vf,vf,15498,0.615852,0.345172,5,0
1,2,147ee,ee,50751,1.79111,0.567597,65,0
1,2,147vf,vf,15362,0.572813,0.417907,6,0
1,2,148ee,ee,56303,1.63268,0.469136,34,0
1,2,148vf,vf,17076,0.606444,0.307509,13,0
1,2,149ee,ee,58229,1.98019,0.470928,57,0
1,2,149vf,vf,17687,0.6107,0.553997,12,0
1,2,14ee,ee,250042,2.20137,1.5203,218,0
1,2,14vf,vf,85490,0.856324,0.349108,57,0
1,2,150ee,ee,217350,2.34399,1.38408,2858,0
1,2,150vf,vf,75177,1.28764,0.568718,1308,0
1,2,151ee,ee,66976,1.78388,1.12479,12,0
1,2,152ee,ee,55543,1.7514,0.520399,65,0
1,2,152vf,vf,17025,0.833572,0.595341,11,0
1,2,153ee,ee,54946,1.87911,2.51819,36,0
1,2,153vf,vf,16536,0.797606,0.316501,7,0
1,2,154ee,ee,55419,1.65057,0.365812,16,0
1,2,154vf,vf,16517,0.612107,0.54171,2,0
1,2,155ee,ee,61827,1.76855,0.709129,19,0
1,2,155vf,vf,18961,0.793702,0.270903,3,0
1,2,156ee,ee,58080,1.79623,0.726407,29,0
1,2,156vf,vf,17830,0.685129,0.365172,5,0
1,2,157ee,ee,51247,1.85011,0.463408,30,0
1,2,157vf,vf,15398,0.638827,0.313557,5,0
1,2,158ee,ee,43025,1.83853,1.0998,153,0
1,2,158vf,vf,12857,0.591501,0.222328,21,0
1,2,159ee,ee,46773,1.7808,0.611564,16,0
1,2,159vf,vf,14090,0.605036,0.304054,3,0
1,2,15ee,ee,239395,1.75396,1.00189,162,0
1,2,15vf,vf,81366,0.898851,0.858019,38,0
1,2,160ee,ee,217835,5.16268,1.08876,3118,0
1,2,160vf,vf,74255,1.17734,0.573901,1406,0
1,2,161ee,ee,73287,1.71725,1.34949,28,0
1,2,162ee,ee,51299,1.84877,0.36834,28,0
1,2,162vf,vf,15709,0.640683,0.372212,8,0
1,2,163ee,ee,49812,1.68695,0.498831,19,0
1,2,163vf,vf,14895,0.624779,0.765639,5,0
1,2,164ee,ee,52334,1.79428,0.493904,10,0
1,2,164vf,vf,15403,0.572973,0.375028,2,0
1,2,165ee,ee,145959,2.11337,0.755239,2391,0
1,2,165vf,vf,48792,1.20182,0.594316,1004,0
1,2,166ee,ee,49547,1.74289,0.675145,27,0
1,2,166vf,vf,15000,0.58894,0.31775,5,0
1,2,167ee,ee,40429,2.04748,0.543694,37,0
1,2,167vf,vf,11960,0.589452,0.354708,5,0
1,2,168ee,ee,44035,1.81527,0.460721,20,0
1,2,168vf,vf,12922,0.578061,0.378739,3,0
1,2,169ee,ee,45507,3.97187,0.346004,105,0
1,2,169vf,vf,13447,0.578317,0.349908,26,0
1,2,16ee,ee,204557,1.6075,0.835301,35,0
1,2,16vf,vf,68840,0.91357,0.790822,11,0
1,2,170ee,ee,50547,1.86298,0.623787,32,0
1,2,170vf,vf,15170,0.598636,0.205465,8,0
1,2,171ee,ee,51671,1.71668,1.03117,26,0
1,2,171vf,vf,15543,0.61422,0.632011,6,0
1,2,172ee,ee,51206,2.12959,0.998911,35,0
1,2,172vf,vf,15361,0.599276,1.29903,4,0
1,2,173ee,ee,49271,1.93654,0.420786,27,0
1,2,173vf,vf,14812,0.671434,0.612524,1,0
1,2,174ee,ee,148988,2.31064,2.29202,2581,0
1,2,174vf,vf,49237,1.20217,0.617611,1064,0
1,2,175ee,ee,52022,1.78461,0.838884,8,0
1,2,176ee,ee,44270,1.75962,0.533391,39,0
1,2,176vf,vf,13127,0.598732,0.688713,6,0
1,2,177ee,ee,52599,1.6945,0.455664,20,0
1,2,177vf,vf,15748,0.596876,0.324693,2,0
1,2,178ee,ee,55281,1.8176,0.8585,33,0
1,2,178vf,vf,16681,0.580876,0.37522,8,0
1,2,179ee,ee,53200,4.1502,0.586509,27,0
1,2,179vf,vf,15998,0.619052,0.280054,4,0
1,2,17ee,ee,175730,1.52846,0.7218,22,0
1,2,17vf,vf,58579,3.48721,0.848964,5,0
1,2,180ee,ee,51787,1.78375,0.682378,22,0
1,2,180vf,vf,15441,0.575117,0.757062,2,0
1,2,181ee,ee,51388,3.88646,2.30287,28,0
1,2,181vf,vf,15481,0.674953,0.67441,3,0
1,2,182ee,ee,52267,1.73841,1.42648,34,0
1,2,182vf,vf,15853,0.680586,0.431633,5,0
1,2,183ee,ee,51081,1.91482,0.621995,129,0
1,2,183vf,vf,15519,0.633003,0.522318,23,0
1,2,184ee,ee,55511,1.75108,0.906082,16,0
1,2,184vf,vf,16821,0.668106,1.45013,8,0
1,2,185ee,ee,151376,1.96832,1.07267,2183,0
1,2,185vf,vf,50479,1.11225,0.332949,854,0
1,2,186ee,ee,86314,1.74429,0.521263,88,0
1,2,186vf,vf,27354,3.01235,0.389939,29,0
1,2,187ee,ee,76832,1.74253,0.511631,61,0
1,2,187vf,vf,23659,0.632395,0.344341,15,0
1,2,188ee,ee,75752,1.57108,0.471761,44,0
1,2,188vf,vf,23261,2.10291,0.427826,12,0
1,2,189ee,ee,74035,1.70682,0.463985,125,0
1,2,189vf,vf,23019,0.614636,0.34978,44,0
1,2,18ee,ee,158057,1.52101,0.664714,36,0
1,2,18vf,vf,52367,0.781126,0.240344,8,0
1,2,190ee,ee,62846,1.69284,1.06892,46,0
1,2,190vf,vf,19487,0.574476,0.336949,6,0
1,2,191ee,ee,58793,1.69812,0.654922,67,0
1,2,191vf,vf,18198,0.60926,0.342357,12,0
1,2,192ee,ee,57199,1.60881,0.434258,48,0
1,2,192vf,vf,17531,0.781734,0.353428,14,0
1,2,193ee,ee,60836,1.74941,0.461617,43,0
1,2,193vf,vf,18916,0.82682,0.692905,12,0
1,2,194ee,ee,62941,1.64014,0.605004,39,0
1,2,194vf,vf,19862,0.908258,0.241816,7,0
1,2,195ee,ee,61098,1.86023,0.764102,16,0
1,2,195vf,vf,19258,0.573101,1.45029,1,0
1,2,196ee,ee,55247,1.65191,0.512207,45,0
1,2,196vf,vf,16894,0.574796,0.331797,11,0
1,2,197ee,ee,48785,1.82858,0.695881,27,0
1,2,197vf,vf,14770,0.581197,0.34562,1,0
1,2,198ee,ee,47252,1.78893,0.735527,34,0
1,2,198vf,vf,14302,0.606732,0.431282,6,0
1,2,199ee,ee,47901,1.71892,1.06131,39,0
1,2,199vf,vf,14538,0.619916,0.338004,2,0
1,2,19ee,ee,153322,1.48578,0.666314,28,0
1,2,19vf,vf,50572,0.906882,0.465168,6,0
1,2,200ee,ee,51152,1.78865,0.415282,65,0
1,2,200vf,vf,15573,0.707849,0.278935,9,0
1,2,201ee,ee,55005,1.76317,0.516527,73,0
1,2,201vf,vf,17009,0.689129,0.337973,9,0
1,2,202ee,ee,58416,1.87591,0.545198,58,0
1,2,202vf,vf,18229,0.809477,0.313301,8,0
1,2,203ee,ee,58343,1.73613,0.672778,68,0
1,2,203vf,vf,18141,0.917954,0.66529,4,0
1,2,204ee,ee,54656,1.96221,0.692105,57,0
1,2,204vf,vf,16755,0.860004,0.574573,3,0
1,2,205ee,ee,51542,1.99072,0.491439,54,0
1,2,205vf,vf,15969,0.862308,0.333813,5,0
1,2,206ee,ee,50130,1.91363,0.664298,72,0
1,2,206vf,vf,15482,0.833413,0.386835,7,0
1,2,207ee,ee,49659,1.79351,0.624331,58,0
1,2,207vf,vf,15309,0.647467,0.429841,4,0
1,2,208ee,ee,49398,1.98755,0.470864,91,0
1,2,208vf,vf,15157,0.676233,0.368212,12,0
1,2,209ee,ee,48895,1.99718,0.580684,70,0
1,2,209vf,vf,15161,0.671786,0.47608,5,0
1,2,20ee,ee,146375,1.39893,0.633739,15,0
1,2,20vf,vf,47428,0.615243,0.230681,3,0
1,2,210ee,ee,47906,1.98051,0.669066,125,0
1,2,210vf,vf,14880,0.727208,1.9295,14,0
1,2,211ee,ee,52845,1.96333,3.22517,89,0
1,2,211vf,vf,16643,2.86016,0.790406,8,0
1,2,212ee,ee,54717,1.96169,0.54731,81,0
1,2,212vf,vf,17235,0.672042,0.637483,6,0
1,2,213ee,ee,53319,1.91699,0.487088,110,0
1,2,213vf,vf,16606,0.643434,0.649771,16,0
1,2,214ee,ee,55920,1.94742,0.458321,100,0
1,2,214vf,vf,17548,0.676874,0.325749,7,0
1,2,215ee,ee,57156,2.99884,0.810789,70,0
1,2,215vf,vf,17849,0.675274,0.751815,6,0
1,2,216ee,ee,57772,2.01712,0.492368,67,0
1,2,216vf,vf,17978,0.704681,0.552525,10,0
1,2,217ee,ee,57515,2.10335,1.5483,106,0
1,2,217vf,vf,17862,0.668778,0.840196,9,0
1,2,218ee,ee,57495,1.90048,1.00832,117,0
1,2,218vf,vf,17809,0.66049,0.55019,11,0
1,2,219ee,ee,57971,2.05968,1.61454,117,0
1,2,219vf,vf,17792,0.649162,0.765159,9,0
1,2,21ee,ee,136578,1.51537,0.802213,22,0
1,2,21vf,vf,43406,0.536687,0.731687,3,0
1,2,220ee,ee,57903,2.15542,1.47288,117,0
1,2,220vf,vf,17818,0.660779,0.805861,4,0
1,2,221ee,ee,58677,1.99401,0.553582,94,0
1,2,221vf,vf,18078,0.725704,0.710632,7,0
1,2,222ee,ee,60292,2.27368,2.83098,94,0
1,2,222vf,vf,18592,0.688329,0.759271,6,0
1,2,223ee,ee,63588,2.10252,0.880002,104,0
1,2,223vf,vf,19452,0.678057,0.620108,8,0
1,2,224ee,ee,65778,2.08627,0.739176,60,0
1,2,224vf,vf,20171,0.705129,0.723496,4,0
1,2,225ee,ee,69789,2.17151,0.595181,41,0
1,2,225vf,vf,21552,0.687113,0.89949,7,0
1,2,226ee,ee,72241,2.13638,0.722952,42,0
1,2,226vf,vf,22310,0.732648,0.632907,3,0
1,2,227ee,ee,74981,2.13596,0.628236,33,0
1,2,227vf,vf,23020,0.793574,1.09596,3,0
1,2,228ee,ee,74840,2.06387,0.766566,50,0
1,2,228vf,vf,23141,0.729,0.826436,6,0
1,2,229ee,ee,303623,2.41128,1.42846,4015,0
1,2,229vf,vf,106317,1.12835,0.553005,1594,0
1,2,22ee,ee,137008,1.79405,0.77143,39,0
1,2,22vf,vf,43146,0.563693,0.351221,8,0
1,2,230ee,ee,93347,2.00541,0.568877,37,0
1,2,230vf,vf,30904,0.735144,0.823173,8,0
1,2,231ee,ee,77691,1.97152,0.673322,8,0
1,2,231vf,vf,24652,0.939841,0.787558,4,0
1,2,232ee,ee,74632,1.91226,0.549933,13,0
1,2,232vf,vf,23416,2.88013,0.447314,4,0
1,2,233ee,ee,81593,2.01798,0.563437,32,0
1,2,233vf,vf,26310,2.45509,1.00701,15,0
1,2,234ee,ee,73186,2.0839,0.804741,30,0
1,2,234vf,vf,22761,0.686761,0.547054,8,0
1,2,235ee,ee,82378,2.14246,0.578189,23,0
1,2,235vf,vf,25840,0.744008,0.851523,6,0
1,2,236ee,ee,84402,2.04326,0.675018,25,0
1,2,236vf,vf,26401,0.822692,0.828645,2,0
1,2,237ee,ee,89943,1.9719,0.58958,31,0
1,2,237vf,vf,28293,0.85018,0.528974,6,0
1,2,238ee,ee,100601,4.25663,0.675562,32,0
1,2,238vf,vf,32255,0.802181,0.353237,6,0
1,2,239ee,ee,108793,2.10547,0.70388,34,0
1,2,239vf,vf,35246,0.874084,0.450321,4,0
1,2,23ee,ee,148379,1.60241,0.646923,48,0
1,2,23vf,vf,46901,0.607212,0.925889,8,0
1,2,240ee,ee,121976,2.08643,0.724232,102,0
1,2,240vf,vf,40272,0.89613,0.282615,22,0
1,2,241ee,ee,132613,1.87789,0.794373,47,0
1,2,241vf,vf,44574,1.07168,0.416466,11,0
1,2,242ee,ee,148382,2.04124,1.12883,60,0
1,2,242vf,vf,50747,1.6451,0.326901,10,0
1,2,243ee,ee,159710,2.27589,0.878339,46,0
1,2,243vf,vf,55564,1.93491,0.383379,10,0
1,2,244ee,ee,158477,2.28332,0.902018,31,0
1,2,244vf,vf,55385,2.02108,1.02921,2,0
1,2,245ee,ee,135133,2.17625,0.88893,27,0
1,2,245vf,vf,45708,1.66814,0.842596,2,0
1,2,246ee,ee,108585,2.09667,0.751751,35,0
1,2,246vf,vf,34582,0.70996,0.696617,7,0
1,2,247ee,ee,105192,2.84064,0.760263,26,0
1,2,247vf,vf,33173,0.752551,0.66673,3,0
1,2,248ee,ee,102379,2.08911,1.26514,45,0
1,2,248vf,vf,32196,1.15263,0.993663,10,0
1,2,249ee,ee,97421,2.3723,0.760583,20,0
1,2,249vf,vf,30095,0.755079,0.840164,2,0
1,2,24ee,ee,161410,1.43614,0.7234,79,0
1,2,24vf,vf,51391,0.649194,0.549006,18,0
1,2,250ee,ee,101437,5.23963,0.756135,35,0
1,2,250vf,vf,31266,0.802149,0.500976,7,0
1,2,251ee,ee,100661,2.36824,1.09929,71,0
1,2,251vf,vf,30736,1.87997,0.572173,17,0
1,2,252ee,ee,107197,2.29877,0.748072,70,0
1,2,252vf,vf,33202,0.812069,0.517359,16,0
1,2,253ee,ee,114057,2.23746,1.01613,93,0
1,2,253vf,vf,35665,0.844004,0.540174,27,0
1,2,254ee,ee,137013,2.37173,0.945825,113,0
1,2,254vf,vf,43845,0.889314,0.67009,36,0
1,2,255ee,ee,125821,2.24412,3.57204,123,0
1,2,255vf,vf,39263,0.831812,0.509839,41,0
1,2,256ee,ee,115514,2.3931,0.853828,121,0
1,2,256vf,vf,35317,0.913794,0.440721,45,0
1,2,257ee,ee,116964,4.4187,0.843876,119,0
1,2,257vf,vf,35722,0.905698,1.05459,29,0
1,2,258ee,ee,121051,2.35288,1.23167,109,0
1,2,258vf,vf,37003,0.928353,1.45195,34,0
1,2,259ee,ee,120019,2.7113,0.977727,72,0
1,2,259vf,vf,36489,0.907106,0.713096,18,0
1,2,25ee,ee,163744,4.7568,0.797413,37,0
1,2,25vf,vf,51995,0.615275,0.30735,9,0
1,2,260ee,ee,118529,2.52712,0.863876,50,0
1,2,260vf,vf,35906,0.995391,1.08617,15,0
1,2,261ee,ee,117883,2.72468,0.904002,64,0
1,2,261vf,vf,35406,0.964352,1.49867,25,0
1,2,262ee,ee,121894,2.50763,0.962304,35,0
1,2,262vf,vf,36645,1.53985,1.62068,17,0
1,2,263ee,ee,120904,2.64727,0.878115,45,0
1,2,263vf,vf,36061,1.01549,0.446545,17,0
1,2,264ee,ee,130331,2.62535,1.0128,164,0
1,2,264vf,vf,39387,0.992991,1.61217,83,0
1,2,265ee,ee,131747,5.46574,2.9167,68,0
1,2,265vf,vf,39917,1.12492,0.80615,21,0
1,2,266ee,ee,152277,4.95059,1.09132,187,0
1,2,266vf,vf,46930,1.07097,0.758567,78,0
1,2,267ee,ee,142341,2.72154,5.02745,121,0
1,2,267vf,vf,43082,1.1134,0.692361,48,0
1,2,268ee,ee,130343,2.45506,0.969696,135,0
1,2,268vf,vf,39014,1.11804,0.528623,47,0
1,2,269ee,ee,135409,3.2182,1.01347,229,0
1,2,269vf,vf,40760,1.12854,1.59438,78,0
1,2,26ee,ee,178956,1.49157,0.734152,195,0
1,2,26vf,vf,57410,0.655435,0.291638,59,0
1,2,270ee,ee,133168,3.06108,1.03421,127,0
1,2,270vf,vf,39831,1.13129,0.444049,62,0
1,2,271ee,ee,132003,3.0678,1.01878,72,0
1,2,271vf,vf,39388,1.19724,0.705704,34,0
1,2,272ee,ee,135183,3.3997,1.48037,112,0
1,2,272vf,vf,40590,1.25788,3.11638,62,0
1,2,273ee,ee,137466,3.4626,1.2111,119,0
1,2,273vf,vf,41383,1.22265,3.59527,60,0
1,2,274ee,ee,140711,3.32463,1.57076,134,0
1,2,274vf,vf,42276,1.24805,1.22364,70,0
1,2,275ee,ee,143790,4.77552,1.08236,260,0
1,2,275vf,vf,43412,1.20511,0.653386,115,0
1,2,276ee,ee,148028,3.52228,1.93318,182,0
1,2,276vf,vf,44920,1.1743,0.8409,93,0
1,2,277ee,ee,162029,3.2084,2.57803,194,0
1,2,277vf,vf,50156,1.2397,1.27868,101,0
1,2,278ee,ee,160431,3.39419,1.09494,186,0
1,2,278vf,vf,49441,1.3468,0.734151,75,0
1,2,279ee,ee,153032,3.52327,2.79946,98,0
1,2,279vf,vf,46452,1.35176,1.25913,34,0
1,2,27ee,ee,178324,1.31372,0.758151,22,0
1,2,27vf,vf,57008,0.494319,0.426226,6,0
1,2,280ee,ee,154158,4.53998,1.1574,121,0
1,2,280vf,vf,46766,1.39701,0.51883,61,0
1,2,281ee,ee,197693,3.89315,1.6739,1063,0
1,2,281vf,vf,62420,1.26025,2.12803,444,0
1,2,282ee,ee,160575,3.82531,1.17119,65,0
1,2,282vf,vf,48568,1.32085,1.55326,40,0
1,2,283ee,ee,157335,3.69409,1.2918,104,0
1,2,283vf,vf,47513,1.35723,0.969184,58,0
1,2,284ee,ee,166544,3.37307,1.63543,179,0
1,2,284vf,vf,50943,1.3469,2.78218,91,0
1,2,285ee,ee,176819,3.47649,3.64078,209,0
1,2,285vf,vf,54504,1.35903,0.871044,112,0
1,2,286ee,ee,180037,4.44075,3.60683,250,0
1,2,286vf,vf,55414,1.53019,0.652714,113,0
1,2,287ee,ee,181830,3.59441,1.28165,274,0
1,2,287vf,vf,56050,1.39266,1.4124,119,0
1,2,288ee,ee,190800,3.78506,1.34012,295,0
1,2,288vf,vf,59228,1.32808,1.74007,130,0
1,2,289ee,ee,185254,3.80317,5.22911,222,0
1,2,289vf,vf,56941,1.30421,1.5468,98,0
1,2,28ee,ee,209596,1.42917,0.867907,34,0
1,2,28vf,vf,68507,0.52027,0.291575,9,0
1,2,290ee,ee,178607,3.93321,1.55227,123,0
1,2,290vf,vf,54257,1.29221,0.975392,58,0
1,2,291ee,ee,179047,3.60753,1.22886,135,0
1,2,291vf,vf,54373,1.36008,0.538286,53,0
1,2,292ee,ee,176049,4.12025,2.25065,99,0
1,2,292vf,vf,53338,2.2902,0.492239,40,0
1,2,293ee,ee,175824,4.00707,1.39179,151,0
1,2,293vf,vf,53017,1.28825,0.511887,52,0
1,2,294ee,ee,170197,4.01148,1.27746,158,0
1,2,294vf,vf,50922,1.27196,0.826789,49,0
1,2,295ee,ee,172338,4.17903,3.76583,165,0
1,2,295vf,vf,51596,1.35909,0.673034,57,0
1,2,296ee,ee,175687,2.13967,1.23266,169,0
1,2,296vf,vf,52721,0.875683,0.817381,60,0
1,2,297ee,ee,177769,2.08316,1.24364,183,0
1,2,297vf,vf,53280,0.873027,1.5564,72,0
1,2,298ee,ee,171099,2.28802,4.05762,187,0
1,2,298vf,vf,50788,0.771814,2.48097,65,0
1,2,299ee,ee,171973,2.20361,1.20614,180,0
1,2,299vf,vf,51059,0.765447,1.05529,63,0
1,2,29ee,ee,257621,1.63908,1.00886,9,0
1,2,29vf,vf,86326,0.754695,0.343828,3,0
1,2,300ee,ee,170709,2.1869,1.59118,157,0
1,2,300vf,vf,50604,0.737672,0.892258,66,0
1,2,301ee,ee,168610,2.2438,1.30853,88,0
1,2,301vf,vf,49918,0.722536,0.699241,57,0
1,2,302ee,ee,168732,2.31679,1.20268,158,0
1,2,302vf,vf,49897,0.758567,0.466512,69,0
1,2,303ee,ee,167403,2.21279,2.19858,136,0
1,2,303vf,vf,49492,0.741735,0.534799,49,0
1,2,304ee,ee,171016,2.27903,1.83053,178,0
1,2,304vf,vf,50697,0.743431,0.639307,68,0
1,2,305ee,ee,169186,2.38949,1.21862,131,0
1,2,305vf,vf,50071,0.789894,1.14367,58,0
1,2,306ee,ee,171739,2.21161,2.26703,264,0
1,2,306vf,vf,50859,0.78487,1.38655,82,0
1,2,307ee,ee,168554,2.35311,1.26405,178,0
1,2,307vf,vf,49680,1.12991,0.840581,74,0
1,2,308ee,ee,173534,2.33842,1.33756,205,0
1,2,308vf,vf,51349,0.816069,5.49969,90,0
1,2,309ee,ee,175274,2.35035,1.47022,191,0
1,2,309vf,vf,52001,0.789702,1.33375,114,0
1,2,30ee,ee,380047,4.3757,1.37323,234,0
1,2,30vf,vf,132596,1.6026,0.487024,90,0
1,2,310ee,ee,183694,2.26108,2.52251,354,0
1,2,310vf,vf,54653,0.828773,0.742887,185,0
1,2,311ee,ee,186837,2.37352,1.43794,278,0
1,2,311vf,vf,55532,0.79399,1.03145,173,0
1,2,312ee,ee,190323,2.24668,1.4347,321,0
1,2,312vf,vf,56754,0.810021,1.4652,205,0
1,2,313ee,ee,193836,2.36354,1.80724,358,0
1,2,313vf,vf,57820,0.840036,1.18575,240,0
1,2,314ee,ee,186484,2.33487,1.40287,348,0
1,2,314vf,vf,55101,0.805381,1.25029,227,0
1,2,315ee,ee,189805,2.33295,1.44546,395,0
1,2,315vf,vf,56275,0.863267,0.778726,247,0
1,2,316ee,ee,199678,2.27298,1.4611,539,0
1,2,316vf,vf,59868,1.25042,0.969632,308,0
1,2,317ee,ee,247998,2.27442,1.63739,774,0
1,2,317vf,vf,77913,1.74772,1.27509,376,0
1,2,318ee,ee,301032,2.68132,3.33726,1028,0
1,2,318vf,vf,96436,2.01081,1.18594,437,0
1,2,319ee,ee,439511,3.30325,2.32955,1853,0
1,2,319vf,vf,147805,2.16399,1.59976,628,0
1,2,31ee,ee,411341,4.74823,1.51246,25,0
1,2,31vf,vf,144764,1.89149,0.516974,5,0
1,2,320ee,ee,594963,3.94652,2.88874,2235,0
1,2,320vf,vf,205296,1.81994,1.05017,728,0
1,2,321ee,ee,821239,5.96723,4.60529,2387,0
1,2,321vf,vf,293485,3.49083,1.20329,771,0
1,2,322ee,ee,926541,10.0367,4.39426,3091,0
1,2,322vf,vf,338576,5.28987,1.26597,854,0
1,2,323ee,ee,689304,8.67319,2.89613,2773,0
1,2,323vf,vf,249459,7.21112,1.10233,779,0
1,2,324ee,ee,511510,6.44404,2.27455,1699,0
1,2,324vf,vf,182086,6.49822,0.789254,498,0
1,2,325ee,ee,346576,4.98566,2.18646,911,0
1,2,325vf,vf,120094,5.26648,3.82483,295,0
1,2,326ee,ee,5068352,25.0077,17.0908,19308,0
1,2,326vf,vf,2032004,10.0952,5.68375,4650,0
1,2,327ee,ee,1616719,9.24632,5.58045,919,0
1,2,327vf,vf,631811,3.93558,1.95878,237,0
1,2,328ee,ee,709809,7.71533,2.59815,529,0
1,2,328vf,vf,275295,6.96579,0.940961,151,0
1,2,329ee,ee,620755,6.44247,2.34146,62,0
1,2,329vf,vf,242258,7.17778,0.868484,14,0
1,2,32ee,ee,471599,8.10568,1.62174,10,0
1,2,32vf,vf,168056,2.24405,0.566894,1,0
1,2,330ee,ee,535777,8.09106,2.05081,393,0
1,2,330vf,vf,208109,9.99679,0.7162,96,0
1,2,331ee,ee,317240,9.28196,4.20681,81,0
1,2,331vf,vf,120605,15.4885,0.533871,17,0
1,2,332ee,ee,170170,4.94294,0.886147,50,0
1,2,332vf,vf,59497,6.48481,0.498352,10,0
1,2,333ee,ee,98036,3.63965,0.589037,212,0
1,2,333vf,vf,30840,2.20869,0.263544,53,0
1,2,334ee,ee,74453,2.64334,0.793413,151,0
1,2,334vf,vf,22345,1.55598,0.462865,36,0
1,2,335ee,ee,69572,1.57368,0.521518,210,0
1,2,335vf,vf,20591,0.702409,0.741991,56,0
1,2,336ee,ee,73703,1.59038,1.4684,85,0
1,2,336vf,vf,22489,1.18643,0.625579,17,0
1,2,337ee,ee,91564,2.46325,0.535758,81,0
1,2,337vf,vf,29664,2.21769,0.67249,21,0
1,2,338ee,ee,116982,2.65041,1.78157,204,0
1,2,338vf,vf,39862,2.62833,1.29017,53,0
1,2,339ee,ee,103436,2.23557,0.592268,120,0
1,2,339vf,vf,34707,2.05305,0.863747,31,0
1,2,33ee,ee,570940,6.45844,1.97337,197,0
1,2,33vf,vf,205058,2.52382,0.690665,78,0
1,2,340ee,ee,94055,1.60865,0.566925,195,0
1,2,340vf,vf,30481,1.1479,0.685897,42,0
1,2,341ee,ee,73917,1.5148,1.08556,175,0
1,2,341vf,vf,22470,0.61934,0.877923,45,0
1,2,342ee,ee,82354,1.7106,0.510127,462,0
1,2,342vf,vf,25916,0.627723,0.237465,127,0
1,2,343ee,ee,72039,1.56424,0.605228,315,0
1,2,343vf,vf,22331,0.695305,0.530766,93,0
1,2,344ee,ee,59494,1.56446,1.26085,172,0
1,2,344vf,vf,17464,0.570925,0.763462,44,0
1,2,345ee,ee,58159,2.13279,0.403858,142,0
1,2,345vf,vf,16793,0.506,0.499631,34,0
1,2,346ee,ee,57698,2.47768,0.964896,96,0
1,2,346vf,vf,16955,0.514991,1.03952,19,0
1,2,347ee,ee,56279,1.51896,0.455377,55,0
1,2,347vf,vf,16589,0.516399,0.500975,17,0
1,2,348ee,ee,53149,1.46514,2.96166,42,0
1,2,348vf,vf,15552,0.532174,0.746375,8,0
1,2,349ee,ee,51059,1.51115,0.43333,74,0
1,2,349vf,vf,14636,0.505104,0.278326,14,0
1,2,34ee,ee,579702,7.52327,4.22245,22,0
1,2,34vf,vf,208457,3.14457,0.677353,11,0
1,2,350ee,ee,48272,1.4733,0.461808,105,0
1,2,350vf,vf,13633,0.524399,0.278071,25,0
1,2,351ee,ee,44065,1.48309,0.362164,20,0
1,2,351vf,vf,12267,0.569933,0.85498,5,0
1,2,352ee,ee,45485,1.51157,0.882051,76,0
1,2,352vf,vf,12725,0.521358,0.512847,19,0
1,2,353ee,ee,48703,1.65931,0.681802,87,0
1,2,353vf,vf,13586,0.517423,1.10451,28,0
1,2,354ee,ee,48111,1.40271,0.980224,172,0
1,2,354vf,vf,13543,0.535214,0.462353,43,0
1,2,355ee,ee,49280,1.49512,0.551309,192,0
1,2,355vf,vf,13938,0.54603,0.396275,42,0
1,2,356ee,ee,51858,1.42891,0.396722,219,0
1,2,356vf,vf,14809,0.517231,0.254519,50,0
1,2,357ee,ee,54981,1.42802,0.64561,289,0
1,2,357vf,vf,15782,0.505615,0.596716,68,0
1,2,358ee,ee,62828,1.42389,0.428114,394,0
1,2,358vf,vf,18656,0.534542,0.378484,97,0
1,2,359ee,ee,84698,1.48965,0.53835,518,0
1,2,359vf,vf,26568,0.554573,0.602348,122,0
1,2,35ee,ee,591528,7.56759,2.01776,92,0
1,2,35vf,vf,217002,3.4826,0.705448,27,0
1,2,360ee,ee,96376,2.49041,0.629195,402,0
1,2,360vf,vf,31106,0.661258,0.246936,88,0
1,2,361ee,ee,138732,1.52526,0.714216,647,0
1,2,361vf,vf,48053,0.856419,0.335413,141,0
1,2,362ee,ee,176047,1.77104,0.895234,139,0
1,2,362vf,vf,63624,1.72922,0.473552,52,0
1,2,363ee,ee,277664,2.84896,1.11983,92,0
1,2,363vf,vf,106186,3.70637,0.435538,16,0
1,2,364ee,ee,312524,4.1301,1.28716,45,0
1,2,364vf,vf,118724,7.33649,0.469488,8,0
1,2,365ee,ee,357328,4.10799,1.36479,47,0
1,2,365vf,vf,138719,8.04066,0.495151,7,0
1,2,366ee,ee,268501,3.4587,1.09344,67,0
1,2,366vf,vf,101880,5.0727,0.404658,23,0
1,2,367ee,ee,218736,2.56654,0.942817,128,0
1,2,367vf,vf,81186,3.28357,0.339732,37,0
1,2,368ee,ee,228571,2.05235,0.923649,177,0
1,2,368vf,vf,84403,1.82688,2.60814,44,0
1,2,369ee,ee,235066,2.06777,0.96784,101,0
1,2,369vf,vf,87053,1.99401,0.798085,30,0
1,2,36ee,ee,497379,7.60461,1.68593,75,0
1,2,36vf,vf,185213,4.54894,0.612364,18,0
1,2,370ee,ee,123265,1.61575,0.620908,62,0
1,2,370vf,vf,42118,1.26956,1.23887,16,0
1,2,371ee,ee,73440,1.48238,0.546317,110,0
1,2,371vf,vf,22566,0.604908,0.519119,31,0
1,2,372ee,ee,52809,1.39346,1.07667,62,0
1,2,372vf,vf,15107,0.608428,0.353332,12,0
1,2,373ee,ee,43815,1.38165,0.478833,32,0
1,2,373vf,vf,12291,0.549614,0.307798,8,0
1,2,374ee,ee,42459,1.36725,0.355028,41,0
1,2,374vf,vf,11825,0.512367,0.277335,7,0
1,2,375ee,ee,45460,1.46117,0.373908,70,0
1,2,375vf,vf,12708,0.521487,0.173786,13,0
1,2,376ee,ee,45449,1.40773,0.47,27,0
1,2,376vf,vf,12705,0.537806,0.513871,3,0
1,2,377ee,ee,48067,1.33362,0.35842,94,0
1,2,377vf,vf,13431,0.529487,0.184954,28,0
1,2,378ee,ee,49261,1.46795,0.392115,44,0
1,2,378vf,vf,13954,0.567853,0.385683,7,0
1,2,379ee,ee,50074,1.36306,0.34946,64,0
1,2,379vf,vf,14257,3.97888,0.273623,13,0
1,2,37ee,ee,442116,4.30821,3.12406,60,0
1,2,37vf,vf,166428,2.93385,0.564301,10,0
1,2,380ee,ee,46840,1.53921,0.466864,36,0
1,2,380vf,vf,13230,0.638475,1.59281,5,0
1,2,381ee,ee,47990,1.44331,0.621644,118,0
1,2,381vf,vf,13396,0.596525,0.224312,43,0
1,2,382ee,ee,44369,1.35435,0.664106,55,0
1,2,382vf,vf,12250,0.623947,0.565102,13,0
1,2,383ee,ee,48073,3.17414,0.391251,71,0
1,2,383vf,vf,13439,0.601836,0.334709,22,0
1,2,384ee,ee,48403,1.35874,0.370739,33,0
1,2,384vf,vf,13515,0.664426,0.287574,4,0
1,2,385ee,ee,53119,1.46194,0.628683,81,0
1,2,385vf,vf,14919,0.631243,0.223513,18,0
1,2,386ee,ee,55908,1.40623,0.436817,70,0
1,2,386vf,vf,15896,0.567245,0.314261,10,0
1,2,387ee,ee,58304,1.4412,0.414866,71,0
1,2,387vf,vf,16666,0.596268,0.389555,11,0
1,2,388ee,ee,59898,1.42735,0.423698,68,0
1,2,388vf,vf,17132,0.625771,0.436145,16,0
1,2,389ee,ee,58839,1.33826,4.93597,51,0
1,2,389vf,vf,16718,0.956512,0.714121,19,0
1,2,38ee,ee,317815,4.70839,1.1863,26,0
1,2,38vf,vf,117315,2.46078,0.472912,2,0
1,2,390ee,ee,57789,1.37221,0.431537,69,0
1,2,390vf,vf,16363,0.66833,0.251128,25,0
1,2,391ee,ee,62108,1.29538,0.431314,115,0
1,2,391vf,vf,17659,0.616588,0.22236,37,0
1,2,392ee,ee,65725,1.41986,0.441457,93,0
1,2,392vf,vf,18693,0.594892,0.214393,29,0
1,2,393ee,ee,72068,1.37333,0.47384,163,0
1,2,393vf,vf,20753,0.661194,0.23996,47,0
1,2,394ee,ee,75010,1.39845,0.570541,84,0
1,2,394vf,vf,21665,0.640586,0.459473,29,0
1,2,395ee,ee,77876,1.31336,0.552557,99,0
1,2,395vf,vf,22890,0.666794,0.408371,26,0
1,2,396ee,ee,79219,1.35826,0.514863,118,0
1,2,396vf,vf,23241,0.66609,0.250008,33,0
1,2,397ee,ee,79350,1.20678,0.518831,158,0
1,2,397vf,vf,22972,0.683466,1.38911,45,0
1,2,398ee,ee,86422,1.2717,1.50206,133,0
1,2,398vf,vf,25248,0.676938,0.331029,42,0
1,2,399ee,ee,95531,1.29602,0.569901,267,0
1,2,399vf,vf,28288,0.654506,0.277175,80,0
1,2,39ee,ee,185589,4.46024,0.800805,30,0
1,2,39vf,vf,63277,2.65934,0.29871,5,0
1,2,3ee,ee,70926,1.16217,4.21093,0,0
1,2,40ee,ee,287813,7.24462,2.57361,39,0
1,2,40vf,vf,104059,4.82192,0.408466,9,0
1,2,41ee,ee,351174,6.7449,1.31058,18,0
1,2,41vf,vf,129271,4.45208,0.494095,3,0
1,2,42ee,ee,336147,5.1956,1.23209,12,0
1,2,42vf,vf,121044,1.9703,0.458385,2,0
1,2,43ee,ee,389653,3.18015,1.37935,9,0
1,2,43vf,vf,141601,2.66561,0.517774,1,0
1,2,44ee,ee,498584,4.90339,1.705,11,0
1,2,44vf,vf,186934,2.97987,0.911842,4,0
1,2,45ee,ee,574309,6.60391,1.9456,22,0
1,2,45vf,vf,220570,4.6202,0.72212,9,0
1,2,46ee,ee,557693,8.2101,5.23423,41,0
1,2,46vf,vf,215502,9.33604,0.687209,13,0
1,2,47ee,ee,447263,10.6261,1.56609,29,0
1,2,47vf,vf,170653,7.86492,0.593805,15,0
1,2,48ee,ee,301397,11.2667,1.08678,15,0
1,2,48vf,vf,111074,9.20421,1.05133,1,0
1,2,49ee,ee,176368,8.67962,2.29272,24,0
1,2,49vf,vf,60824,7.28296,0.422802,8,0
1,2,4ee,ee,94925,1.34773,0.391091,0,0
1,2,50ee,ee,101230,4.15986,1.5236,63,0
1,2,50vf,vf,31718,3.08947,0.335285,33,0
1,2,51ee,ee,89326,4.48254,0.629195,11,0
1,2,51vf,vf,28456,2.90086,0.317877,5,0
1,2,52ee,ee,92834,4.72196,0.43397,126,0
1,2,52vf,vf,31322,3.1733,0.411442,34,0
1,2,53ee,ee,78243,2.9662,0.835909,16,0
1,2,53vf,vf,26439,1.8432,0.327221,5,0
1,2,54ee,ee,59124,1.79632,0.526382,105,0
1,2,54vf,vf,18557,0.592716,0.247992,18,0
1,2,55ee,ee,67430,1.96633,0.560205,52,0
1,2,55vf,vf,21354,0.615788,0.354868,8,0
1,2,56ee,ee,94768,2.00512,0.594732,6,0
1,2,56vf,vf,31575,0.979712,0.496048,0,0
1,2,57ee,ee,127473,3.46984,0.595533,27,0
1,2,57vf,vf,44361,2.16713,0.187001,5,0
1,2,58ee,ee,143669,3.90502,0.632331,38,0
1,2,58vf,vf,50470,2.3876,3.09145,6,0
1,2,59ee,ee,143131,3.78535,0.748583,180,0
1,2,59vf,vf,49550,2.49173,0.458225,46,0
1,2,5ee,ee,127099,1.65764,3.25528,1,0
1,2,5vf,vf,39462,0.695433,1.22162,1,0
1,2,60ee,ee,155119,4.9646,0.830021,30,0
1,2,60vf,vf,55266,4.21045,0.3661,7,0
1,2,61ee,ee,169253,5.36504,0.707209,403,0
1,2,61vf,vf,60620,4.637,0.275831,122,0
1,2,62ee,ee,139039,4.68368,3.28428,41,0
1,2,62vf,vf,49164,5.44452,0.235352,10,0
1,2,63ee,ee,123766,3.1949,1.5978,272,0
1,2,63vf,vf,42623,2.12822,0.282806,75,0
1,2,64ee,ee,93798,2.09913,0.456337,11,0
1,2,64vf,vf,31412,1.18511,0.176859,1,0
1,2,65ee,ee,66884,2.09071,0.385107,83,0
1,2,65vf,vf,21022,0.630795,0.451793,24,0
1,2,66ee,ee,54216,2.1015,0.840548,32,0
1,2,66vf,vf,16332,0.632427,0.411667,4,0
1,2,67ee,ee,64224,1.95254,0.464624,197,0
1,2,67vf,vf,20023,0.623211,0.848324,33,0
1,2,68ee,ee,71766,1.68686,0.484528,26,0
1,2,68vf,vf,22866,0.66385,0.281174,8,0
1,2,69ee,ee,82352,1.99616,0.64273,6,0
1,2,69vf,vf,26516,0.902787,0.555725,0,0
1,2,6ee,ee,158856,1.82525,0.667145,2,0
1,2,6vf,vf,50950,0.774983,0.829412,2,0
1,2,70ee,ee,81640,2.14748,0.83098,284,0
1,2,70vf,vf,26243,1.06265,0.277783,65,0
1,2,71ee,ee,68162,2.05062,0.552941,25,0
1,2,71vf,vf,21602,1.2286,0.422546,8,0
1,2,72ee,ee,67117,4.84771,0.403603,282,0
1,2,72vf,vf,21233,1.12486,0.183098,72,0
1,2,73ee,ee,57071,1.77917,0.339253,3,0
1,2,73vf,vf,17549,0.921857,0.783174,1,0
1,2,74ee,ee,53638,2.01955,1.14025,89,0
1,2,74vf,vf,16108,0.666698,0.715305,15,0
1,2,75ee,ee,56732,2.05193,0.738664,20,0
1,2,75vf,vf,17360,0.634155,0.382099,10,0
1,2,76ee,ee,68327,2.11363,0.383156,36,0
1,2,76vf,vf,21584,0.685993,0.325621,12,0
1,2,77ee,ee,78791,2.21282,0.403379,13,0
1,2,77vf,vf,25385,0.875075,0.232536,2,0
1,2,78ee,ee,84644,1.75543,0.432817,33,0
1,2,78vf,vf,27363,0.870979,0.287286,5,0
1,2,79ee,ee,96364,1.99216,2.35528,12,0
1,2,79vf,vf,31441,0.728776,0.698057,0,0
1,2,7ee,ee,193613,5.61306,1.70817,5,0
1,2,7vf,vf,63541,1.12419,3.27381,6,0
1,2,80ee,ee,123797,1.99837,0.571821,251,0
1,2,80vf,vf,41670,0.879747,0.873507,49,0
1,2,81ee,ee,134891,3.81411,1.05321,16,0
1,2,81vf,vf,46231,0.929825,0.2614,4,0
1,2,82ee,ee,149048,1.74993,0.73364,29,0
1,2,82vf,vf,51410,1.08326,0.259095,6,0
1,2,83ee,ee,165575,1.95046,0.694825,18,0
1,2,83vf,vf,57718,2.57316,0.340181,4,0
1,2,84ee,ee,180114,2.20066,0.734471,26,0
1,2,84vf,vf,63241,1.29119,0.356885,4,0
1,2,85ee,ee,195164,2.34987,0.807429,36,0
1,2,85vf,vf,68758,1.4843,0.445649,10,0
1,2,86ee,ee,214292,2.50644,0.838404,25,0
1,2,86vf,vf,75865,1.5634,0.394451,3,0
1,2,87ee,ee,229644,2.71857,0.934561,9,0
1,2,87vf,vf,81760,1.7106,0.672714,1,0
1,2,88ee,ee,238213,2.69134,1.63214,14,0
1,2,88vf,vf,84651,1.61713,1.28018,1,0
1,2,89ee,ee,236681,2.38075,0.912642,54,0
1,2,89vf,vf,83471,1.45854,0.35522,11,0
1,2,8ee,ee,235117,2.38328,0.916034,20,0
1,2,8vf,vf,78802,1.29231,1.56904,13,0
1,2,90ee,ee,226091,2.19298,1.24444,35,0
1,2,91ee,ee,214801,1.95955,1.77607,23,0
1,2,92ee,ee,214427,2.0024,0.84634,37,0
1,2,92vf,vf,73900,4.72563,0.863171,9,0
1,2,93ee,ee,220339,2.28152,0.866403,39,0
1,2,93vf,vf,76175,1.22018,0.458481,13,0
1,2,94ee,ee,222724,2.36978,0.902978,68,0
1,2,94vf,vf,77136,1.27791,0.802917,15,0
1,2,95ee,ee,220248,2.42619,0.885731,40,0
1,2,95vf,vf,75916,1.23442,0.445937,8,0
1,2,96ee,ee,213103,2.21663,2.33595,45,0
1,2,96vf,vf,72751,1.09763,0.964928,5,0
1,2,97ee,ee,208054,1.98112,3.58727,77,0
1,2,97vf,vf,69989,0.811557,0.743399,14,0
1,2,98ee,ee,190027,1.89847,0.83194,36,0
1,2,98vf,vf,62834,0.722344,3.0862,2,0
1,2,99ee,ee,216047,2.323,1.33628,293,0
1,2,99vf,vf,73127,1.08822,0.347572,83,0
1,2,9ee,ee,277538,2.40798,2.56603,15,0
1,2,9vf,vf,94834,1.25961,1.6635,11,0
2,0,100ee,ee,225426,1.3303,1.28761,65,0
2,0,100vf,vf,77161,0.723981,0.4677,12,0
2,0,101ee,ee,223924,3.11579,1.32476,137,0
2,0,101vf,vf,76590,1.70376,0.561809,35,0
2,0,102ee,ee,222990,3.468,1.28333,64,0
2,0,102vf,vf,76332,1.85173,0.478035,12,0
2,0,103ee,ee,220765,3.38206,1.26,39,0
2,0,103vf,vf,75965,1.78725,0.613648,4,0
2,0,104ee,ee,214330,3.4826,1.27325,30,0
2,0,104vf,vf,74289,1.87118,0.529682,7,0
2,0,105ee,ee,210765,3.63901,1.25654,33,0
2,0,105vf,vf,73618,1.8228,0.493171,16,0
2,0,106ee,ee,194881,3.48944,4.22082,44,0
2,0,106vf,vf,68121,1.76933,0.450484,11,0
2,0,107ee,ee,289172,3.32164,1.77358,1299,0
2,0,107vf,vf,101657,1.46153,0.667342,530,0
2,0,108ee,ee,173284,3.18376,1.13184,53,0
2,0,108vf,vf,59432,1.82286,0.417525,28,0
2,0,109ee,ee,134253,2.86079,0.892393,36,0
2,0,109vf,vf,44420,1.51894,0.347383,12,0
2,0,10ee,ee,331474,2.43942,1.93163,38,0
2,0,10vf,vf,115775,1.18877,0.723309,18,0
2,0,110ee,ee,115773,2.317,0.793707,4,0
2,0,111ee,ee,94999,1.82021,0.663727,20,0
2,0,111vf,vf,30641,0.849545,0.25625,6,0
2,0,112ee,ee,71586,1.62802,0.587249,14,0
2,0,112vf,vf,22224,0.620911,0.254682,3,0
2,0,113ee,ee,56133,1.65852,0.466836,11,0
2,0,114ee,ee,57224,1.75976,0.466611,15,0
2,0,114vf,vf,17474,0.582705,0.29388,2,0
2,0,115ee,ee,61879,1.68834,0.520979,23,0
2,0,115vf,vf,19042,0.587825,0.253689,3,0
2,0,116ee,ee,71191,1.75147,0.54213,15,0
2,0,116vf,vf,22010,0.611376,0.315064,2,0
2,0,117ee,ee,83889,1.74357,0.649359,18,0
2,0,117vf,vf,26048,0.592465,0.566385,3,0
2,0,118ee,ee,97045,1.68664,0.7435,34,0
2,0,118vf,vf,30663,0.593232,0.385686,6,0
2,0,119ee,ee,105188,1.62764,0.737932,30,0
2,0,119vf,vf,33658,0.595153,0.374646,4,0
2,0,11ee,ee,357214,2.22241,2.10916,31,0
2,0,11vf,vf,125575,1.09261,0.724333,18,0
2,0,120ee,ee,166905,1.85374,1.11971,1204,0
2,0,120vf,vf,56752,0.825675,0.444372,406,0
2,0,121ee,ee,145620,1.94677,0.931816,18,0
2,0,121vf,vf,49715,0.895081,0.417845,1,0
2,0,122ee,ee,137551,2.30605,0.902344,16,0
2,0,122vf,vf,46471,1.0193,0.416789,2,0
2,0,123ee,ee,127329,2.74351,0.909288,17,0
2,0,124ee,ee,122333,3.48071,0.82449,11,0
2,0,124vf,vf,41080,1.89496,0.44226,2,0
2,0,125ee,ee,245136,3.30667,1.51724,2098,0
2,0,125vf,vf,86619,1.44047,0.569873,882,0
2,0,126ee,ee,142046,3.38737,1.03053,9,0
2,0,126vf,vf,49155,1.82261,0.764109,1,0
2,0,127ee,ee,124389,3.56115,0.882536,19,0
2,0,127vf,vf,42945,2.01681,0.371318,4,0
2,0,128ee,ee,120899,3.68605,0.843754,25,0
2,0,128vf,vf,41875,2.3985,0.342039,8,0
2,0,129ee,ee,107774,3.54554,0.767532,45,0
2,0,129vf,vf,36874,2.5607,0.297176,8,0
2,0,12ee,ee,311432,2.06647,1.82709,90,0
2,0,12vf,vf,107550,1.06154,0.632719,34,0
2,0,130ee,ee,80690,2.63811,0.642127,7,0
2,0,130vf,vf,26364,1.83416,0.527186,1,0
2,0,131ee,ee,152048,2.05096,1.07732,2094,0
2,0,131vf,vf,51681,1.21232,0.37231,881,0
2,0,132ee,ee,62445,1.84165,0.533106,9,0
2,0,133ee,ee,63488,1.88648,0.547154,20,0
2,0,133vf,vf,20317,0.942183,0.231418,4,0
2,0,134ee,ee,67419,2.85257,0.570705,22,0
2,0,134vf,vf,21676,0.9442,0.232537,7,0
2,0,135ee,ee,129850,2.09012,0.880265,1795,0
2,0,135vf,vf,43546,1.09088,0.354135,658,0
2,0,136ee,ee,64239,1.82757,0.515346,31,0
2,0,136vf,vf,20477,0.882985,0.213051,7,0
2,0,137ee,ee,54203,1.81362,0.467892,10,0
2,0,137vf,vf,16248,0.573969,0.556657,1,0
2,0,138ee,ee,103471,1.93019,0.767308,1430,0
2,0,138vf,vf,33400,0.917,0.31788,513,0
2,0,139ee,ee,64068,2.05617,0.585425,6,0
2,0,139vf,vf,20336,0.972135,0.239257,2,0
2,0,13ee,ee,279453,1.87045,1.6341,198,0
2,0,13vf,vf,96468,0.886985,0.589905,47,0
2,0,140ee,ee,60441,1.9636,0.523603,4,0
2,0,140vf,vf,18734,0.854666,0.584112,0,0
2,0,142ee,ee,59382,1.77656,0.553234,25,0
2,0,142vf,vf,18090,0.621839,0.263865,8,0
2,0,143ee,ee,53592,1.72524,0.471443,22,0
2,0,143vf,vf,16197,0.590001,0.274264,4,0
2,0,144ee,ee,48023,1.7069,2.44832,35,0
2,0,144vf,vf,14361,0.609872,0.3022,3,0
2,0,145ee,ee,48818,1.71544,0.428405,75,0
2,0,145vf,vf,14582,0.658639,0.229754,16,0
2,0,146ee,ee,51244,1.79934,0.4501,31,0
2,0,146vf,vf,15498,0.599728,0.274969,6,0
2,0,147ee,ee,50751,1.92827,0.437109,65,0
2,0,147vf,vf,15362,0.632272,0.408469,6,0
2,0,148ee,ee,56303,1.73621,0.485651,34,0
2,0,148vf,vf,17076,0.629583,0.2974,13,0
2,0,149ee,ee,58229,2.03707,0.50517,57,0
2,0,149vf,vf,17687,0.678735,0.264601,13,0
2,0,14ee,ee,250042,1.82152,1.47007,219,0
2,0,14vf,vf,85490,0.870761,0.529106,57,0
2,0,150ee,ee,217350,2.36707,1.38806,2858,0
2,0,150vf,vf,75177,1.3352,0.495571,1308,0
2,0,151ee,ee,66976,1.88776,0.553074,12,0
2,0,152ee,ee,55543,1.83925,0.446516,65,0
2,0,152vf,vf,17025,0.789515,0.249977,11,0
2,0,153ee,ee,54946,1.74076,0.445941,36,0
2,0,153vf,vf,16536,0.804365,0.20038,7,0
2,0,154ee,ee,55419,1.73522,0.45631,16,0
2,0,154vf,vf,16517,0.642896,0.315993,2,0
2,0,155ee,ee,61827,1.81813,0.509268,19,0
2,0,155vf,vf,18961,0.821837,0.252186,3,0
2,0,156ee,ee,58080,1.85964,0.550995,29,0
2,0,156vf,vf,17830,0.742094,0.310073,5,0
2,0,157ee,ee,51247,1.93727,0.485236,30,0
2,0,157vf,vf,15398,0.638513,0.237339,6,0
2,0,158ee,ee,43025,1.86552,0.454069,153,0
2,0,158vf,vf,12857,0.620081,0.229179,21,0
2,0,159ee,ee,46773,1.84882,0.490709,16,0
2,0,159vf,vf,14090,0.591283,0.251547,3,0
2,0,15ee,ee,239395,1.78514,1.46953,163,0
2,0,15vf,vf,81366,0.854187,0.566131,38,0
2,0,160ee,ee,217835,21.9659,3.19416,3118,0
2,0,160vf,vf,74255,1.20666,0.485716,1406,0
2,0,161ee,ee,73287,1.87215,0.574803,28,0
2,0,162ee,ee,51299,1.97829,0.439061,28,0
2,0,162vf,vf,15709,0.666097,0.286169,8,0
2,0,163ee,ee,49812,1.78373,0.431542,19,0
2,0,163vf,vf,14895,0.638001,0.309113,5,0
2,0,164ee,ee,52334,1.81916,0.53314,10,0
2,0,164vf,vf,15403,0.70712,0.202523,2,0
2,0,165ee,ee,145959,2.12731,4.43042,2391,0
2,0,165vf,vf,48792,1.23731,0.368471,1004,0
2,0,166ee,ee,49547,1.87269,0.455989,27,0
2,0,166vf,vf,15000,0.61109,0.273689,5,0
2,0,167ee,ee,40429,1.9733,0.362456,37,0
2,0,167vf,vf,11960,0.615665,0.216923,5,0
2,0,168ee,ee,44035,1.91234,0.41439,20,0
2,0,168vf,vf,12922,0.626705,0.287481,3,0
2,0,169ee,ee,45507,1.97646,0.408599,105,0
2,0,169vf,vf,13447,0.619089,0.189468,26,0
2,0,16ee,ee,204557,1.64278,1.32186,35,0
2,0,16vf,vf,68840,0.902443,0.459349,12,0
2,0,170ee,ee,50547,1.9509,0.472628,32,0
2,0,170vf,vf,15170,0.620657,0.243962,8,0
2,0,171ee,ee,51671,1.84828,0.554803,26,0
2,0,171vf,vf,15543,0.660976,0.327769,6,0
2,0,172ee,ee,51206,2.13208,0.576274,35,0
2,0,172vf,vf,15361,0.642576,0.773806,4,0
2,0,173ee,ee,49271,2.05186,0.439221,27,0
2,0,173vf,vf,14812,0.690032,0.471892,2,0
2,0,174ee,ee,148988,2.28331,1.05354,2581,0
2,0,174vf,vf,49237,1.26189,0.379319,1064,0
2,0,175ee,ee,52022,1.80412,0.463733,8,0
2,0,176ee,ee,44270,1.7421,0.478165,39,0
2,0,176vf,vf,13127,0.687215,0.248027,6,0
2,0,177ee,ee,52599,1.74693,0.49682,20,0
2,0,177vf,vf,15748,0.604242,0.243259,2,0
2,0,178ee,ee,55281,1.89618,0.490197,33,0
2,0,178vf,vf,16681,0.661424,0.25161,8,0
2,0,179ee,ee,53200,1.90178,0.477749,27,0
2,0,179vf,vf,15998,0.612274,0.26217,4,0
2,0,17ee,ee,175730,1.60499,1.08215,22,0
2,0,17vf,vf,58579,0.899083,0.453877,5,0
2,0,180ee,ee,51787,1.81797,0.561171,22,0
2,0,180vf,vf,15441,0.651889,0.747598,2,0
2,0,181ee,ee,51388,1.99346,0.455349,28,0
2,0,181vf,vf,15481,0.640433,0.413718,3,0
2,0,182ee,ee,52267,1.87506,0.470901,34,0
2,0,182vf,vf,15853,0.788013,0.438198,5,0
2,0,183ee,ee,51081,1.97515,0.445941,129,0
2,0,183vf,vf,15519,0.668529,0.241434,23,0
2,0,184ee,ee,55511,1.83154,0.569779,16,0
2,0,184vf,vf,16821,0.672176,0.871852,9,0
2,0,185ee,ee,151376,2.04581,1.02897,2183,0
2,0,185vf,vf,50479,0.993576,0.401943,854,0
2,0,186ee,ee,86314,1.81465,0.703184,88,0
2,0,186vf,vf,27354,0.694351,0.288665,29,0
2,0,187ee,ee,76832,1.84424,0.601618,61,0
2,0,187vf,vf,23659,0.661648,0.315576,15,0
2,0,188ee,ee,75752,3.37342,0.625073,44,0
2,0,188vf,vf,23261,0.62517,0.300569,12,0
2,0,189ee,ee,74035,1.76409,0.629553,125,0
2,0,189vf,vf,23019,0.609169,0.289369,44,0
2,0,18ee,ee,158057,1.61443,0.977769,36,0
2,0,18vf,vf,52367,0.785869,0.35356,8,0
2,0,190ee,ee,62846,1.72149,0.581203,47,0
2,0,190vf,vf,19487,0.615698,0.304697,6,0
2,0,191ee,ee,58793,1.72655,0.51602,67,0
2,0,191vf,vf,18198,0.624562,0.270169,12,0
2,0,192ee,ee,57199,1.69398,0.502132,48,0
2,0,192vf,vf,17531,0.82974,0.207771,14,0
2,0,193ee,ee,60836,1.80524,0.561778,43,0
2,0,193vf,vf,18916,0.888971,0.436694,12,0
2,0,194ee,ee,62941,1.7189,0.5237,39,0
2,0,194vf,vf,19862,0.822892,0.301017,7,0
2,0,195ee,ee,61098,1.96565,0.613554,16,0
2,0,195vf,vf,19258,0.642353,1.0089,1,0
2,0,196ee,ee,55247,1.67842,0.644017,45,0
2,0,196vf,vf,16894,0.801165,0.267226,11,0
2,0,197ee,ee,48785,1.90328,0.502004,27,0
2,0,197vf,vf,14770,0.598194,0.369815,1,0
2,0,198ee,ee,47252,1.87333,0.490036,34,0
2,0,198vf,vf,14302,0.647153,0.314329,6,0
2,0,199ee,ee,47901,1.79484,0.439413,39,0
2,0,199vf,vf,14538,2.93382,0.402102,2,0
2,0,19ee,ee,153322,1.47097,0.997032,28,0
2,0,19vf,vf,50572,0.734703,0.473684,6,0
2,0,200ee,ee,51152,1.89548,0.568722,65,0
2,0,200vf,vf,15573,0.740846,0.207771,9,0
2,0,201ee,ee,55005,1.81353,0.478869,73,0
2,0,201vf,vf,17009,0.717455,0.329912,9,0
2,0,202ee,ee,58416,1.96159,0.613042,58,0
2,0,202vf,vf,18229,0.84558,0.371543,8,0
2,0,203ee,ee,58343,1.78969,0.605778,68,0
2,0,203vf,vf,18141,0.917642,0.731631,4,0
2,0,204ee,ee,54656,2.02885,0.511124,57,0
2,0,204vf,vf,16755,0.906411,0.42687,3,0
2,0,205ee,ee,51542,2.08325,0.592306,54,0
2,0,205vf,vf,15969,0.883147,0.368919,5,0
2,0,206ee,ee,50130,1.97483,0.516532,72,0
2,0,206vf,vf,15482,0.881611,0.429398,7,0
2,0,207ee,ee,49659,1.81922,0.525172,58,0
2,0,207vf,vf,15309,0.6852,0.455413,4,0
2,0,208ee,ee,49398,2.10357,0.429142,91,0
2,0,208vf,vf,15157,0.641041,0.242203,12,0
2,0,209ee,ee,48895,5.63763,0.446421,70,0
2,0,209vf,vf,15161,0.703759,0.495125,5,0
2,0,20ee,ee,146375,1.47353,0.927434,15,0
2,0,20vf,vf,47428,0.611762,2.5632,3,0
2,0,210ee,ee,47906,1.97883,0.456885,125,0
2,0,210vf,vf,14880,0.769838,0.431862,14,0
2,0,211ee,ee,52845,1.9716,0.547155,89,0
2,0,211vf,vf,16643,0.659761,0.507668,8,0
2,0,212ee,ee,54717,2.07109,0.474069,81,0
2,0,212vf,vf,17235,0.693264,0.556883,6,0
2,0,213ee,ee,53319,1.89471,0.527795,110,0
2,0,213vf,vf,16606,0.686608,0.331384,16,0
2,0,214ee,ee,55920,1.99006,0.526996,100,0
2,0,214vf,vf,17548,0.655985,0.367671,7,0
2,0,215ee,ee,57156,2.10865,0.500405,70,0
2,0,215vf,vf,17849,0.716368,0.526836,6,0
2,0,216ee,ee,57772,2.05208,0.537395,67,0
2,0,216vf,vf,17978,0.710191,0.436214,10,0
2,0,217ee,ee,57515,2.09979,0.576371,106,0
2,0,217vf,vf,17862,0.689328,0.685616,9,0
2,0,218ee,ee,57495,1.93355,0.562387,117,0
2,0,218vf,vf,17809,0.679984,0.459222,11,0
2,0,219ee,ee,57971,2.08091,0.570963,117,0
2,0,219vf,vf,17792,0.649072,0.800078,9,0
2,0,21ee,ee,136578,1.58921,0.886891,22,0
2,0,21vf,vf,43406,0.526451,0.414519,3,0
2,0,220ee,ee,57903,2.23588,0.536691,118,0
2,0,220vf,vf,17818,0.912395,1.04548,4,0
2,0,221ee,ee,58677,2.0196,0.674,94,0
2,0,221vf,vf,18078,0.677648,0.585043,7,0
2,0,222ee,ee,60292,2.03989,0.60661,94,0
2,0,222vf,vf,18592,0.697776,0.677968,6,0
2,0,223ee,ee,63588,2.14363,0.617074,104,0
2,0,223vf,vf,19452,0.688272,0.700847,8,0
2,0,224ee,ee,65778,2.03278,0.625874,60,0
2,0,224vf,vf,20171,0.698992,0.705775,4,0
2,0,225ee,ee,69789,2.21003,0.603186,41,0
2,0,225vf,vf,21552,0.727183,0.355384,7,0
2,0,226ee,ee,72241,2.20036,0.756398,42,0
2,0,226vf,vf,22310,0.740015,0.716367,3,0
2,0,227ee,ee,74981,2.17726,0.870251,33,0
2,0,227vf,vf,23020,0.779501,1.06833,3,0
2,0,228ee,ee,74840,2.12677,0.725903,50,0
2,0,228vf,vf,23141,0.73099,0.69928,6,0
2,0,229ee,ee,303623,2.47265,1.96011,4015,0
2,0,229vf,vf,106317,1.18506,0.737839,1594,0
2,0,22ee,ee,137008,1.51059,0.891051,39,0
2,0,22vf,vf,43146,0.56453,0.369592,8,0
2,0,230ee,ee,93347,2.05461,0.781005,37,0
2,0,230vf,vf,30904,0.77259,0.448022,8,0
2,0,231ee,ee,77691,2.04622,0.771918,8,0
2,0,231vf,vf,24652,0.946538,0.889099,4,0
2,0,232ee,ee,74632,1.88911,0.694032,13,0
2,0,232vf,vf,23416,0.716975,0.465205,4,0
2,0,233ee,ee,81593,2.07531,0.768653,32,0
2,0,233vf,vf,26310,0.751631,0.668528,15,0
2,0,234ee,ee,73186,2.11902,0.637841,30,0
2,0,234vf,vf,22761,0.738415,0.373367,8,0
2,0,235ee,ee,82378,18.4086,0.727663,23,0
2,0,235vf,vf,25840,0.997641,0.477973,6,0
2,0,236ee,ee,84402,2.1131,0.772686,25,0
2,0,236vf,vf,26401,0.835981,0.939626,2,0
2,0,237ee,ee,89943,1.96683,0.822924,31,0
2,0,237vf,vf,28293,0.865579,0.544148,6,0
2,0,238ee,ee,100601,1.90898,0.817581,32,0
2,0,238vf,vf,32255,0.823181,0.487348,6,0
2,0,239ee,ee,108793,2.28593,0.902571,34,0
2,0,239vf,vf,35246,0.896331,0.405558,4,0
2,0,23ee,ee,148379,1.67999,0.958889,48,0
2,0,23vf,vf,46901,0.700848,0.657936,8,0
2,0,240ee,ee,121976,2.13966,0.961449,102,0
2,0,240vf,vf,40272,0.884363,0.400855,22,0
2,0,241ee,ee,132613,1.87692,1.0905,47,0
2,0,241vf,vf,44574,1.10289,0.444118,11,0
2,0,242ee,ee,148382,2.00664,1.13153,60,0
2,0,242vf,vf,50747,1.64831,0.413462,10,0
2,0,243ee,ee,159710,2.34017,1.12071,46,0
2,0,243vf,vf,55564,1.99522,0.447446,10,0
2,0,244ee,ee,158477,2.30977,1.21965,31,0
2,0,244vf,vf,55385,2.04673,0.692592,2,0
2,0,245ee,ee,135133,2.27467,1.21002,27,0
2,0,245vf,vf,45708,1.31862,0.623633,2,0
2,0,246ee,ee,108585,2.15448,0.915178,35,0
2,0,246vf,vf,34582,0.737103,0.552115,7,0
2,0,247ee,ee,105192,2.42061,0.937,26,0
2,0,247vf,vf,33173,0.79742,0.491475,3,0
2,0,248ee,ee,102379,2.19214,0.976935,45,0
2,0,248vf,vf,32196,0.741229,0.577905,10,0
2,0,249ee,ee,97421,2.46259,0.902345,20,0
2,0,249vf,vf,30095,0.819243,0.737741,2,0
2,0,24ee,ee,161410,1.5173,1.01991,79,0
2,0,24vf,vf,51391,0.652432,0.429973,18,0
2,0,250ee,ee,101437,2.08187,1.1362,35,0
2,0,250vf,vf,31266,0.829003,0.48962,7,0
2,0,251ee,ee,100661,2.44157,0.970951,72,0
2,0,251vf,vf,30736,0.817675,0.481844,17,0
2,0,252ee,ee,107197,2.32554,0.981671,70,0
2,0,252vf,vf,33202,0.88305,0.53157,16,0
2,0,253ee,ee,114057,2.29133,0.976967,93,0
2,0,253vf,vf,35665,0.86673,0.455988,27,0
2,0,254ee,ee,137013,2.38007,1.1033,113,0
2,0,254vf,vf,43845,0.892265,0.510227,36,0
2,0,255ee,ee,125821,2.25066,1.10736,125,0
2,0,255vf,vf,39263,0.839114,0.494516,42,0
2,0,256ee,ee,115514,2.42679,1.01127,121,0
2,0,256vf,vf,35317,0.90948,0.444853,45,0
2,0,257ee,ee,116964,2.49946,1.05472,119,0
2,0,257vf,vf,35722,0.933352,0.493652,29,0
2,0,258ee,ee,121051,2.40871,1.09575,109,0
2,0,258vf,vf,37003,0.948904,0.629775,34,0
2,0,259ee,ee,120019,2.74204,1.09943,72,0
2,0,259vf,vf,36489,0.902473,0.583857,18,0
2,0,25ee,ee,163744,1.46729,1.02564,37,0
2,0,25vf,vf,51995,0.611729,0.392086,11,0
2,0,260ee,ee,118529,2.60067,1.17984,50,0
2,0,260vf,vf,35906,0.950183,0.488628,15,0
2,0,261ee,ee,117883,2.7519,1.09536,64,0
2,0,261vf,vf,35406,0.910985,0.445749,25,0
2,0,262ee,ee,121894,2.52755,1.18013,35,0
2,0,262vf,vf,36645,0.918472,0.489396,17,0
2,0,263ee,ee,120904,2.68649,1.11581,45,0
2,0,263vf,vf,36061,1.01268,0.433621,17,0
2,0,264ee,ee,130331,2.67148,1.19229,164,0
2,0,264vf,vf,39387,1.01786,0.468596,83,0
2,0,265ee,ee,131747,2.79526,1.20509,69,0
2,0,265vf,vf,39917,1.07709,0.529202,21,0
2,0,266ee,ee,152277,2.69027,1.29981,187,0
2,0,266vf,vf,46930,0.999174,0.515731,78,0
2,0,267ee,ee,142341,2.75529,1.24938,122,0
2,0,267vf,vf,43082,1.09242,0.49426,48,0
2,0,268ee,ee,130343,2.48454,1.17655,135,0
2,0,268vf,vf,39014,1.14611,0.47922,47,0
2,0,269ee,ee,135409,3.24155,1.2432,229,0
2,0,269vf,vf,40760,1.12275,0.546163,78,0
2,0,26ee,ee,178956,1.55686,1.1033,195,0
2,0,26vf,vf,57410,0.697102,0.38895,61,0
2,0,270ee,ee,133168,3.08405,1.23293,128,0
2,0,270vf,vf,39831,1.15239,0.512339,62,0
2,0,271ee,ee,132003,3.86624,1.28521,72,0
2,0,271vf,vf,39388,1.75004,0.458548,35,0
2,0,272ee,ee,135183,3.72458,1.25661,113,0
2,0,272vf,vf,40590,1.43478,0.541522,62,0
2,0,273ee,ee,137466,3.55847,1.39209,119,0
2,0,273vf,vf,41383,1.35005,0.592528,60,0
2,0,274ee,ee,140711,3.32833,1.37158,134,0
2,0,274vf,vf,42276,1.34854,0.54725,70,0
2,0,275ee,ee,143790,3.22462,1.31309,260,0
2,0,275vf,vf,43412,1.27123,0.528051,115,0
2,0,276ee,ee,148028,3.61754,1.32592,182,0
2,0,276vf,vf,44920,1.236,0.539539,95,0
2,0,277ee,ee,162029,3.26702,1.42531,195,0
2,0,277vf,vf,50156,1.30096,0.571825,101,0
2,0,278ee,ee,160431,3.53095,1.46214,186,0
2,0,278vf,vf,49441,1.4935,0.546066,75,0
2,0,279ee,ee,153032,3.55447,1.36134,99,0
2,0,279vf,vf,46452,1.35779,0.625104,36,0
2,0,27ee,ee,178324,1.34512,1.1098,22,0
2,0,27vf,vf,57008,0.519603,0.476723,6,0
2,0,280ee,ee,154158,3.34667,1.40393,122,0
2,0,280vf,vf,46766,1.42137,0.55029,61,0
2,0,281ee,ee,197693,3.94976,1.58975,1066,0
2,0,281vf,vf,62420,1.27629,0.662095,445,0
2,0,282ee,ee,160575,3.87523,1.42211,65,0
2,0,282vf,vf,48568,1.34249,0.63208,40,0
2,0,283ee,ee,157335,3.73507,1.43612,104,0
2,0,283vf,vf,47513,1.3766,0.70491,58,0
2,0,284ee,ee,166544,3.38187,1.50115,180,0
2,0,284vf,vf,50943,1.43712,0.603408,91,0
2,0,285ee,ee,176819,3.57652,1.56319,210,0
2,0,285vf,vf,54504,1.36844,0.597457,113,0
2,0,286ee,ee,180037,3.52759,2.56633,251,0
2,0,286vf,vf,55414,1.35661,0.598768,113,0
2,0,287ee,ee,181830,3.69741,1.60434,275,0
2,0,287vf,vf,56050,1.42601,0.613809,120,0
2,0,288ee,ee,190800,3.72243,1.69455,296,0
2,0,288vf,vf,59228,1.36134,0.718414,130,0
2,0,289ee,ee,185254,3.88371,1.60639,223,0
2,0,289vf,vf,56941,1.31712,0.593329,98,0
2,0,28ee,ee,209596,1.42192,1.20592,34,0
2,0,28vf,vf,68507,0.541298,0.440789,9,0
2,0,290ee,ee,178607,3.99481,1.60015,123,0
2,0,290vf,vf,54257,1.30086,0.666863,58,0
2,0,291ee,ee,179047,3.67427,1.58722,135,0
2,0,291vf,vf,54373,1.3935,0.634671,53,0
2,0,292ee,ee,176049,4.16425,1.55251,100,0
2,0,292vf,vf,53338,1.40272,0.601393,40,0
2,0,293ee,ee,175824,4.0542,1.53894,152,0
2,0,293vf,vf,53017,1.34496,0.593136,52,0
2,0,294ee,ee,170197,4.08534,1.49635,159,0
2,0,294vf,vf,50922,1.37545,0.598257,49,0
2,0,295ee,ee,172338,4.20188,1.51737,167,0
2,0,295vf,vf,51596,2.81138,0.672399,58,0
2,0,296ee,ee,175687,2.1819,1.54879,170,0
2,0,296vf,vf,52721,0.854762,0.705742,60,0
2,0,297ee,ee,177769,2.07876,1.543,184,0
2,0,297vf,vf,53280,0.879626,0.643151,73,0
2,0,298ee,ee,171099,2.31133,1.50003,189,0
2,0,298vf,vf,50788,0.790124,0.72347,66,0
2,0,299ee,ee,171973,2.25079,1.52169,180,0
2,0,299vf,vf,51059,0.795083,0.760909,64,0
2,0,29ee,ee,257621,1.49916,1.49545,9,0
2,0,29vf,vf,86326,0.724749,0.515347,4,0
2,0,300ee,ee,170709,2.22641,1.51798,158,0
2,0,300vf,vf,50604,0.79166,0.590673,66,0
2,0,301ee,ee,168610,2.27418,1.53794,89,0
2,0,301vf,vf,49918,0.749229,0.672783,57,0
2,0,302ee,ee,168732,2.28055,1.49209,160,0
2,0,302vf,vf,49897,0.807883,0.560274,69,0
2,0,303ee,ee,167403,2.19946,1.53138,136,0
2,0,303vf,vf,49492,0.768492,0.730158,49,0
2,0,304ee,ee,171016,2.32103,1.53628,179,0
2,0,304vf,vf,50697,0.766188,0.633328,68,0
2,0,305ee,ee,169186,2.42042,1.50342,133,0
2,0,305vf,vf,50071,0.768652,0.786636,58,0
2,0,306ee,ee,171739,2.29553,1.52294,266,0
2,0,306vf,vf,50859,0.85137,0.691438,83,0
2,0,307ee,ee,168554,2.44483,1.51529,179,0
2,0,307vf,vf,49680,15.5337,0.627632,74,0
2,0,308ee,ee,173534,2.98037,1.55283,208,0
2,0,308vf,vf,51349,1.04945,0.55445,90,0
2,0,309ee,ee,175274,2.86982,1.58066,195,0
2,0,309vf,vf,52001,1.01213,0.622129,114,0
2,0,30ee,ee,380047,4.38488,2.12152,234,0
2,0,30vf,vf,132596,1.69308,2.86838,90,0
2,0,310ee,ee,183694,2.62713,1.61919,356,0
2,0,310vf,vf,54653,0.947017,0.610545,186,0
2,0,311ee,ee,186837,2.70931,1.75049,279,0
2,0,311vf,vf,55532,0.976615,0.675344,175,0
2,0,312ee,ee,190323,2.47876,1.74751,322,0
2,0,312vf,vf,56754,0.991144,0.656143,206,0
2,0,313ee,ee,193836,2.53155,1.70293,368,0
2,0,313vf,vf,57820,0.969,0.749485,242,0
2,0,314ee,ee,186484,2.43962,1.67337,353,0
2,0,314vf,vf,55101,0.866155,0.685327,227,0
2,0,315ee,ee,189805,2.41879,1.76776,397,0
2,0,315vf,vf,56275,0.929385,0.626256,248,0
2,0,316ee,ee,199678,2.36439,1.7629,539,0
2,0,316vf,vf,59868,0.977864,0.61832,309,0
2,0,317ee,ee,247998,2.25978,2.03665,781,0
2,0,317vf,vf,77913,1.81931,0.732334,376,0
2,0,318ee,ee,301032,2.74828,2.32865,1033,0
2,0,318vf,vf,96436,2.1179,0.806092,437,0
2,0,319ee,ee,439511,3.38427,3.10021,1866,0
2,0,319vf,vf,147805,2.2195,1.06471,631,0
2,0,31ee,ee,411341,5.07456,2.22974,25,0
2,0,31vf,vf,144764,1.93042,0.843019,5,0
2,0,320ee,ee,594963,4.07017,3.98048,2241,0
2,0,320vf,vf,205296,1.86821,1.31696,731,0
2,0,321ee,ee,821239,6.21405,5.14429,2393,0
2,0,321vf,vf,293485,3.56375,1.67084,772,0
2,0,322ee,ee,926541,8.62865,5.61778,3095,0
2,0,322vf,vf,338576,5.32595,1.7814,857,0
2,0,323ee,ee,689304,8.80996,4.29596,2776,0
2,0,323vf,vf,249459,8.01151,1.77381,779,0
2,0,324ee,ee,511510,6.57341,3.30059,1701,0
2,0,324vf,vf,182086,6.56224,1.10119,498,0
2,0,325ee,ee,346576,5.06141,2.34436,912,0
2,0,325vf,vf,120094,5.36041,0.814924,295,0
2,0,326ee,ee,5068352,25.1375,26.6968,19308,0
2,0,326vf,vf,2032004,10.0581,8.16783,4650,0
2,0,327ee,ee,1616719,8.1557,8.70618,919,0
2,0,327vf,vf,631811,3.93984,2.755,237,0
2,0,328ee,ee,709809,7.94764,3.99923,529,0
2,0,328vf,vf,275295,7.02079,1.30022,151,0
2,0,329ee,ee,620755,6.62377,3.47457,62,0
2,0,329vf,vf,242258,7.26081,1.20071,14,0
2,0,32ee,ee,471599,5.92734,2.56246,10,0
2,0,32vf,vf,168056,2.34097,0.87521,2,0
2,0,330ee,ee,535777,8.22978,3.09842,393,0
2,0,330vf,vf,208109,10.0835,1.09489,96,0
2,0,331ee,ee,317240,9.52456,1.93246,81,0
2,0,331vf,vf,120605,15.5675,0.705711,17,0
2,0,332ee,ee,170170,4.78116,1.148,50,0
2,0,332vf,vf,59497,6.51798,0.496884,10,0
2,0,333ee,ee,98036,3.6936,0.772301,212,0
2,0,333vf,vf,30840,2.26586,0.299512,53,0
2,0,334ee,ee,74453,2.68989,0.649456,151,0
2,0,334vf,vf,22345,1.41053,0.292729,36,0
2,0,335ee,ee,69572,1.60678,0.584401,210,0
2,0,335vf,vf,20591,0.752653,0.266266,56,0
2,0,336ee,ee,73703,1.67954,0.608305,85,0
2,0,336vf,vf,22489,1.20026,0.583922,17,0
2,0,337ee,ee,91564,2.47539,0.691918,81,0
2,0,337vf,vf,29664,2.305,0.31148,21,0
2,0,338ee,ee,116982,2.81075,0.850347,204,0
2,0,338vf,vf,39862,2.62733,0.362839,53,0
2,0,339ee,ee,103436,2.27412,0.760461,120,0
2,0,339vf,vf,34707,2.09684,0.305464,31,0
2,0,33ee,ee,570940,6.99103,3.01378,197,0
2,0,33vf,vf,205058,2.59513,1.07265,79,0
2,0,340ee,ee,94055,1.68745,0.7875,195,0
2,0,340vf,vf,30481,1.18042,0.354071,42,0
2,0,341ee,ee,73917,1.60255,0.611344,175,0
2,0,341vf,vf,22470,0.634416,0.292121,45,0
2,0,342ee,ee,82354,1.74722,0.657935,462,0
2,0,342vf,vf,25916,0.652784,0.285849,127,0
2,0,343ee,ee,72039,1.63718,0.639024,315,0
2,0,343vf,vf,22331,0.632304,0.261977,93,0
2,0,344ee,ee,59494,1.64143,0.509844,172,0
2,0,344vf,vf,17464,0.612785,0.302936,44,0
2,0,345ee,ee,58159,1.58105,0.500499,142,0
2,0,345vf,vf,16793,0.537683,0.248186,34,0
2,0,346ee,ee,57698,1.59807,0.546674,96,0
2,0,346vf,vf,16955,0.531635,0.267705,19,0
2,0,347ee,ee,56279,1.5925,0.484372,55,0
2,0,347vf,vf,16589,0.555218,0.442869,17,0
2,0,348ee,ee,53149,1.54185,0.462549,42,0
2,0,348vf,vf,15552,0.550834,0.245658,8,0
2,0,349ee,ee,51059,1.56767,0.464469,74,0
2,0,349vf,vf,14636,0.530483,0.21001,14,0
2,0,34ee,ee,579702,8.59524,2.99384,22,0
2,0,34vf,vf,208457,3.19198,1.0369,11,0
2,0,350ee,ee,48272,1.54095,0.446709,105,0
2,0,350vf,vf,13633,0.604209,0.206362,25,0
2,0,351ee,ee,44065,1.55017,0.442101,20,0
2,0,351vf,vf,12267,0.557682,0.263354,5,0
2,0,352ee,ee,45485,1.55727,0.443893,76,0
2,0,352vf,vf,12725,0.55669,0.266425,19,0
2,0,353ee,ee,48703,1.73948,0.511444,87,0
2,0,353vf,vf,13586,0.55045,0.227323,28,0
2,0,354ee,ee,48111,1.42387,0.446229,172,0
2,0,354vf,vf,13543,0.593874,0.20793,43,0
2,0,355ee,ee,49280,1.54959,0.466165,192,0
2,0,355vf,vf,13938,0.572402,0.207003,42,0
2,0,356ee,ee,51858,1.51267,0.477268,219,0
2,0,356vf,vf,14809,0.570706,0.228826,50,0
2,0,357ee,ee,54981,1.47782,0.503891,289,0
2,0,357vf,vf,15782,0.519123,0.215355,68,0
2,0,358ee,ee,62828,1.50918,0.538067,394,0
2,0,358vf,vf,18656,0.566001,0.226875,97,0
2,0,359ee,ee,84698,1.54998,0.743981,518,0
2,0,359vf,vf,26568,0.567442,0.282393,122,0
2,0,35ee,ee,591528,7.8598,3.21493,92,0
2,0,35vf,vf,217002,3.5914,1.0777,27,0
2,0,360ee,ee,96376,1.5414,0.749581,402,0
2,0,360vf,vf,31106,0.669871,0.309945,88,0
2,0,361ee,ee,138732,1.6247,0.957672,647,0
2,0,361vf,vf,48053,0.902698,0.384566,141,0
2,0,362ee,ee,176047,1.78693,1.2264,139,0
2,0,362vf,vf,63624,1.75701,0.472437,52,0
2,0,363ee,ee,277664,2.85036,1.63743,92,0
2,0,363vf,vf,106186,3.74787,0.58405,16,0
2,0,364ee,ee,312524,4.02592,1.82661,45,0
2,0,364vf,vf,118724,7.41927,0.65208,8,0
2,0,365ee,ee,357328,4.1399,3.10261,47,0
2,0,365vf,vf,138719,8.16284,0.72811,7,0
2,0,366ee,ee,268501,3.49514,1.60383,67,0
2,0,366vf,vf,101880,5.12912,0.554483,23,0
2,0,367ee,ee,218736,2.59616,1.39728,128,0
2,0,367vf,vf,81186,3.34795,0.486931,37,0
2,0,368ee,ee,228571,2.08222,22.3401,177,0
2,0,368vf,vf,84403,1.90047,0.560786,44,0
2,0,369ee,ee,235066,2.12663,1.44601,101,0
2,0,369vf,vf,87053,2.03054,0.532371,30,0
2,0,36ee,ee,497379,7.80633,2.7047,75,0
2,0,36vf,vf,185213,4.62885,0.913449,18,0
2,0,370ee,ee,123265,1.64201,0.905865,62,0
2,0,370vf,vf,42118,1.26902,0.339064,16,0
2,0,371ee,ee,73440,1.50371,0.610833,110,0
2,0,371vf,vf,22566,0.62952,0.245722,31,0
2,0,372ee,ee,52809,1.42956,0.466485,62,0
2,0,372vf,vf,15107,0.596689,0.230714,12,0
2,0,373ee,ee,43815,1.39427,0.408086,32,0
2,0,373vf,vf,12291,0.574866,0.209115,8,0
2,0,374ee,ee,42459,1.35347,0.398358,41,0
2,0,374vf,vf,11825,0.575346,0.193531,7,0
2,0,375ee,ee,45460,1.43715,0.427541,70,0
2,0,375vf,vf,12708,0.578834,0.184539,13,0
2,0,376ee,ee,45449,1.43849,0.461301,27,0
2,0,376vf,vf,12705,0.556755,0.512403,3,0
2,0,377ee,ee,48067,1.40185,0.443093,94,0
2,0,377vf,vf,13431,0.57221,0.288345,28,0
2,0,378ee,ee,49261,1.47654,0.451829,44,0
2,0,378vf,vf,13954,0.56485,0.388438,7,0
2,0,379ee,ee,50074,1.43523,0.450997,64,0
2,0,379vf,vf,14257,0.595441,0.207675,13,0
2,0,37ee,ee,442116,4.4005,2.36269,60,0
2,0,37vf,vf,166428,3.01916,0.832523,10,0
2,0,380ee,ee,46840,1.53817,0.435957,36,0
2,0,380vf,vf,13230,0.620848,0.88177,5,0
2,0,381ee,ee,47990,1.49766,0.441493,118,0
2,0,381vf,vf,13396,0.635632,0.187836,43,0
2,0,382ee,ee,44369,1.32944,0.428885,55,0
2,0,382vf,vf,12250,0.617713,0.243834,13,0
2,0,383ee,ee,48073,1.41235,0.483924,71,0
2,0,383vf,vf,13439,0.712718,0.206011,22,0
2,0,384ee,ee,48403,1.38361,0.45794,33,0
2,0,384vf,vf,13515,2.95365,0.279321,4,0
2,0,385ee,ee,53119,1.54284,0.500627,81,0
2,0,385vf,vf,14919,0.642993,0.202011,18,0
2,0,386ee,ee,55908,1.41961,0.523539,70,0
2,0,386vf,vf,15896,0.64712,0.227258,10,0
2,0,387ee,ee,58304,1.39875,0.53493,71,0
2,0,387vf,vf,16666,0.630865,0.245177,11,0
2,0,388ee,ee,59898,1.44233,0.553299,68,0
2,0,388vf,vf,17132,0.637584,0.251866,16,0
2,0,389ee,ee,58839,1.3767,0.534227,51,0
2,0,389vf,vf,16718,0.640176,0.232282,19,0
2,0,38ee,ee,317815,4.74183,1.83995,26,0
2,0,38vf,vf,117315,2.5344,0.679439,2,0
2,0,390ee,ee,57789,1.43331,0.535154,69,0
2,0,390vf,vf,16363,0.666383,0.225115,25,0
2,0,391ee,ee,62108,1.28557,0.565714,115,0
2,0,391vf,vf,17659,0.66344,0.240442,37,0
2,0,392ee,ee,65725,1.38643,0.597329,93,0
2,0,392vf,vf,18693,0.641072,0.26393,29,0
2,0,393ee,ee,72068,1.39321,0.623665,163,0
2,0,393vf,vf,20753,0.734797,0.24857,47,0
2,0,394ee,ee,75010,1.5863,0.6596,84,0
2,0,394vf,vf,21665,0.697454,0.259674,30,0
2,0,395ee,ee,77876,1.33997,0.660303,99,0
2,0,395vf,vf,22890,0.705103,0.32364,26,0
2,0,396ee,ee,79219,7.98137,0.673776,118,0
2,0,396vf,vf,23241,0.728782,0.262617,33,0
2,0,397ee,ee,79350,1.27958,0.679023,158,0
2,0,397vf,vf,22972,0.733134,0.353783,45,0
2,0,398ee,ee,86422,1.31296,0.71147,133,0
2,0,398vf,vf,25248,0.764845,0.293721,42,0
2,0,399ee,ee,95531,1.33129,0.779085,267,0
2,0,399vf,vf,28288,0.679311,0.297177,80,0
2,0,39ee,ee,185589,4.53467,1.17152,30,0
2,0,39vf,vf,63277,2.72925,0.449492,5,0
2,0,3ee,ee,70926,1.19283,2.29921,2,0
2,0,40ee,ee,287813,7.35233,1.69935,39,0
2,0,40vf,vf,104059,4.93629,0.620145,9,0
2,0,41ee,ee,351174,6.80748,2.02283,18,0
2,0,41vf,vf,129271,4.22642,0.741678,3,0
2,0,42ee,ee,336147,4.2758,2.02584,12,0
2,0,42vf,vf,121044,2.06187,0.71403,2,0
2,0,43ee,ee,389653,3.46977,2.17988,9,0
2,0,43vf,vf,141601,2.72211,0.795181,1,0
2,0,44ee,ee,498584,6.9414,2.75123,11,0
2,0,44vf,vf,186934,3.02847,0.993639,4,0
2,0,45ee,ee,574309,6.62044,3.05122,22,0
2,0,45vf,vf,220570,4.68299,1.0993,9,0
2,0,46ee,ee,557693,8.34696,2.92902,41,0
2,0,46vf,vf,215502,5.71314,1.03015,13,0
2,0,47ee,ee,447263,10.7462,2.34333,29,0
2,0,47vf,vf,170653,8.02435,0.827787,15,0
2,0,48ee,ee,301397,11.3952,1.68114,15,0
2,0,48vf,vf,111074,9.39817,0.617105,1,0
2,0,49ee,ee,176368,8.09065,1.04839,24,0
2,0,49vf,vf,60824,7.44417,0.405718,8,0
2,0,4ee,ee,94925,1.3728,0.678031,2,0
2,0,50ee,ee,101230,4.21654,0.670992,64,0
2,0,50vf,vf,31718,3.15592,0.24569,33,0
2,0,51ee,ee,89326,4.51189,0.601745,11,0
2,0,51vf,vf,28456,2.98114,0.262074,5,0
2,0,52ee,ee,92834,4.76519,0.589169,126,0
2,0,52vf,vf,31322,3.27019,0.219579,34,0
2,0,53ee,ee,78243,3.03753,0.553618,16,0
2,0,53vf,vf,26439,1.92808,0.213531,7,0
2,0,54ee,ee,59124,1.81525,0.447253,105,0
2,0,54vf,vf,18557,0.603057,0.201595,19,0
2,0,55ee,ee,67430,2.01966,0.500788,52,0
2,0,55vf,vf,21354,0.664207,0.291929,8,0
2,0,56ee,ee,94768,2.04516,0.63688,6,0
2,0,56vf,vf,31575,1.08788,0.511956,2,0
2,0,57ee,ee,127473,3.53706,0.805836,27,0
2,0,57vf,vf,44361,2.28397,0.298009,6,0
2,0,58ee,ee,143669,3.90205,0.903242,38,0
2,0,58vf,vf,50470,2.43331,0.349048,8,0
2,0,59ee,ee,143131,3.84122,0.872522,180,0
2,0,59vf,vf,49550,2.51293,0.343511,46,0
2,0,5ee,ee,127099,1.64489,0.984968,2,0
2,0,5vf,vf,39462,0.721646,0.573841,1,0
2,0,60ee,ee,155119,4.9929,0.935753,30,0
2,0,60vf,vf,55266,4.32322,0.40191,7,0
2,0,61ee,ee,169253,5.36886,1.0538,403,0
2,0,61vf,vf,60620,4.8162,0.390934,122,0
2,0,62ee,ee,139039,4.7178,0.851915,41,0
2,0,62vf,vf,49164,3.52106,0.31932,11,0
2,0,63ee,ee,123766,3.22728,0.82558,272,0
2,0,63vf,vf,42623,2.2114,0.297881,76,0
2,0,64ee,ee,93798,2.16859,0.642416,11,0
2,0,64vf,vf,31412,1.22967,0.262681,1,0
2,0,65ee,ee,66884,2.08942,0.502164,83,0
2,0,65vf,vf,21022,0.6412,0.233658,24,0
2,0,66ee,ee,54216,2.11764,0.419733,33,0
2,0,66vf,vf,16332,0.654064,0.302265,5,0
2,0,67ee,ee,64224,1.95627,0.514291,198,0
2,0,67vf,vf,20023,0.678671,0.218939,33,0
2,0,68ee,ee,71766,1.71205,0.525779,26,0
2,0,68vf,vf,22866,0.676687,0.240442,8,0
2,0,69ee,ee,82352,2.01694,0.576146,6,0
2,0,69vf,vf,26516,0.987111,0.417878,2,0
2,0,6ee,ee,158856,1.84811,2.36388,2,0
2,0,6vf,vf,50950,0.793196,0.449205,2,0
2,0,70ee,ee,81640,2.1651,0.57493,284,0
2,0,70vf,vf,26243,1.09098,0.213307,65,0
2,0,71ee,ee,68162,2.14113,0.503348,25,0
2,0,71vf,vf,21602,1.22026,0.23033,9,0
2,0,72ee,ee,67117,2.00494,0.472916,282,0
2,0,72vf,vf,21233,1.15299,0.176636,72,0
2,0,73ee,ee,57071,1.82488,0.424789,3,0
2,0,73vf,vf,17549,0.95716,0.684655,5,0
2,0,74ee,ee,53638,2.01864,0.408438,89,0
2,0,74vf,vf,16108,0.698831,0.186107,16,0
2,0,75ee,ee,56732,2.11742,0.448725,20,0
2,0,75vf,vf,17360,0.665455,0.382871,10,0
2,0,76ee,ee,68327,2.1388,0.507923,36,0
2,0,76vf,vf,21584,0.692334,0.237914,12,0
2,0,77ee,ee,78791,2.2194,0.569394,13,0
2,0,77vf,vf,25385,0.674768,0.484819,2,0
2,0,78ee,ee,84644,1.78764,0.594577,33,0
2,0,78vf,vf,27363,0.671184,0.274745,5,0
2,0,79ee,ee,96364,2.0099,0.696462,13,0
2,0,79vf,vf,31441,0.685167,0.613521,1,0
2,0,7ee,ee,193613,2.08261,1.2272,5,0
2,0,7vf,vf,63541,1.13188,0.576178,6,0
2,0,80ee,ee,123797,2.06312,0.830251,251,0
2,0,80vf,vf,41670,0.820492,0.323384,49,0
2,0,81ee,ee,134891,1.98296,0.945288,16,0
2,0,81vf,vf,46231,0.951976,0.397015,4,0
2,0,82ee,ee,149048,1.83624,1.00564,29,0
2,0,82vf,vf,51410,1.07895,0.404214,6,0
2,0,83ee,ee,165575,2.01477,1.11917,18,0
2,0,83vf,vf,57718,1.21968,0.414102,4,0
2,0,84ee,ee,180114,2.23524,1.19155,26,0
2,0,84vf,vf,63241,1.33939,0.440693,4,0
2,0,85ee,ee,195164,2.39124,1.28179,36,0
2,0,85vf,vf,68758,1.52188,0.48018,10,0
2,0,86ee,ee,214292,2.57258,1.29078,30,0
2,0,86vf,vf,75865,1.60217,0.482356,5,0
2,0,87ee,ee,229644,2.72806,1.37149,9,0
2,0,87vf,vf,81760,1.71605,0.608657,1,0
2,0,88ee,ee,238213,2.75315,1.41731,14,0
2,0,88vf,vf,84651,1.63161,0.570258,1,0
2,0,89ee,ee,236681,2.40016,1.4639,54,0
2,0,89vf,vf,83471,1.56108,2.25249,11,0
2,0,8ee,ee,235117,2.36413,1.47718,20,0
2,0,8vf,vf,78802,1.29552,0.502676,13,0
2,0,90ee,ee,226091,2.2497,1.3328,35,0
2,0,91ee,ee,214801,1.97733,1.33184,23,0
2,0,92ee,ee,214427,1.98469,1.24762,37,0
2,0,92vf,vf,73900,1.07991,0.650223,9,0
2,0,93ee,ee,220339,2.32621,1.2984,39,0
2,0,93vf,vf,76175,1.25632,0.568338,13,0
2,0,94ee,ee,222724,2.38589,1.31907,68,0
2,0,94vf,vf,77136,1.29161,0.72683,15,0
2,0,95ee,ee,220248,2.39095,1.36345,40,0
2,0,95vf,vf,75916,1.28726,0.603313,8,0
2,0,96ee,ee,213103,2.23847,1.2528,45,0
2,0,96vf,vf,72751,1.13085,0.573201,5,0
2,0,97ee,ee,208054,2.0378,1.19965,78,0
2,0,97vf,vf,69989,0.842155,0.611824,14,0
2,0,98ee,ee,190027,1.98497,1.1097,36,0
2,0,98vf,vf,62834,0.786924,0.688559,4,0
2,0,99ee,ee,216047,2.33169,1.24266,293,0
2,0,99vf,vf,73127,1.08848,0.469972,84,0
2,0,9ee,ee,277538,2.37146,1.6366,15,0
2,0,9vf,vf,94834,1.27898,0.582161,11,0
2,2,100ee,ee,225426,1.31689,0.888394,65,0
2,2,100vf,vf,77161,0.712654,0.549874,12,0
2,2,101ee,ee,223924,3.11179,0.944136,137,0
2,2,101vf,vf,76590,1.69349,0.38319,35,0
2,2,102ee,ee,222990,3.51815,0.965064,64,0
2,2,102vf,vf,76332,1.80594,0.33548,12,0
2,2,103ee,ee,220765,3.35684,0.940904,39,0
2,2,103vf,vf,75965,1.78594,0.981447,4,0
2,2,104ee,ee,214330,3.52164,0.872138,30,0
2,2,104vf,vf,74289,1.84981,0.420533,7,0
2,2,105ee,ee,210765,3.64432,0.909449,33,0
2,2,105vf,vf,73618,1.84677,0.570322,16,0
2,2,106ee,ee,194881,3.55124,0.819819,44,0
2,2,106vf,vf,68121,1.73442,0.686767,11,0
2,2,107ee,ee,289172,3.37047,1.20243,1299,0
2,2,107vf,vf,101657,1.46105,0.832107,530,0
2,2,108ee,ee,173284,3.2316,0.943752,53,0
2,2,108vf,vf,59432,1.74309,0.2894,28,0
2,2,109ee,ee,134253,2.84566,0.648719,36,0
2,2,109vf,vf,44420,1.51926,0.252858,12,0
2,2,10ee,ee,331474,2.4168,1.26477,38,0
2,2,10vf,vf,115775,1.16397,0.863242,18,0
2,2,110ee,ee,115773,2.26103,0.578194,4,0
2,2,111ee,ee,94999,1.7653,0.751213,20,0
2,2,111vf,vf,30641,0.858506,0.188987,6,0
2,2,112ee,ee,71586,1.61996,0.411574,14,0
2,2,112vf,vf,22224,0.608816,0.238874,3,0
2,2,113ee,ee,56133,1.60617,0.413398,11,0
2,2,114ee,ee,57224,1.70197,0.443797,15,0
2,2,114vf,vf,17474,0.555762,0.871242,2,0
2,2,115ee,ee,61879,1.65151,0.783692,23,0
2,2,115vf,vf,19042,0.587089,0.226554,3,0
2,2,116ee,ee,71191,1.70028,0.471572,15,0
2,2,116vf,vf,22010,0.581841,0.408598,2,0
2,2,117ee,ee,83889,1.75567,0.493044,18,0
2,2,117vf,vf,26048,0.552594,0.55749,3,0
2,2,118ee,ee,97045,1.71301,0.588273,34,0
2,2,118vf,vf,30663,0.808556,0.37151,6,0
2,2,119ee,ee,105188,1.60985,0.535155,30,0
2,2,119vf,vf,33658,0.622288,0.606545,4,0
2,2,11ee,ee,357214,2.25278,1.33984,31,0
2,2,11vf,vf,125575,1.09041,0.816139,18,0
2,2,120ee,ee,166905,1.84223,0.897705,1204,0
2,2,120vf,vf,56752,0.797867,0.49986,406,0
2,2,121ee,ee,145620,1.95074,0.656335,18,0
2,2,121vf,vf,49715,0.889578,0.282872,1,0
2,2,122ee,ee,137551,2.34247,0.697454,16,0
2,2,122vf,vf,46471,1.0051,0.345271,2,0
2,2,123ee,ee,127329,2.7607,1.38201,17,0
2,2,124ee,ee,122333,3.43444,0.913897,11,0
2,2,124vf,vf,41080,1.89077,0.594673,1,0
2,2,125ee,ee,245136,3.28401,1.05853,2097,0
2,2,125vf,vf,86619,1.40288,0.612528,882,0
2,2,126ee,ee,142046,3.38526,0.892681,9,0
2,2,126vf,vf,49155,1.81544,1.69522,1,0
2,2,127ee,ee,124389,3.54778,0.603249,19,0
2,2,127vf,vf,42945,1.94542,0.307864,4,0
2,2,128ee,ee,120899,3.69645,0.901545,25,0
2,2,128vf,vf,41875,2.37008,1.10442,8,0
2,2,129ee,ee,107774,3.5545,2.59782,45,0
2,2,129vf,vf,36874,2.53427,0.162332,8,0
2,2,12ee,ee,311432,2.07006,1.18368,89,0
2,2,12vf,vf,107550,1.04212,0.612945,34,0
2,2,130ee,ee,80690,2.63302,0.497044,7,0
2,2,130vf,vf,26364,1.88658,0.79278,1,0
2,2,131ee,ee,152048,2.08376,0.810828,2094,0
2,2,131vf,vf,51681,1.22096,0.597841,882,0
2,2,132ee,ee,62445,1.82475,0.405654,9,0
2,2,133ee,ee,63488,1.89534,0.432117,20,0
2,2,133vf,vf,20317,0.912073,0.274841,4,0
2,2,134ee,ee,67419,1.85695,0.504275,22,0
2,2,134vf,vf,21676,0.925289,0.338552,6,0
2,2,135ee,ee,129850,2.03345,0.683631,1795,0
2,2,135vf,vf,43546,1.09252,0.8123,658,0
2,2,136ee,ee,64239,1.75656,0.55461,31,0
2,2,136vf,vf,20477,0.851818,0.338551,7,0
2,2,137ee,ee,54203,1.76962,1.7917,10,0
2,2,137vf,vf,16248,0.55205,0.707502,1,0
2,2,138ee,ee,103471,1.88565,0.714286,1430,0
2,2,138vf,vf,33400,0.902537,0.661039,513,0
2,2,139ee,ee,64068,2.10654,0.680302,6,0
2,2,139vf,vf,20336,0.941257,0.257241,2,0
2,2,13ee,ee,279453,1.90763,3.65741,198,0
2,2,13vf,vf,96468,0.880234,0.475572,47,0
2,2,140ee,ee,60441,2.02773,1.29462,4,0
2,2,140vf,vf,18734,0.819436,0.734061,0,0
2,2,142ee,ee,59382,1.72316,0.54837,25,0
2,2,142vf,vf,18090,0.645711,0.278937,8,0
2,2,143ee,ee,53592,1.71602,0.557938,22,0
2,2,143vf,vf,16197,0.57845,0.270745,4,0
2,2,144ee,ee,48023,1.6622,0.642768,35,0
2,2,144vf,vf,14361,0.570225,0.645264,2,0
2,2,145ee,ee,48818,1.70956,0.62744,75,0
2,2,145vf,vf,14582,0.601841,0.197851,15,0
2,2,146ee,ee,51244,1.77727,0.620273,31,0
2,2,146vf,vf,15498,0.594161,0.312536,5,0
2,2,147ee,ee,50751,1.87259,0.588881,65,0
2,2,147vf,vf,15362,0.580337,0.414582,6,0
2,2,148ee,ee,56303,1.71016,0.432341,34,0
2,2,148vf,vf,17076,0.627856,0.31964,13,0
2,2,149ee,ee,58229,2.00155,0.459796,57,0
2,2,149vf,vf,17687,0.673967,0.569842,12,0
2,2,14ee,ee,250042,1.80149,1.52534,218,0
2,2,14vf,vf,85490,0.908137,0.352407,57,0
2,2,150ee,ee,217350,2.40912,1.39526,2858,0
2,2,150vf,vf,75177,1.29552,0.421942,1308,0
2,2,151ee,ee,66976,1.87627,1.14772,12,0
2,2,152ee,ee,55543,1.80763,0.512723,65,0
2,2,152vf,vf,17025,0.768364,0.607665,11,0
2,2,153ee,ee,54946,1.77336,2.49514,36,0
2,2,153vf,vf,16536,0.810476,0.329719,7,0
2,2,154ee,ee,55419,1.70025,0.366839,16,0
2,2,154vf,vf,16517,0.601137,0.531603,2,0
2,2,155ee,ee,61827,1.79643,0.744173,19,0
2,2,155vf,vf,18961,0.80526,0.275897,3,0
2,2,156ee,ee,58080,1.84847,0.719534,29,0
2,2,156vf,vf,17830,0.70187,0.338968,5,0
2,2,157ee,ee,51247,1.97016,0.515443,30,0
2,2,157vf,vf,15398,0.619025,0.352087,5,0
2,2,158ee,ee,43025,1.87678,1.05732,153,0
2,2,158vf,vf,12857,0.632816,0.229978,21,0
2,2,159ee,ee,46773,1.79733,0.590001,16,0
2,2,159vf,vf,14090,0.578801,0.313017,3,0
2,2,15ee,ee,239395,1.78927,0.952584,162,0
2,2,15vf,vf,81366,0.875818,0.841451,38,0
2,2,160ee,ee,217835,2.30116,1.18531,3118,0
2,2,160vf,vf,74255,1.20141,0.470036,1406,0
2,2,161ee,ee,73287,1.81189,1.34006,28,0
2,2,162ee,ee,51299,1.95419,0.37215,28,0
2,2,162vf,vf,15709,0.649231,0.368343,8,0
2,2,163ee,ee,49812,1.71599,0.518899,19,0
2,2,163vf,vf,14895,0.64472,0.768173,5,0
2,2,164ee,ee,52334,1.86187,0.498739,10,0
2,2,164vf,vf,15403,0.586545,0.395798,2,0
2,2,165ee,ee,145959,2.1938,0.734797,2391,0
2,2,165vf,vf,48792,1.24243,0.592817,1004,0
2,2,166ee,ee,49547,1.77813,0.662128,27,0
2,2,166vf,vf,15000,0.599729,0.33292,5,0
2,2,167ee,ee,40429,1.97345,0.562802,37,0
2,2,167vf,vf,11960,0.606097,0.382614,5,0
2,2,168ee,ee,44035,1.89362,0.462037,20,0
2,2,168vf,vf,12922,0.594417,0.401942,3,0
2,2,169ee,ee,45507,1.92827,0.350231,105,0
2,2,169vf,vf,13447,0.597585,0.34012,26,0
2,2,16ee,ee,204557,1.65967,0.843787,35,0
2,2,16vf,vf,68840,0.885961,0.80606,11,0
2,2,170ee,ee,50547,1.93041,0.62568,32,0
2,2,170vf,vf,15170,0.614385,0.208571,8,0
2,2,171ee,ee,51671,1.78184,1.03498,26,0
2,2,171vf,vf,15543,0.624624,0.603088,6,0
2,2,172ee,ee,51206,2.09444,1.02897,35,0
2,2,172vf,vf,15361,0.615952,1.3031,4,0
2,2,173ee,ee,49271,1.99662,0.411349,27,0
2,2,173vf,vf,14812,0.646064,0.617296,1,0
2,2,174ee,ee,148988,2.24442,0.765357,2581,0
2,2,174vf,vf,49237,1.22451,0.593233,1064,0
2,2,175ee,ee,52022,1.8148,0.858666,8,0
2,2,176ee,ee,44270,1.73845,0.556529,39,0
2,2,176vf,vf,13127,0.622448,0.713742,6,0
2,2,177ee,ee,52599,1.73244,0.52229,20,0
2,2,177vf,vf,15748,0.612945,0.368598,2,0
2,2,178ee,ee,55281,1.90296,0.85409,33,0
2,2,178vf,vf,16681,0.594289,0.383895,8,0
2,2,179ee,ee,53200,1.9051,0.596721,27,0
2,2,179vf,vf,15998,0.627376,0.31516,4,0
2,2,17ee,ee,175730,1.5733,0.731053,22,0
2,2,17vf,vf,58579,0.866794,0.865802,5,0
2,2,180ee,ee,51787,1.8014,0.670767,22,0
2,2,180vf,vf,15441,0.616657,0.707278,2,0
2,2,181ee,ee,51388,1.95554,2.25354,28,0
2,2,181vf,vf,15481,0.641776,0.666511,3,0
2,2,182ee,ee,52267,1.78783,1.41964,34,0
2,2,182vf,vf,15853,0.653135,0.434037,5,0
2,2,183ee,ee,51081,1.89336,0.653743,129,0
2,2,183vf,vf,15519,0.641071,0.517043,23,0
2,2,184ee,ee,55511,1.80632,0.865738,16,0
2,2,184vf,vf,16821,0.664336,1.4934,8,0
2,2,185ee,ee,151376,1.99835,1.15783,2183,0
2,2,185vf,vf,50479,1.02551,0.262841,854,0
2,2,186ee,ee,86314,1.81912,0.524691,88,0
2,2,186vf,vf,27354,0.673391,0.392214,29,0
2,2,187ee,ee,76832,1.83368,0.486004,61,0
2,2,187vf,vf,23659,0.879881,0.345304,15,0
2,2,188ee,ee,75752,1.61558,0.472756,44,0
2,2,188vf,vf,23261,0.630768,0.249818,12,0
2,2,189ee,ee,74035,1.75813,0.461173,125,0
2,2,189vf,vf,23019,0.616048,0.343191,44,0
2,2,18ee,ee,158057,2.27962,0.713613,36,0
2,2,18vf,vf,52367,0.796108,0.242617,8,0
2,2,190ee,ee,62846,1.71704,1.09175,46,0
2,2,190vf,vf,19487,0.600688,0.354807,6,0
2,2,191ee,ee,58793,1.77292,0.6404,67,0
2,2,191vf,vf,18198,0.667215,0.318808,12,0
2,2,192ee,ee,57199,1.65084,0.47074,48,0
2,2,192vf,vf,17531,0.796876,0.349143,14,0
2,2,193ee,ee,60836,1.7798,0.460916,43,0
2,2,193vf,vf,18916,0.851562,0.460309,12,0
2,2,194ee,ee,62941,1.6869,0.590577,39,0
2,2,194vf,vf,19862,0.773837,0.265913,7,0
2,2,195ee,ee,61098,1.90296,0.795052,16,0
2,2,195vf,vf,19258,0.593137,1.49392,1,0
2,2,196ee,ee,55247,1.62418,0.609264,45,0
2,2,196vf,vf,16894,0.602353,0.307896,11,0
2,2,197ee,ee,48785,1.88434,0.69163,27,0
2,2,197vf,vf,14770,0.571634,0.342487,1,0
2,2,198ee,ee,47252,1.83285,0.709486,34,0
2,2,198vf,vf,14302,0.624176,0.42255,6,0
2,2,199ee,ee,47901,1.80456,1.10698,39,0
2,2,199vf,vf,14538,0.623056,0.343064,2,0
2,2,19ee,ee,153322,1.45478,0.687791,28,0
2,2,19vf,vf,50572,0.726574,0.478739,6,0
2,2,200ee,ee,51152,1.83544,0.447093,65,0
2,2,200vf,vf,15573,0.723309,0.248698,9,0
2,2,201ee,ee,55005,1.74453,0.550994,73,0
2,2,201vf,vf,17009,0.707247,0.314648,9,0
2,2,202ee,ee,58416,1.88891,0.523187,58,0
2,2,202vf,vf,18229,0.854954,0.310072,8,0
2,2,203ee,ee,58343,1.81279,0.691311,68,0
2,2,203vf,vf,18141,0.895721,0.698799,4,0
2,2,204ee,ee,54656,2.01499,0.71131,57,0
2,2,204vf,vf,16755,0.875945,0.559026,3,0
2,2,205ee,ee,51542,2.09508,0.49202,54,0
2,2,205vf,vf,15969,0.889353,0.31164,5,0
2,2,206ee,ee,50130,1.98533,0.666703,72,0
2,2,206vf,vf,15482,0.869674,0.406294,7,0
2,2,207ee,ee,49659,1.80376,0.68475,58,0
2,2,207vf,vf,15309,0.670479,0.430806,4,0
2,2,208ee,ee,49398,2.04232,0.403254,91,0
2,2,208vf,vf,15157,0.643664,0.368982,12,0
2,2,209ee,ee,48895,2.04987,0.458101,70,0
2,2,209vf,vf,15161,0.697902,0.503156,5,0
2,2,20ee,ee,146375,1.45359,0.640208,15,0
2,2,20vf,vf,47428,0.638992,0.232954,3,0
2,2,210ee,ee,47906,1.99947,0.646736,125,0
2,2,210vf,vf,14880,0.724302,1.96226,14,0
2,2,211ee,ee,52845,3.71024,0.538258,89,0
2,2,211vf,vf,16643,0.643024,0.723725,8,0
2,2,212ee,ee,54717,2.03032,0.445204,81,0
2,2,212vf,vf,17235,0.681999,0.645007,6,0
2,2,213ee,ee,53319,1.92168,0.525875,110,0
2,2,213vf,vf,16606,0.693486,0.662608,16,0
2,2,214ee,ee,55920,1.95179,0.464693,100,0
2,2,214vf,vf,17548,0.656335,0.390294,7,0
2,2,215ee,ee,57156,2.02453,0.820619,70,0
2,2,215vf,vf,17849,0.665167,0.764493,6,0
2,2,216ee,ee,57772,2.03467,0.489588,67,0
2,2,216vf,vf,17978,0.693486,0.532883,10,0
2,2,217ee,ee,57515,2.08276,1.6263,106,0
2,2,217vf,vf,17862,0.695982,0.86433,9,0
2,2,218ee,ee,57495,1.88923,1.00106,117,0
2,2,218vf,vf,17809,0.69915,0.568402,11,0
2,2,219ee,ee,57971,2.06728,0.508979,117,0
2,2,219vf,vf,17792,0.652528,0.756653,9,0
2,2,21ee,ee,136578,1.60345,0.814828,22,0
2,2,21vf,vf,43406,0.53829,0.739693,3,0
2,2,220ee,ee,57903,2.13995,1.51283,117,0
2,2,220vf,vf,17818,0.671663,0.777741,4,0
2,2,221ee,ee,58677,1.99598,0.591985,94,0
2,2,221vf,vf,18078,0.670159,0.738093,7,0
2,2,222ee,ee,60292,2.03829,0.589969,94,0
2,2,222vf,vf,18592,0.674863,0.614961,6,0
2,2,223ee,ee,63588,2.13313,0.932712,104,0
2,2,223vf,vf,19452,0.682127,0.667279,8,0
2,2,224ee,ee,65778,2.08232,0.720109,60,0
2,2,224vf,vf,20171,0.734221,0.722222,4,0
2,2,225ee,ee,69789,2.23454,0.597425,41,0
2,2,225vf,vf,21552,0.70027,0.911145,7,0
2,2,226ee,ee,72241,2.16481,0.757581,42,0
2,2,226vf,vf,22310,0.734253,0.63736,3,0
2,2,227ee,ee,74981,2.1553,0.633712,33,0
2,2,227vf,vf,23020,0.762156,1.13108,3,0
2,2,228ee,ee,74840,2.09134,0.783277,50,0
2,2,228vf,vf,23141,0.710798,0.795116,6,0
2,2,229ee,ee,303623,2.42784,1.43558,4015,0
2,2,229vf,vf,106317,1.14746,0.635024,1594,0
2,2,22ee,ee,137008,1.4902,0.796907,39,0
2,2,22vf,vf,43146,0.560786,0.390294,8,0
2,2,230ee,ee,93347,2.05771,0.574641,37,0
2,2,230vf,vf,30904,0.750925,0.812011,8,0
2,2,231ee,ee,77691,2.01937,0.718126,8,0
2,2,231vf,vf,24652,0.938504,0.816971,4,0
2,2,232ee,ee,74632,1.90715,0.561106,13,0
2,2,232vf,vf,23416,0.71451,0.428885,4,0
2,2,233ee,ee,81593,2.04254,0.568466,32,0
2,2,233vf,vf,26310,0.789068,0.971847,15,0
2,2,234ee,ee,73186,2.16385,0.813643,30,0
2,2,234vf,vf,22761,0.695023,0.567314,8,0
2,2,235ee,ee,82378,2.19998,0.580593,23,0
2,2,235vf,vf,25840,0.739438,0.894857,6,0
2,2,236ee,ee,84402,2.03838,0.717838,25,0
2,2,236vf,vf,26401,0.833611,0.835307,2,0
2,2,237ee,ee,89943,1.98347,0.598577,31,0
2,2,237vf,vf,28293,0.86145,0.536978,6,0
2,2,238ee,ee,100601,1.86146,0.707598,32,0
2,2,238vf,vf,32255,0.80798,0.352407,6,0
2,2,239ee,ee,108793,2.11272,0.752141,34,0
2,2,239vf,vf,35246,0.850347,0.469972,4,0
2,2,23ee,ee,148379,1.67618,0.65176,48,0
2,2,23vf,vf,46901,0.604305,0.677519,8,0
2,2,240ee,ee,121976,2.15073,0.725261,102,0
2,2,240vf,vf,40272,0.878186,0.28396,22,0
2,2,241ee,ee,132613,1.91384,0.801036,47,0
2,2,241vf,vf,44574,1.08215,0.41791,11,0
2,2,242ee,ee,148382,2.0066,1.17495,60,0
2,2,242vf,vf,50747,1.63813,0.328183,10,0
2,2,243ee,ee,159710,2.35783,0.88497,46,0
2,2,243vf,vf,55564,1.958,0.38687,10,0
2,2,244ee,ee,158477,2.33831,0.903274,31,0
2,2,244vf,vf,55385,2.04257,1.01383,2,0
2,2,245ee,ee,135133,2.25732,0.897321,27,0
2,2,245vf,vf,45708,1.30518,0.858539,2,0
2,2,246ee,ee,108585,2.13575,0.805996,35,0
2,2,246vf,vf,34582,0.714285,0.696847,7,0
2,2,247ee,ee,105192,2.37607,0.770285,26,0
2,2,247vf,vf,33173,0.788524,0.690799,3,0
2,2,248ee,ee,102379,2.24254,1.25002,45,0
2,2,248vf,vf,32196,0.745326,0.992742,10,0
2,2,249ee,ee,97421,2.40372,0.757389,20,0
2,2,249vf,vf,30095,0.768365,0.837227,2,0
2,2,24ee,ee,161410,1.52514,0.731374,79,0
2,2,24vf,vf,51391,0.611472,0.578162,18,0
2,2,250ee,ee,101437,2.04462,0.768332,35,0
2,2,250vf,vf,31266,0.792972,0.510035,7,0
2,2,251ee,ee,100661,2.44384,0.776428,71,0
2,2,251vf,vf,30736,0.804428,0.603473,17,0
2,2,252ee,ee,107197,2.25882,0.749965,70,0
2,2,252vf,vf,33202,0.811212,0.549586,16,0
2,2,253ee,ee,114057,2.2402,1.01069,93,0
2,2,253vf,vf,35665,0.998247,0.529971,27,0
2,2,254ee,ee,137013,2.40135,0.908745,113,0
2,2,254vf,vf,43845,0.897866,0.713741,36,0
2,2,255ee,ee,125821,2.20558,0.935336,123,0
2,2,255vf,vf,39263,0.839275,0.525395,41,0
2,2,256ee,ee,115514,2.43152,0.926729,121,0
2,2,256vf,vf,35317,0.89249,0.447412,45,0
2,2,257ee,ee,116964,2.45299,0.850475,119,0
2,2,257vf,vf,35722,0.867466,1.07946,29,0
2,2,258ee,ee,121051,2.41232,1.00305,109,0
2,2,258vf,vf,37003,0.915433,1.47059,34,0
2,2,259ee,ee,120019,2.73999,0.995207,72,0
2,2,259vf,vf,36489,0.916809,0.725229,18,0
2,2,25ee,ee,163744,1.44617,0.884169,37,0
2,2,25vf,vf,51995,0.584305,0.313624,9,0
2,2,260ee,ee,118529,2.60653,0.900201,50,0
2,2,260vf,vf,35906,0.892138,1.09261,15,0
2,2,261ee,ee,117883,2.71049,0.93652,64,0
2,2,261vf,vf,35406,0.881257,1.48387,25,0
2,2,262ee,ee,121894,2.55987,0.975463,35,0
2,2,262vf,vf,36645,0.980231,1.64821,17,0
2,2,263ee,ee,120904,2.72524,0.917769,45,0
2,2,263vf,vf,36061,1.00538,0.44626,17,0
2,2,264ee,ee,130331,2.76611,1.01409,164,0
2,2,264vf,vf,39387,1.0106,3.79382,83,0
2,2,265ee,ee,131747,2.81999,2.96988,68,0
2,2,265vf,vf,39917,1.05767,0.79406,21,0
2,2,266ee,ee,152277,2.68716,1.07188,187,0
2,2,266vf,vf,46930,0.975015,0.805836,78,0
2,2,267ee,ee,142341,2.80204,3.66899,121,0
2,2,267vf,vf,43082,1.08951,0.670479,48,0
2,2,268ee,ee,130343,2.50477,1.01162,135,0
2,2,268vf,vf,39014,1.13261,0.533074,47,0
2,2,269ee,ee,135409,3.27332,1.04567,229,0
2,2,269vf,vf,40760,1.10778,0.661519,78,0
2,2,26ee,ee,178956,1.54831,0.737709,195,0
2,2,26vf,vf,57410,0.679663,0.298712,59,0
2,2,270ee,ee,133168,3.11829,1.03242,127,0
2,2,270vf,vf,39831,1.11802,0.445717,62,0
2,2,271ee,ee,132003,3.05432,1.06413,72,0
2,2,271vf,vf,39388,1.15738,0.714958,34,0
2,2,272ee,ee,135183,3.48174,1.50585,112,0
2,2,272vf,vf,40590,1.14685,1.07034,62,0
2,2,273ee,ee,137466,3.55252,1.23683,119,0
2,2,273vf,vf,41383,1.15783,1.88219,60,0
2,2,274ee,ee,140711,3.42375,1.60585,134,0
2,2,274vf,vf,42276,1.22134,1.25639,70,0
2,2,275ee,ee,143790,3.29774,1.08893,260,0
2,2,275vf,vf,43412,1.15152,0.677935,115,0
2,2,276ee,ee,148028,3.65171,1.96597,182,0
2,2,276vf,vf,44920,1.15715,0.831371,93,0
2,2,277ee,ee,162029,3.31585,2.54909,194,0
2,2,277vf,vf,50156,1.28893,1.2768,101,0
2,2,278ee,ee,160431,3.47326,1.05738,186,0
2,2,278vf,vf,49441,1.32534,0.746797,75,0
2,2,279ee,ee,153032,3.44167,2.83817,98,0
2,2,279vf,vf,46452,1.30224,1.21923,34,0
2,2,27ee,ee,178324,1.35526,0.76542,22,0
2,2,27vf,vf,57008,0.518643,0.421557,6,0
2,2,280ee,ee,154158,3.39361,1.15949,121,0
2,2,280vf,vf,46766,1.3966,0.518739,61,0
2,2,281ee,ee,197693,4.03996,1.71928,1063,0
2,2,281vf,vf,62420,1.25114,2.18951,444,0
2,2,282ee,ee,160575,3.8807,1.19437,65,0
2,2,282vf,vf,48568,1.31875,1.53116,40,0
2,2,283ee,ee,157335,3.75901,1.28176,104,0
2,2,283vf,vf,47513,1.40339,0.974343,58,0
2,2,284ee,ee,166544,3.42375,1.64002,179,0
2,2,284vf,vf,50943,1.37408,2.81247,91,0
2,2,285ee,ee,176819,3.54142,3.67332,209,0
2,2,285vf,vf,54504,1.42688,0.86369,112,0
2,2,286ee,ee,180037,3.59319,3.68992,250,0
2,2,286vf,vf,55414,1.3552,0.630993,113,0
2,2,287ee,ee,181830,3.67808,1.29421,274,0
2,2,287vf,vf,56050,1.40524,0.589329,119,0
2,2,288ee,ee,190800,3.87155,1.29741,295,0
2,2,288vf,vf,59228,1.37181,1.77292,130,0
2,2,289ee,ee,185254,3.94915,5.2247,222,0
2,2,289vf,vf,56941,1.30838,1.59177,98,0
2,2,28ee,ee,209596,1.45564,0.877898,34,0
2,2,28vf,vf,68507,0.580466,2.74143,9,0
2,2,290ee,ee,178607,4.05394,1.57561,123,0
2,2,290vf,vf,54257,1.30275,0.960615,58,0
2,2,291ee,ee,179047,3.73517,1.24992,135,0
2,2,291vf,vf,54373,1.39369,0.562514,53,0
2,2,292ee,ee,176049,4.14713,2.26868,99,0
2,2,292vf,vf,53338,1.36752,0.494899,40,0
2,2,293ee,ee,175824,4.12306,1.40956,151,0
2,2,293vf,vf,53017,1.29456,0.512563,52,0
2,2,294ee,ee,170197,4.14098,1.29341,158,0
2,2,294vf,vf,50922,1.32243,0.818731,49,0
2,2,295ee,ee,172338,4.29387,3.77728,165,0
2,2,295vf,vf,51596,1.4622,0.683599,57,0
2,2,296ee,ee,175687,2.15028,1.22515,169,0
2,2,296vf,vf,52721,0.905737,0.766893,60,0
2,2,297ee,ee,177769,2.04513,1.30534,183,0
2,2,297vf,vf,53280,0.824875,1.59295,72,0
2,2,298ee,ee,171099,2.36029,4.04175,187,0
2,2,298vf,vf,50788,0.837483,2.50304,65,0
2,2,299ee,ee,171973,2.67504,1.27139,180,0
2,2,299vf,vf,51059,0.797836,1.09047,63,0
2,2,29ee,ee,257621,1.55756,1.01591,9,0
2,2,29vf,vf,86326,0.729134,0.347223,3,0
2,2,300ee,ee,170709,2.17057,1.6447,157,0
2,2,300vf,vf,50604,0.752173,0.879018,66,0
2,2,301ee,ee,168610,2.20638,1.31225,88,0
2,2,301vf,vf,49918,0.728558,0.694094,57,0
2,2,302ee,ee,168732,2.27066,1.22122,158,0
2,2,302vf,vf,49897,0.807147,0.4677,69,0
2,2,303ee,ee,167403,2.25076,2.15572,136,0
2,2,303vf,vf,49492,0.750093,0.543954,49,0
2,2,304ee,ee,171016,2.27169,1.37888,178,0
2,2,304vf,vf,50697,0.760909,0.686094,68,0
2,2,305ee,ee,169186,2.38058,1.27446,131,0
2,2,305vf,vf,50071,0.755725,1.1506,58,0
2,2,306ee,ee,171739,2.25937,2.23473,264,0
2,2,306vf,vf,50859,3.78179,1.443,82,0
2,2,307ee,ee,168554,2.36208,1.28963,178,0
2,2,307vf,vf,49680,0.777292,0.867658,74,0
2,2,308ee,ee,173534,2.39875,1.34198,205,0
2,2,308vf,vf,51349,0.839275,2.84025,90,0
2,2,309ee,ee,175274,2.39603,1.51705,191,0
2,2,309vf,vf,52001,0.860106,1.31053,114,0
2,2,30ee,ee,380047,4.54491,1.37776,234,0
2,2,30vf,vf,132596,1.64969,0.48562,90,0
2,2,310ee,ee,183694,2.27063,2.57184,354,0
2,2,310vf,vf,54653,0.8067,0.746157,185,0
2,2,311ee,ee,186837,2.43907,1.47372,278,0
2,2,311vf,vf,55532,0.829003,1.01786,173,0
2,2,312ee,ee,190323,22.6676,1.42649,321,0
2,2,312vf,vf,56754,1.03473,1.43347,205,0
2,2,313ee,ee,193836,2.94137,1.84319,358,0
2,2,313vf,vf,57820,1.04324,1.20541,240,0
2,2,314ee,ee,186484,2.71702,1.41024,348,0
2,2,314vf,vf,55101,0.863242,1.22013,227,0
2,2,315ee,ee,189805,2.41331,1.45356,395,0
2,2,315vf,vf,56275,0.854026,0.821003,247,0
2,2,316ee,ee,199678,2.35412,1.47097,539,0
2,2,316vf,vf,59868,1.13079,1.74101,308,0
2,2,317ee,ee,247998,2.21428,1.66354,774,0
2,2,317vf,vf,77913,1.78229,1.2713,376,0
2,2,318ee,ee,301032,2.68253,3.47774,1028,0
2,2,318vf,vf,96436,2.06648,1.14925,437,0
2,2,319ee,ee,439511,3.39431,2.28948,1853,0
2,2,319vf,vf,147805,2.36106,1.58335,628,0
2,2,31ee,ee,411341,4.85159,1.44159,25,0
2,2,31vf,vf,144764,1.92328,0.519923,5,0
2,2,320ee,ee,594963,3.98924,2.95762,2235,0
2,2,320vf,vf,205296,1.84514,1.00561,728,0
2,2,321ee,ee,821239,6.13482,3.47322,2387,0
2,2,321vf,vf,293485,3.53841,1.21789,771,0
2,2,322ee,ee,926541,8.6809,4.43387,3091,0
2,2,322vf,vf,338576,5.56133,1.28493,854,0
2,2,323ee,ee,689304,8.74739,2.99407,2773,0
2,2,323vf,vf,249459,7.125,1.11047,779,0
2,2,324ee,ee,511510,6.54102,2.29972,1699,0
2,2,324vf,vf,182086,6.60531,0.804395,498,0
2,2,325ee,ee,346576,5.03584,2.17435,911,0
2,2,325vf,vf,120094,5.35394,0.608529,295,0
2,2,326ee,ee,5068352,24.8856,17.342,19308,0
2,2,326vf,vf,2032004,10.2068,5.76545,4650,0
2,2,327ee,ee,1616719,8.00482,5.62927,919,0
2,2,327vf,vf,631811,3.95334,1.92802,237,0
2,2,328ee,ee,709809,7.89865,2.65801,529,0
2,2,328vf,vf,275295,7.00219,0.94676,151,0
2,2,329ee,ee,620755,6.56876,8.32155,62,0
2,2,329vf,vf,242258,7.26804,0.906249,14,0
2,2,32ee,ee,471599,5.78664,1.64735,10,0
2,2,32vf,vf,168056,2.33268,0.579633,1,0
2,2,330ee,ee,535777,8.15634,2.02264,393,0
2,2,330vf,vf,208109,10.1208,0.798604,96,0
2,2,331ee,ee,317240,9.46734,1.32237,81,0
2,2,331vf,vf,120605,15.6435,0.531635,17,0
2,2,332ee,ee,170170,4.76036,0.946376,50,0
2,2,332vf,vf,59497,6.58899,0.545746,10,0
2,2,333ee,ee,98036,3.67962,0.594641,212,0
2,2,333vf,vf,30840,2.25111,0.263321,53,0
2,2,334ee,ee,74453,2.67641,0.836683,151,0
2,2,334vf,vf,22345,1.38966,0.477332,36,0
2,2,335ee,ee,69572,1.55849,0.553874,210,0
2,2,335vf,vf,20591,0.710062,0.741037,56,0
2,2,336ee,ee,73703,1.68069,1.45599,85,0
2,2,336vf,vf,22489,1.19082,0.679503,17,0
2,2,337ee,ee,91564,2.49296,0.547666,81,0
2,2,337vf,vf,29664,2.28772,0.677551,21,0
2,2,338ee,ee,116982,2.75983,0.645968,204,0
2,2,338vf,vf,39862,2.65712,1.2553,53,0
2,2,339ee,ee,103436,3.7121,0.601553,120,0
2,2,339vf,vf,34707,2.12052,0.877482,31,0
2,2,33ee,ee,570940,6.61551,1.97205,197,0
2,2,33vf,vf,205058,2.60896,0.708239,78,0
2,2,340ee,ee,94055,1.65087,0.570514,195,0
2,2,340vf,vf,30481,1.17674,0.698575,42,0
2,2,341ee,ee,73917,1.52012,1.09956,175,0
2,2,341vf,vf,22470,0.639568,0.905961,45,0
2,2,342ee,ee,82354,1.72098,0.514835,462,0
2,2,342vf,vf,25916,0.689327,0.239322,127,0
2,2,343ee,ee,72039,1.5934,0.6636,315,0
2,2,343vf,vf,22331,0.624912,0.542546,93,0
2,2,344ee,ee,59494,1.54278,1.23674,172,0
2,2,344vf,vf,17464,0.594929,0.7523,44,0
2,2,345ee,ee,58159,1.50713,0.411286,142,0
2,2,345vf,vf,16793,0.516947,0.4901,34,0
2,2,346ee,ee,57698,1.5367,0.967559,96,0
2,2,346vf,vf,16955,0.543219,0.995847,19,0
2,2,347ee,ee,56279,1.55116,0.418262,55,0
2,2,347vf,vf,16589,0.54341,0.485844,17,0
2,2,348ee,ee,53149,1.49478,0.413205,42,0
2,2,348vf,vf,15552,0.531923,0.736653,8,0
2,2,349ee,ee,51059,1.48966,0.420886,74,0
2,2,349vf,vf,14636,0.539795,0.261241,14,0
2,2,34ee,ee,579702,7.68432,2.0114,22,0
2,2,34vf,vf,208457,5.21116,0.739981,11,0
2,2,350ee,ee,48272,1.47977,0.430101,105,0
2,2,350vf,vf,13633,0.522963,0.283801,25,0
2,2,351ee,ee,44065,1.50326,0.361686,20,0
2,2,351vf,vf,12267,0.543826,0.873194,5,0
2,2,352ee,ee,45485,1.50521,0.87889,76,0
2,2,352vf,vf,12725,0.521362,0.534259,19,0
2,2,353ee,ee,48703,1.68953,0.689902,87,0
2,2,353vf,vf,13586,0.536658,1.07229,28,0
2,2,354ee,ee,48111,1.3696,1.00468,172,0
2,2,354vf,vf,13543,0.544019,0.448276,43,0
2,2,355ee,ee,49280,1.47859,0.584657,192,0
2,2,355vf,vf,13938,0.548082,0.441109,42,0
2,2,356ee,ee,51858,1.44492,0.397302,219,0
2,2,356vf,vf,14809,0.524915,0.275097,50,0
2,2,357ee,ee,54981,1.4614,0.63432,289,0
2,2,357vf,vf,15782,0.500692,0.655279,68,0
2,2,358ee,ee,62828,1.39491,0.468181,394,0
2,2,358vf,vf,18656,0.567474,0.401749,97,0
2,2,359ee,ee,84698,1.48812,0.545682,518,0
2,2,359vf,vf,26568,0.559922,0.602673,122,0
2,2,35ee,ee,591528,7.75955,2.10417,92,0
2,2,35vf,vf,217002,3.58148,0.734925,27,0
2,2,360ee,ee,96376,1.53644,0.607376,402,0
2,2,360vf,vf,31106,0.661456,0.336151,88,0
2,2,361ee,ee,138732,1.52822,0.728909,647,0
2,2,361vf,vf,48053,0.910921,0.354519,141,0
2,2,362ee,ee,176047,1.77688,0.819595,139,0
2,2,362vf,vf,63624,1.76341,0.486452,52,0
2,2,363ee,ee,277664,2.85135,1.12864,92,0
2,2,363vf,vf,106186,3.70551,0.440437,16,0
2,2,364ee,ee,312524,4.02143,1.24298,45,0
2,2,364vf,vf,118724,7.45002,0.463668,8,0
2,2,365ee,ee,357328,4.1037,1.38771,47,0
2,2,365vf,vf,138719,8.17045,0.523155,7,0
2,2,366ee,ee,268501,3.53412,1.10516,67,0
2,2,366vf,vf,101880,5.1255,0.405686,23,0
2,2,367ee,ee,218736,2.59667,0.933768,128,0
2,2,367vf,vf,81186,3.31233,0.347927,37,0
2,2,368ee,ee,228571,2.01409,0.973735,177,0
2,2,368vf,vf,84403,1.86094,2.62598,44,0
2,2,369ee,ee,235066,2.07633,0.972776,101,0
2,2,369vf,vf,87053,1.97205,0.642672,30,0
2,2,36ee,ee,497379,7.70749,1.69685,75,0
2,2,36vf,vf,185213,4.57633,0.663247,18,0
2,2,370ee,ee,123265,1.57737,0.627088,62,0
2,2,370vf,vf,42118,1.25011,1.27411,16,0
2,2,371ee,ee,73440,1.47004,0.473364,110,0
2,2,371vf,vf,22566,0.621617,0.519795,31,0
2,2,372ee,ee,52809,1.41347,1.09127,62,0
2,2,372vf,vf,15107,0.610832,0.339288,12,0
2,2,373ee,ee,43815,1.36272,0.411829,32,0
2,2,373vf,vf,12291,0.56069,0.299896,8,0
2,2,374ee,ee,42459,1.32179,0.359959,41,0
2,2,374vf,vf,11825,0.545298,0.290681,7,0
2,2,375ee,ee,45460,1.41142,0.37743,70,0
2,2,375vf,vf,12708,0.564785,0.17398,13,0
2,2,376ee,ee,45449,1.43014,0.512915,27,0
2,2,376vf,vf,12705,0.572401,0.445301,3,0
2,2,377ee,ee,48067,1.36313,0.351031,94,0
2,2,377vf,vf,13431,0.569745,0.1831,28,0
2,2,378ee,ee,49261,1.48057,0.393014,44,0
2,2,378vf,vf,13954,0.695759,0.440213,7,0
2,2,379ee,ee,50074,1.42697,0.345591,64,0
2,2,379vf,vf,14257,0.560242,0.256505,13,0
2,2,37ee,ee,442116,4.38507,1.52908,60,0
2,2,37vf,vf,166428,3.00258,0.568114,10,0
2,2,380ee,ee,46840,1.50358,0.452661,36,0
2,2,380vf,vf,13230,0.587217,1.62841,5,0
2,2,381ee,ee,47990,1.42598,0.645968,118,0
2,2,381vf,vf,13396,0.593361,0.21321,43,0
2,2,382ee,ee,44369,1.35769,0.640112,55,0
2,2,382vf,vf,12250,0.617873,0.54533,13,0
2,2,383ee,ee,48073,1.36534,0.363159,71,0
2,2,383vf,vf,13439,0.593297,0.317464,22,0
2,2,384ee,ee,48403,1.40569,0.367639,33,0
2,2,384vf,vf,13515,0.590225,0.302233,4,0
2,2,385ee,ee,53119,1.46566,0.696718,81,0
2,2,385vf,vf,14919,0.634608,0.221594,18,0
2,2,386ee,ee,55908,1.44252,0.417301,70,0
2,2,386vf,vf,15896,0.593681,0.361207,10,0
2,2,387ee,ee,58304,1.34806,0.458261,71,0
2,2,387vf,vf,16666,0.590322,0.38143,11,0
2,2,388ee,ee,59898,1.46902,0.420214,68,0
2,2,388vf,vf,17132,0.619792,0.451317,16,0
2,2,389ee,ee,58839,1.35369,5.00691,51,0
2,2,389vf,vf,16718,0.77534,0.690606,19,0
2,2,38ee,ee,317815,4.79649,1.19776,26,0
2,2,38vf,vf,117315,2.49639,0.475252,2,0
2,2,390ee,ee,57789,1.38832,0.430517,69,0
2,2,390vf,vf,16363,0.650192,0.299352,25,0
2,2,391ee,ee,62108,1.26774,0.432405,115,0
2,2,391vf,vf,17659,0.670735,0.219259,37,0
2,2,392ee,ee,65725,1.41465,0.443221,93,0
2,2,392vf,vf,18693,0.626032,0.216603,29,0
2,2,393ee,ee,72068,1.39126,0.477524,163,0
2,2,393vf,vf,20753,0.681327,0.235226,47,0
2,2,394ee,ee,75010,1.36278,0.552754,84,0
2,2,394vf,vf,21665,0.69243,0.450869,29,0
2,2,395ee,ee,77876,1.41308,0.515667,99,0
2,2,395vf,vf,22890,0.690126,0.409078,26,0
2,2,396ee,ee,79219,1.23021,0.516659,118,0
2,2,396vf,vf,23241,0.714766,0.259193,33,0
2,2,397ee,ee,79350,1.23306,0.519827,158,0
2,2,397vf,vf,22972,0.71163,1.40204,45,0
2,2,398ee,ee,86422,1.28957,1.46009,133,0
2,2,398vf,vf,25248,0.70011,0.338392,42,0
2,2,399ee,ee,95531,1.29334,0.568401,267,0
2,2,399vf,vf,28288,0.689007,0.274169,80,0
2,2,39ee,ee,185589,4.50197,0.797132,30,0
2,2,39vf,vf,63277,2.72297,0.304664,5,0
2,2,3ee,ee,70926,1.20138,0.377046,0,0
2,2,40ee,ee,287813,7.32782,1.06887,39,0
2,2,40vf,vf,104059,4.93005,0.426198,9,0
2,2,41ee,ee,351174,6.90936,1.27779,18,0
2,2,41vf,vf,129271,4.21861,0.488692,3,0
2,2,42ee,ee,336147,4.21452,1.23875,12,0
2,2,42vf,vf,121044,2.02696,0.45938,2,0
2,2,43ee,ee,389653,3.19889,1.38361,9,0
2,2,43vf,vf,141601,2.70668,0.521331,1,0
2,2,44ee,ee,498584,5.00554,1.72399,11,0
2,2,44vf,vf,186934,3.07048,0.923017,4,0
2,2,45ee,ee,574309,6.64262,1.97201,22,0
2,2,45vf,vf,220570,4.70906,0.775628,9,0
2,2,46ee,ee,557693,8.30353,1.88126,41,0
2,2,46vf,vf,215502,5.76913,0.731245,13,0
2,2,47ee,ee,447263,10.7885,1.55362,29,0
2,2,47vf,vf,170653,8.03122,0.593969,15,0
2,2,48ee,ee,301397,11.3613,1.14381,15,0
2,2,48vf,vf,111074,9.44527,1.06113,1,0
2,2,49ee,ee,176368,8.05928,2.35418,24,0
2,2,49vf,vf,60824,7.40148,0.456436,8,0
2,2,4ee,ee,94925,1.32752,0.390678,0,0
2,2,50ee,ee,101230,4.22543,1.54876,63,0
2,2,50vf,vf,31718,3.18386,0.351799,33,0
2,2,51ee,ee,89326,4.50661,0.885097,11,0
2,2,51vf,vf,28456,2.95279,0.321048,5,0
2,2,52ee,ee,92834,4.75447,0.439061,126,0
2,2,52vf,vf,31322,3.27582,0.425845,34,0
2,2,53ee,ee,78243,2.98098,0.891689,16,0
2,2,53vf,vf,26439,1.8949,0.357815,5,0
2,2,54ee,ee,59124,1.83227,0.526323,105,0
2,2,54vf,vf,18557,0.588369,0.234362,18,0
2,2,55ee,ee,67430,2.00017,0.502739,52,0
2,2,55vf,vf,21354,0.633424,0.352183,8,0
2,2,56ee,ee,94768,2.01118,0.618353,6,0
2,2,56vf,vf,31575,1.02769,0.497876,0,0
2,2,57ee,ee,127473,3.53402,0.557393,27,0
2,2,57vf,vf,44361,2.22314,0.185692,5,0
2,2,58ee,ee,143669,3.9199,0.646416,38,0
2,2,58vf,vf,50470,2.4201,0.28748,6,0
2,2,59ee,ee,143131,3.8728,0.738542,180,0
2,2,59vf,vf,49550,2.50592,0.468852,46,0
2,2,5ee,ee,127099,1.63285,1.36422,1,0
2,2,5vf,vf,39462,0.74123,1.23184,1,0
2,2,60ee,ee,155119,5.03542,0.824587,30,0
2,2,60vf,vf,55266,4.33515,0.380246,7,0
2,2,61ee,ee,169253,5.48585,0.70571,403,0
2,2,61vf,vf,60620,4.74126,0.278681,122,0
2,2,62ee,ee,139039,4.71073,0.618416,41,0
2,2,62vf,vf,49164,3.52074,0.23881,10,0
2,2,63ee,ee,123766,3.24373,1.58018,272,0
2,2,63vf,vf,42623,2.16926,0.288761,75,0
2,2,64ee,ee,93798,2.13092,0.456788,11,0
2,2,64vf,vf,31412,1.21504,0.178332,1,0
2,2,65ee,ee,66884,2.06711,0.388534,83,0
2,2,65vf,vf,21022,0.621648,0.434581,24,0
2,2,66ee,ee,54216,2.11931,0.813995,32,0
2,2,66vf,vf,16332,0.649551,0.354775,4,0
2,2,67ee,ee,64224,1.95509,0.463892,197,0
2,2,67vf,vf,20023,0.646928,0.842602,33,0
2,2,68ee,ee,71766,1.75877,0.461204,26,0
2,2,68vf,vf,22866,0.688815,0.30252,8,0
2,2,69ee,ee,82352,2.02075,0.596945,6,0
2,2,69vf,vf,26516,0.918729,0.563794,0,0
2,2,6ee,ee,158856,1.84725,0.670511,2,0
2,2,6vf,vf,50950,0.785068,0.812011,2,0
2,2,70ee,ee,81640,2.15636,0.865034,284,0
2,2,70vf,vf,26243,1.08612,0.297721,65,0
2,2,71ee,ee,68162,2.05816,0.532242,25,0
2,2,71vf,vf,21602,1.19706,0.427541,8,0
2,2,72ee,ee,67117,2.01614,0.405974,282,0
2,2,72vf,vf,21233,1.12567,0.189403,72,0
2,2,73ee,ee,57071,1.85861,0.339415,3,0
2,2,73vf,vf,17549,0.957608,0.78174,1,0
2,2,74ee,ee,53638,2.01057,1.16032,89,0
2,2,74vf,vf,16108,0.710222,0.685935,15,0
2,2,75ee,ee,56732,2.08228,0.775468,20,0
2,2,75vf,vf,17360,0.656976,0.38591,10,0
2,2,76ee,ee,68327,2.12027,0.386966,36,0
2,2,76vf,vf,21584,0.665679,0.338136,12,0
2,2,77ee,ee,78791,2.25953,0.405174,13,0
2,2,77vf,vf,25385,0.671439,0.280025,2,0
2,2,78ee,ee,84644,1.74597,0.438613,33,0
2,2,78vf,vf,27363,0.671631,0.3174,5,0
2,2,79ee,ee,96364,2.01128,2.30327,12,0
2,2,79vf,vf,31441,0.670991,0.717646,0,0
2,2,7ee,ee,193613,2.07768,1.61404,5,0
2,2,7vf,vf,63541,1.17325,3.32321,6,0
2,2,80ee,ee,123797,2.02059,0.616945,251,0
2,2,80vf,vf,41670,0.80798,0.862154,49,0
2,2,81ee,ee,134891,1.99678,1.01533,16,0
2,2,81vf,vf,46231,0.963079,0.265626,4,0
2,2,82ee,ee,149048,1.81477,0.688686,29,0
2,2,82vf,vf,51410,1.09018,0.291032,6,0
2,2,83ee,ee,165575,2.03044,0.695246,18,0
2,2,83vf,vf,57718,1.2024,0.334423,4,0
2,2,84ee,ee,180114,2.29258,0.740109,26,0
2,2,84vf,vf,63241,1.33088,0.356407,4,0
2,2,85ee,ee,195164,2.39895,0.810091,36,0
2,2,85vf,vf,68758,1.48329,0.462036,10,0
2,2,86ee,ee,214292,2.60377,0.838794,25,0
2,2,86vf,vf,75865,1.60991,0.363415,3,0
2,2,87ee,ee,229644,2.77263,0.905897,9,0
2,2,87vf,vf,81760,1.7189,0.68475,1,0
2,2,88ee,ee,238213,2.73145,1.62863,14,0
2,2,88vf,vf,84651,1.59868,1.29299,1,0
2,2,89ee,ee,236681,2.39005,0.920424,54,0
2,2,89vf,vf,83471,1.48822,0.396342,11,0
2,2,8ee,ee,235117,2.38451,0.923433,20,0
2,2,8vf,vf,78802,1.27104,1.61839,13,0
2,2,90ee,ee,226091,2.2281,1.23837,35,0
2,2,91ee,ee,214801,1.9604,1.79154,23,0
2,2,92ee,ee,214427,2.00395,0.842795,37,0
2,2,92vf,vf,73900,1.04161,0.858762,9,0
2,2,93ee,ee,220339,2.27661,0.869418,39,0
2,2,93vf,vf,76175,1.22173,0.485492,13,0
2,2,94ee,ee,222724,2.40659,0.908841,68,0
2,2,94vf,vf,77136,1.30912,0.822123,15,0
2,2,95ee,ee,220248,2.38151,0.9346,40,0
2,2,95vf,vf,75916,1.28893,0.400278,8,0
2,2,96ee,ee,213103,2.297,2.31553,45,0
2,2,96vf,vf,72751,1.13716,0.997831,5,0
2,2,97ee,ee,208054,2.00337,3.55204,77,0
2,2,97vf,vf,69989,0.864875,0.736653,14,0
2,2,98ee,ee,190027,1.9324,0.786412,36,0
2,2,98vf,vf,62834,0.70795,1.92763,2,0
2,2,99ee,ee,216047,2.37735,1.31289,293,0
2,2,99vf,vf,73127,1.09658,0.350935,83,0
2,2,9ee,ee,277538,2.36599,1.15555,15,0
2,2,9vf,vf,94834,1.31827,1.66197,11,0
