dataset,mode,broadphase,case,type,queries,prep_ms,broad_ms,narrow_ms,query_narrow_ms,fp,fn,broad_fp,broad_fn,narrow_ms_s1,toi_n,toi_late,toi_max_late,toi_max_early,toi_med_early,s0_late,s0_margin,s0_toi,gt_earliest,root_n,s1_min,layout
armadillo-rollers,tight,cell2d,100ee,ee,225252,0.996326,2.57612,0.890025,6.32921,0,0,225187,0,5.1558,65,0,0,0.000110117,1.15441e-06,0,5.02533e-07,0.0010305,0.001031,65,0.00102997,packed
armadillo-rollers,tight,cell2d,106vf,vf,68065,1.041,1.50089,0.76718,1.53449,0,0,68053,0,0.958919,11,0,0,7.28679e-05,2.44371e-06,0,1.8651e-06,0.0262971,0.026299,12,0.0262971,packed
armadillo-rollers,tight,cell2d,112vf,vf,22154,1.698,0.850377,0.280601,0.277336,0,0,22151,0,0.372182,3,0,0,9.49321e-06,2.40187e-06,0,2.40187e-06,0.238825,0.238827,3,0.238825,packed
armadillo-rollers,tight,cell2d,119vf,vf,33604,1.69317,0.856265,0.397142,0.467476,0,0,33600,0,1.0433,4,0,0,9.31144e-06,4.63769e-06,0,5.12233e-06,0.00976991,0.00977503,4,0.00977039,packed
armadillo-rollers,tight,cell2d,125vf,vf,86557,1.65404,1.21264,0.398229,14.9696,0,0,85674,0,8.79574,882,0,0,6.45071e-05,5.20363e-07,0,3.31317e-07,0.000486494,0.000486825,883,0.000486493,packed
armadillo-rollers,tight,cell2d,131ee,ee,151877,1.72088,1.79726,0.771851,25.8746,0,0,149783,0,8.40756,2094,0,0,6.85279e-05,3.61481e-07,0,1.26651e-07,0.000169172,0.000169299,2094,0.000169277,packed
armadillo-rollers,tight,cell2d,138ee,ee,103311,1.60716,1.82258,0.603152,17.1749,0,0,101881,0,6.48053,1430,0,0,1.83929e-05,4.54495e-07,0,3.20133e-07,0.000391278,0.000391598,1430,0.000391245,packed
armadillo-rollers,tight,cell2d,144vf,vf,14297,1.48268,0.684046,0.682606,0.795499,0,0,14294,0,1.0306,2,0,0,0.000186136,0.000186136,0,9.2503e-06,0.0888462,0.0888555,3,0.0888462,packed
armadillo-rollers,tight,cell2d,150ee,ee,217174,1.31033,1.83118,1.27481,26.6138,0,0,214316,0,10.0012,2858,0,0,2.30722e-05,2.49871e-07,0,1.6959e-07,0.000235338,0.000235508,2858,0.000235319,packed
armadillo-rollers,tight,cell2d,157ee,ee,51080,1.60073,1.6444,0.52901,2.5439,0,0,51050,0,2.29037,30,0,0,9.38738e-05,2.3749e-06,0,8.46064e-06,0.0157676,0.0157761,30,0.0157661,packed
armadillo-rollers,tight,cell2d,163ee,ee,49599,1.60514,1.66776,0.362102,2.49581,0,0,49580,0,1.33331,19,0,0,0.000119239,8.02027e-06,0,2.23552e-05,0.0382462,0.0382685,19,0.0382462,packed
armadillo-rollers,tight,cell2d,169vf,vf,13374,1.71234,0.812043,0.460083,1.83138,0,0,13348,0,1.14295,26,0,0,1.77964e-05,2.94301e-06,0,1.98465e-07,0.012024,0.0120242,26,0.0120239,packed
armadillo-rollers,tight,cell2d,175ee,ee,51829,1.39676,1.5757,0.421141,2.06487,0,0,51821,0,2.01329,8,0,0,0.00104547,5.05564e-05,0,6.22654e-06,0.0224669,0.0224731,8,0.0224609,packed
armadillo-rollers,tight,cell2d,181ee,ee,51170,1.68047,1.64255,1.11831,7.56185,0,0,51141,0,2.81173,28,0,0,0.00128491,6.46424e-06,0,2.18511e-06,0.00310566,0.00310785,29,0.00310564,packed
armadillo-rollers,tight,cell2d,187vf,vf,23580,1.66764,0.892264,0.405334,1.06432,0,0,23565,0,0.897224,15,0,0,7.97105e-06,9.10471e-07,0,3.5347e-06,0.0258803,0.0258838,15,0.0258794,packed
armadillo-rollers,tight,cell2d,193ee,ee,60618,1.40579,1.64268,0.881641,4.99347,0,0,60575,0,2.49261,43,0,0,8.33211e-05,4.1757e-06,0,1.68938e-06,0.00437306,0.00437475,43,0.00437355,packed
armadillo-rollers,tight,cell2d,199vf,vf,14455,1.6573,0.644111,0.429332,0.067934,0,0,14453,0,1.52898,2,0,0,6.75287e-07,6.75287e-07,0,4.73437e-07,0.050205,0.0502054,2,0.0502048,packed
armadillo-rollers,tight,cell2d,205ee,ee,51277,1.45814,1.74117,0.425397,4.11768,0,0,51223,0,1.99239,54,0,0,0.000113443,1.69641e-06,0,4.63178e-07,0.00163338,0.00163384,54,0.00163317,packed
armadillo-rollers,tight,cell2d,210vf,vf,14783,1.66927,0.639791,3.09429,3.08613,0,0,14769,0,3.14027,14,0,0,0.000164511,2.25646e-06,0,1.04217e-06,0.00194694,0.00194798,14,0.00194693,packed
armadillo-rollers,tight,cell2d,217ee,ee,57259,1.40643,1.87614,1.08323,18.7088,0,0,57152,0,4.47447,106,0,0,0.00187151,4.70564e-06,0,1.25191e-06,0.000620904,0.000622156,107,0.000620842,packed
armadillo-rollers,tight,cell2d,222vf,vf,18500,1.58933,0.747532,0.734221,0.339031,0,0,18494,0,2.41872,6,0,0,4.00523e-06,2.27833e-06,0,8.16282e-07,0.00214222,0.00214304,6,0.00214243,packed
armadillo-rollers,tight,cell2d,229ee,ee,303368,1.36108,1.91208,1.49043,37.5648,0,0,299350,0,35.1929,4015,0,0,0.00367297,3.52246e-07,0,7.25553e-08,2.86514e-05,2.87239e-05,4018,2.86102e-05,packed
armadillo-rollers,tight,cell2d,234vf,vf,22667,1.64969,0.746348,0.501363,1.95892,0,0,22659,0,1.37308,8,0,0,8.5145e-05,2.10782e-05,0,1.84741e-05,0.0345201,0.0345386,8,0.0345201,packed
armadillo-rollers,tight,cell2d,240ee,ee,121741,1.45455,1.76843,0.967654,8.20839,0,0,121639,0,2.22359,102,0,0,3.25986e-05,6.68788e-07,0,1.52444e-06,0.00429775,0.00429927,102,0.00429726,packed
armadillo-rollers,tight,cell2d,246vf,vf,34492,1.59461,0.839146,0.52357,0.614384,0,0,34485,0,1.38358,7,0,0,2.97204e-05,2.25818e-06,0,1.39491e-05,0.0296775,0.0296915,7,0.0296783,packed
armadillo-rollers,tight,cell2d,252ee,ee,106945,1.47235,1.79739,0.80801,12.0638,0,0,106875,0,2.62659,70,0,0,0.000176354,7.50863e-06,0,1.80235e-06,0.00120457,0.00120637,70,0.00120544,packed
armadillo-rollers,tight,cell2d,258vf,vf,36913,1.6844,0.944199,1.23747,9.20817,0,0,36879,0,3.01467,34,0,0,0.000454721,2.62181e-05,0,4.23403e-05,0.0617913,0.0618336,34,0.0618,packed
armadillo-rollers,tight,cell2d,264ee,ee,130094,1.49263,1.86523,1.08128,26.7261,0,0,129930,0,8.81826,164,0,0,0.000662816,9.26199e-06,0,1.1746e-06,0.00103501,0.00103619,164,0.00103378,packed
armadillo-rollers,tight,cell2d,26vf,vf,57372,1.62991,0.821706,0.46258,5.13574,0,0,57311,0,1.67554,59,0,0,2.04653e-05,1.86145e-06,0,1.11952e-06,0.00349741,0.00349853,61,0.00349712,packed
armadillo-rollers,tight,cell2d,276ee,ee,147789,1.54185,2.25287,1.13949,48.1416,0,0,147605,0,7.29299,182,0,0,0.00398066,1.16498e-05,0,9.30356e-06,0.00233891,0.00234821,184,0.00233936,packed
armadillo-rollers,tight,cell2d,281vf,vf,62328,1.70872,1.00506,1.4423,42.9121,0,0,61881,0,21.8168,444,0,0,0.00169614,1.29778e-05,0,5.12074e-06,0.00212075,0.00212587,447,0.00212097,packed
armadillo-rollers,tight,cell2d,288ee,ee,190569,1.4847,2.31453,1.31168,99.9411,1,0,190271,0,18.0225,294,0,0,0.00223484,1.26201e-05,0,2.50304e-07,0.000349992,0.000350242,298,0.000349998,packed
armadillo-rollers,tight,cell2d,293vf,vf,52927,1.67132,0.877288,1.42656,16.4322,0,0,52875,0,4.90544,52,0,0,0.000371217,2.09969e-05,0,4.93069e-06,0.0103232,0.0103281,52,0.010324,packed
armadillo-rollers,tight,cell2d,29ee,ee,257518,1.47932,1.30787,1.04084,2.50646,1,0,257507,0,1.89992,8,0,0,5.63906e-05,2.17776e-05,0,7.82607e-06,0.018604,0.0186118,11,0.0186033,packed
armadillo-rollers,tight,cell2d,305vf,vf,49983,1.61081,0.858665,1.57564,22.4251,0,0,49924,0,5.08742,58,0,0,0.000594457,5.4627e-05,0,1.12433e-06,0.00296375,0.00296488,59,0.00296307,packed
armadillo-rollers,tight,cell2d,311ee,ee,186600,1.39104,1.88491,1.43603,89.3,0,0,186318,0,12.3478,278,0,0,0.00196164,3.55956e-05,0,1.58357e-06,0.000702818,0.000704402,282,0.000703335,packed
armadillo-rollers,tight,cell2d,317vf,vf,77826,1.72255,1.63765,1.26064,36.0894,0,0,77445,0,6.42178,376,0,0,0.00160166,8.15464e-06,0,1.5084e-07,0.000854449,0.0008546,381,0.000854492,packed
armadillo-rollers,tight,cell2d,323ee,ee,689071,1.47542,7.0194,7.05447,45.2713,0,0,686293,0,18.2578,2773,0,0,0.00188727,1.58196e-06,0,4.44367e-07,0.000421894,0.000422338,2778,0.000421524,packed
armadillo-rollers,tight,cell2d,329vf,vf,242154,1.74255,6.28303,0.902152,1.37644,0,0,242140,0,1.1537,14,0,0,2.11067e-05,2.40317e-06,0,3.59738e-06,0.131565,0.131569,14,0.131565,packed
armadillo-rollers,tight,cell2d,335ee,ee,69302,1.44223,1.46521,0.730861,34.0915,0,0,69090,0,3.72179,210,0,0,5.75602e-05,3.97559e-06,0,1.96371e-06,0.00644478,0.00644675,212,0.00644493,packed
armadillo-rollers,tight,cell2d,340vf,vf,30379,1.54287,0.888776,0.719182,6.52405,0,0,30337,0,1.0913,42,0,0,6.77582e-05,5.59683e-06,0,5.92889e-06,0.0304595,0.0304655,42,0.0304608,packed
armadillo-rollers,tight,cell2d,347ee,ee,55997,1.37872,1.41379,0.431381,8.89538,0,0,55942,0,2.09902,55,0,0,8.0681e-05,4.13815e-06,0,6.99847e-07,0.00506027,0.00506097,55,0.0050602,packed
armadillo-rollers,tight,cell2d,352vf,vf,12619,1.4901,0.693742,0.530418,3.11873,0,0,12600,0,1.15504,19,0,0,8.09834e-05,1.45245e-05,0,6.03172e-06,0.048074,0.04808,19,0.0480733,packed
armadillo-rollers,tight,cell2d,359ee,ee,84437,1.41283,1.33276,0.536114,19.9403,0,0,83919,0,4.16379,518,0,0,0.000134835,4.79895e-07,0,2.3594e-07,0.00385336,0.00385359,518,0.00385332,packed
armadillo-rollers,tight,cell2d,364vf,vf,118626,1.82194,4.42193,0.531026,0.430805,0,0,118618,0,0.571633,8,0,0,3.63698e-06,1.22951e-06,0,3.20741e-06,0.0855026,0.0855058,8,0.0855026,packed
armadillo-rollers,tight,cell2d,370ee,ee,123009,1.61116,1.6996,0.656303,4.26264,0,0,122947,0,1.77791,62,0,0,1.33985e-05,1.41297e-06,0,1.38979e-06,0.00219984,0.00220123,62,0.0022006,packed
armadillo-rollers,tight,cell2d,376vf,vf,12605,1.51558,0.792267,0.580657,0.340567,0,0,12602,0,1.02826,3,0,0,6.22099e-05,6.44396e-06,0,5.80162e-05,0.10327,0.103328,3,0.103266,packed
armadillo-rollers,tight,cell2d,382ee,ee,44101,1.35123,1.2121,0.402005,4.6082,0,0,44046,0,2.67452,55,0,0,5.98431e-05,9.1433e-07,0,1.02918e-06,0.00384183,0.00384286,55,0.00384188,packed
armadillo-rollers,tight,cell2d,388vf,vf,17036,1.57503,0.734317,0.476627,4.78954,0,0,17019,0,2.51533,16,0,0,0.000259075,1.94418e-06,0,8.62124e-07,0.0158499,0.0158507,17,0.0158501,packed
armadillo-rollers,tight,cell2d,394ee,ee,74754,1.40982,1.41152,0.530162,7.48735,0,0,74669,0,2.26282,84,0,0,0.000153254,1.06439e-06,0,5.72429e-07,0.00290983,0.00291041,85,0.00290966,packed
armadillo-rollers,tight,cell2d,39vf,vf,63229,1.78056,1.87387,0.32044,0.418581,0,0,63224,0,0.780171,5,0,0,5.67432e-06,1.06139e-06,0,1.15392e-06,0.110382,0.110383,5,0.110382,packed
armadillo-rollers,tight,cell2d,45vf,vf,220522,1.39004,3.58678,0.76782,1.54204,0,0,220513,0,0.755916,9,0,0,2.98217e-05,5.24933e-06,0,1.28636e-05,0.044588,0.0446009,9,0.044589,packed
armadillo-rollers,tight,cell2d,51vf,vf,28410,1.54182,1.91336,0.714445,0.868489,2,0,28405,0,0.705646,3,0,0,0.000208081,3.06875e-05,0,3.30254e-05,0.25797,0.258003,5,0.257973,packed
armadillo-rollers,tight,cell2d,58ee,ee,143517,1.50652,3.30977,0.734637,3.96524,0,0,143479,0,2.23684,38,0,0,7.26704e-05,2.32629e-06,0,7.73388e-07,0.00393711,0.00393788,38,0.00393677,packed
armadillo-rollers,tight,cell2d,63vf,vf,42577,1.67983,1.5118,0.249594,4.03458,0,0,42500,0,1.28816,75,0,0,1.45625e-05,1.06836e-06,0,4.56391e-07,0.00477099,0.00477144,77,0.00477076,packed
armadillo-rollers,tight,cell2d,6ee,ee,158816,1.5829,1.51199,0.689678,0.112893,0,0,158814,0,0.704814,2,0,0,3.9253e-05,3.9253e-05,0,5.43424e-06,0.0284901,0.0284955,2,0.0284901,packed
armadillo-rollers,tight,cell2d,75vf,vf,17302,1.64988,0.712941,0.540498,0.749324,0,0,17292,0,0.942663,10,0,0,2.20508e-06,1.37499e-06,0,1.34964e-06,0.0344498,0.0344511,10,0.0344498,packed
armadillo-rollers,tight,cell2d,81ee,ee,134694,1.49842,1.62428,0.791339,1.71426,0,0,134678,0,2.11191,16,0,0,7.47494e-05,1.48671e-06,0,3.51575e-06,0.0452314,0.0452349,16,0.0452318,packed
armadillo-rollers,tight,cell2d,87vf,vf,81694,1.63327,1.39353,0.713262,0.357495,0,0,81693,0,1.15491,1,0,0,1.22551e-05,1.22551e-05,0,1.22551e-05,0.164291,0.164304,1,0.164291,packed
armadillo-rollers,tight,cell2d,94ee,ee,222570,1.46995,1.95684,0.936871,9.53402,0,0,222502,0,2.55449,68,0,0,0.000527194,6.61845e-06,0,1.20117e-06,0.000765579,0.00076678,68,0.000763893,packed
armadillo-rollers,tight,cell2d,100ee,ee,225252,1.07338,2.42886,0.881161,6.31087,0,0,225187,0,5.16866,65,0,0,0.000110117,1.15441e-06,0,5.02533e-07,0.0010305,0.001031,65,0.00102997,packed
armadillo-rollers,tight,cell2d,106vf,vf,68065,1.03824,1.40851,0.757036,1.54649,0,0,68053,0,0.943912,11,0,0,7.28679e-05,2.44371e-06,0,1.8651e-06,0.0262971,0.026299,12,0.0262971,packed
armadillo-rollers,tight,cell2d,112vf,vf,22154,1.59487,0.84177,0.259833,0.276825,0,0,22151,0,0.331287,3,0,0,9.49321e-06,2.40187e-06,0,2.40187e-06,0.238825,0.238827,3,0.238825,packed
armadillo-rollers,tight,cell2d,119vf,vf,33604,1.5453,0.816394,0.337335,0.463859,0,0,33600,0,1.04804,4,0,0,9.31144e-06,4.63769e-06,0,5.12233e-06,0.00976991,0.00977503,4,0.00977039,packed
armadillo-rollers,tight,cell2d,125vf,vf,86557,1.58258,1.1361,0.398326,15.0302,0,0,85674,0,8.67539,882,0,0,6.45071e-05,5.20363e-07,0,3.31317e-07,0.000486494,0.000486825,883,0.000486493,packed
armadillo-rollers,tight,cell2d,131ee,ee,151877,1.72863,1.73227,0.884297,25.8554,0,0,149783,0,8.38426,2094,0,0,6.85279e-05,3.61481e-07,0,1.26651e-07,0.000169172,0.000169299,2094,0.000169277,packed
armadillo-rollers,tight,cell2d,138ee,ee,103311,1.45359,1.80264,0.609456,16.9213,0,0,101881,0,6.44972,1430,0,0,1.83929e-05,4.54495e-07,0,3.20133e-07,0.000391278,0.000391598,1430,0.000391245,packed
armadillo-rollers,tight,cell2d,144vf,vf,14297,1.91144,0.751629,0.685998,0.783179,0,0,14294,0,1.03316,2,0,0,0.000186136,0.000186136,0,9.2503e-06,0.0888462,0.0888555,3,0.0888462,packed
armadillo-rollers,tight,cell2d,150ee,ee,217174,1.29683,1.86043,0.99863,26.6323,0,0,214316,0,9.96169,2858,0,0,2.30722e-05,2.49871e-07,0,1.59439e-07,0.000235348,0.000235508,2858,0.000235319,packed
armadillo-rollers,tight,cell2d,157ee,ee,51080,1.56031,1.5957,0.517938,2.54553,0,0,51050,0,2.33085,30,0,0,9.38738e-05,2.3749e-06,0,8.46064e-06,0.0157676,0.0157761,30,0.0157661,packed
armadillo-rollers,tight,cell2d,163ee,ee,49599,1.50988,1.63081,0.427541,2.48781,0,0,49580,0,1.34848,19,0,0,0.000119239,8.02027e-06,0,2.23552e-05,0.0382462,0.0382685,19,0.0382462,packed
armadillo-rollers,tight,cell2d,169vf,vf,13374,1.51865,0.728525,0.431669,1.83595,0,0,13348,0,1.15495,26,0,0,1.77964e-05,2.94301e-06,0,1.98465e-07,0.012024,0.0120242,26,0.0120239,packed
armadillo-rollers,tight,cell2d,175ee,ee,51829,1.33542,1.64594,0.418293,2.04686,0,0,51821,0,1.98273,8,0,0,0.00104547,5.05564e-05,0,6.22654e-06,0.0224669,0.0224731,8,0.0224609,packed
armadillo-rollers,tight,cell2d,181ee,ee,51170,1.64005,1.62696,1.10535,7.68085,0,0,51141,0,2.69788,28,0,0,0.00128491,6.46424e-06,0,2.09999e-06,0.00310575,0.00310785,29,0.00310564,packed
armadillo-rollers,tight,cell2d,187vf,vf,23580,1.58508,0.836234,0.395413,1.05226,0,0,23565,0,0.928328,15,0,0,7.97105e-06,9.10471e-07,0,3.35212e-06,0.0258804,0.0258838,15,0.0258794,packed
armadillo-rollers,tight,cell2d,193ee,ee,60618,1.46143,1.5805,0.798955,5.0423,0,0,60575,0,2.46144,43,0,0,8.33211e-05,4.1757e-06,0,1.68938e-06,0.00437306,0.00437475,43,0.00437355,packed
armadillo-rollers,tight,cell2d,199vf,vf,14455,1.71042,0.635631,0.424885,0.070015,0,0,14453,0,1.5103,2,0,0,6.75287e-07,6.75287e-07,0,4.73437e-07,0.050205,0.0502054,2,0.0502048,packed
armadillo-rollers,tight,cell2d,205ee,ee,51277,1.37062,1.62184,0.421845,4.1141,0,0,51223,0,1.97527,54,0,0,0.000113443,1.69641e-06,0,4.63178e-07,0.00163338,0.00163384,54,0.00163317,packed
armadillo-rollers,tight,cell2d,210vf,vf,14783,1.44172,0.637199,3.10789,3.06488,0,0,14769,0,3.14427,14,0,0,0.000164511,2.25646e-06,0,1.04217e-06,0.00194694,0.00194798,14,0.00194693,packed
armadillo-rollers,tight,cell2d,217ee,ee,57259,1.31001,1.92174,1.08583,18.5531,0,0,57152,0,4.50062,106,0,0,0.00187151,4.70564e-06,0,1.25191e-06,0.000620904,0.000622156,107,0.000620842,packed
armadillo-rollers,tight,cell2d,222vf,vf,18500,1.55164,0.748684,0.700622,0.395477,0,0,18494,0,2.40278,6,0,0,4.00523e-06,2.27833e-06,0,8.16282e-07,0.00214222,0.00214304,6,0.00214243,packed
armadillo-rollers,tight,cell2d,229ee,ee,303368,1.31318,1.86517,1.45107,37.8549,0,0,299350,0,34.9077,4015,0,0,0.00367297,3.52246e-07,0,7.25553e-08,2.86514e-05,2.87239e-05,4018,2.86102e-05,packed
armadillo-rollers,tight,cell2d,234vf,vf,22667,1.48243,0.745644,0.488596,1.99268,0,0,22659,0,1.32006,8,0,0,8.5145e-05,2.10782e-05,0,1.84741e-05,0.0345201,0.0345386,8,0.0345201,packed
armadillo-rollers,tight,cell2d,240ee,ee,121741,1.34553,1.75032,0.970983,8.25194,0,0,121639,0,2.23453,102,0,0,3.25986e-05,6.68788e-07,0,7.61647e-07,0.00429851,0.00429927,102,0.00429726,packed
armadillo-rollers,tight,cell2d,246vf,vf,34492,1.46675,0.814122,0.523027,0.614928,0,0,34485,0,1.38364,7,0,0,2.97204e-05,2.25818e-06,0,1.39491e-05,0.0296775,0.0296915,7,0.0296783,packed
armadillo-rollers,tight,cell2d,252ee,ee,106945,1.37142,1.75179,0.791211,11.9837,0,0,106875,0,2.61468,70,0,0,0.000176354,7.50863e-06,0,1.80235e-06,0.00120457,0.00120637,70,0.00120544,packed
armadillo-rollers,tight,cell2d,258vf,vf,36913,1.52486,0.869705,1.27837,9.30436,0,0,36879,0,2.98021,34,0,0,0.000454721,2.62181e-05,0,4.23403e-05,0.0617913,0.0618336,34,0.0618,packed
armadillo-rollers,tight,cell2d,264ee,ee,130094,1.37827,1.95329,1.08615,26.637,0,0,129930,0,8.79353,164,0,0,0.000662816,9.26199e-06,0,1.1746e-06,0.00103501,0.00103619,164,0.00103378,packed
armadillo-rollers,tight,cell2d,26vf,vf,57372,1.5566,0.755788,0.477876,5.19039,0,0,57311,0,1.69813,59,0,0,2.04653e-05,1.86145e-06,0,1.11952e-06,0.00349741,0.00349853,61,0.00349712,packed
armadillo-rollers,tight,cell2d,276ee,ee,147789,1.42883,2.21169,1.14381,48.3824,0,0,147605,0,7.26227,182,0,0,0.00398066,1.16498e-05,0,9.30356e-06,0.00233891,0.00234821,184,0.00233936,packed
armadillo-rollers,tight,cell2d,281vf,vf,62328,1.59257,0.994822,1.3984,42.7974,0,0,61881,0,21.9289,444,0,0,0.00169614,1.29778e-05,0,5.12074e-06,0.00212075,0.00212587,447,0.00212097,packed
armadillo-rollers,tight,cell2d,288ee,ee,190569,1.45135,2.27904,1.33901,100.288,1,0,190271,0,17.915,294,0,0,0.00223484,1.26201e-05,0,2.50304e-07,0.000349992,0.000350242,298,0.000349998,packed
armadillo-rollers,tight,cell2d,293vf,vf,52927,1.60585,0.868809,1.41958,16.414,0,0,52875,0,4.87472,52,0,0,0.000371217,2.09969e-05,0,4.93069e-06,0.0103232,0.0103281,52,0.010324,packed
armadillo-rollers,tight,cell2d,29ee,ee,257518,1.40352,1.30662,1.0546,2.5208,1,0,257507,0,1.80696,8,0,0,5.63906e-05,2.17776e-05,0,7.82607e-06,0.018604,0.0186118,11,0.0186033,packed
armadillo-rollers,tight,cell2d,305vf,vf,49983,1.58447,0.86353,1.58322,22.2107,0,0,49924,0,5.12246,58,0,0,0.000594457,5.4627e-05,0,1.12433e-06,0.00296375,0.00296488,59,0.00296307,packed
armadillo-rollers,tight,cell2d,311ee,ee,186600,1.37414,1.8388,1.48908,89.7272,0,0,186318,0,12.2333,278,0,0,0.00196164,3.55956e-05,0,1.58357e-06,0.000702818,0.000704402,282,0.000703335,packed
armadillo-rollers,tight,cell2d,317vf,vf,77826,1.67807,1.51478,1.27328,36.0517,0,0,77445,0,6.34514,376,0,0,0.00160166,8.15464e-06,0,1.5084e-07,0.000854449,0.0008546,381,0.000854492,packed
armadillo-rollers,tight,cell2d,323ee,ee,689071,1.35516,7.16803,7.09936,45.1625,0,0,686293,0,18.1164,2773,0,0,0.00188727,1.58196e-06,0,4.44367e-07,0.000421894,0.000422338,2778,0.000421524,packed
armadillo-rollers,tight,cell2d,329vf,vf,242154,1.65359,6.23171,0.898441,1.39455,0,0,242140,0,1.09645,14,0,0,2.11067e-05,2.40317e-06,0,3.59738e-06,0.131565,0.131569,14,0.131565,packed
armadillo-rollers,tight,cell2d,335ee,ee,69302,1.41993,1.37932,0.698189,34.06,0,0,69090,0,3.74009,210,0,0,5.75602e-05,3.97559e-06,0,1.96371e-06,0.00644478,0.00644675,212,0.00644493,packed
armadillo-rollers,tight,cell2d,340vf,vf,30379,1.59938,0.873801,0.690094,6.51618,0,0,30337,0,1.08682,42,0,0,6.77582e-05,5.59683e-06,0,5.92889e-06,0.0304595,0.0304655,42,0.0304608,packed
armadillo-rollers,tight,cell2d,347ee,ee,55997,1.37647,1.40595,0.434036,8.90194,0,0,55942,0,2.10772,55,0,0,8.0681e-05,4.13815e-06,0,6.99847e-07,0.00506027,0.00506097,55,0.0050602,packed
armadillo-rollers,tight,cell2d,352vf,vf,12619,1.44332,0.688238,0.518162,3.14581,0,0,12600,0,1.16989,19,0,0,8.09834e-05,1.45245e-05,0,6.03172e-06,0.048074,0.04808,19,0.0480733,packed
armadillo-rollers,tight,cell2d,359ee,ee,84437,1.42809,1.33193,0.508947,20.0621,0,0,83919,0,4.17298,518,0,0,0.000134835,4.79895e-07,0,2.3594e-07,0.00385336,0.00385359,518,0.00385332,packed
armadillo-rollers,tight,cell2d,364vf,vf,118626,1.70856,4.43508,0.498003,0.522706,0,0,118618,0,0.566865,8,0,0,3.63698e-06,1.22951e-06,0,3.20741e-06,0.0855026,0.0855058,8,0.0855026,packed
armadillo-rollers,tight,cell2d,370ee,ee,123009,1.59993,1.40892,0.631247,4.30331,0,0,122947,0,1.84344,62,0,0,1.33985e-05,1.41297e-06,0,1.38979e-06,0.00219984,0.00220123,62,0.0022006,packed
armadillo-rollers,tight,cell2d,376vf,vf,12605,1.4662,0.693389,0.578449,0.332087,0,0,12602,0,1.02772,3,0,0,6.22099e-05,6.44396e-06,0,5.80162e-05,0.10327,0.103328,3,0.103266,packed
armadillo-rollers,tight,cell2d,382ee,ee,44101,1.30403,1.24723,0.399445,4.61793,0,0,44046,0,2.65849,55,0,0,5.98431e-05,9.1433e-07,0,1.02918e-06,0.00384183,0.00384286,55,0.00384188,packed
armadillo-rollers,tight,cell2d,388vf,vf,17036,1.52863,0.700014,0.441908,4.7745,0,0,17019,0,2.52857,16,0,0,0.000259075,1.94418e-06,0,8.62124e-07,0.0158499,0.0158507,17,0.0158501,packed
armadillo-rollers,tight,cell2d,394ee,ee,74754,1.42972,1.15741,0.498451,7.45948,0,0,74669,0,2.2584,84,0,0,0.000153254,1.06439e-06,0,5.72429e-07,0.00290983,0.00291041,85,0.00290966,packed
armadillo-rollers,tight,cell2d,39vf,vf,63229,1.62306,1.85192,0.307351,0.414806,0,0,63224,0,0.722445,5,0,0,5.67432e-06,1.06139e-06,0,1.15392e-06,0.110382,0.110383,5,0.110382,packed
armadillo-rollers,tight,cell2d,45vf,vf,220522,1.32285,3.52404,0.7539,1.57516,0,0,220513,0,0.83969,9,0,0,2.98217e-05,5.24933e-06,0,1.28636e-05,0.044588,0.0446009,9,0.044589,packed
armadillo-rollers,tight,cell2d,51vf,vf,28410,1.47862,1.90081,0.712589,0.933448,2,0,28405,0,0.731565,3,0,0,0.000208081,3.06875e-05,0,3.30254e-05,0.25797,0.258003,5,0.257973,packed
armadillo-rollers,tight,cell2d,58ee,ee,143517,1.48514,3.29467,0.818858,3.91606,0,0,143479,0,2.20903,38,0,0,7.26704e-05,2.32629e-06,0,7.73388e-07,0.00393711,0.00393788,38,0.00393677,packed
armadillo-rollers,tight,cell2d,63vf,vf,42577,1.5766,1.48028,0.242777,4.06149,0,0,42500,0,1.24291,75,0,0,1.45625e-05,1.06836e-06,0,4.56391e-07,0.00477099,0.00477144,77,0.00477076,packed
armadillo-rollers,tight,cell2d,6ee,ee,158816,1.43823,1.47087,0.679182,0.113565,0,0,158814,0,0.695021,2,0,0,3.9253e-05,3.9253e-05,0,5.43424e-06,0.0284901,0.0284955,2,0.0284901,packed
armadillo-rollers,tight,cell2d,75vf,vf,17302,1.55394,0.576305,0.509426,0.730221,0,0,17292,0,0.9066,10,0,0,2.20508e-06,1.37499e-06,0,1.34964e-06,0.0344498,0.0344511,10,0.0344498,packed
armadillo-rollers,tight,cell2d,81ee,ee,134694,1.43644,1.60466,0.771724,1.7388,0,0,134678,0,2.16413,16,0,0,7.47494e-05,1.48671e-06,0,3.51575e-06,0.0452314,0.0452349,16,0.0452318,packed
armadillo-rollers,tight,cell2d,87vf,vf,81694,1.6478,1.30864,0.735405,0.362998,0,0,81693,0,1.12055,1,0,0,1.22551e-05,1.22551e-05,0,1.22551e-05,0.164291,0.164304,1,0.164291,packed
armadillo-rollers,tight,cell2d,94ee,ee,222570,1.43551,1.97089,0.928744,9.5632,0,0,222502,0,2.52745,68,0,0,0.000527194,6.61845e-06,0,1.20117e-06,0.000765579,0.00076678,68,0.000763893,packed
armadillo-rollers,tight,cell2d,100ee,ee,225252,0.82865,2.52307,0.914696,6.28255,0,0,225187,0,5.13449,65,0,0,0.000110117,1.15441e-06,0,5.02533e-07,0.0010305,0.001031,65,0.00102997,packed
armadillo-rollers,tight,cell2d,106vf,vf,68065,1.01277,1.49596,0.767628,1.52991,0,0,68053,0,0.946151,11,0,0,7.28679e-05,2.44371e-06,0,1.8651e-06,0.0262971,0.026299,12,0.0262971,packed
armadillo-rollers,tight,cell2d,112vf,vf,22154,1.58178,0.871721,0.272377,0.276728,0,0,22151,0,0.355766,3,0,0,9.49321e-06,2.40187e-06,0,2.40187e-06,0.238825,0.238827,3,0.238825,packed
armadillo-rollers,tight,cell2d,119vf,vf,33604,1.67704,0.843562,0.342647,0.462388,0,0,33600,0,1.02916,4,0,0,9.31144e-06,4.63769e-06,0,5.12233e-06,0.00976991,0.00977503,4,0.00977039,packed
armadillo-rollers,tight,cell2d,125vf,vf,86557,1.53737,1.26941,0.421205,14.9295,0,0,85674,0,8.67161,882,0,0,6.45071e-05,5.20363e-07,0,3.31317e-07,0.000486494,0.000486825,883,0.000486493,packed
armadillo-rollers,tight,cell2d,131ee,ee,151877,1.66376,1.78286,0.773068,25.9471,0,0,149783,0,8.47533,2094,0,0,6.85279e-05,3.61481e-07,0,1.26651e-07,0.000169172,0.000169299,2094,0.000169277,packed
armadillo-rollers,tight,cell2d,138ee,ee,103311,1.40207,1.8124,0.577073,16.8976,0,0,101881,0,6.31071,1430,0,0,1.83929e-05,4.54495e-07,0,3.20133e-07,0.000391278,0.000391598,1430,0.000391245,packed
armadillo-rollers,tight,cell2d,144vf,vf,14297,1.44774,0.821002,0.612176,0.827338,0,0,14294,0,0.999878,2,0,0,0.000186136,0.000186136,0,9.2503e-06,0.0888462,0.0888555,3,0.0888462,packed
armadillo-rollers,tight,cell2d,150ee,ee,217174,1.43711,1.89825,1.00269,26.5711,0,0,214316,0,9.86368,2858,0,0,2.30722e-05,2.49871e-07,0,1.411e-07,0.000235367,0.000235508,2858,0.000235319,packed
armadillo-rollers,tight,cell2d,157ee,ee,51080,1.35801,1.60389,0.475795,2.56563,0,0,51050,0,2.27025,30,0,0,9.38738e-05,2.3749e-06,0,8.46064e-06,0.0157676,0.0157761,30,0.0157661,packed
armadillo-rollers,tight,cell2d,163ee,ee,49599,1.57292,1.62556,0.36543,2.51625,0,0,49580,0,1.34396,19,0,0,0.000119239,8.02027e-06,0,2.23552e-05,0.0382462,0.0382685,19,0.0382462,packed
armadillo-rollers,tight,cell2d,169vf,vf,13374,1.50623,0.657231,0.45186,1.80987,0,0,13348,0,1.10554,26,0,0,1.77964e-05,2.94301e-06,0,1.98465e-07,0.012024,0.0120242,26,0.0120239,packed
armadillo-rollers,tight,cell2d,175ee,ee,51829,1.4046,1.62725,0.384214,2.08135,0,0,51821,0,1.98132,8,0,0,0.00104547,5.05564e-05,0,6.22654e-06,0.0224669,0.0224731,8,0.0224609,packed
armadillo-rollers,tight,cell2d,181ee,ee,51170,1.49622,1.65701,1.09011,7.54563,0,0,51141,0,2.69503,28,0,0,0.00128491,6.46424e-06,0,2.09999e-06,0.00310575,0.00310785,29,0.00310564,packed
armadillo-rollers,tight,cell2d,187vf,vf,23580,1.53647,0.900873,0.411605,1.04855,0,0,23565,0,0.881321,15,0,0,7.97105e-06,9.10471e-07,0,3.5347e-06,0.0258803,0.0258838,15,0.0258794,packed
armadillo-rollers,tight,cell2d,193ee,ee,60618,1.30656,1.6302,0.761708,5.03961,0,0,60575,0,2.50675,43,0,0,8.33211e-05,4.1757e-06,0,1.68938e-06,0.00437306,0.00437475,43,0.00437355,packed
armadillo-rollers,tight,cell2d,199vf,vf,14455,1.45055,0.728141,0.479635,0.068318,0,0,14453,0,1.49734,2,0,0,6.75287e-07,6.75287e-07,0,4.73437e-07,0.050205,0.0502054,2,0.0502048,packed
armadillo-rollers,tight,cell2d,205ee,ee,51277,1.30892,1.63048,0.430869,4.10187,0,0,51223,0,2.09732,54,0,0,0.000113443,1.69641e-06,0,4.63178e-07,0.00163338,0.00163384,54,0.00163317,packed
armadillo-rollers,tight,cell2d,210vf,vf,14783,1.42735,0.633808,3.11892,3.06926,0,0,14769,0,3.17016,14,0,0,0.000164511,2.25646e-06,0,1.04217e-06,0.00194694,0.00194798,14,0.00194693,packed
armadillo-rollers,tight,cell2d,217ee,ee,57259,1.31123,1.86014,1.09092,18.6397,0,0,57152,0,4.51217,106,0,0,0.00187151,4.70564e-06,0,1.25191e-06,0.000620904,0.000622156,107,0.000620842,packed
armadillo-rollers,tight,cell2d,222vf,vf,18500,1.47046,0.781132,0.69003,0.308376,0,0,18494,0,2.40631,6,0,0,4.00523e-06,2.27833e-06,0,8.16282e-07,0.00214222,0.00214304,6,0.00214243,packed
armadillo-rollers,tight,cell2d,229ee,ee,303368,1.29891,1.83624,1.42028,37.5361,0,0,299350,0,35.143,4015,0,0,0.00367297,3.52246e-07,0,4.09862e-08,2.86829e-05,2.87239e-05,4018,2.86102e-05,packed
armadillo-rollers,tight,cell2d,234vf,vf,22667,1.46975,0.730317,0.496307,1.95064,0,0,22659,0,1.29833,8,0,0,8.5145e-05,2.10782e-05,0,1.84741e-05,0.0345201,0.0345386,8,0.0345201,packed
armadillo-rollers,tight,cell2d,240ee,ee,121741,1.33638,1.69432,1.056,8.21239,0,0,121639,0,2.25063,102,0,0,3.25986e-05,6.68788e-07,0,7.61647e-07,0.00429851,0.00429927,102,0.00429726,packed
armadillo-rollers,tight,cell2d,246vf,vf,34492,1.44623,0.818666,0.483923,0.625744,0,0,34485,0,1.38704,7,0,0,2.97204e-05,2.25818e-06,0,1.39491e-05,0.0296775,0.0296915,7,0.0296783,packed
armadillo-rollers,tight,cell2d,252ee,ee,106945,1.35814,1.83768,0.788171,11.9304,0,0,106875,0,2.72198,70,0,0,0.000176354,7.50863e-06,0,1.80235e-06,0.00120457,0.00120637,70,0.00120544,packed
armadillo-rollers,tight,cell2d,258vf,vf,36913,1.48982,0.868873,1.28128,9.1876,0,0,36879,0,3.01685,34,0,0,0.000454721,2.62181e-05,0,4.23403e-05,0.0617913,0.0618336,34,0.0618,packed
armadillo-rollers,tight,cell2d,264ee,ee,130094,1.36972,1.86648,1.06167,26.6718,0,0,129930,0,8.81612,164,0,0,0.000662816,9.26199e-06,0,1.1746e-06,0.00103501,0.00103619,164,0.00103378,packed
armadillo-rollers,tight,cell2d,26vf,vf,57372,1.55109,0.734637,0.490323,5.13359,0,0,57311,0,1.68015,59,0,0,2.04653e-05,1.86145e-06,0,1.11952e-06,0.00349741,0.00349853,61,0.00349712,packed
armadillo-rollers,tight,cell2d,276ee,ee,147789,1.37929,2.33392,1.22435,48.3228,0,0,147605,0,7.29629,182,0,0,0.00398066,1.16498e-05,0,9.24238e-06,0.00233897,0.00234821,184,0.00233936,packed
armadillo-rollers,tight,cell2d,281vf,vf,62328,2.37814,1.10528,1.40735,42.728,0,0,61881,0,21.9592,444,0,0,0.00169614,1.29778e-05,0,5.12074e-06,0.00212075,0.00212587,447,0.00212097,packed
armadillo-rollers,tight,cell2d,288ee,ee,190569,2.35155,2.54217,1.40358,99.9954,1,0,190271,0,18.019,294,0,0,0.00223484,1.26201e-05,0,2.50304e-07,0.000349992,0.000350242,298,0.000349998,packed
armadillo-rollers,tight,cell2d,293vf,vf,52927,2.30019,0.983942,1.46319,16.4971,0,0,52875,0,4.90307,52,0,0,0.000371217,2.09969e-05,0,4.93069e-06,0.0103232,0.0103281,52,0.010324,packed
armadillo-rollers,tight,cell2d,29ee,ee,257518,2.46733,1.71778,1.00656,2.55891,1,0,257507,0,2.10442,8,0,0,5.63906e-05,2.17776e-05,0,7.82607e-06,0.018604,0.0186118,11,0.0186033,packed
armadillo-rollers,tight,cell2d,305vf,vf,49983,2.18999,1.02394,1.60284,22.3193,0,0,49924,0,5.10726,58,0,0,0.000594457,5.4627e-05,0,1.12433e-06,0.00296375,0.00296488,59,0.00296307,packed
armadillo-rollers,tight,cell2d,311ee,ee,186600,2.27751,2.12989,1.44412,89.3985,0,0,186318,0,12.4613,278,0,0,0.00196164,3.55956e-05,0,1.58357e-06,0.000702818,0.000704402,282,0.000703335,packed
armadillo-rollers,tight,cell2d,317vf,vf,77826,2.35002,1.60761,1.256,36.1302,0,0,77445,0,6.46335,376,0,0,0.00160166,8.15464e-06,0,1.5084e-07,0.000854449,0.0008546,381,0.000854492,packed
armadillo-rollers,tight,cell2d,323ee,ee,689071,2.72102,7.15085,7.04237,45.4314,0,0,686293,0,18.1879,2773,0,0,0.00188727,1.58196e-06,0,4.44367e-07,0.000421894,0.000422338,2778,0.000421524,packed
armadillo-rollers,tight,cell2d,329vf,vf,242154,3.14187,6.51771,0.91012,1.4831,0,0,242140,0,1.17354,14,0,0,2.11067e-05,2.40317e-06,0,3.59738e-06,0.131565,0.131569,14,0.131565,packed
armadillo-rollers,tight,cell2d,335ee,ee,69302,2.68905,1.65304,0.784235,34.0736,0,0,69090,0,3.76262,210,0,0,5.75602e-05,3.97559e-06,0,1.96371e-06,0.00644478,0.00644675,212,0.00644493,packed
armadillo-rollers,tight,cell2d,340vf,vf,30379,2.78386,0.990022,0.698158,6.6276,0,0,30337,0,1.09818,42,0,0,6.77582e-05,5.59683e-06,0,5.92889e-06,0.0304595,0.0304655,42,0.0304608,packed
armadillo-rollers,tight,cell2d,347ee,ee,55997,2.66258,1.6685,0.449492,9.06527,0,0,55942,0,2.07636,55,0,0,8.0681e-05,4.13815e-06,0,6.99847e-07,0.00506027,0.00506097,55,0.0050602,packed
armadillo-rollers,tight,cell2d,352vf,vf,12619,2.66159,0.724589,0.575024,3.21985,0,0,12600,0,1.16775,19,0,0,8.09834e-05,1.45245e-05,0,6.03172e-06,0.048074,0.04808,19,0.0480733,packed
armadillo-rollers,tight,cell2d,359ee,ee,84437,2.63689,1.48639,0.543826,20.054,0,0,83919,0,4.26696,518,0,0,0.000134835,4.79895e-07,0,2.3594e-07,0.00385336,0.00385359,518,0.00385332,packed
armadillo-rollers,tight,cell2d,364vf,vf,118626,3.31114,4.6217,0.568785,0.593521,0,0,118618,0,0.657007,8,0,0,3.63698e-06,1.22951e-06,0,3.27296e-06,0.0855026,0.0855058,8,0.0855026,packed
armadillo-rollers,tight,cell2d,370ee,ee,123009,3.03067,1.71336,0.654767,4.37044,0,0,122947,0,1.87118,62,0,0,1.33985e-05,1.41297e-06,0,1.38979e-06,0.00219984,0.00220123,62,0.0022006,packed
armadillo-rollers,tight,cell2d,376vf,vf,12605,2.7421,0.892584,0.62296,0.419989,0,0,12602,0,1.03706,3,0,0,6.22099e-05,6.44396e-06,0,5.80162e-05,0.10327,0.103328,3,0.103266,packed
armadillo-rollers,tight,cell2d,382ee,ee,44101,2.53532,1.3351,0.471667,4.73911,0,0,44046,0,2.70486,55,0,0,5.98431e-05,9.1433e-07,0,1.02918e-06,0.00384183,0.00384286,55,0.00384188,packed
armadillo-rollers,tight,cell2d,388vf,vf,17036,2.83199,0.902953,0.437588,4.87744,0,0,17019,0,2.58819,16,0,0,0.000259075,1.94418e-06,0,8.62124e-07,0.0158499,0.0158507,17,0.0158501,packed
armadillo-rollers,tight,cell2d,394ee,ee,74754,2.73285,1.50041,0.52229,7.63721,0,0,74669,0,2.31824,84,0,0,0.000153254,1.06439e-06,0,5.72429e-07,0.00290983,0.00291041,85,0.00290966,packed
armadillo-rollers,tight,cell2d,39vf,vf,63229,2.94539,2.11838,0.379414,0.502643,0,0,63224,0,0.791947,5,0,0,5.67432e-06,1.06139e-06,0,1.15392e-06,0.110382,0.110383,5,0.110382,packed
armadillo-rollers,tight,cell2d,45vf,vf,220522,2.42304,3.78841,0.760748,1.70012,0,0,220513,0,1.01821,9,0,0,2.98217e-05,5.24933e-06,0,1.28636e-05,0.044588,0.0446009,9,0.044589,packed
armadillo-rollers,tight,cell2d,51vf,vf,28410,2.76085,2.03582,0.692589,0.951463,2,0,28405,0,0.813419,3,0,0,0.000208081,3.06875e-05,0,3.30254e-05,0.25797,0.258003,5,0.257973,packed
armadillo-rollers,tight,cell2d,58ee,ee,143517,2.79353,3.57674,0.763884,4.01861,0,0,143479,0,2.4327,38,0,0,7.26704e-05,2.32629e-06,0,7.73388e-07,0.00393711,0.00393788,38,0.00393677,packed
armadillo-rollers,tight,cell2d,63vf,vf,42577,2.94978,1.79499,0.281561,4.08415,0,0,42500,0,1.31561,75,0,0,1.45625e-05,1.06836e-06,0,4.56391e-07,0.00477099,0.00477144,77,0.00477076,packed
armadillo-rollers,tight,cell2d,6ee,ee,158816,2.84031,1.74709,0.742508,0.179131,0,0,158814,0,0.857673,2,0,0,3.9253e-05,3.9253e-05,0,5.43424e-06,0.0284901,0.0284955,2,0.0284901,packed
armadillo-rollers,tight,cell2d,75vf,vf,17302,2.82882,0.917192,0.520754,0.83137,0,0,17292,0,0.966407,10,0,0,2.20508e-06,1.37499e-06,0,1.34964e-06,0.0344498,0.0344511,10,0.0344498,packed
armadillo-rollers,tight,cell2d,81ee,ee,134694,2.89432,1.80542,0.822763,1.79672,0,0,134678,0,2.37831,16,0,0,7.47494e-05,1.48671e-06,0,3.51575e-06,0.0452314,0.0452349,16,0.0452318,packed
armadillo-rollers,tight,cell2d,87vf,vf,81694,3.00146,1.69442,0.785003,0.43362,0,0,81693,0,1.19744,1,0,0,1.22551e-05,1.22551e-05,0,1.22551e-05,0.164291,0.164304,1,0.164291,packed
armadillo-rollers,tight,cell2d,94ee,ee,222570,2.86204,2.1226,0.953831,9.6472,0,0,222502,0,2.80156,68,0,0,0.000527194,6.61845e-06,0,1.20117e-06,0.000765579,0.00076678,68,0.000763893,packed
armadillo-rollers,tight,cell2d,100ee,ee,225252,0.84913,3.0188,0.958119,6.30841,0,0,225187,0,5.17225,65,0,0,0.000110117,1.15441e-06,0,3.74875e-07,0.00103063,0.001031,65,0.00102997,gather
armadillo-rollers,tight,cell2d,106vf,vf,68065,0.942823,1.70383,0.755916,1.53247,0,0,68053,0,0.932776,11,0,0,7.28679e-05,2.44371e-06,0,1.8651e-06,0.0262971,0.026299,12,0.0262971,gather
armadillo-rollers,tight,cell2d,112vf,vf,22154,1.15978,0.849033,0.260249,0.280601,0,0,22151,0,0.364183,3,0,0,9.49321e-06,2.40187e-06,0,2.40187e-06,0.238825,0.238827,3,0.238825,gather
armadillo-rollers,tight,cell2d,119vf,vf,33604,0.994725,0.743597,0.469971,0.458644,0,0,33600,0,1.06052,4,0,0,9.31144e-06,4.63769e-06,0,4.63769e-06,0.00977039,0.00977503,4,0.00977039,gather
armadillo-rollers,tight,cell2d,125vf,vf,86557,1.08963,1.38476,0.407254,15.0098,0,0,85674,0,8.72758,882,0,0,6.45071e-05,5.20363e-07,0,3.31317e-07,0.000486494,0.000486825,883,0.000486493,gather
armadillo-rollers,tight,cell2d,131ee,ee,151877,1.16247,1.99643,0.7939,25.8298,0,0,149783,0,8.53571,2094,0,0,6.85279e-05,3.61481e-07,0,1.26651e-07,0.000169172,0.000169299,2094,0.000169277,gather
armadillo-rollers,tight,cell2d,138ee,ee,103311,1.06471,1.95048,0.60488,16.8603,0,0,101881,0,6.25235,1430,0,0,1.83929e-05,4.54495e-07,0,3.20133e-07,0.000391278,0.000391598,1430,0.000391245,gather
armadillo-rollers,tight,cell2d,144vf,vf,14297,0.974726,0.735469,0.606032,0.782315,0,0,14294,0,1.01492,2,0,0,0.000186136,0.000186136,0,9.2503e-06,0.0888462,0.0888555,3,0.0888462,gather
armadillo-rollers,tight,cell2d,150ee,ee,217174,0.992358,2.44602,0.988869,26.3804,0,0,214316,0,9.84425,2858,0,0,2.30722e-05,2.49871e-07,0,1.59439e-07,0.000235348,0.000235508,2858,0.000235319,gather
armadillo-rollers,tight,cell2d,157ee,ee,51080,1.03066,1.90347,0.445492,2.53827,0,0,51050,0,2.25332,30,0,0,9.38738e-05,2.3749e-06,0,8.46064e-06,0.0157676,0.0157761,30,0.0157661,gather
armadillo-rollers,tight,cell2d,163ee,ee,49599,0.979334,1.66981,0.380406,2.50653,0,0,49580,0,1.34192,19,0,0,0.000119239,8.02027e-06,0,2.23552e-05,0.0382462,0.0382685,19,0.0382462,gather
armadillo-rollers,tight,cell2d,169vf,vf,13374,1.01773,0.828779,0.37903,1.83784,0,0,13348,0,1.12455,26,0,0,1.77964e-05,2.94301e-06,0,5.1325e-07,0.0120237,0.0120242,26,0.0120239,gather
armadillo-rollers,tight,cell2d,175ee,ee,51829,1.03741,1.71128,0.407477,2.04215,0,0,51821,0,1.96689,8,0,0,0.00104547,5.05564e-05,0,6.22654e-06,0.0224669,0.0224731,8,0.0224609,gather
armadillo-rollers,tight,cell2d,181ee,ee,51170,1.04759,1.96942,1.0416,7.51964,0,0,51141,0,2.65279,28,0,0,0.00128491,6.46424e-06,0,2.09999e-06,0.00310575,0.00310785,29,0.00310564,gather
armadillo-rollers,tight,cell2d,187vf,vf,23580,1.10919,0.834026,0.369751,1.05386,0,0,23565,0,0.8938,15,0,0,7.97105e-06,9.10471e-07,0,3.35212e-06,0.0258804,0.0258838,15,0.0258794,gather
armadillo-rollers,tight,cell2d,193ee,ee,60618,1.04199,1.79035,0.811275,4.99417,0,0,60575,0,2.38925,43,0,0,8.33211e-05,4.1757e-06,0,1.43838e-06,0.00437331,0.00437475,43,0.00437355,gather
armadillo-rollers,tight,cell2d,199vf,vf,14455,1.10493,0.603312,0.418869,0.069598,0,0,14453,0,1.49039,2,0,0,6.75287e-07,6.75287e-07,0,4.73437e-07,0.050205,0.0502054,2,0.0502048,gather
armadillo-rollers,tight,cell2d,205ee,ee,51277,0.997157,2.11751,0.415957,4.10604,0,0,51223,0,2.00974,54,0,0,0.000113443,1.69641e-06,0,4.63178e-07,0.00163338,0.00163384,54,0.00163317,gather
armadillo-rollers,tight,cell2d,210vf,vf,14783,1.04612,0.734029,3.03886,3.02136,0,0,14769,0,3.11573,14,0,0,0.000164511,2.25646e-06,0,1.04217e-06,0.00194694,0.00194798,14,0.00194693,gather
armadillo-rollers,tight,cell2d,217ee,ee,57259,1.07872,2.15613,1.06516,18.4796,0,0,57152,0,4.45476,106,0,0,0.00187151,4.70564e-06,0,1.25191e-06,0.000620904,0.000622156,107,0.000620842,gather
armadillo-rollers,tight,cell2d,222vf,vf,18500,1.05514,0.793131,0.712141,0.308696,0,0,18494,0,2.43283,6,0,0,4.00523e-06,2.27833e-06,0,8.16282e-07,0.00214222,0.00214304,6,0.00214243,gather
armadillo-rollers,tight,cell2d,229ee,ee,303368,1.02887,2.41856,1.44063,37.5717,0,0,299350,0,34.6527,4015,0,0,0.00367297,3.52246e-07,0,7.25553e-08,2.86514e-05,2.87239e-05,4018,2.86102e-05,gather
armadillo-rollers,tight,cell2d,234vf,vf,22667,1.03565,0.781387,0.506579,1.9604,0,0,22659,0,1.35808,8,0,0,8.5145e-05,2.10782e-05,0,1.84741e-05,0.0345201,0.0345386,8,0.0345201,gather
armadillo-rollers,tight,cell2d,240ee,ee,121741,1.05002,2.18321,0.956839,8.23754,0,0,121639,0,2.25488,102,0,0,3.25986e-05,6.68788e-07,0,1.52444e-06,0.00429775,0.00429927,102,0.00429726,gather
armadillo-rollers,tight,cell2d,246vf,vf,34492,1.05117,0.923271,0.489267,0.606864,0,0,34485,0,1.44175,7,0,0,2.97204e-05,2.25818e-06,0,1.39491e-05,0.0296775,0.0296915,7,0.0296783,gather
armadillo-rollers,tight,cell2d,252ee,ee,106945,1.09488,2.30925,0.804075,11.8999,0,0,106875,0,2.61471,70,0,0,0.000176354,7.50863e-06,0,1.80235e-06,0.00120457,0.00120637,70,0.00120544,gather
armadillo-rollers,tight,cell2d,258vf,vf,36913,1.0832,0.891176,1.23123,9.22939,0,0,36879,0,3.00696,34,0,0,0.000454721,2.62181e-05,0,4.23403e-05,0.0617913,0.0618336,34,0.0618,gather
armadillo-rollers,tight,cell2d,264ee,ee,130094,1.10932,2.67455,1.07556,26.5263,0,0,129930,0,8.78943,164,0,0,0.000662816,9.26199e-06,0,1.1746e-06,0.00103501,0.00103619,164,0.00103378,gather
armadillo-rollers,tight,cell2d,26vf,vf,57372,1.0969,0.790571,0.45266,5.13494,0,0,57311,0,1.67548,59,0,0,2.04653e-05,1.86145e-06,0,1.11952e-06,0.00349741,0.00349853,61,0.00349712,gather
armadillo-rollers,tight,cell2d,276ee,ee,147789,1.16842,3.61526,1.12884,48.0841,0,0,147605,0,7.31805,182,0,0,0.00398066,1.16498e-05,0,9.30356e-06,0.00233891,0.00234821,184,0.00233936,gather
armadillo-rollers,tight,cell2d,281vf,vf,62328,1.14154,1.26918,1.33801,42.5182,0,0,61881,0,21.8125,444,0,0,0.00169614,1.29778e-05,0,5.12074e-06,0.00212075,0.00212587,447,0.00212097,gather
armadillo-rollers,tight,cell2d,288ee,ee,190569,2.11866,3.7439,1.29325,99.2843,1,0,190271,0,18.0486,294,0,0,0.00223484,1.26201e-05,0,2.50304e-07,0.000349992,0.000350242,298,0.000349998,gather
armadillo-rollers,tight,cell2d,293vf,vf,52927,1.20525,1.29216,1.38265,16.443,0,0,52875,0,4.90697,52,0,0,0.000371217,2.09969e-05,0,4.93069e-06,0.0103232,0.0103281,52,0.010324,gather
armadillo-rollers,tight,cell2d,29ee,ee,257518,1.07459,1.61285,1.1296,2.51939,1,0,257507,0,1.86606,8,0,0,5.63906e-05,2.17776e-05,0,7.82607e-06,0.018604,0.0186118,11,0.0186033,gather
armadillo-rollers,tight,cell2d,305vf,vf,49983,1.13085,0.739053,1.62591,22.2663,0,0,49924,0,5.08927,58,0,0,0.000594457,5.4627e-05,0,1.12433e-06,0.00296375,0.00296488,59,0.00296307,gather
armadillo-rollers,tight,cell2d,311ee,ee,186600,1.09844,2.38346,1.41289,89.4373,0,0,186318,0,12.4512,278,0,0,0.00196164,3.55956e-05,0,1.58357e-06,0.000702818,0.000704402,282,0.000703335,gather
armadillo-rollers,tight,cell2d,317vf,vf,77826,1.21898,1.78594,1.24214,36.1269,0,0,77445,0,6.39478,376,0,0,0.00160166,8.15464e-06,0,1.5084e-07,0.000854449,0.0008546,381,0.000854492,gather
armadillo-rollers,tight,cell2d,323ee,ee,689071,1.06365,8.90735,6.94913,45.1577,0,0,686293,0,17.9523,2773,0,0,0.00188727,1.58196e-06,0,4.44367e-07,0.000421894,0.000422338,2778,0.000421524,gather
armadillo-rollers,tight,cell2d,329vf,vf,242154,1.0656,7.34195,0.921511,1.39542,0,0,242140,0,1.09639,14,0,0,2.11067e-05,2.40317e-06,0,3.59738e-06,0.131565,0.131569,14,0.131565,gather
armadillo-rollers,tight,cell2d,335ee,ee,69302,1.06752,1.55842,0.703054,33.8529,0,0,69090,0,3.74636,210,0,0,5.75602e-05,3.97559e-06,0,1.96371e-06,0.00644478,0.00644675,212,0.00644493,gather
armadillo-rollers,tight,cell2d,340vf,vf,30379,0.964679,1.16176,0.711757,6.55362,0,0,30337,0,1.08298,42,0,0,6.77582e-05,5.59683e-06,0,5.92889e-06,0.0304595,0.0304655,42,0.0304608,gather
armadillo-rollers,tight,cell2d,347ee,ee,55997,0.941095,1.51273,0.424117,8.88584,0,0,55942,0,2.05854,55,0,0,8.0681e-05,4.13815e-06,0,6.99847e-07,0.00506027,0.00506097,55,0.0050602,gather
armadillo-rollers,tight,cell2d,352vf,vf,12619,0.933639,0.527122,0.529266,3.12148,0,0,12600,0,1.16621,19,0,0,8.09834e-05,1.45245e-05,0,6.75591e-06,0.0480733,0.04808,19,0.0480733,gather
armadillo-rollers,tight,cell2d,359ee,ee,84437,0.948487,1.49766,0.495667,19.969,0,0,83919,0,4.15128,518,0,0,0.000134835,4.79895e-07,0,2.3594e-07,0.00385336,0.00385359,518,0.00385332,gather
armadillo-rollers,tight,cell2d,364vf,vf,118626,1.09635,7.45664,0.535217,0.534674,0,0,118618,0,0.569553,8,0,0,3.63698e-06,1.22951e-06,0,3.27296e-06,0.0855026,0.0855058,8,0.0855026,gather
armadillo-rollers,tight,cell2d,370ee,ee,123009,1.03568,1.67621,0.635248,4.23461,0,0,122947,0,1.76069,62,0,0,1.33985e-05,1.41297e-06,0,1.38979e-06,0.00219984,0.00220123,62,0.0022006,gather
armadillo-rollers,tight,cell2d,376vf,vf,12605,0.982054,0.556145,0.570865,0.330583,0,0,12602,0,1.02458,3,0,0,6.22099e-05,6.44396e-06,0,5.80162e-05,0.10327,0.103328,3,0.103266,gather
armadillo-rollers,tight,cell2d,382ee,ee,44101,0.958214,1.32237,0.396214,4.5891,0,0,44046,0,2.65164,55,0,0,5.98431e-05,9.1433e-07,0,1.02918e-06,0.00384183,0.00384286,55,0.00384188,gather
armadillo-rollers,tight,cell2d,388vf,vf,17036,1.01479,0.613296,0.464372,4.7249,0,0,17019,0,2.49894,16,0,0,0.000259075,1.94418e-06,0,8.62124e-07,0.0158499,0.0158507,17,0.0158501,gather
armadillo-rollers,tight,cell2d,394ee,ee,74754,1.03725,1.42323,0.480243,7.48051,0,0,74669,0,2.23015,84,0,0,0.000153254,1.06439e-06,0,5.72429e-07,0.00290983,0.00291041,85,0.00290966,gather
armadillo-rollers,tight,cell2d,39vf,vf,63229,1.0872,2.72146,0.310264,0.425652,0,0,63224,0,0.72702,5,0,0,5.67432e-06,1.06139e-06,0,1.15392e-06,0.110382,0.110383,5,0.110382,gather
armadillo-rollers,tight,cell2d,45vf,vf,220522,0.962055,4.73853,0.775691,1.53705,0,0,220513,0,0.755788,9,0,0,2.98217e-05,5.24933e-06,0,1.28636e-05,0.044588,0.0446009,9,0.044589,gather
armadillo-rollers,tight,cell2d,51vf,vf,28410,1.04586,3.01458,0.677295,0.856937,2,0,28405,0,0.704718,3,0,0,0.000208081,3.06875e-05,0,3.30254e-05,0.25797,0.258003,5,0.257973,gather
armadillo-rollers,tight,cell2d,58ee,ee,143517,1.03837,3.9597,0.700269,3.93369,0,0,143479,0,2.31725,38,0,0,7.26704e-05,2.32629e-06,0,7.73388e-07,0.00393711,0.00393788,38,0.00393677,gather
armadillo-rollers,tight,cell2d,63vf,vf,42577,1.07517,2.1754,0.225626,3.95138,0,0,42500,0,1.24394,75,0,0,1.45625e-05,1.06836e-06,0,4.56391e-07,0.00477099,0.00477144,77,0.00477076,gather
armadillo-rollers,tight,cell2d,6ee,ee,158816,1.03613,2.00507,0.676975,0.10883,0,0,158814,0,0.674894,2,0,0,3.9253e-05,3.9253e-05,0,5.43424e-06,0.0284901,0.0284955,2,0.0284901,gather
armadillo-rollers,tight,cell2d,75vf,vf,17302,1.02813,0.636335,0.510003,0.736141,0,0,17292,0,0.935335,10,0,0,2.20508e-06,1.37499e-06,0,1.34964e-06,0.0344498,0.0344511,10,0.0344498,gather
armadillo-rollers,tight,cell2d,81ee,ee,134694,1.02375,2.00667,0.773707,1.69893,0,0,134678,0,2.14132,16,0,0,7.47494e-05,1.48671e-06,0,3.51575e-06,0.0452314,0.0452349,16,0.0452318,gather
armadillo-rollers,tight,cell2d,87vf,vf,81694,1.01601,1.72581,0.749324,0.349335,0,0,81693,0,1.1225,1,0,0,1.22551e-05,1.22551e-05,0,1.22551e-05,0.164291,0.164304,1,0.164291,gather
armadillo-rollers,tight,cell2d,94ee,ee,222570,1.06413,2.37222,1.01959,9.53044,0,0,222502,0,2.51913,68,0,0,0.000527194,6.61845e-06,0,1.20117e-06,0.000765579,0.00076678,68,0.000763893,gather
armadillo-rollers,tight,cell2d,100ee,ee,225252,0.846442,2.96242,0.943048,6.32556,0,0,225187,0,5.09974,65,0,0,0.000110117,1.15441e-06,0,5.02533e-07,0.0010305,0.001031,65,0.00102997,gather
armadillo-rollers,tight,cell2d,106vf,vf,68065,1.19712,1.71535,0.761964,1.53446,0,0,68053,0,0.937031,11,0,0,7.28679e-05,2.44371e-06,0,1.8651e-06,0.0262971,0.026299,12,0.0262971,gather
armadillo-rollers,tight,cell2d,112vf,vf,22154,1.01089,0.764332,0.251705,0.273529,0,0,22151,0,0.384182,3,0,0,9.49321e-06,2.40187e-06,0,2.40187e-06,0.238825,0.238827,3,0.238825,gather
armadillo-rollers,tight,cell2d,119vf,vf,33604,0.999365,0.716525,0.325464,0.454356,0,0,33600,0,1.05047,4,0,0,9.31144e-06,4.63769e-06,0,5.12233e-06,0.00976991,0.00977503,4,0.00977039,gather
armadillo-rollers,tight,cell2d,125vf,vf,86557,0.972262,1.41023,0.416981,14.94,0,0,85674,0,8.69916,882,0,0,6.45071e-05,5.20363e-07,0,3.31317e-07,0.000486494,0.000486825,883,0.000486493,gather
armadillo-rollers,tight,cell2d,131ee,ee,151877,1.08231,2.09905,0.837674,25.8867,0,0,149783,0,8.42327,2094,0,0,6.85279e-05,3.61481e-07,0,1.26651e-07,0.000169172,0.000169299,2094,0.000169277,gather
armadillo-rollers,tight,cell2d,138ee,ee,103311,1.07341,1.89077,0.68219,16.8893,0,0,101881,0,6.28044,1430,0,0,1.83929e-05,4.54495e-07,0,3.20133e-07,0.000391278,0.000391598,1430,0.000391245,gather
armadillo-rollers,tight,cell2d,144vf,vf,14297,1.05588,0.548818,0.591056,0.792875,0,0,14294,0,1.02513,2,0,0,0.000186136,0.000186136,0,9.2503e-06,0.0888462,0.0888555,3,0.0888462,gather
armadillo-rollers,tight,cell2d,150ee,ee,217174,1.01319,2.39107,1.01037,26.4412,0,0,214316,0,9.86678,2858,0,0,2.30722e-05,2.49871e-07,0,1.59439e-07,0.000235348,0.000235508,2858,0.000235319,gather
armadillo-rollers,tight,cell2d,157ee,ee,51080,1.05063,1.8477,0.445749,2.5471,0,0,51050,0,2.3153,30,0,0,9.38738e-05,2.3749e-06,0,8.46064e-06,0.0157676,0.0157761,30,0.0157661,gather
armadillo-rollers,tight,cell2d,163ee,ee,49599,1.06928,1.7077,0.389493,2.47629,0,0,49580,0,1.39718,19,0,0,0.000119239,8.02027e-06,0,2.23552e-05,0.0382462,0.0382685,19,0.0382462,gather
armadillo-rollers,tight,cell2d,169vf,vf,13374,1.01741,0.673454,0.429013,1.86491,0,0,13348,0,1.13226,26,0,0,1.77964e-05,2.94301e-06,0,5.1325e-07,0.0120237,0.0120242,26,0.0120239,gather
armadillo-rollers,tight,cell2d,175ee,ee,51829,1.0041,1.75758,0.400758,2.05214,0,0,51821,0,1.94833,8,0,0,0.00104547,5.05564e-05,0,6.22654e-06,0.0224669,0.0224731,8,0.0224609,gather
armadillo-rollers,tight,cell2d,181ee,ee,51170,1.06493,1.91787,1.07133,7.53199,0,0,51141,0,2.66547,28,0,0,0.00128491,6.46424e-06,0,2.18511e-06,0.00310566,0.00310785,29,0.00310564,gather
armadillo-rollers,tight,cell2d,187vf,vf,23580,1.07146,0.83745,0.391958,1.03924,0,0,23565,0,0.880937,15,0,0,7.97105e-06,9.10471e-07,0,3.5347e-06,0.0258803,0.0258838,15,0.0258794,gather
armadillo-rollers,tight,cell2d,193ee,ee,60618,1.01293,1.80331,0.816266,5.01392,0,0,60575,0,2.43334,43,0,0,8.33211e-05,4.1757e-06,0,1.68938e-06,0.00437306,0.00437475,43,0.00437355,gather
armadillo-rollers,tight,cell2d,199vf,vf,14455,1.07421,0.608144,0.410741,0.067615,0,0,14453,0,1.53346,2,0,0,6.75287e-07,6.75287e-07,0,4.73437e-07,0.050205,0.0502054,2,0.0502048,gather
armadillo-rollers,tight,cell2d,205ee,ee,51277,1.00234,2.10599,0.416981,4.11154,0,0,51223,0,2.07431,54,0,0,0.000113443,1.69641e-06,0,4.63178e-07,0.00163338,0.00163384,54,0.00163317,gather
armadillo-rollers,tight,cell2d,210vf,vf,14783,1.00961,0.745005,3.02376,3.06229,0,0,14769,0,3.17345,14,0,0,0.000164511,2.25646e-06,0,1.04217e-06,0.00194694,0.00194798,14,0.00194693,gather
armadillo-rollers,tight,cell2d,217ee,ee,57259,0.978566,2.20679,1.15447,18.5238,0,0,57152,0,4.46686,106,0,0,0.00187151,4.70564e-06,0,1.25191e-06,0.000620904,0.000622156,107,0.000620842,gather
armadillo-rollers,tight,cell2d,222vf,vf,18500,1.04701,0.68971,0.680366,0.30588,0,0,18494,0,2.37949,6,0,0,4.00523e-06,2.27833e-06,0,8.16282e-07,0.00214222,0.00214304,6,0.00214243,gather
armadillo-rollers,tight,cell2d,229ee,ee,303368,0.997606,2.50288,1.38304,37.5917,0,0,299350,0,34.9826,4015,0,0,0.00367297,3.52246e-07,0,4.09862e-08,2.86829e-05,2.87239e-05,4018,2.86102e-05,gather
armadillo-rollers,tight,cell2d,234vf,vf,22667,0.979622,0.716141,0.481556,1.99182,0,0,22659,0,1.29657,8,0,0,8.5145e-05,2.10782e-05,0,1.84741e-05,0.0345201,0.0345386,8,0.0345201,gather
armadillo-rollers,tight,cell2d,240ee,ee,121741,1.13853,2.11188,0.967975,8.1762,0,0,121639,0,2.30864,102,0,0,3.25986e-05,6.68788e-07,0,7.61647e-07,0.00429851,0.00429927,102,0.00429726,gather
armadillo-rollers,tight,cell2d,246vf,vf,34492,1.05956,0.730093,0.483891,0.60168,0,0,34485,0,1.40323,7,0,0,2.97204e-05,2.25818e-06,0,1.39491e-05,0.0296775,0.0296915,7,0.0296783,gather
armadillo-rollers,tight,cell2d,252ee,ee,106945,1.10512,2.2697,0.777164,11.9097,0,0,106875,0,2.77609,70,0,0,0.000176354,7.50863e-06,0,1.80235e-06,0.00120457,0.00120637,70,0.00120544,gather
armadillo-rollers,tight,cell2d,258vf,vf,36913,1.08493,0.884009,1.31523,9.10958,0,0,36879,0,2.96991,34,0,0,0.000454721,2.62181e-05,0,4.23403e-05,0.0617913,0.0618336,34,0.0618,gather
armadillo-rollers,tight,cell2d,264ee,ee,130094,1.10061,2.70054,1.06468,26.6306,0,0,129930,0,8.84975,164,0,0,0.000662816,9.26199e-06,0,1.1746e-06,0.00103501,0.00103619,164,0.00103378,gather
armadillo-rollers,tight,cell2d,26vf,vf,57372,1.12439,0.700206,0.502067,5.13446,0,0,57311,0,1.62815,59,0,0,2.04653e-05,1.86145e-06,0,1.11952e-06,0.00349741,0.00349853,61,0.00349712,gather
armadillo-rollers,tight,cell2d,276ee,ee,147789,1.14355,3.66771,1.19869,48.2595,0,0,147605,0,7.23306,182,0,0,0.00398066,1.16498e-05,0,9.30356e-06,0.00233891,0.00234821,184,0.00233936,gather
armadillo-rollers,tight,cell2d,281vf,vf,62328,1.18135,1.252,1.32592,42.3995,0,0,61881,0,21.8381,444,0,0,0.00169614,1.29778e-05,0,5.12074e-06,0.00212075,0.00212587,447,0.00212097,gather
armadillo-rollers,tight,cell2d,288ee,ee,190569,1.14614,3.73974,1.28502,99.3661,1,0,190271,0,18.1143,294,0,0,0.00223484,1.26201e-05,0,2.50304e-07,0.000349992,0.000350242,298,0.000349998,gather
armadillo-rollers,tight,cell2d,293vf,vf,52927,1.20826,1.29104,1.44438,16.4531,0,0,52875,0,4.85241,52,0,0,0.000371217,2.09969e-05,0,4.93069e-06,0.0103232,0.0103281,52,0.010324,gather
armadillo-rollers,tight,cell2d,29ee,ee,257518,1.13591,1.53161,1.0241,2.45587,1,0,257507,0,1.93828,8,0,0,5.63906e-05,2.17776e-05,0,7.82607e-06,0.018604,0.0186118,11,0.0186033,gather
armadillo-rollers,tight,cell2d,305vf,vf,49983,1.07328,0.732461,1.63369,22.1421,0,0,49924,0,5.01721,58,0,0,0.000594457,5.4627e-05,0,1.12433e-06,0.00296375,0.00296488,59,0.00296307,gather
armadillo-rollers,tight,cell2d,311ee,ee,186600,1.11367,2.46681,1.40864,89.151,0,0,186318,0,12.3487,278,0,0,0.00196164,3.55956e-05,0,1.58357e-06,0.000702818,0.000704402,282,0.000703335,gather
armadillo-rollers,tight,cell2d,317vf,vf,77826,1.23798,1.7941,1.25178,36.2171,0,0,77445,0,6.2576,376,0,0,0.00160166,8.15464e-06,0,1.5084e-07,0.000854449,0.0008546,381,0.000854492,gather
armadillo-rollers,tight,cell2d,323ee,ee,689071,1.20048,8.91583,7.01252,45.2854,0,0,686293,0,18.0473,2773,0,0,0.00188727,1.58196e-06,0,4.44367e-07,0.000421894,0.000422338,2778,0.000421524,gather
armadillo-rollers,tight,cell2d,329vf,vf,242154,1.17034,7.35485,0.92548,1.37424,0,0,242140,0,1.11763,14,0,0,2.11067e-05,2.40317e-06,0,3.59738e-06,0.131565,0.131569,14,0.131565,gather
armadillo-rollers,tight,cell2d,335ee,ee,69302,1.07143,1.61234,0.719309,33.9419,0,0,69090,0,3.75283,210,0,0,5.75602e-05,3.97559e-06,0,1.96371e-06,0.00644478,0.00644675,212,0.00644493,gather
armadillo-rollers,tight,cell2d,340vf,vf,30379,1.37907,1.17606,0.717165,6.566,0,0,30337,0,1.06653,42,0,0,6.77582e-05,5.59683e-06,0,5.92889e-06,0.0304595,0.0304655,42,0.0304608,gather
armadillo-rollers,tight,cell2d,347ee,ee,55997,1.05456,1.57039,0.432276,8.85218,0,0,55942,0,2.00158,55,0,0,8.0681e-05,4.13815e-06,0,6.99847e-07,0.00506027,0.00506097,55,0.0050602,gather
armadillo-rollers,tight,cell2d,352vf,vf,12619,1.00004,0.721101,0.54341,3.13742,0,0,12600,0,1.21434,19,0,0,8.09834e-05,1.45245e-05,0,6.03172e-06,0.048074,0.04808,19,0.0480733,gather
armadillo-rollers,tight,cell2d,359ee,ee,84437,1.09952,1.49503,0.505746,20.0443,0,0,83919,0,4.20504,518,0,0,0.000134835,4.79895e-07,0,2.3594e-07,0.00385336,0.00385359,518,0.00385332,gather
armadillo-rollers,tight,cell2d,364vf,vf,118626,1.18893,7.55695,0.542226,0.435124,0,0,118618,0,0.622767,8,0,0,3.63698e-06,1.22951e-06,0,3.20741e-06,0.0855026,0.0855058,8,0.0855026,gather
armadillo-rollers,tight,cell2d,370ee,ee,123009,1.12576,1.64092,0.67979,4.26619,0,0,122947,0,1.74731,62,0,0,1.33985e-05,1.41297e-06,0,1.38979e-06,0.00219984,0.00220123,62,0.0022006,gather
armadillo-rollers,tight,cell2d,376vf,vf,12605,1.07415,0.740812,0.582513,0.338839,0,0,12602,0,1.02957,3,0,0,6.22099e-05,6.44396e-06,0,5.80162e-05,0.10327,0.103328,3,0.103266,gather
armadillo-rollers,tight,cell2d,382ee,ee,44101,1.05149,1.34614,0.385814,4.65348,0,0,44046,0,2.64582,55,0,0,5.98431e-05,9.1433e-07,0,1.02918e-06,0.00384183,0.00384286,55,0.00384188,gather
armadillo-rollers,tight,cell2d,388vf,vf,17036,1.192,0.857961,0.485171,4.8385,0,0,17019,0,2.60057,16,0,0,0.000259075,1.94418e-06,0,8.62124e-07,0.0158499,0.0158507,17,0.0158501,gather
armadillo-rollers,tight,cell2d,394ee,ee,74754,1.15383,1.52732,0.500051,7.49948,0,0,74669,0,2.22993,84,0,0,0.000153254,1.06439e-06,0,5.72429e-07,0.00290983,0.00291041,85,0.00290966,gather
armadillo-rollers,tight,cell2d,39vf,vf,63229,1.17942,2.73087,0.323767,0.420917,0,0,63224,0,0.756012,5,0,0,5.67432e-06,1.06139e-06,0,1.15392e-06,0.110382,0.110383,5,0.110382,gather
armadillo-rollers,tight,cell2d,45vf,vf,220522,1.13034,4.75668,0.791467,1.5823,0,0,220513,0,0.773163,9,0,0,2.98217e-05,5.24933e-06,0,1.28636e-05,0.044588,0.0446009,9,0.044589,gather
armadillo-rollers,tight,cell2d,51vf,vf,28410,1.20125,3.01599,0.691886,0.877321,2,0,28405,0,0.752012,3,0,0,0.000208081,3.06875e-05,0,3.30254e-05,0.25797,0.258003,5,0.257973,gather
armadillo-rollers,tight,cell2d,58ee,ee,143517,1.19018,3.99772,0.702894,3.92764,0,0,143479,0,2.31085,38,0,0,7.26704e-05,2.32629e-06,0,7.73388e-07,0.00393711,0.00393788,38,0.00393677,gather
armadillo-rollers,tight,cell2d,63vf,vf,42577,1.16755,2.18973,0.23977,4.03522,0,0,42500,0,1.26157,75,0,0,1.45625e-05,1.06836e-06,0,4.56391e-07,0.00477099,0.00477144,77,0.00477076,gather
armadillo-rollers,tight,cell2d,6ee,ee,158816,1.2448,2.05227,0.67691,0.104797,0,0,158814,0,0.685454,2,0,0,3.9253e-05,3.9253e-05,0,5.43424e-06,0.0284901,0.0284955,2,0.0284901,gather
armadillo-rollers,tight,cell2d,75vf,vf,17302,1.15741,0.800075,0.558097,0.753996,0,0,17292,0,0.928968,10,0,0,2.20508e-06,1.37499e-06,0,1.34964e-06,0.0344498,0.0344511,10,0.0344498,gather
armadillo-rollers,tight,cell2d,81ee,ee,134694,1.21581,2.21229,0.809707,1.70357,0,0,134678,0,2.15978,16,0,0,7.47494e-05,1.48671e-06,0,3.51575e-06,0.0452314,0.0452349,16,0.0452318,gather
armadillo-rollers,tight,cell2d,87vf,vf,81694,1.14525,1.7341,0.768524,0.36655,0,0,81693,0,1.21392,1,0,0,1.22551e-05,1.22551e-05,0,1.22551e-05,0.164291,0.164304,1,0.164291,gather
armadillo-rollers,tight,cell2d,94ee,ee,222570,1.18694,2.45056,0.9218,9.48797,0,0,222502,0,2.55936,68,0,0,0.000527194,6.61845e-06,0,1.20117e-06,0.000765579,0.00076678,68,0.000763893,gather
armadillo-rollers,tight,cell2d,100ee,ee,225252,0.789259,3.02171,0.904264,6.29942,0,0,225187,0,5.07715,65,0,0,0.000110117,1.15441e-06,0,5.02533e-07,0.0010305,0.001031,65,0.00102997,gather
armadillo-rollers,tight,cell2d,106vf,vf,68065,0.927688,1.8069,0.765452,1.53852,0,0,68053,0,0.918056,11,0,0,7.28679e-05,2.44371e-06,0,1.8651e-06,0.0262971,0.026299,12,0.0262971,gather
armadillo-rollers,tight,cell2d,112vf,vf,22154,1.22819,0.88724,0.265401,0.271577,0,0,22151,0,0.366071,3,0,0,9.49321e-06,2.40187e-06,0,2.40187e-06,0.238825,0.238827,3,0.238825,gather
armadillo-rollers,tight,cell2d,119vf,vf,33604,1.01946,0.891912,0.521618,0.460244,0,0,33600,0,1.03255,4,0,0,9.31144e-06,4.63769e-06,0,4.63769e-06,0.00977039,0.00977503,4,0.00977039,gather
armadillo-rollers,tight,cell2d,125vf,vf,86557,1.00113,1.5519,0.422293,14.943,0,0,85674,0,8.75756,882,0,0,6.45071e-05,5.20363e-07,0,3.31317e-07,0.000486494,0.000486825,883,0.000486493,gather
armadillo-rollers,tight,cell2d,131ee,ee,151877,1.22662,2.05873,0.795435,25.6981,0,0,149783,0,8.38919,2094,0,0,6.85279e-05,3.61481e-07,0,1.26651e-07,0.000169172,0.000169299,2094,0.000169277,gather
armadillo-rollers,tight,cell2d,138ee,ee,103311,1.11994,2.07326,0.597104,16.9816,0,0,101881,0,6.351,1430,0,0,1.83929e-05,4.54495e-07,0,3.20133e-07,0.000391278,0.000391598,1430,0.000391245,gather
armadillo-rollers,tight,cell2d,144vf,vf,14297,1.05767,0.730477,0.617168,0.789099,0,0,14294,0,0.968646,2,0,0,0.000186136,0.000186136,0,9.2503e-06,0.0888462,0.0888555,3,0.0888462,gather
armadillo-rollers,tight,cell2d,150ee,ee,217174,1.16522,2.34477,0.990982,26.6345,0,0,214316,0,9.90185,2858,0,0,2.30722e-05,2.49871e-07,0,1.6959e-07,0.000235338,0.000235508,2858,0.000235319,gather
armadillo-rollers,tight,cell2d,157ee,ee,51080,0.988262,1.90683,0.451028,2.51206,0,0,51050,0,2.29056,30,0,0,9.38738e-05,2.3749e-06,0,8.46064e-06,0.0157676,0.0157761,30,0.0157661,gather
armadillo-rollers,tight,cell2d,163ee,ee,49599,1.06138,1.72091,0.388309,2.47088,0,0,49580,0,1.33968,19,0,0,0.000119239,8.02027e-06,0,2.23552e-05,0.0382462,0.0382685,19,0.0382462,gather
armadillo-rollers,tight,cell2d,169vf,vf,13374,1.00506,0.586929,0.450772,1.78213,0,0,13348,0,1.11011,26,0,0,1.77964e-05,2.94301e-06,0,1.98465e-07,0.012024,0.0120242,26,0.0120239,gather
armadillo-rollers,tight,cell2d,175ee,ee,51829,0.965862,1.78949,0.404182,2.08522,0,0,51821,0,1.95192,8,0,0,0.00104547,5.05564e-05,0,6.22654e-06,0.0224669,0.0224731,8,0.0224609,gather
armadillo-rollers,tight,cell2d,181ee,ee,51170,1.07072,1.98788,1.06394,7.55023,0,0,51141,0,2.71436,28,0,0,0.00128491,6.46424e-06,0,2.09999e-06,0.00310575,0.00310785,29,0.00310564,gather
armadillo-rollers,tight,cell2d,187vf,vf,23580,1.10938,0.832266,0.400405,1.06714,0,0,23565,0,0.910152,15,0,0,7.97105e-06,9.10471e-07,0,3.5347e-06,0.0258803,0.0258838,15,0.0258794,gather
armadillo-rollers,tight,cell2d,193ee,ee,60618,1.0794,1.78514,0.799499,5.00086,0,0,60575,0,2.45299,43,0,0,8.33211e-05,4.1757e-06,0,1.68938e-06,0.00437306,0.00437475,43,0.00437355,gather
armadillo-rollers,tight,cell2d,199vf,vf,14455,1.11853,0.608112,0.426165,0.06851,0,0,14453,0,1.50722,2,0,0,6.75287e-07,6.75287e-07,0,4.73437e-07,0.050205,0.0502054,2,0.0502048,gather
armadillo-rollers,tight,cell2d,205ee,ee,51277,1.05114,2.14999,0.415765,4.08668,0,0,51223,0,1.98177,54,0,0,0.000113443,1.69641e-06,0,4.63178e-07,0.00163338,0.00163384,54,0.00163317,gather
armadillo-rollers,tight,cell2d,210vf,vf,14783,1.00849,0.745132,3.06673,3.06507,0,0,14769,0,3.12625,14,0,0,0.000164511,2.25646e-06,0,1.04217e-06,0.00194694,0.00194798,14,0.00194693,gather
armadillo-rollers,tight,cell2d,217ee,ee,57259,0.992742,2.09255,1.13891,18.5002,0,0,57152,0,4.48955,106,0,0,0.00187151,4.70564e-06,0,1.25191e-06,0.000620904,0.000622156,107,0.000620842,gather
armadillo-rollers,tight,cell2d,222vf,vf,18500,1.02932,0.697486,0.697389,0.305912,0,0,18494,0,2.39783,6,0,0,4.00523e-06,2.27833e-06,0,8.16282e-07,0.00214222,0.00214304,6,0.00214243,gather
armadillo-rollers,tight,cell2d,229ee,ee,303368,1.08676,2.52211,1.3798,37.3777,0,0,299350,0,34.8197,4015,0,0,0.00367297,3.52246e-07,0,7.25553e-08,2.86514e-05,2.87239e-05,4018,2.86102e-05,gather
armadillo-rollers,tight,cell2d,234vf,vf,22667,0.978471,0.698861,0.462228,1.92795,0,0,22659,0,1.33667,8,0,0,8.5145e-05,2.10782e-05,0,1.84741e-05,0.0345201,0.0345386,8,0.0345201,gather
armadillo-rollers,tight,cell2d,240ee,ee,121741,1.00589,2.13508,1.03012,8.16244,0,0,121639,0,2.23408,102,0,0,3.25986e-05,6.68788e-07,0,1.52444e-06,0.00429775,0.00429927,102,0.00429726,gather
armadillo-rollers,tight,cell2d,246vf,vf,34492,1.03357,0.722765,0.54085,0.621136,0,0,34485,0,1.53462,7,0,0,2.97204e-05,2.25818e-06,0,1.39491e-05,0.0296775,0.0296915,7,0.0296783,gather
armadillo-rollers,tight,cell2d,252ee,ee,106945,1.11143,2.29175,0.815403,11.9205,0,0,106875,0,2.70482,70,0,0,0.000176354,7.50863e-06,0,1.43408e-06,0.00120494,0.00120637,70,0.00120544,gather
armadillo-rollers,tight,cell2d,258vf,vf,36913,1.08317,0.927911,1.25875,9.25777,0,0,36879,0,2.98322,34,0,0,0.000454721,2.62181e-05,0,4.23403e-05,0.0617913,0.0618336,34,0.0618,gather
armadillo-rollers,tight,cell2d,264ee,ee,130094,1.09018,2.80668,1.07741,26.6133,0,0,129930,0,8.90821,164,0,0,0.000662816,9.26199e-06,0,1.1746e-06,0.00103501,0.00103619,164,0.00103378,gather
armadillo-rollers,tight,cell2d,26vf,vf,57372,1.11805,0.774348,0.496211,5.11462,0,0,57311,0,1.67996,59,0,0,2.04653e-05,1.86145e-06,0,1.11952e-06,0.00349741,0.00349853,61,0.00349712,gather
armadillo-rollers,tight,cell2d,276ee,ee,147789,1.10509,3.62707,1.13149,47.9918,0,0,147605,0,7.35814,182,0,0,0.00398066,1.16498e-05,0,9.30356e-06,0.00233891,0.00234821,184,0.00233936,gather
armadillo-rollers,tight,cell2d,281vf,vf,62328,1.11312,1.26537,1.32749,42.7214,0,0,61881,0,22.0338,444,0,0,0.00169614,1.29778e-05,0,5.12074e-06,0.00212075,0.00212587,447,0.00212097,gather
armadillo-rollers,tight,cell2d,288ee,ee,190569,1.08871,3.79193,1.3662,99.6237,1,0,190271,0,18.0296,294,0,0,0.00223484,1.26201e-05,0,2.50304e-07,0.000349992,0.000350242,298,0.000349998,gather
armadillo-rollers,tight,cell2d,293vf,vf,52927,1.16531,1.35817,1.39324,16.5065,0,0,52875,0,4.87232,52,0,0,0.000371217,2.09969e-05,0,4.93069e-06,0.0103232,0.0103281,52,0.010324,gather
armadillo-rollers,tight,cell2d,29ee,ee,257518,1.09866,1.60076,1.03469,2.5863,1,0,257507,0,1.93073,8,0,0,5.63906e-05,2.17776e-05,0,7.82607e-06,0.018604,0.0186118,11,0.0186033,gather
armadillo-rollers,tight,cell2d,305vf,vf,49983,1.10615,0.737004,1.6716,22.2888,0,0,49924,0,5.02726,58,0,0,0.000594457,5.4627e-05,0,1.12433e-06,0.00296375,0.00296488,59,0.00296307,gather
armadillo-rollers,tight,cell2d,311ee,ee,186600,1.09187,2.38845,1.45436,88.7805,0,0,186318,0,12.4029,278,0,0,0.00196164,3.55956e-05,0,1.58357e-06,0.000702818,0.000704402,282,0.000703335,gather
armadillo-rollers,tight,cell2d,317vf,vf,77826,1.12967,1.82738,1.27712,36.023,0,0,77445,0,6.38562,376,0,0,0.00160166,8.15464e-06,0,1.5084e-07,0.000854449,0.0008546,381,0.000854492,gather
armadillo-rollers,tight,cell2d,323ee,ee,689071,1.06787,8.94236,6.97722,45.1344,0,0,686293,0,17.9335,2773,0,0,0.00188727,1.58196e-06,0,4.44367e-07,0.000421894,0.000422338,2778,0.000421524,gather
armadillo-rollers,tight,cell2d,329vf,vf,242154,1.0777,7.39379,0.919112,1.3967,0,0,242140,0,1.12471,14,0,0,2.11067e-05,2.40317e-06,0,3.59738e-06,0.131565,0.131569,14,0.131565,gather
armadillo-rollers,tight,cell2d,335ee,ee,69302,0.93924,1.55753,0.888297,33.756,0,0,69090,0,3.73405,210,0,0,5.75602e-05,3.97559e-06,0,1.96371e-06,0.00644478,0.00644675,212,0.00644493,gather
armadillo-rollers,tight,cell2d,340vf,vf,30379,0.999557,1.17386,0.693101,6.53531,0,0,30337,0,1.09347,42,0,0,6.77582e-05,5.59683e-06,0,5.92889e-06,0.0304595,0.0304655,42,0.0304608,gather
armadillo-rollers,tight,cell2d,347ee,ee,55997,0.967527,1.52841,0.423253,8.863,0,0,55942,0,2.06734,55,0,0,8.0681e-05,4.13815e-06,0,6.99847e-07,0.00506027,0.00506097,55,0.0050602,gather
armadillo-rollers,tight,cell2d,352vf,vf,12619,0.917064,0.524082,0.536114,3.12763,0,0,12600,0,1.17328,19,0,0,8.09834e-05,1.45245e-05,0,6.03172e-06,0.048074,0.04808,19,0.0480733,gather
armadillo-rollers,tight,cell2d,359ee,ee,84437,0.958823,1.52281,0.503027,19.8713,0,0,83919,0,4.13701,518,0,0,0.000134835,4.79895e-07,0,2.3594e-07,0.00385336,0.00385359,518,0.00385332,gather
armadillo-rollers,tight,cell2d,364vf,vf,118626,1.08602,7.46371,0.535826,0.431925,0,0,118618,0,0.562545,8,0,0,3.63698e-06,1.22951e-06,0,3.20741e-06,0.0855026,0.0855058,8,0.0855026,gather
armadillo-rollers,tight,cell2d,370ee,ee,123009,1.01965,1.62444,0.628496,4.28213,0,0,122947,0,1.8525,62,0,0,1.33985e-05,1.41297e-06,0,1.38979e-06,0.00219984,0.00220123,62,0.0022006,gather
armadillo-rollers,tight,cell2d,376vf,vf,12605,0.977766,0.53269,0.578545,0.332087,0,0,12602,0,0.990022,3,0,0,6.22099e-05,6.44396e-06,0,5.80162e-05,0.10327,0.103328,3,0.103266,gather
armadillo-rollers,tight,cell2d,382ee,ee,44101,1.00061,1.3519,0.382198,4.57063,0,0,44046,0,2.60895,55,0,0,5.98431e-05,9.1433e-07,0,1.02918e-06,0.00384183,0.00384286,55,0.00384188,gather
armadillo-rollers,tight,cell2d,388vf,vf,17036,1.07725,0.616944,0.479475,4.78154,0,0,17019,0,2.50454,16,0,0,0.000259075,1.94418e-06,0,8.62124e-07,0.0158499,0.0158507,17,0.0158501,gather
armadillo-rollers,tight,cell2d,394ee,ee,74754,1.00538,1.44803,0.512114,7.48217,0,0,74669,0,2.20353,84,0,0,0.000153254,1.06439e-06,0,5.72429e-07,0.00290983,0.00291041,85,0.00290966,gather
armadillo-rollers,tight,cell2d,39vf,vf,63229,1.07776,2.71372,0.31116,0.408789,0,0,63224,0,0.696974,5,0,0,5.67432e-06,1.06139e-06,0,1.15392e-06,0.110382,0.110383,5,0.110382,gather
armadillo-rollers,tight,cell2d,45vf,vf,220522,0.923847,4.73149,0.83825,1.52969,0,0,220513,0,0.756652,9,0,0,2.98217e-05,5.24933e-06,0,1.28636e-05,0.044588,0.0446009,9,0.044589,gather
armadillo-rollers,tight,cell2d,51vf,vf,28410,1.06429,3.01118,0.688302,0.86097,2,0,28405,0,0.690542,3,0,0,0.000208081,3.06875e-05,0,3.30254e-05,0.25797,0.258003,5,0.257973,gather
armadillo-rollers,tight,cell2d,58ee,ee,143517,1.04032,3.99545,0.766252,3.93231,0,0,143479,0,2.22874,38,0,0,7.26704e-05,2.32629e-06,0,7.73388e-07,0.00393711,0.00393788,38,0.00393677,gather
armadillo-rollers,tight,cell2d,63vf,vf,42577,1.0593,2.17681,0.234969,4.01951,0,0,42500,0,1.26227,75,0,0,1.45625e-05,1.06836e-06,0,4.56391e-07,0.00477099,0.00477144,77,0.00477076,gather
armadillo-rollers,tight,cell2d,6ee,ee,158816,1.04948,1.97486,0.671695,0.103933,0,0,158814,0,0.67371,2,0,0,3.9253e-05,3.9253e-05,0,5.43424e-06,0.0284901,0.0284955,2,0.0284901,gather
armadillo-rollers,tight,cell2d,75vf,vf,17302,1.0369,0.669134,0.518002,0.743596,0,0,17292,0,0.939271,10,0,0,2.20508e-06,1.37499e-06,0,1.34964e-06,0.0344498,0.0344511,10,0.0344498,gather
armadillo-rollers,tight,cell2d,81ee,ee,134694,1.09808,2.00628,0.7619,1.72408,0,0,134678,0,2.12686,16,0,0,7.47494e-05,1.48671e-06,0,3.51575e-06,0.0452314,0.0452349,16,0.0452318,gather
armadillo-rollers,tight,cell2d,87vf,vf,81694,1.02135,1.71288,0.747052,0.348823,0,0,81693,0,1.19053,1,0,0,1.22551e-05,1.22551e-05,0,1.22551e-05,0.164291,0.164304,1,0.164291,gather
armadillo-rollers,tight,cell2d,94ee,ee,222570,1.02077,2.40672,0.91748,9.53575,0,0,222502,0,2.5456,68,0,0,0.000527194,6.61845e-06,0,1.20117e-06,0.000765579,0.00076678,68,0.000763893,gather
armadillo-rollers,tight,cell2dmin,100ee,ee,225252,1.25718,0.929384,0.954887,6.32451,0,0,225187,0,6.30582,65,0,0,0.000110117,1.15441e-06,0,7.43065e-07,0.00103026,0.001031,65,0.00102997,packed
armadillo-rollers,tight,cell2dmin,106vf,vf,68065,1.22746,1.3743,0.742828,1.53705,0,0,68053,0,0.947527,11,0,0,7.28679e-05,2.44371e-06,0,1.8651e-06,0.0262971,0.026299,12,0.0262971,packed
armadillo-rollers,tight,cell2dmin,112vf,vf,22154,1.47855,0.83633,0.271641,0.283416,0,0,22151,0,0.389334,3,0,0,9.49321e-06,2.40187e-06,0,2.40187e-06,0.238825,0.238827,3,0.238825,packed
armadillo-rollers,tight,cell2dmin,119vf,vf,33604,1.4342,0.782955,0.348791,0.484499,0,0,33600,0,1.08144,4,0,0,9.31144e-06,4.63769e-06,0,5.12233e-06,0.00976991,0.00977503,4,0.00977039,packed
armadillo-rollers,tight,cell2dmin,125vf,vf,86557,1.4741,1.10615,0.403254,15.0569,0,0,85674,0,8.77622,882,0,0,6.45071e-05,5.20363e-07,0,3.31317e-07,0.000486494,0.000486825,883,0.000486493,packed
armadillo-rollers,tight,cell2dmin,131ee,ee,151877,1.67576,0.84097,1.04289,25.9513,0,0,149783,0,8.07201,2094,0,0,6.85279e-05,3.61481e-07,0,4.38298e-08,0.000169255,0.000169299,2094,0.000169277,packed
armadillo-rollers,tight,cell2dmin,138ee,ee,103311,1.6101,0.511955,0.649166,16.9532,0,0,101881,0,6.6324,1430,0,0,1.83929e-05,4.54495e-07,0,2.91604e-07,0.000391307,0.000391598,1430,0.000391245,packed
armadillo-rollers,tight,cell2dmin,144vf,vf,14297,1.60889,0.783915,0.661711,0.808522,0,0,14294,0,1.01607,2,0,0,0.000186136,0.000186136,0,9.2503e-06,0.0888462,0.0888555,3,0.0888462,packed
armadillo-rollers,tight,cell2dmin,150ee,ee,217174,1.37408,0.622448,1.00084,26.5828,0,0,214316,0,9.62055,2858,0,0,2.30722e-05,2.49871e-07,0,1.78161e-07,0.00023533,0.000235508,2858,0.000235319,packed
armadillo-rollers,tight,cell2dmin,157ee,ee,51080,1.31804,0.469076,0.393238,2.54828,0,0,51050,0,0.939687,30,0,0,9.38738e-05,2.3749e-06,0,7.12436e-06,0.015769,0.0157761,30,0.0157661,packed
armadillo-rollers,tight,cell2dmin,163ee,ee,49599,1.48313,0.423701,0.604656,2.50195,0,0,49580,0,1.31049,19,0,0,0.000119239,8.02027e-06,0,2.23552e-05,0.0382462,0.0382685,19,0.0382462,packed
armadillo-rollers,tight,cell2dmin,169vf,vf,13374,1.44223,0.806826,0.417429,1.84094,0,0,13348,0,1.14935,26,0,0,1.77964e-05,2.94301e-06,0,1.98465e-07,0.012024,0.0120242,26,0.0120239,packed
armadillo-rollers,tight,cell2dmin,175ee,ee,51829,1.39532,0.429493,1.20768,2.09444,0,0,51821,0,2.27575,8,0,0,0.00104547,5.05564e-05,0,1.21445e-05,0.022461,0.0224731,8,0.0224609,packed
armadillo-rollers,tight,cell2dmin,181ee,ee,51170,1.46934,0.423957,2.24836,7.56559,0,0,51141,0,2.59695,28,0,0,0.00128491,6.46424e-06,0,2.09999e-06,0.00310575,0.00310785,29,0.00310564,packed
armadillo-rollers,tight,cell2dmin,187vf,vf,23580,1.50313,0.913768,0.417237,1.08378,0,0,23565,0,0.901384,15,0,0,7.97105e-06,9.10471e-07,0,3.35212e-06,0.0258804,0.0258838,15,0.0258794,packed
armadillo-rollers,tight,cell2dmin,193ee,ee,60618,1.43366,0.467476,0.586897,5.11295,0,0,60575,0,2.34711,43,0,0,8.33211e-05,4.1757e-06,0,1.4166e-06,0.00437333,0.00437475,43,0.00437355,packed
armadillo-rollers,tight,cell2dmin,199vf,vf,14455,1.44825,0.757004,0.468531,0.074078,0,0,14453,0,1.52124,2,0,0,6.75287e-07,6.75287e-07,0,4.73437e-07,0.050205,0.0502054,2,0.0502048,packed
armadillo-rollers,tight,cell2dmin,205ee,ee,51277,1.40524,0.463156,0.450868,4.14456,0,0,51223,0,1.91697,54,0,0,0.000113443,1.69641e-06,0,4.93886e-07,0.00163335,0.00163384,54,0.00163317,packed
armadillo-rollers,tight,cell2dmin,210vf,vf,14783,1.35494,0.776459,3.13198,3.08753,0,0,14769,0,3.23294,14,0,0,0.000164511,2.25646e-06,0,1.04217e-06,0.00194694,0.00194798,14,0.00194693,packed
armadillo-rollers,tight,cell2dmin,217ee,ee,57259,1.37004,0.487763,2.00551,18.6292,0,0,57152,0,5.32856,106,0,0,0.00187151,4.70564e-06,0,1.34444e-06,0.000620811,0.000622156,107,0.000620842,packed
armadillo-rollers,tight,cell2dmin,222vf,vf,18500,1.45967,0.758156,0.730284,0.321112,0,0,18494,0,2.43315,6,0,0,4.00523e-06,2.27833e-06,0,8.16282e-07,0.00214222,0.00214304,6,0.00214243,packed
armadillo-rollers,tight,cell2dmin,229ee,ee,303368,1.27632,0.693742,2.19268,37.4256,0,0,299350,0,27.2115,4015,0,0,0.00367297,3.52246e-07,0,9.51799e-08,2.86287e-05,2.87239e-05,4018,2.86102e-05,packed
armadillo-rollers,tight,cell2dmin,234vf,vf,22667,1.26803,0.757548,0.530898,1.96708,0,0,22659,0,1.30787,8,0,0,8.5145e-05,2.10782e-05,0,1.84741e-05,0.0345201,0.0345386,8,0.0345201,packed
armadillo-rollers,tight,cell2dmin,240ee,ee,121741,1.34064,0.61016,0.781675,8.22334,0,0,121639,0,1.68632,102,0,0,3.25986e-05,6.68788e-07,0,7.93926e-07,0.00429848,0.00429927,102,0.00429726,packed
armadillo-rollers,tight,cell2dmin,246vf,vf,34492,1.40102,0.913768,0.604688,0.640335,0,0,34485,0,1.38374,7,0,0,2.97204e-05,2.25818e-06,0,1.39491e-05,0.0296775,0.0296915,7,0.0296783,packed
armadillo-rollers,tight,cell2dmin,252ee,ee,106945,1.39776,0.545042,0.826378,11.9272,0,0,106875,0,3.49936,70,0,0,0.000176354,7.50863e-06,0,1.24914e-06,0.00120512,0.00120637,70,0.00120544,packed
armadillo-rollers,tight,cell2dmin,258vf,vf,36913,1.47465,0.892392,1.25613,9.21182,0,0,36879,0,3.00581,34,0,0,0.000454721,2.62181e-05,0,4.23403e-05,0.0617913,0.0618336,34,0.0618,packed
armadillo-rollers,tight,cell2dmin,264ee,ee,130094,1.44387,0.541234,1.07699,26.7256,0,0,129930,0,6.80715,164,0,0,0.000662816,9.26199e-06,0,2.55371e-06,0.00103363,0.00103619,164,0.00103378,packed
armadillo-rollers,tight,cell2dmin,26vf,vf,57372,1.43155,0.832298,0.576689,5.15494,0,0,57311,0,1.72011,59,0,0,2.04653e-05,1.86145e-06,0,1.11952e-06,0.00349741,0.00349853,61,0.00349712,packed
armadillo-rollers,tight,cell2dmin,276ee,ee,147789,1.50892,0.591696,1.92731,48.3141,0,0,147605,0,6.05306,182,0,0,0.00398066,1.16498e-05,0,7.24464e-06,0.00234096,0.00234821,184,0.00233936,packed
armadillo-rollers,tight,cell2dmin,281vf,vf,62328,1.50665,1.05863,1.38166,42.7352,0,0,61881,0,21.9331,444,0,0,0.00169614,1.29778e-05,0,5.12074e-06,0.00212075,0.00212587,447,0.00212097,packed
armadillo-rollers,tight,cell2dmin,288ee,ee,190569,1.62431,0.650031,1.47059,99.8182,1,0,190271,0,10.9156,294,0,0,0.00223484,1.26201e-05,0,2.30579e-07,0.000350011,0.000350242,298,0.000349998,packed
armadillo-rollers,tight,cell2dmin,293vf,vf,52927,1.51599,1.04692,1.46137,16.4601,0,0,52875,0,4.91209,52,0,0,0.000371217,2.09969e-05,0,4.93069e-06,0.0103232,0.0103281,52,0.010324,packed
armadillo-rollers,tight,cell2dmin,29ee,ee,257518,1.46047,0.600272,1.01143,2.52749,1,0,257507,0,1.93029,8,0,0,5.63906e-05,2.17776e-05,0,7.82607e-06,0.018604,0.0186118,11,0.0186033,packed
armadillo-rollers,tight,cell2dmin,305vf,vf,49983,1.47161,0.97191,1.62264,22.1549,0,0,49924,0,5.14879,58,0,0,0.000594457,5.4627e-05,0,1.12433e-06,0.00296375,0.00296488,59,0.00296307,packed
armadillo-rollers,tight,cell2dmin,311ee,ee,186600,1.40563,0.616144,2.71372,89.2643,0,0,186318,0,11.9406,278,0,0,0.00196164,3.55956e-05,0,1.64459e-06,0.000702757,0.000704402,282,0.000703335,packed
armadillo-rollers,tight,cell2dmin,317vf,vf,77826,1.56421,1.4487,1.27593,36.1135,0,0,77445,0,6.39801,376,0,0,0.00160166,8.15464e-06,0,7.97495e-08,0.00085452,0.0008546,381,0.000854492,packed
armadillo-rollers,tight,cell2dmin,323ee,ee,689071,1.45839,2.20823,3.08642,45.2413,0,0,686293,0,15.8362,2773,0,0,0.00188727,1.58196e-06,0,9.50069e-07,0.000421388,0.000422338,2778,0.000421524,packed
armadillo-rollers,tight,cell2dmin,329vf,vf,242154,1.4925,6.247,0.936647,1.41244,0,0,242140,0,1.10484,14,0,0,2.11067e-05,2.40317e-06,0,3.59738e-06,0.131565,0.131569,14,0.131565,packed
armadillo-rollers,tight,cell2dmin,335ee,ee,69302,1.55378,0.470644,1.49986,34.2167,0,0,69090,0,3.67251,210,0,0,5.75602e-05,3.97559e-06,0,1.63026e-06,0.00644512,0.00644675,212,0.00644493,packed
armadillo-rollers,tight,cell2dmin,340vf,vf,30379,1.51772,0.916903,0.742989,6.53272,0,0,30337,0,1.04922,42,0,0,6.77582e-05,5.59683e-06,0,5.92889e-06,0.0304595,0.0304655,42,0.0304608,packed
armadillo-rollers,tight,cell2dmin,347ee,ee,55997,1.37305,0.446804,0.633807,8.93538,0,0,55942,0,2.08468,55,0,0,8.0681e-05,4.13815e-06,0,4.83319e-07,0.00506049,0.00506097,55,0.0050602,packed
armadillo-rollers,tight,cell2dmin,352vf,vf,12619,1.40476,0.773676,0.53941,3.1219,0,0,12600,0,1.15638,19,0,0,8.09834e-05,1.45245e-05,0,6.03172e-06,0.048074,0.04808,19,0.0480733,packed
armadillo-rollers,tight,cell2dmin,359ee,ee,84437,1.39631,0.447252,0.546482,20.0425,0,0,83919,0,3.25358,518,0,0,0.000134835,4.79895e-07,0,2.20306e-07,0.00385337,0.00385359,518,0.00385332,packed
armadillo-rollers,tight,cell2dmin,364vf,vf,118626,1.5799,4.45652,0.507763,0.478707,0,0,118618,0,0.625871,8,0,0,3.63698e-06,1.22951e-06,0,3.20741e-06,0.0855026,0.0855058,8,0.0855026,packed
armadillo-rollers,tight,cell2dmin,370ee,ee,123009,1.62921,0.509139,0.628271,4.33182,0,0,122947,0,1.80539,62,0,0,1.33985e-05,1.41297e-06,0,1.44453e-06,0.00219979,0.00220123,62,0.0022006,packed
armadillo-rollers,tight,cell2dmin,376vf,vf,12605,1.30432,0.800875,0.583313,0.345047,0,0,12602,0,1.03796,3,0,0,6.22099e-05,6.44396e-06,0,5.80162e-05,0.10327,0.103328,3,0.103266,packed
armadillo-rollers,tight,cell2dmin,382ee,ee,44101,1.33846,0.456756,0.382454,4.649,0,0,44046,0,1.90917,55,0,0,5.98431e-05,9.1433e-07,0,9.50596e-07,0.00384191,0.00384286,55,0.00384188,packed
armadillo-rollers,tight,cell2dmin,388vf,vf,17036,1.47142,0.85377,0.510514,4.85594,0,0,17019,0,2.52905,16,0,0,0.000259075,1.94418e-06,0,8.62124e-07,0.0158499,0.0158507,17,0.0158501,packed
armadillo-rollers,tight,cell2dmin,394ee,ee,74754,1.38582,0.540018,0.868681,7.53507,0,0,74669,0,2.11527,84,0,0,0.000153254,1.06439e-06,0,5.72429e-07,0.00290983,0.00291041,85,0.00290966,packed
armadillo-rollers,tight,cell2dmin,39vf,vf,63229,1.67973,1.89467,0.323832,0.42962,0,0,63224,0,0.789387,5,0,0,5.67432e-06,1.06139e-06,0,1.15392e-06,0.110382,0.110383,5,0.110382,packed
armadillo-rollers,tight,cell2dmin,45vf,vf,220522,1.41987,3.55994,0.785548,1.59839,0,0,220513,0,0.782283,9,0,0,2.98217e-05,5.24933e-06,0,1.28636e-05,0.044588,0.0446009,9,0.044589,packed
armadillo-rollers,tight,cell2dmin,51vf,vf,28410,1.50726,1.92692,0.721709,0.885096,2,0,28405,0,0.70251,3,0,0,0.000208081,3.06875e-05,0,3.30254e-05,0.25797,0.258003,5,0.257973,packed
armadillo-rollers,tight,cell2dmin,58ee,ee,143517,1.51532,0.487091,0.713006,3.9557,0,0,143479,0,2.39786,38,0,0,7.26704e-05,2.32629e-06,0,1.11518e-06,0.00393677,0.00393788,38,0.00393677,packed
armadillo-rollers,tight,cell2dmin,63vf,vf,42577,1.52303,1.58172,0.242489,4.03721,0,0,42500,0,1.27046,75,0,0,1.45625e-05,1.06836e-06,0,4.56391e-07,0.00477099,0.00477144,77,0.00477076,packed
armadillo-rollers,tight,cell2dmin,6ee,ee,158816,1.49033,0.517491,0.698093,0.115069,0,0,158814,0,0.702285,2,0,0,3.9253e-05,3.9253e-05,0,5.43424e-06,0.0284901,0.0284955,2,0.0284901,packed
armadillo-rollers,tight,cell2dmin,75vf,vf,17302,1.42182,0.701806,0.540978,0.7499,0,0,17292,0,0.934247,10,0,0,2.20508e-06,1.37499e-06,0,1.34964e-06,0.0344498,0.0344511,10,0.0344498,packed
armadillo-rollers,tight,cell2dmin,81ee,ee,134694,1.48598,0.517138,0.854218,1.75272,0,0,134678,0,1.6662,16,0,0,7.47494e-05,1.48671e-06,0,3.51575e-06,0.0452314,0.0452349,16,0.0452318,packed
armadillo-rollers,tight,cell2dmin,87vf,vf,81694,1.49762,1.41715,0.749516,0.383125,0,0,81693,0,1.12656,1,0,0,1.22551e-05,1.22551e-05,0,1.22551e-05,0.164291,0.164304,1,0.164291,packed
armadillo-rollers,tight,cell2dmin,94ee,ee,222570,1.43881,0.594832,0.919624,9.60903,0,0,222502,0,2.47216,68,0,0,0.000527194,6.61845e-06,0,1.33015e-06,0.00076545,0.00076678,68,0.000763893,packed
armadillo-rollers,tight,cell2dmin,100ee,ee,225252,0.83137,0.764652,0.945832,6.32991,0,0,225187,0,6.28476,65,0,0,0.000110117,1.15441e-06,0,7.43065e-07,0.00103026,0.001031,65,0.00102997,packed
armadillo-rollers,tight,cell2dmin,106vf,vf,68065,1.04397,1.35683,0.75038,1.53494,0,0,68053,0,0.952231,11,0,0,7.28679e-05,2.44371e-06,0,1.8651e-06,0.0262971,0.026299,12,0.0262971,packed
armadillo-rollers,tight,cell2dmin,112vf,vf,22154,1.40943,0.652558,0.260985,0.257658,0,0,22151,0,0.366295,3,0,0,9.49321e-06,2.40187e-06,0,2.40187e-06,0.238825,0.238827,3,0.238825,packed
armadillo-rollers,tight,cell2dmin,119vf,vf,33604,1.32345,0.697166,0.358902,0.457172,0,0,33600,0,1.04372,4,0,0,9.31144e-06,4.63769e-06,0,5.12233e-06,0.00976991,0.00977503,4,0.00977039,packed
armadillo-rollers,tight,cell2dmin,125vf,vf,86557,1.34361,1.1033,0.399126,14.9832,0,0,85674,0,8.7118,882,0,0,6.45071e-05,5.20363e-07,0,3.31317e-07,0.000486494,0.000486825,883,0.000486493,packed
armadillo-rollers,tight,cell2dmin,131ee,ee,151877,1.5221,0.781484,1.03649,25.8844,0,0,149783,0,8.1155,2094,0,0,6.85279e-05,3.61481e-07,0,4.38298e-08,0.000169255,0.000169299,2094,0.000169277,packed
armadillo-rollers,tight,cell2dmin,138ee,ee,103311,1.27251,0.483827,0.579793,16.9554,0,0,101881,0,6.49231,1430,0,0,1.83929e-05,4.54495e-07,0,2.91604e-07,0.000391307,0.000391598,1430,0.000391245,packed
armadillo-rollers,tight,cell2dmin,144vf,vf,14297,1.25961,0.750988,0.617647,0.791787,0,0,14294,0,1.02436,2,0,0,0.000186136,0.000186136,0,9.2503e-06,0.0888462,0.0888555,3,0.0888462,packed
armadillo-rollers,tight,cell2dmin,150ee,ee,217174,1.24771,0.538546,1.06186,26.5074,0,0,214316,0,9.59341,2858,0,0,2.30722e-05,2.49871e-07,0,1.78161e-07,0.00023533,0.000235508,2858,0.000235319,packed
armadillo-rollers,tight,cell2dmin,157ee,ee,51080,1.1848,0.414517,0.486963,2.54646,0,0,51050,0,1.25978,30,0,0,9.38738e-05,2.3749e-06,0,7.12436e-06,0.015769,0.0157761,30,0.0157661,packed
armadillo-rollers,tight,cell2dmin,163ee,ee,49599,1.33875,0.425621,0.59736,2.49171,0,0,49580,0,1.30157,19,0,0,0.000119239,8.02027e-06,0,2.23552e-05,0.0382462,0.0382685,19,0.0382462,packed
armadillo-rollers,tight,cell2dmin,169vf,vf,13374,1.27286,0.658767,0.415157,1.79336,0,0,13348,0,1.14071,26,0,0,1.77964e-05,2.94301e-06,0,1.98465e-07,0.012024,0.0120242,26,0.0120239,packed
armadillo-rollers,tight,cell2dmin,175ee,ee,51829,1.28803,0.417493,1.1912,2.03377,0,0,51821,0,2.2514,8,0,0,0.00104547,5.05564e-05,0,1.21445e-05,0.022461,0.0224731,8,0.0224609,packed
armadillo-rollers,tight,cell2dmin,181ee,ee,51170,1.33021,0.414581,2.25844,7.61836,0,0,51141,0,2.58569,28,0,0,0.00128491,6.46424e-06,0,2.09999e-06,0.00310575,0.00310785,29,0.00310564,packed
armadillo-rollers,tight,cell2dmin,187vf,vf,23580,1.29916,0.828202,0.38735,1.0416,0,0,23565,0,0.893352,15,0,0,7.97105e-06,9.10471e-07,0,3.5347e-06,0.0258803,0.0258838,15,0.0258794,packed
armadillo-rollers,tight,cell2dmin,193ee,ee,60618,1.27801,0.433652,0.673038,5.00169,0,0,60575,0,2.25297,43,0,0,8.33211e-05,4.1757e-06,0,1.51906e-06,0.00437323,0.00437475,43,0.00437355,packed
armadillo-rollers,tight,cell2dmin,199vf,vf,14455,1.30457,0.7363,0.44994,0.067326,0,0,14453,0,1.52418,2,0,0,6.75287e-07,6.75287e-07,0,4.73437e-07,0.050205,0.0502054,2,0.0502048,packed
armadillo-rollers,tight,cell2dmin,205ee,ee,51277,1.22963,0.428981,0.440916,4.14367,0,0,51223,0,2.01623,54,0,0,0.000113443,1.69641e-06,0,4.93886e-07,0.00163335,0.00163384,54,0.00163317,packed
armadillo-rollers,tight,cell2dmin,210vf,vf,14783,1.27497,0.633647,3.13096,3.03006,0,0,14769,0,3.12712,14,0,0,0.000164511,2.25646e-06,0,1.04217e-06,0.00194694,0.00194798,14,0.00194693,packed
armadillo-rollers,tight,cell2dmin,217ee,ee,57259,1.17434,0.45858,1.97182,18.6438,0,0,57152,0,5.36306,106,0,0,0.00187151,4.70564e-06,0,1.34444e-06,0.000620811,0.000622156,107,0.000620842,packed
armadillo-rollers,tight,cell2dmin,222vf,vf,18500,1.30483,0.737421,0.687694,0.310327,0,0,18494,0,2.41779,6,0,0,4.00523e-06,2.27833e-06,0,8.16282e-07,0.00214222,0.00214304,6,0.00214243,packed
armadillo-rollers,tight,cell2dmin,229ee,ee,303368,1.17738,0.62984,2.20576,37.3945,0,0,299350,0,27.2408,4015,0,0,0.00367297,3.52246e-07,0,9.51799e-08,2.86287e-05,2.87239e-05,4018,2.86102e-05,packed
armadillo-rollers,tight,cell2dmin,234vf,vf,22667,1.16698,0.787755,0.498995,2.00401,0,0,22659,0,1.29152,8,0,0,8.5145e-05,2.10782e-05,0,1.84741e-05,0.0345201,0.0345386,8,0.0345201,packed
armadillo-rollers,tight,cell2dmin,240ee,ee,121741,1.24768,0.533778,0.769323,8.1881,0,0,121639,0,1.6661,102,0,0,3.25986e-05,6.68788e-07,0,7.93926e-07,0.00429848,0.00429927,102,0.00429726,packed
armadillo-rollers,tight,cell2dmin,246vf,vf,34492,1.22694,0.858921,0.505619,0.603248,0,0,34485,0,1.41708,7,0,0,2.97204e-05,2.25818e-06,0,1.39491e-05,0.0296775,0.0296915,7,0.0296783,packed
armadillo-rollers,tight,cell2dmin,252ee,ee,106945,1.26054,0.477971,0.9154,11.9618,0,0,106875,0,3.43876,70,0,0,0.000176354,7.50863e-06,0,1.24914e-06,0.00120512,0.00120637,70,0.00120544,packed
armadillo-rollers,tight,cell2dmin,258vf,vf,36913,1.40707,0.879881,1.27187,9.20622,0,0,36879,0,2.99666,34,0,0,0.000454721,2.62181e-05,0,4.23403e-05,0.0617913,0.0618336,34,0.0618,packed
armadillo-rollers,tight,cell2dmin,264ee,ee,130094,1.26729,0.538354,1.14522,26.7034,0,0,129930,0,6.65022,164,0,0,0.000662816,9.26199e-06,0,2.55371e-06,0.00103363,0.00103619,164,0.00103378,packed
armadillo-rollers,tight,cell2dmin,26vf,vf,57372,1.31321,0.778028,0.45506,5.13891,0,0,57311,0,1.69519,59,0,0,2.04653e-05,1.86145e-06,0,1.11952e-06,0.00349741,0.00349853,61,0.00349712,packed
armadillo-rollers,tight,cell2dmin,276ee,ee,147789,1.27097,0.560497,1.95998,48.231,0,0,147605,0,5.98691,182,0,0,0.00398066,1.16498e-05,0,7.24464e-06,0.00234096,0.00234821,184,0.00233936,packed
armadillo-rollers,tight,cell2dmin,281vf,vf,62328,1.40918,1.00432,1.34579,42.6695,0,0,61881,0,21.9794,444,0,0,0.00169614,1.29778e-05,0,5.12074e-06,0.00212075,0.00212587,447,0.00212097,packed
armadillo-rollers,tight,cell2dmin,288ee,ee,190569,1.30397,0.687086,1.42128,100.712,1,0,190271,0,10.9542,294,0,0,0.00223484,1.26201e-05,0,3.32118e-07,0.00034991,0.000350242,298,0.000349998,packed
armadillo-rollers,tight,cell2dmin,293vf,vf,52927,1.36889,0.900265,1.41433,16.4547,0,0,52875,0,4.88522,52,0,0,0.000371217,2.09969e-05,0,4.93069e-06,0.0103232,0.0103281,52,0.010324,packed
armadillo-rollers,tight,cell2dmin,29ee,ee,257518,1.28649,0.458708,1.0089,2.50553,1,0,257507,0,1.98417,8,0,0,5.63906e-05,2.17776e-05,0,7.82607e-06,0.018604,0.0186118,11,0.0186033,packed
armadillo-rollers,tight,cell2dmin,305vf,vf,49983,1.28525,0.861577,1.58079,22.3508,0,0,49924,0,5.08038,58,0,0,0.000594457,5.4627e-05,0,1.12433e-06,0.00296375,0.00296488,59,0.00296307,packed
armadillo-rollers,tight,cell2dmin,311ee,ee,186600,1.25466,0.53013,2.6534,89.3426,0,0,186318,0,11.942,278,0,0,0.00196164,3.55956e-05,0,1.64459e-06,0.000702757,0.000704402,282,0.000703335,packed
armadillo-rollers,tight,cell2dmin,317vf,vf,77826,1.47679,1.39497,1.26032,36.1262,0,0,77445,0,6.39318,376,0,0,0.00160166,8.15464e-06,0,7.97495e-08,0.00085452,0.0008546,381,0.000854492,packed
armadillo-rollers,tight,cell2dmin,323ee,ee,689071,1.23469,2.1227,3.2251,45.6577,0,0,686293,0,15.8783,2773,0,0,0.00188727,1.58196e-06,0,9.50069e-07,0.000421388,0.000422338,2778,0.000421524,packed
armadillo-rollers,tight,cell2dmin,329vf,vf,242154,1.33721,6.25558,0.908456,1.40435,0,0,242140,0,1.14154,14,0,0,2.11067e-05,2.40317e-06,0,3.59738e-06,0.131565,0.131569,14,0.131565,packed
armadillo-rollers,tight,cell2dmin,335ee,ee,69302,1.37129,0.44274,1.42655,33.9959,0,0,69090,0,3.60461,210,0,0,5.75602e-05,3.97559e-06,0,1.63026e-06,0.00644512,0.00644675,212,0.00644493,packed
armadillo-rollers,tight,cell2dmin,340vf,vf,30379,1.33283,0.886952,0.707469,6.55989,0,0,30337,0,1.12887,42,0,0,6.77582e-05,5.59683e-06,0,5.92889e-06,0.0304595,0.0304655,42,0.0304608,packed
armadillo-rollers,tight,cell2dmin,347ee,ee,55997,1.20858,0.420341,0.681134,8.91621,0,0,55942,0,2.01975,55,0,0,8.0681e-05,4.13815e-06,0,4.83319e-07,0.00506049,0.00506097,55,0.0050602,packed
armadillo-rollers,tight,cell2dmin,352vf,vf,12619,1.25459,0.635631,0.552657,3.13316,0,0,12600,0,1.16794,19,0,0,8.09834e-05,1.45245e-05,0,6.03172e-06,0.048074,0.04808,19,0.0480733,packed
armadillo-rollers,tight,cell2dmin,359ee,ee,84437,1.25718,0.442581,0.546641,20.0691,0,0,83919,0,3.26763,518,0,0,0.000134835,4.79895e-07,0,2.20306e-07,0.00385337,0.00385359,518,0.00385332,packed
armadillo-rollers,tight,cell2dmin,364vf,vf,118626,1.43087,4.44571,0.495123,0.530354,0,0,118618,0,0.571249,8,0,0,3.63698e-06,1.22951e-06,0,3.27296e-06,0.0855026,0.0855058,8,0.0855026,packed
armadillo-rollers,tight,cell2dmin,370ee,ee,123009,1.48015,0.488691,0.623055,4.34753,0,0,122947,0,1.74485,62,0,0,1.33985e-05,1.41297e-06,0,1.44453e-06,0.00219979,0.00220123,62,0.0022006,packed
armadillo-rollers,tight,cell2dmin,376vf,vf,12605,1.18384,0.699341,0.613008,0.341047,0,0,12602,0,1.02151,3,0,0,6.22099e-05,6.44396e-06,0,5.80162e-05,0.10327,0.103328,3,0.103266,packed
armadillo-rollers,tight,cell2dmin,382ee,ee,44101,1.2169,0.410613,0.377174,4.61885,0,0,44046,0,1.86392,55,0,0,5.98431e-05,9.1433e-07,0,9.50596e-07,0.00384191,0.00384286,55,0.00384188,packed
armadillo-rollers,tight,cell2dmin,388vf,vf,17036,1.39017,0.730412,0.470004,4.80426,0,0,17019,0,2.54624,16,0,0,0.000259075,1.94418e-06,0,8.62124e-07,0.0158499,0.0158507,17,0.0158501,packed
armadillo-rollers,tight,cell2dmin,394ee,ee,74754,1.33184,0.45666,0.769708,7.50975,0,0,74669,0,2.18269,84,0,0,0.000153254,1.06439e-06,0,5.72429e-07,0.00290983,0.00291041,85,0.00290966,packed
armadillo-rollers,tight,cell2dmin,39vf,vf,63229,1.36819,1.88785,0.313752,0.480404,0,0,63224,0,0.74558,5,0,0,5.67432e-06,1.06139e-06,0,1.15392e-06,0.110382,0.110383,5,0.110382,packed
armadillo-rollers,tight,cell2dmin,45vf,vf,220522,1.25373,3.53856,0.76974,1.555,0,0,220513,0,0.770891,9,0,0,2.98217e-05,5.24933e-06,0,1.28636e-05,0.044588,0.0446009,9,0.044589,packed
armadillo-rollers,tight,cell2dmin,51vf,vf,28410,1.31545,1.93291,0.700622,0.908392,2,0,28405,0,0.707405,3,0,0,0.000208081,3.06875e-05,0,3.30254e-05,0.25797,0.258003,5,0.257973,packed
armadillo-rollers,tight,cell2dmin,58ee,ee,143517,1.36281,0.472564,0.716845,3.98373,0,0,143479,0,2.38074,38,0,0,7.26704e-05,2.32629e-06,0,1.11518e-06,0.00393677,0.00393788,38,0.00393677,packed
armadillo-rollers,tight,cell2dmin,63vf,vf,42577,1.34761,1.51458,0.228922,4.02933,0,0,42500,0,1.28598,75,0,0,1.45625e-05,1.06836e-06,0,4.56391e-07,0.00477099,0.00477144,77,0.00477076,packed
armadillo-rollers,tight,cell2dmin,6ee,ee,158816,1.33347,0.497939,0.703725,0.110973,0,0,158814,0,0.69547,2,0,0,3.9253e-05,3.9253e-05,0,5.43424e-06,0.0284901,0.0284955,2,0.0284901,packed
armadillo-rollers,tight,cell2dmin,75vf,vf,17302,1.24691,0.583281,0.516786,0.751468,0,0,17292,0,0.949511,10,0,0,2.20508e-06,1.37499e-06,0,1.34964e-06,0.0344498,0.0344511,10,0.0344498,packed
armadillo-rollers,tight,cell2dmin,81ee,ee,134694,1.39497,0.501651,0.858025,1.72699,0,0,134678,0,1.65096,16,0,0,7.47494e-05,1.48671e-06,0,3.51575e-06,0.0452314,0.0452349,16,0.0452318,packed
armadillo-rollers,tight,cell2dmin,87vf,vf,81694,1.35043,1.32637,0.732108,0.357878,0,0,81693,0,1.21197,1,0,0,1.22551e-05,1.22551e-05,0,1.22551e-05,0.164291,0.164304,1,0.164291,packed
armadillo-rollers,tight,cell2dmin,94ee,ee,222570,1.33331,0.465364,0.914344,9.62506,0,0,222502,0,2.53276,68,0,0,0.000527194,6.61845e-06,0,1.33015e-06,0.00076545,0.00076678,68,0.000763893,packed
armadillo-rollers,tight,cell2dmin,100ee,ee,225252,1.01354,0.769644,0.938696,6.46425,0,0,225187,0,6.2398,65,0,0,0.000110117,1.15441e-06,0,7.43065e-07,0.00103026,0.001031,65,0.00102997,packed
armadillo-rollers,tight,cell2dmin,106vf,vf,68065,0.84209,1.33267,0.760204,1.51311,0,0,68053,0,0.904904,11,0,0,7.28679e-05,2.44371e-06,0,1.8651e-06,0.0262971,0.026299,12,0.0262971,packed
armadillo-rollers,tight,cell2dmin,112vf,vf,22154,1.14167,0.592913,0.242841,0.268697,0,0,22151,0,0.348215,3,0,0,9.49321e-06,2.40187e-06,0,2.40187e-06,0.238825,0.238827,3,0.238825,packed
armadillo-rollers,tight,cell2dmin,119vf,vf,33604,1.06756,0.6372,0.305464,0.450548,0,0,33600,0,1.05165,4,0,0,9.31144e-06,4.63769e-06,0,5.12233e-06,0.00976991,0.00977503,4,0.00977039,packed
armadillo-rollers,tight,cell2dmin,125vf,vf,86557,1.11418,1.01328,0.490579,14.9353,0,0,85674,0,8.73807,882,0,0,6.45071e-05,5.20363e-07,0,3.31317e-07,0.000486494,0.000486825,883,0.000486493,packed
armadillo-rollers,tight,cell2dmin,131ee,ee,151877,1.16902,0.635311,1.01802,25.771,0,0,149783,0,8.02382,2094,0,0,6.85279e-05,3.61481e-07,0,4.38298e-08,0.000169255,0.000169299,2094,0.000169277,packed
armadillo-rollers,tight,cell2dmin,138ee,ee,103311,0.97879,0.404821,0.627312,17.0472,0,0,101881,0,6.45903,1430,0,0,1.83929e-05,4.54495e-07,0,2.91604e-07,0.000391307,0.000391598,1430,0.000391245,packed
armadillo-rollers,tight,cell2dmin,144vf,vf,14297,0.954023,0.630927,0.5924,0.778603,0,0,14294,0,0.969063,2,0,0,0.000186136,0.000186136,0,9.2503e-06,0.0888462,0.0888555,3,0.0888462,packed
armadillo-rollers,tight,cell2dmin,150ee,ee,217174,1.16963,0.585809,0.988902,26.5556,0,0,214316,0,9.59936,2858,0,0,2.30722e-05,2.49871e-07,0,1.10854e-07,0.000235397,0.000235508,2858,0.000235319,packed
armadillo-rollers,tight,cell2dmin,157ee,ee,51080,1.13642,0.512115,0.391445,2.52749,0,0,51050,0,0.84673,30,0,0,9.38738e-05,2.3749e-06,0,7.12436e-06,0.015769,0.0157761,30,0.0157661,packed
armadillo-rollers,tight,cell2dmin,163ee,ee,49599,1.21024,0.407253,0.582417,2.48793,0,0,49580,0,1.28649,19,0,0,0.000119239,8.02027e-06,0,2.23552e-05,0.0382462,0.0382685,19,0.0382462,packed
armadillo-rollers,tight,cell2dmin,169vf,vf,13374,1.20346,0.651087,0.407573,1.81067,0,0,13348,0,1.13754,26,0,0,1.77964e-05,2.94301e-06,0,1.98465e-07,0.012024,0.0120242,26,0.0120239,packed
armadillo-rollers,tight,cell2dmin,175ee,ee,51829,1.12912,0.421621,1.1808,2.0147,0,0,51821,0,2.28132,8,0,0,0.00104547,5.05564e-05,0,1.21445e-05,0.022461,0.0224731,8,0.0224609,packed
armadillo-rollers,tight,cell2dmin,181ee,ee,51170,1.23997,0.412533,2.26599,7.51132,0,0,51141,0,2.57747,28,0,0,0.00128491,6.46424e-06,0,2.09999e-06,0.00310575,0.00310785,29,0.00310564,packed
armadillo-rollers,tight,cell2dmin,187vf,vf,23580,1.28486,0.864841,0.376086,1.04752,0,0,23565,0,0.903593,15,0,0,7.97105e-06,9.10471e-07,0,3.5347e-06,0.0258803,0.0258838,15,0.0258794,packed
armadillo-rollers,tight,cell2dmin,193ee,ee,60618,1.22934,0.405621,0.599249,5.0214,0,0,60575,0,2.32679,43,0,0,8.33211e-05,4.1757e-06,0,1.4166e-06,0.00437333,0.00437475,43,0.00437355,packed
armadillo-rollers,tight,cell2dmin,199vf,vf,14455,1.1736,0.631279,0.412309,0.078238,0,0,14453,0,1.50018,2,0,0,6.75287e-07,6.75287e-07,0,4.73437e-07,0.050205,0.0502054,2,0.0502048,packed
armadillo-rollers,tight,cell2dmin,205ee,ee,51277,1.27446,0.4341,0.444661,4.13304,0,0,51223,0,1.9395,54,0,0,0.000113443,1.69641e-06,0,4.93886e-07,0.00163335,0.00163384,54,0.00163317,packed
armadillo-rollers,tight,cell2dmin,210vf,vf,14783,1.07376,0.623727,3.09467,3.0756,0,0,14769,0,3.09592,14,0,0,0.000164511,2.25646e-06,0,1.04217e-06,0.00194694,0.00194798,14,0.00194693,packed
armadillo-rollers,tight,cell2dmin,217ee,ee,57259,1.15008,0.480147,1.4,18.6222,0,0,57152,0,5.16748,106,0,0,0.00187151,4.70564e-06,0,1.34444e-06,0.000620811,0.000622156,107,0.000620842,packed
armadillo-rollers,tight,cell2dmin,222vf,vf,18500,1.17654,0.739981,0.673454,0.377046,0,0,18494,0,2.38285,6,0,0,4.00523e-06,2.27833e-06,0,8.16282e-07,0.00214222,0.00214304,6,0.00214243,packed
armadillo-rollers,tight,cell2dmin,229ee,ee,303368,1.20858,0.614096,2.34624,37.6588,0,0,299350,0,27.1063,4015,0,0,0.00367297,3.52246e-07,0,1.00792e-07,2.86231e-05,2.87239e-05,4018,2.86102e-05,packed
armadillo-rollers,tight,cell2dmin,234vf,vf,22667,1.18931,0.726317,0.486931,1.9419,0,0,22659,0,1.28045,8,0,0,8.5145e-05,2.10782e-05,0,1.84741e-05,0.0345201,0.0345386,8,0.0345201,packed
armadillo-rollers,tight,cell2dmin,240ee,ee,121741,1.21158,0.540945,0.84449,8.21796,0,0,121639,0,1.62488,102,0,0,3.25986e-05,6.68788e-07,0,7.93926e-07,0.00429848,0.00429927,102,0.00429726,packed
armadillo-rollers,tight,cell2dmin,246vf,vf,34492,1.21747,0.764556,0.481908,0.621487,0,0,34485,0,1.41999,7,0,0,2.97204e-05,2.25818e-06,0,1.39491e-05,0.0296775,0.0296915,7,0.0296783,packed
armadillo-rollers,tight,cell2dmin,252ee,ee,106945,1.21082,0.464756,0.81313,11.9646,0,0,106875,0,3.56013,70,0,0,0.000176354,7.50863e-06,0,1.74427e-06,0.00120463,0.00120637,70,0.00120544,packed
armadillo-rollers,tight,cell2dmin,258vf,vf,36913,1.16397,0.861289,1.23062,9.21585,0,0,36879,0,3.04974,34,0,0,0.000454721,2.62181e-05,0,4.23403e-05,0.0617913,0.0618336,34,0.0618,packed
armadillo-rollers,tight,cell2dmin,264ee,ee,130094,1.27625,0.540722,1.07588,26.6935,0,0,129930,0,6.71118,164,0,0,0.000662816,9.26199e-06,0,2.55371e-06,0.00103363,0.00103619,164,0.00103378,packed
armadillo-rollers,tight,cell2dmin,26vf,vf,57372,1.31168,0.739916,0.47618,5.15791,0,0,57311,0,1.65512,59,0,0,2.04653e-05,1.86145e-06,0,1.11952e-06,0.00349741,0.00349853,61,0.00349712,packed
armadillo-rollers,tight,cell2dmin,276ee,ee,147789,1.25117,0.586704,1.88939,48.1783,0,0,147605,0,5.96819,182,0,0,0.00398066,1.16498e-05,0,7.24464e-06,0.00234096,0.00234821,184,0.00233936,packed
armadillo-rollers,tight,cell2dmin,281vf,vf,62328,1.35164,0.989222,1.61545,42.631,0,0,61881,0,21.8127,444,0,0,0.00169614,1.29778e-05,0,5.12074e-06,0.00212075,0.00212587,447,0.00212097,packed
armadillo-rollers,tight,cell2dmin,288ee,ee,190569,1.2271,0.793771,1.4006,100.269,1,0,190271,0,10.96,294,0,0,0.00223484,1.26201e-05,0,3.32118e-07,0.00034991,0.000350242,298,0.000349998,packed
armadillo-rollers,tight,cell2dmin,293vf,vf,52927,1.2871,0.868201,1.44217,16.4917,0,0,52875,0,4.89712,52,0,0,0.000371217,2.09969e-05,0,4.93069e-06,0.0103232,0.0103281,52,0.010324,packed
armadillo-rollers,tight,cell2dmin,29ee,ee,257518,1.26813,0.4773,1.09796,2.47725,1,0,257507,0,1.90917,8,0,0,5.63906e-05,2.17776e-05,0,7.82607e-06,0.018604,0.0186118,11,0.0186033,packed
armadillo-rollers,tight,cell2dmin,305vf,vf,49983,1.27776,0.871113,1.60978,22.1915,0,0,49924,0,5.02537,58,0,0,0.000594457,5.4627e-05,0,1.12433e-06,0.00296375,0.00296488,59,0.00296307,packed
armadillo-rollers,tight,cell2dmin,311ee,ee,186600,1.24496,0.530994,2.69279,89.1301,0,0,186318,0,11.9146,278,0,0,0.00196164,3.55956e-05,0,1.64459e-06,0.000702757,0.000704402,282,0.000703335,packed
armadillo-rollers,tight,cell2dmin,317vf,vf,77826,1.33033,1.42915,1.30179,36.0742,0,0,77445,0,6.40102,376,0,0,0.00160166,8.15464e-06,0,1.5084e-07,0.000854449,0.0008546,381,0.000854492,packed
armadillo-rollers,tight,cell2dmin,323ee,ee,689071,1.25907,1.78315,3.14971,45.2901,0,0,686293,0,15.8482,2773,0,0,0.00188727,1.58196e-06,0,9.50069e-07,0.000421388,0.000422338,2778,0.000421524,packed
armadillo-rollers,tight,cell2dmin,329vf,vf,242154,1.34716,6.29839,0.900969,1.41353,0,0,242140,0,1.10759,14,0,0,2.11067e-05,2.40317e-06,0,3.59738e-06,0.131565,0.131569,14,0.131565,packed
armadillo-rollers,tight,cell2dmin,335ee,ee,69302,1.34998,0.520946,1.43497,33.9398,0,0,69090,0,3.61744,210,0,0,5.75602e-05,3.97559e-06,0,1.63026e-06,0.00644512,0.00644675,212,0.00644493,packed
armadillo-rollers,tight,cell2dmin,340vf,vf,30379,1.3032,0.880425,0.762892,6.53163,0,0,30337,0,1.0474,42,0,0,6.77582e-05,5.59683e-06,0,5.92889e-06,0.0304595,0.0304655,42,0.0304608,packed
armadillo-rollers,tight,cell2dmin,347ee,ee,55997,1.16227,0.463411,0.557426,8.91887,0,0,55942,0,2.03687,55,0,0,8.0681e-05,4.13815e-06,0,4.83319e-07,0.00506049,0.00506097,55,0.0050602,packed
armadillo-rollers,tight,cell2dmin,352vf,vf,12619,1.26694,0.605776,0.543762,3.12811,0,0,12600,0,1.13725,19,0,0,8.09834e-05,1.45245e-05,0,6.03172e-06,0.048074,0.04808,19,0.0480733,packed
armadillo-rollers,tight,cell2dmin,359ee,ee,84437,1.23878,0.451381,0.540625,20.0128,0,0,83919,0,3.26503,518,0,0,0.000134835,4.79895e-07,0,2.20306e-07,0.00385337,0.00385359,518,0.00385332,packed
armadillo-rollers,tight,cell2dmin,364vf,vf,118626,1.41375,4.42452,0.56437,0.470708,0,0,118618,0,0.563313,8,0,0,3.63698e-06,1.22951e-06,0,3.20741e-06,0.0855026,0.0855058,8,0.0855026,packed
armadillo-rollers,tight,cell2dmin,370ee,ee,123009,1.47401,0.485171,0.623087,4.30603,0,0,122947,0,1.80981,62,0,0,1.33985e-05,1.41297e-06,0,1.44453e-06,0.00219979,0.00220123,62,0.0022006,packed
armadillo-rollers,tight,cell2dmin,376vf,vf,12605,1.18448,0.632143,0.59752,0.343575,0,0,12602,0,1.00369,3,0,0,6.22099e-05,6.44396e-06,0,5.80162e-05,0.10327,0.103328,3,0.103266,packed
armadillo-rollers,tight,cell2dmin,382ee,ee,44101,1.1889,0.456276,0.376502,4.65565,0,0,44046,0,1.90209,55,0,0,5.98431e-05,9.1433e-07,0,9.50596e-07,0.00384191,0.00384286,55,0.00384188,packed
armadillo-rollers,tight,cell2dmin,388vf,vf,17036,1.27785,0.743468,0.467348,4.77834,0,0,17019,0,2.51942,16,0,0,0.000259075,1.94418e-06,0,8.62124e-07,0.0158499,0.0158507,17,0.0158501,packed
armadillo-rollers,tight,cell2dmin,394ee,ee,74754,1.22768,0.469683,0.821323,7.53356,0,0,74669,0,2.15194,84,0,0,0.000153254,1.06439e-06,0,5.72429e-07,0.00290983,0.00291041,85,0.00290966,packed
armadillo-rollers,tight,cell2dmin,39vf,vf,63229,1.30371,1.87153,0.308728,0.400982,0,0,63224,0,0.711885,5,0,0,5.67432e-06,1.06139e-06,0,1.15392e-06,0.110382,0.110383,5,0.110382,packed
armadillo-rollers,tight,cell2dmin,45vf,vf,220522,1.20192,3.55843,0.76654,1.62136,0,0,220513,0,0.752268,9,0,0,2.98217e-05,5.24933e-06,0,1.28636e-05,0.044588,0.0446009,9,0.044589,packed
armadillo-rollers,tight,cell2dmin,51vf,vf,28410,1.4064,1.89301,0.685902,0.860682,2,0,28405,0,0.827786,3,0,0,0.000208081,3.06875e-05,0,3.30254e-05,0.25797,0.258003,5,0.257973,packed
armadillo-rollers,tight,cell2dmin,58ee,ee,143517,1.35168,0.474484,0.650447,3.91746,0,0,143479,0,2.44048,38,0,0,7.26704e-05,2.32629e-06,0,1.11518e-06,0.00393677,0.00393788,38,0.00393677,packed
armadillo-rollers,tight,cell2dmin,63vf,vf,42577,1.39785,1.49916,0.22857,4.03404,0,0,42500,0,1.22397,75,0,0,1.45625e-05,1.06836e-06,0,4.56391e-07,0.00477099,0.00477144,77,0.00477076,packed
armadillo-rollers,tight,cell2dmin,6ee,ee,158816,1.30838,0.492499,0.77566,0.108285,0,0,158814,0,0.690158,2,0,0,3.9253e-05,3.9253e-05,0,5.43424e-06,0.0284901,0.0284955,2,0.0284901,packed
armadillo-rollers,tight,cell2dmin,75vf,vf,17302,1.26608,0.510418,0.506227,0.752332,0,0,17292,0,0.930183,10,0,0,2.20508e-06,1.37499e-06,0,1.34964e-06,0.0344498,0.0344511,10,0.0344498,packed
armadillo-rollers,tight,cell2dmin,81ee,ee,134694,1.32361,0.496019,0.956103,1.72402,0,0,134678,0,1.626,16,0,0,7.47494e-05,1.48671e-06,0,3.51575e-06,0.0452314,0.0452349,16,0.0452318,packed
armadillo-rollers,tight,cell2dmin,87vf,vf,81694,1.36438,1.33017,0.737613,0.35135,0,0,81693,0,1.10647,1,0,0,1.22551e-05,1.22551e-05,0,1.22551e-05,0.164291,0.164304,1,0.164291,packed
armadillo-rollers,tight,cell2dmin,94ee,ee,222570,1.31069,0.567793,0.909639,9.56964,0,0,222502,0,2.48189,68,0,0,0.000527194,6.61845e-06,0,1.33015e-06,0.00076545,0.00076678,68,0.000763893,packed
armadillo-rollers,tight,cell2dmin,100ee,ee,225252,0.830474,0.874377,0.893768,6.32396,0,0,225187,0,6.17404,65,0,0,0.000110117,1.15441e-06,0,7.43065e-07,0.00103026,0.001031,65,0.00102997,gather
armadillo-rollers,tight,cell2dmin,106vf,vf,68065,1.0162,1.69266,0.76094,1.50658,0,0,68053,0,0.953543,11,0,0,7.28679e-05,2.44371e-06,0,1.8651e-06,0.0262971,0.026299,12,0.0262971,gather
armadillo-rollers,tight,cell2dmin,112vf,vf,22154,1.25082,0.857897,0.251002,0.276409,0,0,22151,0,0.361494,3,0,0,9.49321e-06,2.40187e-06,0,2.40187e-06,0.238825,0.238827,3,0.238825,gather
armadillo-rollers,tight,cell2dmin,119vf,vf,33604,1.04218,0.651406,0.333496,0.463923,0,0,33600,0,1.03492,4,0,0,9.31144e-06,4.63769e-06,0,5.12233e-06,0.00976991,0.00977503,4,0.00977039,gather
armadillo-rollers,tight,cell2dmin,125vf,vf,86557,1.06797,1.44707,0.402165,14.9481,0,0,85674,0,8.69993,882,0,0,6.45071e-05,5.20363e-07,0,3.31317e-07,0.000486494,0.000486825,883,0.000486493,gather
armadillo-rollers,tight,cell2dmin,131ee,ee,151877,1.34396,0.723405,1.03184,25.7759,0,0,149783,0,8.07438,2094,0,0,6.85279e-05,3.61481e-07,0,4.38298e-08,0.000169255,0.000169299,2094,0.000169277,gather
armadillo-rollers,tight,cell2dmin,138ee,ee,103311,1.13107,0.654127,0.644463,16.8282,0,0,101881,0,6.36409,1430,0,0,1.83929e-05,4.54495e-07,0,2.91604e-07,0.000391307,0.000391598,1430,0.000391245,gather
armadillo-rollers,tight,cell2dmin,144vf,vf,14297,1.21466,0.724685,0.643855,0.786315,0,0,14294,0,0.964806,2,0,0,0.000186136,0.000186136,0,9.2503e-06,0.0888462,0.0888555,3,0.0888462,gather
armadillo-rollers,tight,cell2dmin,150ee,ee,217174,1.02816,0.806315,0.976615,26.4684,0,0,214316,0,9.57972,2858,0,0,2.30722e-05,2.49871e-07,0,1.10854e-07,0.000235397,0.000235508,2858,0.000235319,gather
armadillo-rollers,tight,cell2dmin,157ee,ee,51080,1.11962,0.569072,0.384598,2.55264,0,0,51050,0,1.15546,30,0,0,9.38738e-05,2.3749e-06,0,7.12436e-06,0.015769,0.0157761,30,0.0157661,gather
armadillo-rollers,tight,cell2dmin,163ee,ee,49599,1.07876,0.535314,0.597392,2.54598,0,0,49580,0,1.24013,19,0,0,0.000119239,8.02027e-06,0,2.23552e-05,0.0382462,0.0382685,19,0.0382462,gather
armadillo-rollers,tight,cell2dmin,169vf,vf,13374,1.0473,0.609808,0.444852,1.80357,0,0,13348,0,1.11783,26,0,0,1.77964e-05,2.94301e-06,0,5.1325e-07,0.0120237,0.0120242,26,0.0120239,gather
armadillo-rollers,tight,cell2dmin,175ee,ee,51829,1.04023,0.563089,1.1752,2.04679,0,0,51821,0,2.23165,8,0,0,0.00104547,5.05564e-05,0,1.21445e-05,0.022461,0.0224731,8,0.0224609,gather
armadillo-rollers,tight,cell2dmin,181ee,ee,51170,1.16711,0.576497,2.20628,7.61606,0,0,51141,0,2.62156,28,0,0,0.00128491,6.46424e-06,0,2.09999e-06,0.00310575,0.00310785,29,0.00310564,gather
armadillo-rollers,tight,cell2dmin,187vf,vf,23580,1.11328,0.720717,0.394902,1.05239,0,0,23565,0,0.876969,15,0,0,7.97105e-06,9.10471e-07,0,3.35212e-06,0.0258804,0.0258838,15,0.0258794,gather
armadillo-rollers,tight,cell2dmin,193ee,ee,60618,1.13309,0.587409,0.671342,4.99228,0,0,60575,0,2.33376,43,0,0,8.33211e-05,4.1757e-06,0,1.4166e-06,0.00437333,0.00437475,43,0.00437355,gather
armadillo-rollers,tight,cell2dmin,199vf,vf,14455,1.10474,0.709742,0.423701,0.071582,0,0,14453,0,1.4791,2,0,0,6.75287e-07,6.75287e-07,0,4.73437e-07,0.050205,0.0502054,2,0.0502048,gather
armadillo-rollers,tight,cell2dmin,205ee,ee,51277,1.17184,0.579857,0.443348,4.13948,0,0,51223,0,1.92181,54,0,0,0.000113443,1.69641e-06,0,4.93886e-07,0.00163335,0.00163384,54,0.00163317,gather
armadillo-rollers,tight,cell2dmin,210vf,vf,14783,1.03613,0.801963,3.06322,3.06514,0,0,14769,0,3.12232,14,0,0,0.000164511,2.25646e-06,0,1.04217e-06,0.00194694,0.00194798,14,0.00194693,gather
armadillo-rollers,tight,cell2dmin,217ee,ee,57259,1.15824,0.604048,1.43187,18.5123,0,0,57152,0,5.219,106,0,0,0.00187151,4.70564e-06,0,1.34444e-06,0.000620811,0.000622156,107,0.000620842,gather
armadillo-rollers,tight,cell2dmin,222vf,vf,18500,1.05296,0.70683,0.702957,0.309144,0,0,18494,0,2.39923,6,0,0,4.00523e-06,2.27833e-06,0,4.11384e-07,0.00214263,0.00214304,6,0.00214243,gather
armadillo-rollers,tight,cell2dmin,229ee,ee,303368,1.0466,1.64648,2.18151,37.6274,0,0,299350,0,26.7538,4015,0,0,0.00367297,3.52246e-07,0,1.00792e-07,2.86231e-05,2.87239e-05,4018,2.86102e-05,gather
armadillo-rollers,tight,cell2dmin,234vf,vf,22667,1.07056,0.777867,0.469044,1.94475,0,0,22659,0,1.28921,8,0,0,8.5145e-05,2.10782e-05,0,1.84741e-05,0.0345201,0.0345386,8,0.0345201,gather
armadillo-rollers,tight,cell2dmin,240ee,ee,121741,1.05799,0.696078,0.838025,8.23604,0,0,121639,0,1.57359,102,0,0,3.25986e-05,6.68788e-07,0,7.93926e-07,0.00429848,0.00429927,102,0.00429726,gather
armadillo-rollers,tight,cell2dmin,246vf,vf,34492,1.04509,0.730156,0.476532,0.61624,0,0,34485,0,1.42521,7,0,0,2.97204e-05,2.25818e-06,0,1.39491e-05,0.0296775,0.0296915,7,0.0296783,gather
armadillo-rollers,tight,cell2dmin,252ee,ee,106945,1.07908,0.678062,0.817003,11.9167,0,0,106875,0,3.4802,70,0,0,0.000176354,7.50863e-06,0,1.74427e-06,0.00120463,0.00120637,70,0.00120544,gather
armadillo-rollers,tight,cell2dmin,258vf,vf,36913,1.07795,0.910569,1.29872,9.28852,0,0,36879,0,3.01925,34,0,0,0.000454721,2.62181e-05,0,4.23403e-05,0.0617913,0.0618336,34,0.0618,gather
armadillo-rollers,tight,cell2dmin,264ee,ee,130094,1.14691,0.857513,1.08301,26.6169,0,0,129930,0,6.65759,164,0,0,0.000662816,9.26199e-06,0,2.55371e-06,0.00103363,0.00103619,164,0.00103378,gather
armadillo-rollers,tight,cell2dmin,26vf,vf,57372,1.13207,0.639471,0.45458,5.04671,0,0,57311,0,1.66392,59,0,0,2.04653e-05,1.86145e-06,0,1.11952e-06,0.00349741,0.00349853,61,0.00349712,gather
armadillo-rollers,tight,cell2dmin,276ee,ee,147789,1.14039,0.934888,1.98129,48.2018,0,0,147605,0,5.9529,182,0,0,0.00398066,1.16498e-05,0,7.24464e-06,0.00234096,0.00234821,184,0.00233936,gather
armadillo-rollers,tight,cell2dmin,281vf,vf,62328,1.13319,1.26073,1.36377,42.4484,0,0,61881,0,21.9346,444,0,0,0.00169614,1.29778e-05,0,5.12074e-06,0.00212075,0.00212587,447,0.00212097,gather
armadillo-rollers,tight,cell2dmin,288ee,ee,190569,1.14048,1.15245,1.39484,99.5059,1,0,190271,0,11.0915,294,0,0,0.00223484,1.26201e-05,0,3.32118e-07,0.00034991,0.000350242,298,0.000349998,gather
armadillo-rollers,tight,cell2dmin,293vf,vf,52927,1.1928,1.28467,1.39436,16.4254,0,0,52875,0,4.97763,52,0,0,0.000371217,2.09969e-05,0,4.93069e-06,0.0103232,0.0103281,52,0.010324,gather
armadillo-rollers,tight,cell2dmin,29ee,ee,257518,1.59785,0.6092,1.01933,2.57436,1,0,257507,0,2.09322,8,0,0,5.63906e-05,2.17776e-05,0,7.82607e-06,0.018604,0.0186118,11,0.0186033,gather
armadillo-rollers,tight,cell2dmin,305vf,vf,49983,1.25955,0.853769,1.69928,22.3274,0,0,49924,0,5.1261,58,0,0,0.000594457,5.4627e-05,0,1.12433e-06,0.00296375,0.00296488,59,0.00296307,gather
armadillo-rollers,tight,cell2dmin,311ee,ee,186600,1.30038,0.81153,2.58604,89.1745,0,0,186318,0,11.9754,278,0,0,0.00196164,3.55956e-05,0,1.64459e-06,0.000702757,0.000704402,282,0.000703335,gather
armadillo-rollers,tight,cell2dmin,317vf,vf,77826,1.28896,1.96737,1.29904,36.1853,0,0,77445,0,6.48248,376,0,0,0.00160166,8.15464e-06,0,7.97495e-08,0.00085452,0.0008546,381,0.000854492,gather
armadillo-rollers,tight,cell2dmin,323ee,ee,689071,1.19949,2.42598,3.15838,45.1016,0,0,686293,0,15.8328,2773,0,0,0.00188727,1.58196e-06,0,9.50069e-07,0.000421388,0.000422338,2778,0.000421524,gather
armadillo-rollers,tight,cell2dmin,329vf,vf,242154,1.27405,7.57148,0.952902,1.44937,0,0,242140,0,1.11408,14,0,0,2.11067e-05,2.40317e-06,0,3.59738e-06,0.131565,0.131569,14,0.131565,gather
armadillo-rollers,tight,cell2dmin,335ee,ee,69302,1.31302,0.594545,1.50562,33.8382,0,0,69090,0,3.7382,210,0,0,5.75602e-05,3.97559e-06,0,1.63026e-06,0.00644512,0.00644675,212,0.00644493,gather
armadillo-rollers,tight,cell2dmin,340vf,vf,30379,1.25325,1.24093,0.771372,6.56629,0,0,30337,0,1.11533,42,0,0,6.77582e-05,5.59683e-06,0,5.92889e-06,0.0304595,0.0304655,42,0.0304608,gather
armadillo-rollers,tight,cell2dmin,347ee,ee,55997,1.26237,0.553746,0.557201,8.89186,0,0,55942,0,2.08727,55,0,0,8.0681e-05,4.13815e-06,0,4.83319e-07,0.00506049,0.00506097,55,0.0050602,gather
armadillo-rollers,tight,cell2dmin,352vf,vf,12619,1.20083,0.60776,0.577488,3.18049,0,0,12600,0,1.19578,19,0,0,8.09834e-05,1.45245e-05,0,6.03172e-06,0.048074,0.04808,19,0.0480733,gather
armadillo-rollers,tight,cell2dmin,359ee,ee,84437,1.26873,0.624335,0.591409,19.9873,0,0,83919,0,3.29694,518,0,0,0.000134835,4.79895e-07,0,2.20306e-07,0.00385337,0.00385359,518,0.00385332,gather
armadillo-rollers,tight,cell2dmin,364vf,vf,118626,1.33302,7.56761,0.575025,0.53173,0,0,118618,0,0.60616,8,0,0,3.63698e-06,1.22951e-06,0,3.20741e-06,0.0855026,0.0855058,8,0.0855026,gather
armadillo-rollers,tight,cell2dmin,370ee,ee,123009,1.28051,0.65771,0.617904,4.35297,0,0,122947,0,1.80917,62,0,0,1.33985e-05,1.41297e-06,0,1.44453e-06,0.00219979,0.00220123,62,0.0022006,gather
armadillo-rollers,tight,cell2dmin,376vf,vf,12605,1.20646,0.635791,0.660526,0.395061,0,0,12602,0,1.05412,3,0,0,6.22099e-05,6.44396e-06,0,5.80162e-05,0.10327,0.103328,3,0.103266,gather
armadillo-rollers,tight,cell2dmin,382ee,ee,44101,1.27469,0.51877,0.373431,4.71578,0,0,44046,0,1.90078,55,0,0,5.98431e-05,9.1433e-07,0,9.50596e-07,0.00384191,0.00384286,55,0.00384188,gather
armadillo-rollers,tight,cell2dmin,388vf,vf,17036,1.20982,0.737197,0.491603,4.86192,0,0,17019,0,2.61571,16,0,0,0.000259075,1.94418e-06,0,8.62124e-07,0.0158499,0.0158507,17,0.0158501,gather
armadillo-rollers,tight,cell2dmin,394ee,ee,74754,1.2609,0.606832,0.799275,7.53292,0,0,74669,0,2.24135,84,0,0,0.000153254,1.06439e-06,0,5.72429e-07,0.00290983,0.00291041,85,0.00290966,gather
armadillo-rollers,tight,cell2dmin,39vf,vf,63229,1.30179,2.847,0.339287,0.517906,0,0,63224,0,0.809162,5,0,0,5.67432e-06,1.06139e-06,0,1.15392e-06,0.110382,0.110383,5,0.110382,gather
armadillo-rollers,tight,cell2dmin,45vf,vf,220522,1.17379,4.82186,0.817418,1.59461,0,0,220513,0,0.83361,9,0,0,2.98217e-05,5.24933e-06,0,1.28636e-05,0.044588,0.0446009,9,0.044589,gather
armadillo-rollers,tight,cell2dmin,51vf,vf,28410,1.36048,3.09304,0.786507,0.980935,2,0,28405,0,0.784332,3,0,0,0.000208081,3.06875e-05,0,3.30254e-05,0.25797,0.258003,5,0.257973,gather
armadillo-rollers,tight,cell2dmin,58ee,ee,143517,1.3583,0.676334,0.647599,3.98319,0,0,143479,0,2.45312,38,0,0,7.26704e-05,2.32629e-06,0,1.11518e-06,0.00393677,0.00393788,38,0.00393677,gather
armadillo-rollers,tight,cell2dmin,63vf,vf,42577,1.28301,2.30231,0.249529,4.07967,0,0,42500,0,1.28905,75,0,0,1.45625e-05,1.06836e-06,0,4.56391e-07,0.00477099,0.00477144,77,0.00477076,gather
armadillo-rollers,tight,cell2dmin,6ee,ee,158816,1.30707,0.728845,0.752396,0.127645,0,0,158814,0,0.707885,2,0,0,3.9253e-05,3.9253e-05,0,5.43424e-06,0.0284901,0.0284955,2,0.0284901,gather
armadillo-rollers,tight,cell2dmin,75vf,vf,17302,1.26182,0.693198,0.587472,0.797003,0,0,17292,0,0.993542,10,0,0,2.20508e-06,1.37499e-06,0,1.34964e-06,0.0344498,0.0344511,10,0.0344498,gather
armadillo-rollers,tight,cell2dmin,81ee,ee,134694,1.31193,0.7675,0.883241,1.75595,0,0,134678,0,1.662,16,0,0,7.47494e-05,1.48671e-06,0,3.51575e-06,0.0452314,0.0452349,16,0.0452318,gather
armadillo-rollers,tight,cell2dmin,87vf,vf,81694,1.28208,1.82757,0.76542,0.424437,0,0,81693,0,1.27859,1,0,0,1.22551e-05,1.22551e-05,0,1.22551e-05,0.164291,0.164304,1,0.164291,gather
armadillo-rollers,tight,cell2dmin,94ee,ee,222570,1.29635,0.629839,0.946567,9.46586,0,0,222502,0,2.49277,68,0,0,0.000527194,6.61845e-06,0,1.33015e-06,0.00076545,0.00076678,68,0.000763893,gather
armadillo-rollers,tight,cell2dmin,100ee,ee,225252,0.798859,0.946951,1.01328,6.35158,0,0,225187,0,6.25785,65,0,0,0.000110117,1.15441e-06,0,7.43065e-07,0.00103026,0.001031,65,0.00102997,gather
armadillo-rollers,tight,cell2dmin,106vf,vf,68065,1.09604,1.85265,0.752173,1.54082,0,0,68053,0,0.920199,11,0,0,7.28679e-05,2.44371e-06,0,1.8651e-06,0.0262971,0.026299,12,0.0262971,gather
armadillo-rollers,tight,cell2dmin,112vf,vf,22154,1.0634,0.878409,0.253529,0.274713,0,0,22151,0,0.36975,3,0,0,9.49321e-06,2.40187e-06,0,2.40187e-06,0.238825,0.238827,3,0.238825,gather
armadillo-rollers,tight,cell2dmin,119vf,vf,33604,1.14227,0.854026,0.372726,0.464244,0,0,33600,0,1.05392,4,0,0,9.31144e-06,4.63769e-06,0,5.12233e-06,0.00976991,0.00977503,4,0.00977039,gather
armadillo-rollers,tight,cell2dmin,125vf,vf,86557,1.0874,1.55401,0.414261,15.1647,0,0,85674,0,8.69072,882,0,0,6.45071e-05,5.20363e-07,0,3.31317e-07,0.000486494,0.000486825,883,0.000486493,gather
armadillo-rollers,tight,cell2dmin,131ee,ee,151877,1.17197,0.859337,1.02289,25.7343,0,0,149783,0,8.07883,2094,0,0,6.85279e-05,3.61481e-07,0,4.38298e-08,0.000169255,0.000169299,2094,0.000169277,gather
armadillo-rollers,tight,cell2dmin,138ee,ee,103311,1.14035,0.568049,0.566769,16.8325,0,0,101881,0,7.11658,1430,0,0,1.83929e-05,4.54495e-07,0,2.91604e-07,0.000391307,0.000391598,1430,0.000391245,gather
armadillo-rollers,tight,cell2dmin,144vf,vf,14297,1.06522,0.711213,0.60856,0.789771,0,0,14294,0,0.97623,2,0,0,0.000186136,0.000186136,0,9.2503e-06,0.0888462,0.0888555,3,0.0888462,gather
armadillo-rollers,tight,cell2dmin,150ee,ee,217174,1.05434,0.793611,0.977702,26.9106,0,0,214316,0,9.58954,2858,0,0,2.30722e-05,2.49871e-07,0,1.78161e-07,0.00023533,0.000235508,2858,0.000235319,gather
armadillo-rollers,tight,cell2dmin,157ee,ee,51080,1.1097,0.518675,0.386421,2.50441,0,0,51050,0,0.809835,30,0,0,9.38738e-05,2.3749e-06,0,7.12436e-06,0.015769,0.0157761,30,0.0157661,gather
armadillo-rollers,tight,cell2dmin,163ee,ee,49599,1.05332,0.509746,0.70347,2.50931,0,0,49580,0,1.23718,19,0,0,0.000119239,8.02027e-06,0,2.23552e-05,0.0382462,0.0382685,19,0.0382462,gather
armadillo-rollers,tight,cell2dmin,169vf,vf,13374,1.04602,0.709838,0.452468,1.83717,0,0,13348,0,1.13002,26,0,0,1.77964e-05,2.94301e-06,0,1.98465e-07,0.012024,0.0120242,26,0.0120239,gather
armadillo-rollers,tight,cell2dmin,175ee,ee,51829,1.09821,0.515539,1.20032,2.08759,0,0,51821,0,2.24692,8,0,0,0.00104547,5.05564e-05,0,1.21445e-05,0.022461,0.0224731,8,0.0224609,gather
armadillo-rollers,tight,cell2dmin,181ee,ee,51170,1.12957,0.543185,2.27805,7.49769,0,0,51141,0,2.56179,28,0,0,0.00128491,6.46424e-06,0,2.09999e-06,0.00310575,0.00310785,29,0.00310564,gather
armadillo-rollers,tight,cell2dmin,187vf,vf,23580,1.09079,0.879241,0.345271,1.04487,0,0,23565,0,0.919239,15,0,0,7.97105e-06,9.10471e-07,0,3.5347e-06,0.0258803,0.0258838,15,0.0258794,gather
armadillo-rollers,tight,cell2dmin,193ee,ee,60618,1.13411,0.575761,0.587696,4.97372,0,0,60575,0,2.30256,43,0,0,8.33211e-05,4.1757e-06,0,1.4166e-06,0.00437333,0.00437475,43,0.00437355,gather
armadillo-rollers,tight,cell2dmin,199vf,vf,14455,1.11757,0.649871,0.421525,0.071102,0,0,14453,0,1.4789,2,0,0,6.75287e-07,6.75287e-07,0,4.73437e-07,0.050205,0.0502054,2,0.0502048,gather
armadillo-rollers,tight,cell2dmin,205ee,ee,51277,1.09111,0.539057,0.443349,4.15058,0,0,51223,0,1.94232,54,0,0,0.000113443,1.69641e-06,0,4.93886e-07,0.00163335,0.00163384,54,0.00163317,gather
armadillo-rollers,tight,cell2dmin,210vf,vf,14783,1.09011,0.743021,3.04552,3.02094,0,0,14769,0,3.12334,14,0,0,0.000164511,2.25646e-06,0,1.04217e-06,0.00194694,0.00194798,14,0.00194693,gather
armadillo-rollers,tight,cell2dmin,217ee,ee,57259,1.19747,0.645359,1.41353,18.6475,0,0,57152,0,5.27989,106,0,0,0.00187151,4.70564e-06,0,1.34444e-06,0.000620811,0.000622156,107,0.000620842,gather
armadillo-rollers,tight,cell2dmin,222vf,vf,18500,1.08506,0.679438,0.719757,0.30588,0,0,18494,0,2.41661,6,0,0,4.00523e-06,2.27833e-06,0,8.16282e-07,0.00214222,0.00214304,6,0.00214243,gather
armadillo-rollers,tight,cell2dmin,229ee,ee,303368,1.09808,1.56889,2.17732,37.3113,0,0,299350,0,27.0394,4015,0,0,0.00367297,3.52246e-07,0,1.00792e-07,2.86231e-05,2.87239e-05,4018,2.86102e-05,gather
armadillo-rollers,tight,cell2dmin,234vf,vf,22667,1.04801,0.704045,0.474515,1.99841,0,0,22659,0,1.31849,8,0,0,8.5145e-05,2.10782e-05,0,1.84741e-05,0.0345201,0.0345386,8,0.0345201,gather
armadillo-rollers,tight,cell2dmin,240ee,ee,121741,1.04186,0.678542,0.760012,8.18177,0,0,121639,0,1.69765,102,0,0,3.25986e-05,6.68788e-07,0,7.93926e-07,0.00429848,0.00429927,102,0.00429726,gather
armadillo-rollers,tight,cell2dmin,246vf,vf,34492,1.05924,0.898889,0.49701,0.616496,0,0,34485,0,1.36716,7,0,0,2.97204e-05,2.25818e-06,0,1.39491e-05,0.0296775,0.0296915,7,0.0296783,gather
armadillo-rollers,tight,cell2dmin,252ee,ee,106945,1.08292,0.704557,0.813035,11.9109,0,0,106875,0,3.4417,70,0,0,0.000176354,7.50863e-06,0,1.74427e-06,0.00120463,0.00120637,70,0.00120544,gather
armadillo-rollers,tight,cell2dmin,258vf,vf,36913,1.08304,0.908585,1.30771,9.20628,0,0,36879,0,2.9829,34,0,0,0.000454721,2.62181e-05,0,4.23403e-05,0.0617913,0.0618336,34,0.0618,gather
armadillo-rollers,tight,cell2dmin,264ee,ee,130094,1.10016,0.865353,1.05863,26.5193,0,0,129930,0,6.69877,164,0,0,0.000662816,9.26199e-06,0,2.55371e-06,0.00103363,0.00103619,164,0.00103378,gather
armadillo-rollers,tight,cell2dmin,26vf,vf,57372,1.0809,0.808522,0.439701,5.13577,0,0,57311,0,1.64674,59,0,0,2.04653e-05,1.86145e-06,0,1.11952e-06,0.00349741,0.00349853,61,0.00349712,gather
armadillo-rollers,tight,cell2dmin,276ee,ee,147789,1.08852,1.03482,1.9019,48.1791,0,0,147605,0,5.96992,182,0,0,0.00398066,1.16498e-05,0,7.24464e-06,0.00234096,0.00234821,184,0.00233936,gather
armadillo-rollers,tight,cell2dmin,281vf,vf,62328,1.14525,1.27926,1.32275,42.5123,0,0,61881,0,21.9451,444,0,0,0.00169614,1.29778e-05,0,5.12074e-06,0.00212075,0.00212587,447,0.00212097,gather
armadillo-rollers,tight,cell2dmin,288ee,ee,190569,1.13597,1.1465,1.38025,99.6639,1,0,190271,0,11.0205,294,0,0,0.00223484,1.26201e-05,0,3.32118e-07,0.00034991,0.000350242,298,0.000349998,gather
armadillo-rollers,tight,cell2dmin,293vf,vf,52927,4.6362,1.35177,1.37446,16.4903,0,0,52875,0,4.8865,52,0,0,0.000371217,2.09969e-05,0,4.93069e-06,0.0103232,0.0103281,52,0.010324,gather
armadillo-rollers,tight,cell2dmin,29ee,ee,257518,1.12048,0.581969,0.989638,2.51785,1,0,257507,0,1.96779,8,0,0,5.63906e-05,2.17776e-05,0,7.82607e-06,0.018604,0.0186118,11,0.0186033,gather
armadillo-rollers,tight,cell2dmin,305vf,vf,49983,1.1122,0.739277,1.63125,22.4714,0,0,49924,0,5.03286,58,0,0,0.000594457,5.4627e-05,0,1.12433e-06,0.00296375,0.00296488,59,0.00296307,gather
armadillo-rollers,tight,cell2dmin,311ee,ee,186600,1.12973,0.766828,2.56624,88.8649,0,0,186318,0,11.8372,278,0,0,0.00196164,3.55956e-05,0,1.64459e-06,0.000702757,0.000704402,282,0.000703335,gather
armadillo-rollers,tight,cell2dmin,317vf,vf,77826,1.19488,1.97179,1.24931,36.2519,0,0,77445,0,6.43605,376,0,0,0.00160166,8.15464e-06,0,1.5084e-07,0.000854449,0.0008546,381,0.000854492,gather
armadillo-rollers,tight,cell2dmin,323ee,ee,689071,1.02077,1.77096,3.02315,45.4455,0,0,686293,0,15.7781,2773,0,0,0.00188727,1.58196e-06,0,9.50069e-07,0.000421388,0.000422338,2778,0.000421524,gather
armadillo-rollers,tight,cell2dmin,329vf,vf,242154,1.09856,7.40038,0.920264,1.36675,0,0,242140,0,1.1689,14,0,0,2.11067e-05,2.40317e-06,0,3.59738e-06,0.131565,0.131569,14,0.131565,gather
armadillo-rollers,tight,cell2dmin,335ee,ee,69302,1.0872,0.570257,1.40886,33.8943,0,0,69090,0,3.56496,210,0,0,5.75602e-05,3.97559e-06,0,1.63026e-06,0.00644512,0.00644675,212,0.00644493,gather
armadillo-rollers,tight,cell2dmin,340vf,vf,30379,1.01873,1.22576,0.741581,6.51496,0,0,30337,0,1.05357,42,0,0,6.77582e-05,5.59683e-06,0,5.92889e-06,0.0304595,0.0304655,42,0.0304608,gather
armadillo-rollers,tight,cell2dmin,347ee,ee,55997,1.03575,0.529874,0.584177,8.87977,0,0,55942,0,2.01691,55,0,0,8.0681e-05,4.13815e-06,0,4.83319e-07,0.00506049,0.00506097,55,0.0050602,gather
armadillo-rollers,tight,cell2dmin,352vf,vf,12619,0.989734,0.518931,0.52933,3.15761,0,0,12600,0,1.1759,19,0,0,8.09834e-05,1.45245e-05,0,6.03172e-06,0.048074,0.04808,19,0.0480733,gather
armadillo-rollers,tight,cell2dmin,359ee,ee,84437,1.12484,0.584144,0.53157,19.8905,0,0,83919,0,3.25294,518,0,0,0.000134835,4.79895e-07,0,2.38551e-07,0.00385335,0.00385359,518,0.00385332,gather
armadillo-rollers,tight,cell2dmin,364vf,vf,118626,1.16128,7.42313,0.53861,0.512338,0,0,118618,0,0.557521,8,0,0,3.63698e-06,1.22951e-06,0,3.20741e-06,0.0855026,0.0855058,8,0.0855026,gather
armadillo-rollers,tight,cell2dmin,370ee,ee,123009,1.1088,0.625488,0.680462,4.28309,0,0,122947,0,1.71061,62,0,0,1.33985e-05,1.41297e-06,0,1.44453e-06,0.00219979,0.00220123,62,0.0022006,gather
armadillo-rollers,tight,cell2dmin,376vf,vf,12605,1.01028,0.584784,0.565169,0.333815,0,0,12602,0,1.03578,3,0,0,6.22099e-05,6.44396e-06,0,5.80162e-05,0.10327,0.103328,3,0.103266,gather
armadillo-rollers,tight,cell2dmin,382ee,ee,44101,1.04442,0.498227,0.383158,4.59006,0,0,44046,0,1.82974,55,0,0,5.98431e-05,9.1433e-07,0,9.50596e-07,0.00384191,0.00384286,55,0.00384188,gather
armadillo-rollers,tight,cell2dmin,388vf,vf,17036,1.08282,0.633487,0.471124,4.79974,0,0,17019,0,2.50835,16,0,0,0.000259075,1.94418e-06,0,8.62124e-07,0.0158499,0.0158507,17,0.0158501,gather
armadillo-rollers,tight,cell2dmin,394ee,ee,74754,1.08947,0.586225,0.776235,7.53782,0,0,74669,0,2.10558,84,0,0,0.000153254,1.06439e-06,0,5.72429e-07,0.00290983,0.00291041,85,0.00290966,gather
armadillo-rollers,tight,cell2dmin,39vf,vf,63229,1.1002,2.74377,0.349911,0.457844,0,0,63224,0,0.714221,5,0,0,5.67432e-06,1.06139e-06,0,1.15392e-06,0.110382,0.110383,5,0.110382,gather
armadillo-rollers,tight,cell2dmin,45vf,vf,220522,0.978759,4.80768,0.805579,1.56482,0,0,220513,0,0.757196,9,0,0,2.98217e-05,5.24933e-06,0,1.28636e-05,0.044588,0.0446009,9,0.044589,gather
armadillo-rollers,tight,cell2dmin,51vf,vf,28410,1.08941,2.98466,0.69547,0.888137,2,0,28405,0,0.722381,3,0,0,0.000208081,3.06875e-05,0,3.30254e-05,0.25797,0.258003,5,0.257973,gather
armadillo-rollers,tight,cell2dmin,58ee,ee,143517,1.12682,0.646127,0.644079,3.91759,0,0,143479,0,2.39159,38,0,0,7.26704e-05,2.32629e-06,0,1.11518e-06,0.00393677,0.00393788,38,0.00393677,gather
armadillo-rollers,tight,cell2dmin,63vf,vf,42577,1.11952,2.19585,0.22553,4.04213,0,0,42500,0,1.24176,75,0,0,1.45625e-05,1.06836e-06,0,4.56391e-07,0.00477099,0.00477144,77,0.00477076,gather
armadillo-rollers,tight,cell2dmin,6ee,ee,158816,1.08874,0.697326,0.689709,0.106397,0,0,158814,0,0.813995,2,0,0,3.9253e-05,3.9253e-05,0,5.43424e-06,0.0284901,0.0284955,2,0.0284901,gather
armadillo-rollers,tight,cell2dmin,75vf,vf,17302,1.03719,0.730668,0.532914,0.735021,0,0,17292,0,0.960135,10,0,0,2.20508e-06,1.37499e-06,0,1.34964e-06,0.0344498,0.0344511,10,0.0344498,gather
armadillo-rollers,tight,cell2dmin,81ee,ee,134694,1.11245,0.686126,0.925448,1.71007,0,0,134678,0,1.61087,16,0,0,7.47494e-05,1.48671e-06,0,3.51385e-06,0.0452314,0.0452349,16,0.0452318,gather
armadillo-rollers,tight,cell2dmin,87vf,vf,81694,1.045,1.74123,0.732428,0.358295,0,0,81693,0,1.1264,1,0,0,1.22551e-05,1.22551e-05,0,1.22551e-05,0.164291,0.164304,1,0.164291,gather
armadillo-rollers,tight,cell2dmin,94ee,ee,222570,1.08794,0.583761,0.962215,9.51937,0,0,222502,0,2.47833,68,0,0,0.000527194,6.61845e-06,0,1.33015e-06,0.00076545,0.00076678,68,0.000763893,gather
armadillo-rollers,tight,cell2dmin,100ee,ee,225252,0.88884,1.72885,0.934823,6.36518,0,0,225187,0,6.26499,65,0,0,0.000110117,1.15441e-06,0,7.43065e-07,0.00103026,0.001031,65,0.00102997,gather
armadillo-rollers,tight,cell2dmin,106vf,vf,68065,0.965543,1.69327,0.754348,1.51743,0,0,68053,0,0.944584,11,0,0,7.28679e-05,2.44371e-06,0,1.8651e-06,0.0262971,0.026299,12,0.0262971,gather
armadillo-rollers,tight,cell2dmin,112vf,vf,22154,1.00884,0.733485,0.251257,0.266265,0,0,22151,0,0.356599,3,0,0,9.49321e-06,2.40187e-06,0,2.40187e-06,0.238825,0.238827,3,0.238825,gather
armadillo-rollers,tight,cell2dmin,119vf,vf,33604,1.12125,0.74606,0.326392,0.502451,0,0,33600,0,1.04119,4,0,0,9.31144e-06,4.63769e-06,0,5.12233e-06,0.00976991,0.00977503,4,0.00977039,gather
armadillo-rollers,tight,cell2dmin,125vf,vf,86557,1.04778,1.60191,0.425525,15.0101,0,0,85674,0,8.69388,882,0,0,6.45071e-05,5.20363e-07,0,3.31317e-07,0.000486494,0.000486825,883,0.000486493,gather
armadillo-rollers,tight,cell2dmin,131ee,ee,151877,1.16103,0.747564,1.09255,25.8568,0,0,149783,0,8.03998,2094,0,0,6.85279e-05,3.61481e-07,0,4.38298e-08,0.000169255,0.000169299,2094,0.000169277,gather
armadillo-rollers,tight,cell2dmin,138ee,ee,103311,1.15808,0.566161,0.574897,16.8251,0,0,101881,0,6.43449,1430,0,0,1.83929e-05,4.54495e-07,0,2.91604e-07,0.000391307,0.000391598,1430,0.000391245,gather
armadillo-rollers,tight,cell2dmin,144vf,vf,14297,1.05722,0.763756,0.602768,0.785163,0,0,14294,0,1.03914,2,0,0,0.000186136,0.000186136,0,9.2503e-06,0.0888462,0.0888555,3,0.0888462,gather
armadillo-rollers,tight,cell2dmin,150ee,ee,217174,1.08896,0.807371,0.976166,26.5123,0,0,214316,0,9.44151,2858,0,0,2.30722e-05,2.49871e-07,0,1.10854e-07,0.000235397,0.000235508,2858,0.000235319,gather
armadillo-rollers,tight,cell2dmin,157ee,ee,51080,1.05872,0.518451,0.446452,2.51069,0,0,51050,0,0.835306,30,0,0,9.38738e-05,2.3749e-06,0,7.12436e-06,0.015769,0.0157761,30,0.0157661,gather
armadillo-rollers,tight,cell2dmin,163ee,ee,49599,1.09834,0.52693,0.594993,2.54745,0,0,49580,0,1.24707,19,0,0,0.000119239,8.02027e-06,0,2.23552e-05,0.0382462,0.0382685,19,0.0382462,gather
armadillo-rollers,tight,cell2dmin,169vf,vf,13374,1.2081,0.581521,0.417045,1.83058,0,0,13348,0,1.13226,26,0,0,1.77964e-05,2.94301e-06,0,1.98465e-07,0.012024,0.0120242,26,0.0120239,gather
armadillo-rollers,tight,cell2dmin,175ee,ee,51829,1.06154,0.53413,1.17392,2.09012,0,0,51821,0,2.27767,8,0,0,0.00104547,5.05564e-05,0,1.21445e-05,0.022461,0.0224731,8,0.0224609,gather
armadillo-rollers,tight,cell2dmin,181ee,ee,51170,1.12234,0.560369,2.20929,7.53923,0,0,51141,0,2.70156,28,0,0,0.00128491,6.46424e-06,0,2.09999e-06,0.00310575,0.00310785,29,0.00310564,gather
armadillo-rollers,tight,cell2dmin,187vf,vf,23580,1.15395,0.89428,0.346391,1.04292,0,0,23565,0,0.97847,15,0,0,7.97105e-06,9.10471e-07,0,3.35212e-06,0.0258804,0.0258838,15,0.0258794,gather
armadillo-rollers,tight,cell2dmin,193ee,ee,60618,1.08103,0.557489,0.600465,4.99846,0,0,60575,0,2.31629,43,0,0,8.33211e-05,4.1757e-06,0,1.4166e-06,0.00437333,0.00437475,43,0.00437355,gather
armadillo-rollers,tight,cell2dmin,199vf,vf,14455,1.07869,0.696974,0.43858,0.068062,0,0,14453,0,1.54741,2,0,0,6.75287e-07,6.75287e-07,0,4.73437e-07,0.050205,0.0502054,2,0.0502048,gather
armadillo-rollers,tight,cell2dmin,205ee,ee,51277,1.0418,0.6068,0.435861,4.11644,0,0,51223,0,1.92481,54,0,0,0.000113443,1.69641e-06,0,4.93886e-07,0.00163335,0.00163384,54,0.00163317,gather
armadillo-rollers,tight,cell2dmin,210vf,vf,14783,1.10384,0.745164,3.05477,3.02232,0,0,14769,0,3.13816,14,0,0,0.000164511,2.25646e-06,0,1.04217e-06,0.00194694,0.00194798,14,0.00194693,gather
armadillo-rollers,tight,cell2dmin,217ee,ee,57259,1.09223,0.588336,1.47628,18.6187,0,0,57152,0,5.25679,106,0,0,0.00187151,4.70564e-06,0,1.34444e-06,0.000620811,0.000622156,107,0.000620842,gather
armadillo-rollers,tight,cell2dmin,222vf,vf,18500,1.07088,0.667599,0.683022,0.303096,0,0,18494,0,2.38448,6,0,0,4.00523e-06,2.27833e-06,0,8.16282e-07,0.00214222,0.00214304,6,0.00214243,gather
armadillo-rollers,tight,cell2dmin,229ee,ee,303368,1.03626,1.46143,2.20349,37.4848,0,0,299350,0,27.07,4015,0,0,0.00367297,3.52246e-07,0,1.00792e-07,2.86231e-05,2.87239e-05,4018,2.86102e-05,gather
armadillo-rollers,tight,cell2dmin,234vf,vf,22667,1.06618,0.707597,0.487956,1.94596,0,0,22659,0,1.29981,8,0,0,8.5145e-05,2.10782e-05,0,1.84741e-05,0.0345201,0.0345386,8,0.0345201,gather
armadillo-rollers,tight,cell2dmin,240ee,ee,121741,1.11869,0.681454,0.759596,8.13393,0,0,121639,0,1.58069,102,0,0,3.25986e-05,6.68788e-07,0,7.93926e-07,0.00429848,0.00429927,102,0.00429726,gather
armadillo-rollers,tight,cell2dmin,246vf,vf,34492,1.08276,0.842858,0.516146,0.619951,0,0,34485,0,1.3488,7,0,0,2.97204e-05,2.25818e-06,0,1.39491e-05,0.0296775,0.0296915,7,0.0296783,gather
armadillo-rollers,tight,cell2dmin,252ee,ee,106945,1.34566,0.684078,0.801867,11.9241,0,0,106875,0,3.46676,70,0,0,0.000176354,7.50863e-06,0,1.74427e-06,0.00120463,0.00120637,70,0.00120544,gather
armadillo-rollers,tight,cell2dmin,258vf,vf,36913,1.08618,0.900904,1.24954,9.18993,0,0,36879,0,3.01614,34,0,0,0.000454721,2.62181e-05,0,4.23403e-05,0.0617913,0.0618336,34,0.0618,gather
armadillo-rollers,tight,cell2dmin,264ee,ee,130094,1.09789,0.788172,1.18301,26.5392,0,0,129930,0,6.72366,164,0,0,0.000662816,9.26199e-06,0,2.55371e-06,0.00103363,0.00103619,164,0.00103378,gather
armadillo-rollers,tight,cell2dmin,26vf,vf,57372,1.10563,0.833514,0.456787,5.11526,0,0,57311,0,1.69429,59,0,0,2.04653e-05,1.86145e-06,0,1.11952e-06,0.00349741,0.00349853,61,0.00349712,gather
armadillo-rollers,tight,cell2dmin,276ee,ee,147789,1.07284,0.922184,1.91438,48.1594,0,0,147605,0,5.9778,182,0,0,0.00398066,1.16498e-05,0,7.24464e-06,0.00234096,0.00234821,184,0.00233936,gather
armadillo-rollers,tight,cell2dmin,281vf,vf,62328,1.13242,1.29363,1.3168,42.4918,0,0,61881,0,21.796,444,0,0,0.00169614,1.29778e-05,0,5.12074e-06,0.00212075,0.00212587,447,0.00212097,gather
armadillo-rollers,tight,cell2dmin,288ee,ee,190569,1.24873,1.24477,1.38032,100.082,1,0,190271,0,10.9478,294,0,0,0.00223484,1.26201e-05,0,3.32118e-07,0.00034991,0.000350242,298,0.000349998,gather
armadillo-rollers,tight,cell2dmin,293vf,vf,52927,1.15254,1.27747,1.39171,16.5666,0,0,52875,0,4.91866,52,0,0,0.000371217,2.09969e-05,0,4.93069e-06,0.0103232,0.0103281,52,0.010324,gather
armadillo-rollers,tight,cell2dmin,29ee,ee,257518,1.10784,0.613871,0.98999,2.47597,1,0,257507,0,2.05563,8,0,0,5.63906e-05,2.17776e-05,0,7.82607e-06,0.018604,0.0186118,11,0.0186033,gather
armadillo-rollers,tight,cell2dmin,305vf,vf,49983,1.10567,0.729645,1.62664,22.2601,0,0,49924,0,5.00883,58,0,0,0.000594457,5.4627e-05,0,1.12433e-06,0.00296375,0.00296488,59,0.00296307,gather
armadillo-rollers,tight,cell2dmin,311ee,ee,186600,1.0976,0.768972,2.57174,88.9951,0,0,186318,0,11.8862,278,0,0,0.00196164,3.55956e-05,0,1.64459e-06,0.000702757,0.000704402,282,0.000703335,gather
armadillo-rollers,tight,cell2dmin,317vf,vf,77826,1.14867,1.82341,1.24061,36.1947,0,0,77445,0,6.37052,376,0,0,0.00160166,8.15464e-06,0,1.5084e-07,0.000854449,0.0008546,381,0.000854492,gather
armadillo-rollers,tight,cell2dmin,323ee,ee,689071,0.991782,1.73058,3.02789,45.2389,0,0,686293,0,15.7439,2773,0,0,0.00188727,1.58196e-06,0,9.50069e-07,0.000421388,0.000422338,2778,0.000421524,gather
armadillo-rollers,tight,cell2dmin,329vf,vf,242154,1.0722,7.36189,0.925,1.37769,0,0,242140,0,1.10432,14,0,0,2.11067e-05,2.40317e-06,0,3.59738e-06,0.131565,0.131569,14,0.131565,gather
armadillo-rollers,tight,cell2dmin,335ee,ee,69302,1.00605,0.6124,1.4134,33.8845,0,0,69090,0,3.59683,210,0,0,5.75602e-05,3.97559e-06,0,1.63026e-06,0.00644512,0.00644675,212,0.00644493,gather
armadillo-rollers,tight,cell2dmin,340vf,vf,30379,1.06452,1.15613,0.699054,6.57359,0,0,30337,0,1.07703,42,0,0,6.77582e-05,5.59683e-06,0,5.92889e-06,0.0304595,0.0304655,42,0.0304608,gather
armadillo-rollers,tight,cell2dmin,347ee,ee,55997,0.991013,0.554706,0.593552,8.87593,0,0,55942,0,2.04478,55,0,0,8.0681e-05,4.13815e-06,0,4.83319e-07,0.00506049,0.00506097,55,0.0050602,gather
armadillo-rollers,tight,cell2dmin,352vf,vf,12619,1.02625,0.526994,0.562161,3.11736,0,0,12600,0,1.15562,19,0,0,8.09834e-05,1.45245e-05,0,6.03172e-06,0.048074,0.04808,19,0.0480733,gather
armadillo-rollers,tight,cell2dmin,359ee,ee,84437,1.02768,0.568337,0.529842,19.8582,0,0,83919,0,3.24708,518,0,0,0.000134835,4.79895e-07,0,2.38551e-07,0.00385335,0.00385359,518,0.00385332,gather
armadillo-rollers,tight,cell2dmin,364vf,vf,118626,1.20563,7.41584,0.58296,0.509842,0,0,118618,0,0.559921,8,0,0,3.63698e-06,1.22951e-06,0,3.20741e-06,0.0855026,0.0855058,8,0.0855026,gather
armadillo-rollers,tight,cell2dmin,370ee,ee,123009,1.09696,0.617168,0.608592,4.56548,0,0,122947,0,1.77669,62,0,0,1.33985e-05,1.41297e-06,0,1.44453e-06,0.00219979,0.00220123,62,0.0022006,gather
armadillo-rollers,tight,cell2dmin,376vf,vf,12605,1.00663,0.535762,0.575185,0.323895,0,0,12602,0,1.0082,3,0,0,6.22099e-05,6.44396e-06,0,5.80162e-05,0.10327,0.103328,3,0.103266,gather
armadillo-rollers,tight,cell2dmin,382ee,ee,44101,0.98407,0.505875,0.367798,4.58935,0,0,44046,0,1.86382,55,0,0,5.98431e-05,9.1433e-07,0,9.50596e-07,0.00384191,0.00384286,55,0.00384188,gather
armadillo-rollers,tight,cell2dmin,388vf,vf,17036,1.10087,0.603216,0.442708,4.78999,0,0,17019,0,2.51629,16,0,0,0.000259075,1.94418e-06,0,8.62124e-07,0.0158499,0.0158507,17,0.0158501,gather
armadillo-rollers,tight,cell2dmin,394ee,ee,74754,1.07863,0.578513,0.759212,7.48592,0,0,74669,0,2.11399,84,0,0,0.000153254,1.06439e-06,0,5.72429e-07,0.00290983,0.00291041,85,0.00290966,gather
armadillo-rollers,tight,cell2dmin,39vf,vf,63229,1.5374,2.859,0.386165,0.470004,0,0,63224,0,0.763404,5,0,0,5.67432e-06,1.06139e-06,0,1.15392e-06,0.110382,0.110383,5,0.110382,gather
armadillo-rollers,tight,cell2dmin,45vf,vf,220522,1.27849,4.90627,0.782411,1.66552,0,0,220513,0,0.891433,9,0,0,2.98217e-05,5.24933e-06,0,1.28636e-05,0.044588,0.0446009,9,0.044589,gather
armadillo-rollers,tight,cell2dmin,51vf,vf,28410,1.65573,3.03435,0.736301,0.920423,2,0,28405,0,0.727405,3,0,0,0.000208081,3.06875e-05,0,3.30254e-05,0.25797,0.258003,5,0.257973,gather
armadillo-rollers,tight,cell2dmin,58ee,ee,143517,1.63224,0.735116,0.70923,3.96962,0,0,143479,0,2.41965,38,0,0,7.26704e-05,2.32629e-06,0,1.11518e-06,0.00393677,0.00393788,38,0.00393677,gather
armadillo-rollers,tight,cell2dmin,63vf,vf,42577,1.49196,2.3434,0.243801,4.08648,0,0,42500,0,1.3031,75,0,0,1.45625e-05,1.06836e-06,0,4.56391e-07,0.00477099,0.00477144,77,0.00477076,gather
armadillo-rollers,tight,cell2dmin,6ee,ee,158816,1.90737,0.825578,0.694926,0.162172,0,0,158814,0,0.756844,2,0,0,3.9253e-05,3.9253e-05,0,5.43424e-06,0.0284901,0.0284955,2,0.0284901,gather
armadillo-rollers,tight,cell2dmin,75vf,vf,17302,1.467,0.694382,0.519346,0.812619,0,0,17292,0,0.92932,10,0,0,2.20508e-06,1.37499e-06,0,1.34964e-06,0.0344498,0.0344511,10,0.0344498,gather
armadillo-rollers,tight,cell2dmin,81ee,ee,134694,1.60553,0.764492,0.85585,1.82491,0,0,134678,0,1.67317,16,0,0,7.47494e-05,1.48671e-06,0,3.51575e-06,0.0452314,0.0452349,16,0.0452318,gather
armadillo-rollers,tight,cell2dmin,87vf,vf,81694,1.4558,1.88529,0.778699,0.410774,0,0,81693,0,1.17271,1,0,0,1.22551e-05,1.22551e-05,0,1.22551e-05,0.164291,0.164304,1,0.164291,gather
armadillo-rollers,tight,cell2dmin,94ee,ee,222570,1.63791,0.732812,0.896553,9.61952,0,0,222502,0,2.61692,68,0,0,0.000527194,6.61845e-06,0,1.33015e-06,0.00076545,0.00076678,68,0.000763893,gather
cloth-ball,tight,cell2d,22ee,ee,93162,1.50953,4.08988,0.546961,0.099742,0,0,93161,0,0.555186,1,0,0,1.53307e-07,1.53307e-07,0,1.53307e-07,0.930994,0.930994,1,0.930994,packed
cloth-ball,tight,cell2d,23ee,ee,75461,5.4989,4.08908,0.45586,0.080862,0,0,75460,0,0.476563,1,0,0,2.24712e-07,2.24712e-07,0,2.24712e-07,0.810556,0.810557,1,0.810556,packed
cloth-ball,tight,cell2d,25ee,ee,55367,4.53246,4.19583,0.375574,0.075518,0,0,55366,0,0.394421,1,0,0,2.2345e-07,2.2345e-07,0,2.2345e-07,0.124038,0.124038,1,0.124038,packed
cloth-ball,tight,cell2d,47ee,ee,142929,4.36053,8.30119,0.759084,0.131229,0,0,142928,0,0.744812,1,0,0,1.39292e-07,1.39292e-07,0,1.39292e-07,0.923549,0.923549,1,0.923549,packed
cloth-ball,tight,cell2d,55ee,ee,292910,4.6377,7.46368,1.32336,0.086621,0,0,292909,0,1.33427,1,0,0,1.67018e-07,1.67018e-07,0,1.67018e-07,0.85804,0.85804,1,0.85804,packed
cloth-ball,tight,cell2d,56ee,ee,402049,4.81258,8.51072,1.63375,0.087998,0,0,402048,0,1.8108,1,0,0,2.28421e-07,2.28421e-07,0,2.28421e-07,0.392759,0.392759,1,0.392759,packed
cloth-ball,tight,cell2d,57ee,ee,553184,4.48068,7.96088,2.13134,2.77273,0,0,553150,0,2.5928,34,0,0,1.51067e-06,3.81027e-07,0,2.44043e-07,0.189111,0.189112,34,0.189111,packed
cloth-ball,tight,cell2d,58ee,ee,677743,4.7928,7.67417,2.57606,17.2507,0,0,677562,0,4.43943,181,0,0,2.70035e-06,3.5091e-07,0,4.35625e-07,0.0177579,0.0177583,181,0.0177574,packed
cloth-ball,tight,cell2d,58vf,vf,217433,1.52431,5.49093,0.827722,3.14456,0,0,217399,0,1.13165,34,0,0,2.67217e-06,3.36691e-07,0,4.31269e-07,0.115568,0.115568,34,0.115568,packed
cloth-ball,tight,cell2d,59ee,ee,813886,4.30577,7.95502,3.174,20.1417,0,0,813446,0,5.24572,440,0,0,3.56329e-06,3.14118e-07,0,1.51128e-07,0.00709703,0.00709718,440,0.00709677,packed
cloth-ball,tight,cell2d,60ee,ee,1077546,4.94297,7.92462,3.88537,24.125,0,0,1076584,0,7.94062,962,0,0,5.81415e-06,3.16899e-07,0,2.19467e-07,0.00873833,0.00873855,962,0.00873804,packed
cloth-ball,tight,cell2d,60vf,vf,360239,5.66491,4.97814,1.37907,9.90582,0,0,360036,0,1.98609,203,0,0,2.39565e-06,2.88344e-07,0,3.29584e-08,0.061102,0.061102,203,0.0611019,packed
cloth-ball,tight,cell2d,61ee,ee,1426132,4.10367,7.87243,5.14495,31.7978,0,0,1422837,0,13.2405,3295,0,0,9.49728e-06,2.6967e-07,0,3.54506e-07,0.00113774,0.00113809,3295,0.00113726,packed
cloth-ball,tight,cell2d,62ee,ee,2016457,4.36542,7.69753,7.0577,42.5247,0,0,2010540,0,19.5319,5917,0,0,1.87306e-05,3.18036e-07,0,3.77201e-08,0.000557266,0.000557304,5917,0.000557184,packed
cloth-ball,tight,cell2d,62vf,vf,711484,4.09212,4.11055,2.38842,14.3024,0,0,710312,0,4.81853,1172,0,0,8.92782e-06,2.67785e-07,0,1.08951e-07,0.00128874,0.00128885,1172,0.00128865,packed
cloth-ball,tight,cell2d,63ee,ee,2949103,3.78685,9.98281,9.93321,35.3536,0,0,2941276,0,24.6439,7827,0,0,1.07755e-05,3.30351e-07,0,2.36165e-07,0.000240694,0.00024093,7827,0.000240445,packed
cloth-ball,tight,cell2d,64ee,ee,3804130,4.02258,11.5025,12.5681,27.7368,0,0,3793044,0,31.304,11086,0,0,3.13486e-05,3.16858e-07,0,2.97263e-07,2.14541e-05,2.17513e-05,11086,2.12193e-05,packed
cloth-ball,tight,cell2d,64vf,vf,1414679,3.77568,3.64154,4.44215,14.0378,0,0,1412471,0,8.75388,2208,0,0,1.05311e-05,2.86975e-07,0,3.13327e-07,0.00110717,0.00110748,2208,0.0011065,packed
cloth-ball,tight,cell2d,65ee,ee,4239673,3.96175,15.0321,14.0703,29.1156,0,0,4223323,0,39.2202,16350,0,0,1.82526e-05,2.99943e-07,0,1.51547e-07,0.000112815,0.000112967,16350,0.000112534,packed
cloth-ball,tight,cell2d,66ee,ee,4852404,3.76067,18.1603,16.2115,47.9599,0,0,4833074,0,46.3817,19329,0,0,1.36364e-05,2.96184e-07,0,9.37219e-08,0.000158927,0.000159021,19330,0.000158787,packed
cloth-ball,tight,cell2d,66vf,vf,1802633,3.68397,4.70023,5.4643,18.4844,0,0,1798776,0,12.8095,3857,0,0,7.44397e-06,2.6443e-07,0,2.27428e-08,0.000152532,0.000152554,3857,0.000152349,packed
cloth-ball,tight,cell2d,67ee,ee,5689944,3.71094,22.1554,19.4742,44.9394,0,0,5667846,0,53.2074,22097,0,0,0.000192801,2.87697e-07,0,2.44222e-06,2.17548e-05,2.4197e-05,22098,1.83582e-05,packed
cloth-ball,tight,cell2d,67vf,vf,2126413,6.3055,5.48405,6.43641,13.632,0,0,2122157,0,15.7092,4256,0,0,1.62156e-05,2.53776e-07,0,1.30644e-07,8.03232e-05,8.04539e-05,4256,8.02279e-05,packed
cloth-ball,tight,cell2d,68vf,vf,2431467,3.82812,6.29372,7.32013,17.0327,0,0,2427602,0,15.9566,3865,0,0,2.05652e-05,2.78275e-07,0,4.165e-08,0.000100931,0.000100973,3865,0.000100851,packed
cloth-ball,tight,cell2d,69ee,ee,6751331,3.81923,27.0277,22.3948,49.2816,1,0,6729561,0,54.0533,21769,0,0,2.038e-05,3.06672e-07,0,9.12847e-08,4.16061e-05,4.16973e-05,21770,4.13656e-05,packed
cloth-ball,tight,cell2d,69vf,vf,2526777,4.87328,6.82974,7.78869,16.7996,0,0,2522725,0,30.241,4051,0,0,8.56904e-06,2.67986e-07,0,1.38329e-07,0.000197017,0.000197155,4052,0.000196934,packed
cloth-ball,tight,cell2d,70vf,vf,2494148,4.9384,6.80459,7.65989,12.9243,0,0,2490582,0,28.9338,3565,0,0,1.34795e-05,2.67299e-07,0,5.12355e-08,0.000116914,0.000116965,3566,0.000116825,packed
cloth-ball,tight,cell2d,71ee,ee,6122649,5.10073,27.7296,20.6964,38.9626,0,0,6101323,0,53.5658,21323,0,0,3.29026e-05,2.88942e-07,0,8.79031e-08,3.5242e-05,3.53299e-05,21326,3.49283e-05,packed
cloth-ball,tight,cell2d,71vf,vf,2247521,6.18333,7.22803,7.06036,14.3307,0,0,2243466,0,25.9756,4054,0,0,1.88597e-05,2.54846e-07,0,5.96129e-08,1.25805e-05,1.26401e-05,4055,1.2517e-05,packed
cloth-ball,tight,cell2d,72vf,vf,1929809,5.29682,7.77515,6.25651,16.3298,0,0,1925720,0,21.6278,4089,0,0,7.11089e-06,2.53146e-07,0,3.01428e-08,4.60236e-05,4.60538e-05,4089,4.60148e-05,packed
cloth-ball,tight,cell2d,73ee,ee,4482728,5.40651,25.881,15.9143,28.2712,0,0,4463939,0,39.85,18789,0,0,3.01405e-05,2.8631e-07,0,9.4446e-08,0.000115063,0.000115158,18789,0.000114799,packed
cloth-ball,tight,cell2d,73vf,vf,1569765,4.4154,8.57472,5.29656,11.8648,0,0,1566112,0,12.0566,3653,0,0,7.68216e-06,2.5635e-07,0,3.17018e-07,2.41152e-05,2.44322e-05,3653,2.38419e-05,packed
cloth-ball,tight,cell2d,74vf,vf,1316922,4.22584,8.51699,4.60551,11.8981,0,0,1313249,0,9.9958,3673,0,0,5.0527e-06,2.39293e-07,0,1.72014e-08,0.00122315,0.00122316,3673,0.00122309,packed
cloth-ball,tight,cell2d,75ee,ee,3397981,6.1264,23.2996,12.52,22.5418,0,0,3385426,0,25.836,12555,0,0,3.72029e-05,2.91697e-07,0,1.55363e-07,0.000411249,0.000411404,12555,0.000411034,packed
cloth-ball,tight,cell2d,75vf,vf,1144734,5.50222,8.28548,4.07634,12.7496,0,0,1142424,0,9.46353,2310,0,0,3.31131e-05,2.70562e-07,0,2.23871e-07,0.00019664,0.000196864,2310,0.000196457,packed
cloth-ball,tight,cell2d,76vf,vf,1021601,5.31372,8.68883,3.70592,7.75858,0,0,1020262,0,7.21316,1339,0,0,1.7323e-05,3.24309e-07,0,3.51441e-07,0.00214939,0.00214974,1339,0.00214911,packed
cloth-ball,tight,cell2d,77ee,ee,2915628,5.43858,24.0933,11.0007,17.8169,0,0,2905869,0,21.1411,9759,0,0,0.000168394,3.29666e-07,0,5.91666e-08,2.17794e-05,2.18386e-05,9759,2.16961e-05,packed
cloth-ball,tight,cell2d,77vf,vf,963888,5.69681,8.90821,3.52327,8.45405,0,0,962143,0,9.89072,1745,0,0,5.96067e-06,2.97311e-07,0,3.34414e-07,0.0017591,0.00175943,1745,0.0017581,packed
cloth-ball,tight,cell2d,78vf,vf,947065,5.13372,9.1883,3.47997,7.75727,0,0,944840,0,13.3582,2225,0,0,8.30693e-06,2.58714e-07,0,9.91588e-08,0.000849202,0.000849302,2225,0.000849009,packed
cloth-ball,tight,cell2d,79ee,ee,2775535,5.79399,25.5486,10.5702,17.7792,0,0,2764718,0,22.1589,10817,0,0,6.12708e-05,2.77829e-07,0,2.73849e-07,6.19054e-05,6.21793e-05,10817,6.1512e-05,packed
cloth-ball,tight,cell2d,79vf,vf,913895,5.70103,9.49489,3.40711,8.60448,0,0,911879,0,8.67616,2016,0,0,1.73053e-05,2.60552e-07,0,3.61992e-08,0.00072327,0.000723306,2016,0.000723243,packed
cloth-ball,tight,cell2d,80ee,ee,2836713,6.36582,24.6058,10.799,20.4999,0,0,2825388,0,23.4133,11323,0,0,1.5655e-05,2.71939e-07,0,8.1432e-08,0.000236094,0.000236176,11325,0.000236034,packed
cloth-ball,tight,cell2d,81ee,ee,2830785,6.11731,26.6597,10.7707,17.7525,0,0,2819669,0,22.7634,11116,0,0,2.46784e-05,2.67444e-07,0,1.2711e-07,5.2415e-05,5.25421e-05,11116,5.23329e-05,packed
cloth-ball,tight,cell2d,81vf,vf,927924,5.67035,10.3283,3.48282,8.07659,0,0,925837,0,5.82298,2087,0,0,9.65595e-06,2.4678e-07,0,5.37128e-08,7.3866e-05,7.39197e-05,2087,7.37906e-05,packed
cloth-ball,tight,cell2d,82ee,ee,2910424,5.89149,26.862,11.0953,18.5079,0,0,2901522,0,21.774,8902,0,0,1.80337e-05,2.80064e-07,0,2.73513e-07,9.33315e-05,9.36051e-05,8902,9.33409e-05,packed
cloth-ball,tight,cell2d,83ee,ee,2987261,5.84356,25.7702,11.2881,17.6539,0,0,2982068,0,18.4645,5193,0,0,2.66115e-05,3.3254e-07,0,8.62464e-08,0.000201488,0.000201574,5193,0.000201225,packed
cloth-ball,tight,cell2d,83vf,vf,969694,6.12016,10.7614,3.56106,7.95221,0,0,968780,0,13.2069,914,0,0,5.45018e-06,2.97485e-07,0,1.93641e-07,0.00239953,0.00239972,914,0.00239921,packed
cloth-ball,tight,cell2d,84ee,ee,3119377,5.65259,25.7797,11.8008,17.7374,0,0,3115429,0,17.6633,3948,0,0,2.56074e-05,3.89434e-07,0,8.66519e-08,0.000100126,0.000100213,3948,9.97782e-05,packed
cloth-ball,tight,cell2d,85ee,ee,3222564,5.9154,25.6299,12.2218,16.4209,0,0,3218179,0,18.3891,4385,0,0,1.31271e-05,3.94602e-07,0,6.83959e-08,2.90527e-05,2.91211e-05,4385,2.89679e-05,packed
cloth-ball,tight,cell2d,85vf,vf,1041160,5.80433,10.8038,3.82086,6.93415,0,0,1040460,0,13.5094,700,0,0,5.81867e-06,3.85447e-07,0,1.64631e-07,0.00437785,0.00437801,700,0.0043776,packed
cloth-ball,tight,cell2d,86ee,ee,3347903,5.72827,25.3682,12.88,15.7625,0,0,3339942,0,23.1589,7961,0,0,2.71364e-05,2.75067e-07,0,6.59863e-08,3.1437e-05,3.1503e-05,7961,3.12328e-05,packed
cloth-ball,tight,cell2d,87ee,ee,3522105,6.05373,24.739,13.6882,16.2684,0,0,3512042,0,23.7583,10063,0,0,3.83242e-05,2.55651e-07,0,1.78096e-07,7.0662e-05,7.08401e-05,10063,7.03335e-05,packed
cloth-ball,tight,cell2d,87vf,vf,1131097,5.85162,10.3398,4.19096,6.56914,0,0,1129323,0,9.43732,1774,0,0,3.50217e-05,2.35244e-07,0,7.33837e-08,0.000161959,0.000162032,1774,0.000161886,packed
cloth-ball,tight,cell2d,88ee,ee,3705732,5.70539,25.1541,14.4776,16.124,0,0,3692966,0,25.7906,12766,0,0,3.00133e-05,2.44129e-07,0,3.22252e-06,0.000187873,0.000191095,12766,0.000184059,packed
cloth-ball,tight,cell2d,89ee,ee,3916295,6.00503,24.8826,15.4262,19.5751,0,0,3897178,0,31.8163,19117,0,0,2.49381e-05,2.41704e-07,0,1.51731e-07,1.54718e-05,1.56235e-05,19117,1.52588e-05,packed
cloth-ball,tight,cell2d,89vf,vf,1249990,6.01565,10.4343,4.67172,7.60559,0,0,1246311,0,8.38688,3679,0,0,4.56075e-05,2.32215e-07,0,5.64206e-08,0.000960808,0.000960864,3679,0.000960708,packed
cloth-ball,tight,cell2d,90ee,ee,4210043,6.03856,25.6655,16.9604,24.0697,0,0,4180824,0,40.3336,29219,0,0,3.10472e-05,2.24196e-07,0,1.24147e-07,2.61664e-05,2.62906e-05,29219,2.57492e-05,packed
cloth-ball,tight,cell2d,91ee,ee,4569239,5.43064,26.4556,19.2926,37.1419,0,0,4513800,0,59.6556,55439,0,0,2.88795e-05,1.92001e-07,0,1.68772e-07,7.63742e-06,7.80619e-06,55439,7.39098e-06,packed
cloth-ball,tight,cell2d,91vf,vf,1452086,4.58657,9.65389,5.47157,9.72115,0,0,1440808,0,16.4406,11278,0,0,0.0001041,1.89363e-07,0,2.21561e-08,0.000131078,0.0001311,11278,0.000131011,packed
cloth-ball,tight,cell2d,92ee,ee,5197332,4.64868,27.519,21.9284,59.5022,0,0,5102507,0,88.7789,94822,0,0,4.03822e-05,1.85304e-07,0,1.82064e-08,7.47386e-06,7.49207e-06,94825,7.45058e-06,packed
cloth-ball,tight,cell2d,22ee,ee,93162,4.88765,3.839,0.46706,0.092989,0,0,93161,0,0.535794,1,0,0,1.53307e-07,1.53307e-07,0,1.53307e-07,0.930994,0.930994,1,0.930994,packed
cloth-ball,tight,cell2d,23ee,ee,75461,5.86013,4.17538,0.723757,0.164859,0,0,75460,0,0.502035,1,0,0,2.24712e-07,2.24712e-07,0,2.24712e-07,0.810556,0.810557,1,0.810556,packed
cloth-ball,tight,cell2d,25ee,ee,55367,6.48985,4.34469,0.363222,0.088189,0,0,55366,0,0.36495,1,0,0,2.2345e-07,2.2345e-07,0,2.2345e-07,0.124038,0.124038,1,0.124038,packed
cloth-ball,tight,cell2d,47ee,ee,142929,5.07283,8.06315,0.709421,0.123612,0,0,142928,0,0.737325,1,0,0,1.39292e-07,1.39292e-07,0,1.39292e-07,0.923549,0.923549,1,0.923549,packed
cloth-ball,tight,cell2d,55ee,ee,292910,4.43115,7.10161,1.38924,0.076894,0,0,292909,0,1.34211,1,0,0,1.67018e-07,1.67018e-07,0,1.67018e-07,0.85804,0.85804,1,0.85804,packed
cloth-ball,tight,cell2d,56ee,ee,402049,4.43182,8.23057,1.66533,0.095997,0,0,402048,0,1.83906,1,0,0,2.28421e-07,2.28421e-07,0,2.28421e-07,0.392759,0.392759,1,0.392759,packed
cloth-ball,tight,cell2d,57ee,ee,553184,4.15439,7.62892,2.16589,2.78322,0,0,553150,0,2.66236,34,0,0,1.51067e-06,3.81027e-07,0,2.44043e-07,0.189111,0.189112,34,0.189111,packed
cloth-ball,tight,cell2d,58ee,ee,677743,4.23221,7.3959,2.59193,17.1482,0,0,677562,0,4.42062,181,0,0,2.70035e-06,3.5091e-07,0,4.35625e-07,0.0177579,0.0177583,181,0.0177574,packed
cloth-ball,tight,cell2d,58vf,vf,217433,1.49484,5.3692,0.946855,3.13969,0,0,217399,0,1.11479,34,0,0,2.67217e-06,3.36691e-07,0,4.5389e-07,0.115568,0.115568,34,0.115568,packed
cloth-ball,tight,cell2d,59ee,ee,813886,4.54193,7.97486,3.13377,20.2114,0,0,813446,0,5.33804,440,0,0,3.56329e-06,3.14118e-07,0,1.51128e-07,0.00709703,0.00709718,440,0.00709677,packed
cloth-ball,tight,cell2d,60ee,ee,1077546,4.78707,7.78584,3.95833,24.1014,0,0,1076584,0,7.85336,962,0,0,5.81415e-06,3.16899e-07,0,2.19467e-07,0.00873833,0.00873855,962,0.00873804,packed
cloth-ball,tight,cell2d,60vf,vf,360239,4.84784,4.94653,1.35203,9.88636,0,0,360036,0,2.09431,203,0,0,2.39565e-06,2.88344e-07,0,3.29584e-08,0.061102,0.061102,203,0.0611019,packed
cloth-ball,tight,cell2d,61ee,ee,1426132,4.10287,7.80539,5.15519,31.7472,0,0,1422837,0,13.3263,3295,0,0,9.49728e-06,2.6967e-07,0,3.54506e-07,0.00113774,0.00113809,3295,0.00113726,packed
cloth-ball,tight,cell2d,62ee,ee,2016457,4.11023,7.53439,7.15722,42.1863,0,0,2010540,0,19.6253,5917,0,0,1.87306e-05,3.18036e-07,0,3.77201e-08,0.000557266,0.000557304,5917,0.000557184,packed
cloth-ball,tight,cell2d,62vf,vf,711484,4.09944,3.93327,2.40442,14.2508,0,0,710312,0,4.88534,1172,0,0,8.92782e-06,2.67785e-07,0,1.08951e-07,0.00128874,0.00128885,1172,0.00128865,packed
cloth-ball,tight,cell2d,63ee,ee,2949103,4.0357,10.1025,9.96819,35.0142,0,0,2941276,0,24.6542,7827,0,0,1.07755e-05,3.30351e-07,0,2.36165e-07,0.000240694,0.00024093,7827,0.000240445,packed
cloth-ball,tight,cell2d,64ee,ee,3804130,4.01305,11.6297,12.5847,27.854,0,0,3793044,0,31.4402,11086,0,0,3.13486e-05,3.16858e-07,0,2.97263e-07,2.14541e-05,2.17513e-05,11086,2.12193e-05,packed
cloth-ball,tight,cell2d,64vf,vf,1414679,4.06463,3.7327,4.4043,14.0481,0,0,1412471,0,9.41751,2208,0,0,1.05311e-05,2.86975e-07,0,3.13327e-07,0.00110717,0.00110748,2208,0.0011065,packed
cloth-ball,tight,cell2d,65ee,ee,4239673,4.07637,15.2432,14.1103,28.9188,0,0,4223323,0,39.3231,16350,0,0,1.82526e-05,2.99943e-07,0,1.51547e-07,0.000112815,0.000112967,16350,0.000112534,packed
cloth-ball,tight,cell2d,66ee,ee,4852404,3.98786,18.7308,16.2404,47.9673,0,0,4833074,0,46.3765,19329,0,0,1.36364e-05,2.96184e-07,0,9.37219e-08,0.000158927,0.000159021,19330,0.000158787,packed
cloth-ball,tight,cell2d,66vf,vf,1802633,3.93529,4.76746,5.50446,18.4847,0,0,1798776,0,14.3969,3857,0,0,7.44397e-06,2.6443e-07,0,2.27428e-08,0.000152532,0.000152554,3857,0.000152349,packed
cloth-ball,tight,cell2d,67ee,ee,5689944,3.74112,22.4843,19.6426,44.6115,0,0,5667846,0,53.3738,22097,0,0,0.000192801,2.87697e-07,0,2.44222e-06,2.17548e-05,2.4197e-05,22098,1.83582e-05,packed
cloth-ball,tight,cell2d,67vf,vf,2126413,6.12186,5.70273,6.49202,13.714,0,0,2122157,0,19.5149,4256,0,0,1.62156e-05,2.53776e-07,0,1.30644e-07,8.03232e-05,8.04539e-05,4256,8.02279e-05,packed
cloth-ball,tight,cell2d,68vf,vf,2431467,5.09494,6.42917,7.39606,16.9728,0,0,2427602,0,16.836,3865,0,0,2.05652e-05,2.78275e-07,0,4.165e-08,0.000100931,0.000100973,3865,0.000100851,packed
cloth-ball,tight,cell2d,69ee,ee,6751331,5.24882,27.1374,22.3728,49.4721,1,0,6729561,0,54.9315,21769,0,0,2.038e-05,3.06672e-07,0,9.12847e-08,4.16061e-05,4.16973e-05,21770,4.13656e-05,packed
cloth-ball,tight,cell2d,69vf,vf,2526777,5.91575,6.79419,7.75096,16.7533,0,0,2522725,0,30.1874,4051,0,0,8.56904e-06,2.67986e-07,0,1.38329e-07,0.000197017,0.000197155,4052,0.000196934,packed
cloth-ball,tight,cell2d,70vf,vf,2494148,5.14233,6.86625,7.69855,12.9994,0,0,2490582,0,23.1355,3565,0,0,1.34795e-05,2.67299e-07,0,5.28502e-08,0.000116912,0.000116965,3566,0.000116825,packed
cloth-ball,tight,cell2d,71ee,ee,6122649,5.15836,27.7741,20.7195,39.2425,0,0,6101323,0,53.4787,21323,0,0,3.29026e-05,2.88942e-07,0,8.79031e-08,3.5242e-05,3.53299e-05,21326,3.49283e-05,packed
cloth-ball,tight,cell2d,71vf,vf,2247521,5.89946,7.26365,7.06925,14.3056,0,0,2243466,0,23.0521,4054,0,0,1.88597e-05,2.54846e-07,0,5.96129e-08,1.25805e-05,1.26401e-05,4055,1.2517e-05,packed
cloth-ball,tight,cell2d,72vf,vf,1929809,5.20626,7.79845,6.27551,16.3259,0,0,1925720,0,14.4083,4089,0,0,7.11089e-06,2.53146e-07,0,3.01428e-08,4.60236e-05,4.60538e-05,4089,4.60148e-05,packed
cloth-ball,tight,cell2d,73ee,ee,4482728,5.36639,26.1592,15.8906,28.1922,0,0,4463939,0,39.8196,18789,0,0,3.01405e-05,2.8631e-07,0,9.4446e-08,0.000115063,0.000115158,18789,0.000114799,packed
cloth-ball,tight,cell2d,73vf,vf,1569765,4.64413,8.35642,5.20639,11.8528,0,0,1566112,0,11.9412,3653,0,0,7.68216e-06,2.5635e-07,0,3.17018e-07,2.41152e-05,2.44322e-05,3653,2.38419e-05,packed
cloth-ball,tight,cell2d,74vf,vf,1316922,4.28565,8.31543,4.54641,11.919,0,0,1313249,0,9.9215,3673,0,0,5.0527e-06,2.39293e-07,0,1.72014e-08,0.00122315,0.00122316,3673,0.00122309,packed
cloth-ball,tight,cell2d,75ee,ee,3397981,5.61326,22.1761,12.4721,22.6614,0,0,3385426,0,25.7437,12555,0,0,3.72029e-05,2.91697e-07,0,1.55363e-07,0.000411249,0.000411404,12555,0.000411034,packed
cloth-ball,tight,cell2d,75vf,vf,1144734,5.47362,8.14615,4.01788,12.7647,0,0,1142424,0,9.98607,2310,0,0,3.31131e-05,2.70562e-07,0,2.2464e-07,0.00019664,0.000196864,2310,0.000196457,packed
cloth-ball,tight,cell2d,76vf,vf,1021601,5.09574,8.4289,3.64259,7.76063,0,0,1020262,0,8.85916,1339,0,0,1.7323e-05,3.24309e-07,0,3.51441e-07,0.00214939,0.00214974,1339,0.00214911,packed
cloth-ball,tight,cell2d,77ee,ee,2915628,5.66945,22.2315,11.008,18.0317,0,0,2905869,0,21.0989,9759,0,0,0.000168394,3.29666e-07,0,5.91666e-08,2.17794e-05,2.18386e-05,9759,2.16961e-05,packed
cloth-ball,tight,cell2d,77vf,vf,963888,5.42578,8.63808,3.50784,8.46323,0,0,962143,0,6.04912,1745,0,0,5.96067e-06,2.97311e-07,0,3.34414e-07,0.0017591,0.00175943,1745,0.0017581,packed
cloth-ball,tight,cell2d,78vf,vf,947065,5.22684,9.03205,3.48538,7.64559,0,0,944840,0,11.2646,2225,0,0,8.30693e-06,2.58714e-07,0,9.91588e-08,0.000849202,0.000849302,2225,0.000849009,packed
cloth-ball,tight,cell2d,79ee,ee,2775535,5.78372,24.0789,10.5585,17.727,0,0,2764718,0,22.0791,10817,0,0,6.12708e-05,2.77829e-07,0,2.73849e-07,6.19054e-05,6.21793e-05,10817,6.1512e-05,packed
cloth-ball,tight,cell2d,79vf,vf,913895,5.58107,9.35579,3.39127,8.62813,0,0,911879,0,7.47043,2016,0,0,1.73053e-05,2.60552e-07,0,3.61992e-08,0.00072327,0.000723306,2016,0.000723243,packed
cloth-ball,tight,cell2d,80ee,ee,2836713,6.39481,23.4223,10.7885,20.5471,0,0,2825388,0,23.2028,11323,0,0,1.5655e-05,2.71939e-07,0,8.1432e-08,0.000236094,0.000236176,11325,0.000236034,packed
cloth-ball,tight,cell2d,81ee,ee,2830785,5.9129,25.1478,10.7588,17.6406,0,0,2819669,0,22.6228,11116,0,0,2.46784e-05,2.67444e-07,0,1.2711e-07,5.2415e-05,5.25421e-05,11116,5.23329e-05,packed
cloth-ball,tight,cell2d,81vf,vf,927924,5.68199,10.1449,3.43418,8.06283,0,0,925837,0,5.82813,2087,0,0,9.65595e-06,2.4678e-07,0,5.37128e-08,7.3866e-05,7.39197e-05,2087,7.37906e-05,packed
cloth-ball,tight,cell2d,82ee,ee,2910424,5.93901,25.2267,11.0651,18.7222,0,0,2901522,0,21.6399,8902,0,0,1.80337e-05,2.80064e-07,0,2.73521e-07,9.33315e-05,9.36051e-05,8902,9.33409e-05,packed
cloth-ball,tight,cell2d,83ee,ee,2987261,6.15325,24.2621,11.2582,17.4328,0,0,2982068,0,18.4108,5193,0,0,2.66115e-05,3.3254e-07,0,8.65621e-08,0.000201487,0.000201574,5193,0.000201225,packed
cloth-ball,tight,cell2d,83vf,vf,969694,5.65691,10.5161,3.54877,7.97653,0,0,968780,0,11.2325,914,0,0,5.45018e-06,2.97485e-07,0,1.93641e-07,0.00239953,0.00239972,914,0.00239921,packed
cloth-ball,tight,cell2d,84ee,ee,3119377,5.57505,23.9401,11.7234,17.8704,0,0,3115429,0,17.5128,3948,0,0,2.56074e-05,3.89434e-07,0,8.66519e-08,0.000100126,0.000100213,3948,9.97782e-05,packed
cloth-ball,tight,cell2d,85ee,ee,3222564,5.88196,24.2118,12.1992,16.3738,0,0,3218179,0,18.292,4385,0,0,1.31271e-05,3.94602e-07,0,6.83959e-08,2.90527e-05,2.91211e-05,4385,2.89679e-05,packed
cloth-ball,tight,cell2d,85vf,vf,1041160,5.57163,10.7216,3.81964,6.93835,0,0,1040460,0,15.0155,700,0,0,5.81867e-06,3.85447e-07,0,1.64631e-07,0.00437785,0.00437801,700,0.0043776,packed
cloth-ball,tight,cell2d,86ee,ee,3347903,6.02704,23.7735,12.8435,15.6745,0,0,3339942,0,23.1189,7961,0,0,2.71364e-05,2.75067e-07,0,6.59863e-08,3.1437e-05,3.1503e-05,7961,3.12328e-05,packed
cloth-ball,tight,cell2d,87ee,ee,3522105,5.97671,23.2233,13.6563,16.2,0,0,3512042,0,23.6759,10063,0,0,3.83242e-05,2.55651e-07,0,1.78096e-07,7.0662e-05,7.08401e-05,10063,7.03335e-05,packed
cloth-ball,tight,cell2d,87vf,vf,1131097,5.98544,10.1481,4.18331,6.53042,0,0,1129323,0,15.9385,1774,0,0,3.50217e-05,2.35244e-07,0,7.33837e-08,0.000161959,0.000162032,1774,0.000161886,packed
cloth-ball,tight,cell2d,88ee,ee,3705732,5.83217,23.3145,14.4241,15.8276,0,0,3692966,0,25.715,12766,0,0,3.00133e-05,2.44129e-07,0,3.22252e-06,0.000187873,0.000191095,12766,0.000184059,packed
cloth-ball,tight,cell2d,89ee,ee,3916295,6.17405,25.0919,15.4142,19.5748,0,0,3897178,0,31.6284,19117,0,0,2.49381e-05,2.41704e-07,0,1.51731e-07,1.54718e-05,1.56235e-05,19117,1.52588e-05,packed
cloth-ball,tight,cell2d,89vf,vf,1249990,6.15782,10.2405,4.64573,7.51945,0,0,1246311,0,8.54448,3679,0,0,4.56075e-05,2.32215e-07,0,5.64206e-08,0.000960808,0.000960864,3679,0.000960708,packed
cloth-ball,tight,cell2d,90ee,ee,4210043,6.02666,25.8431,16.9383,24.1538,0,0,4180824,0,40.1853,29219,0,0,3.10472e-05,2.24196e-07,0,1.24147e-07,2.61664e-05,2.62906e-05,29219,2.57492e-05,packed
cloth-ball,tight,cell2d,91ee,ee,4569239,5.11519,26.1253,18.7084,36.8945,0,0,4513800,0,59.3919,55439,0,0,2.88795e-05,1.92001e-07,0,1.68772e-07,7.63742e-06,7.80619e-06,55439,7.39098e-06,packed
cloth-ball,tight,cell2d,91vf,vf,1452086,4.60298,9.50874,5.41963,9.79184,0,0,1440808,0,16.3315,11278,0,0,0.0001041,1.89363e-07,0,2.33175e-08,0.000131077,0.0001311,11278,0.000131011,packed
cloth-ball,tight,cell2d,92ee,ee,5197332,4.80445,26.6729,21.8626,59.4108,0,0,5102507,0,88.8837,94822,0,0,4.03822e-05,1.85304e-07,0,1.81724e-08,7.4739e-06,7.49207e-06,94825,7.45058e-06,packed
cloth-ball,tight,cell2d,22ee,ee,93162,1.95025,4.02018,0.566801,0.113373,0,0,93161,0,0.573457,1,0,0,1.53307e-07,1.53307e-07,0,1.53307e-07,0.930994,0.930994,1,0.930994,packed
cloth-ball,tight,cell2d,23ee,ee,75461,4.29374,3.85622,0.435157,0.07907,0,0,75460,0,0.472467,1,0,0,2.24712e-07,2.24712e-07,0,2.24712e-07,0.810556,0.810557,1,0.810556,packed
cloth-ball,tight,cell2d,25ee,ee,55367,5.17858,4.08904,0.370358,0.072158,0,0,55366,0,0.369526,1,0,0,2.2345e-07,2.2345e-07,0,2.2345e-07,0.124038,0.124038,1,0.124038,packed
cloth-ball,tight,cell2d,47ee,ee,142929,4.65303,7.85045,0.69019,0.123613,0,0,142928,0,0.735725,1,0,0,1.39292e-07,1.39292e-07,0,1.39292e-07,0.923549,0.923549,1,0.923549,packed
cloth-ball,tight,cell2d,55ee,ee,292910,4.38766,7.19437,1.28381,0.089693,0,0,292909,0,1.32256,1,0,0,1.67018e-07,1.67018e-07,0,1.67018e-07,0.85804,0.85804,1,0.85804,packed
cloth-ball,tight,cell2d,56ee,ee,402049,4.51828,8.41751,1.64338,0.08995,0,0,402048,0,1.73983,1,0,0,2.28421e-07,2.28421e-07,0,2.28421e-07,0.392759,0.392759,1,0.392759,packed
cloth-ball,tight,cell2d,57ee,ee,553184,4.49303,7.77215,2.18775,2.79033,0,0,553150,0,2.61318,34,0,0,1.51067e-06,3.81027e-07,0,2.38481e-07,0.189111,0.189112,34,0.189111,packed
cloth-ball,tight,cell2d,58ee,ee,677743,4.54314,7.39613,2.6024,17.2544,0,0,677562,0,4.38257,181,0,0,2.70035e-06,3.5091e-07,0,4.35625e-07,0.0177579,0.0177583,181,0.0177574,packed
cloth-ball,tight,cell2d,58vf,vf,217433,1.33449,5.51752,0.837962,3.15921,0,0,217399,0,1.14189,34,0,0,2.67217e-06,3.36691e-07,0,4.2597e-07,0.115568,0.115568,34,0.115568,packed
cloth-ball,tight,cell2d,59ee,ee,813886,4.35006,7.78325,3.10571,20.1295,0,0,813446,0,5.41109,440,0,0,3.56329e-06,3.14118e-07,0,1.51128e-07,0.00709703,0.00709718,440,0.00709677,packed
cloth-ball,tight,cell2d,60ee,ee,1077546,4.35377,7.70357,3.89955,24.0236,0,0,1076584,0,7.82984,962,0,0,5.81415e-06,3.16899e-07,0,2.19467e-07,0.00873833,0.00873855,962,0.00873804,packed
cloth-ball,tight,cell2d,60vf,vf,360239,4.81955,4.90093,1.40662,9.90825,0,0,360036,0,1.96529,203,0,0,2.39565e-06,2.88344e-07,0,3.29584e-08,0.061102,0.061102,203,0.0611019,packed
cloth-ball,tight,cell2d,61ee,ee,1426132,3.76029,7.7405,5.15452,31.6709,0,0,1422837,0,13.2258,3295,0,0,9.49728e-06,2.6967e-07,0,3.54506e-07,0.00113774,0.00113809,3295,0.00113726,packed
cloth-ball,tight,cell2d,62ee,ee,2016457,4.01714,7.61186,7.08717,41.9932,0,0,2010540,0,19.5109,5917,0,0,1.87306e-05,3.18036e-07,0,3.77201e-08,0.000557266,0.000557304,5917,0.000557184,packed
cloth-ball,tight,cell2d,62vf,vf,711484,4.14437,3.97346,2.46173,14.2292,0,0,710312,0,4.8415,1172,0,0,8.92782e-06,2.67785e-07,0,1.08951e-07,0.00128874,0.00128885,1172,0.00128865,packed
cloth-ball,tight,cell2d,63ee,ee,2949103,3.3913,9.90489,9.89206,35.0187,0,0,2941276,0,24.5975,7827,0,0,1.07755e-05,3.30351e-07,0,2.36165e-07,0.000240694,0.00024093,7827,0.000240445,packed
cloth-ball,tight,cell2d,64ee,ee,3804130,3.82134,11.4457,12.5602,27.9669,0,0,3793044,0,31.3034,11086,0,0,3.13486e-05,3.16858e-07,0,2.97263e-07,2.14541e-05,2.17513e-05,11086,2.12193e-05,packed
cloth-ball,tight,cell2d,64vf,vf,1414679,3.74073,3.72304,4.41784,14.0411,0,0,1412471,0,8.97426,2208,0,0,1.05311e-05,2.86975e-07,0,3.13327e-07,0.00110717,0.00110748,2208,0.0011065,packed
cloth-ball,tight,cell2d,65ee,ee,4239673,3.60605,15.1061,14.0631,28.9467,0,0,4223323,0,39.2046,16350,0,0,1.82526e-05,2.99943e-07,0,1.51547e-07,0.000112815,0.000112967,16350,0.000112534,packed
cloth-ball,tight,cell2d,66ee,ee,4852404,3.6487,18.2332,16.166,48.0177,0,0,4833074,0,46.318,19329,0,0,1.36364e-05,2.96184e-07,0,9.37219e-08,0.000158927,0.000159021,19330,0.000158787,packed
cloth-ball,tight,cell2d,66vf,vf,1802633,3.84662,4.73923,5.4924,18.4496,0,0,1798776,0,13.816,3857,0,0,7.44397e-06,2.6443e-07,0,2.27428e-08,0.000152532,0.000152554,3857,0.000152349,packed
cloth-ball,tight,cell2d,67ee,ee,5689944,3.69373,22.5752,19.6292,44.8827,0,0,5667846,0,53.5499,22097,0,0,0.000192801,2.87697e-07,0,2.44222e-06,2.17548e-05,2.4197e-05,22098,1.83582e-05,packed
cloth-ball,tight,cell2d,67vf,vf,2126413,5.89584,5.69623,6.50425,13.705,0,0,2122157,0,17.7466,4256,0,0,1.62156e-05,2.53776e-07,0,1.30644e-07,8.03232e-05,8.04539e-05,4256,8.02279e-05,packed
cloth-ball,tight,cell2d,68vf,vf,2431467,4.67748,6.38348,7.35971,17.0315,0,0,2427602,0,19.5419,3865,0,0,2.05652e-05,2.78275e-07,0,4.165e-08,0.000100931,0.000100973,3865,0.000100851,packed
cloth-ball,tight,cell2d,69ee,ee,6751331,4.8991,28.0083,22.4075,50.2718,1,0,6729561,0,54.7002,21769,0,0,2.038e-05,3.06672e-07,0,9.12847e-08,4.16061e-05,4.16973e-05,21770,4.13656e-05,packed
cloth-ball,tight,cell2d,69vf,vf,2526777,5.84081,6.85832,7.78191,16.7486,0,0,2522725,0,22.1676,4051,0,0,8.56904e-06,2.67986e-07,0,1.38329e-07,0.000197017,0.000197155,4052,0.000196934,packed
cloth-ball,tight,cell2d,70vf,vf,2494148,5.11618,6.89096,7.68738,12.9071,0,0,2490582,0,26.9625,3565,0,0,1.34795e-05,2.67299e-07,0,5.12355e-08,0.000116914,0.000116965,3566,0.000116825,packed
cloth-ball,tight,cell2d,71ee,ee,6122649,4.97725,27.5841,20.6936,38.7168,0,0,6101323,0,53.7823,21323,0,0,3.29026e-05,2.88942e-07,0,8.79031e-08,3.5242e-05,3.53299e-05,21326,3.49283e-05,packed
cloth-ball,tight,cell2d,71vf,vf,2247521,5.46248,7.02487,7.05159,14.347,0,0,2243466,0,22.4259,4054,0,0,1.88597e-05,2.54846e-07,0,5.96129e-08,1.25805e-05,1.26401e-05,4055,1.2517e-05,packed
cloth-ball,tight,cell2d,72vf,vf,1929809,5.03395,7.5542,6.16534,16.3443,0,0,1925720,0,17.5932,4089,0,0,7.11089e-06,2.53146e-07,0,3.01428e-08,4.60236e-05,4.60538e-05,4089,4.60148e-05,packed
cloth-ball,tight,cell2d,73ee,ee,4482728,5.45778,24.981,15.8427,28.0263,0,0,4463939,0,39.6821,18789,0,0,3.01405e-05,2.8631e-07,0,9.4446e-08,0.000115063,0.000115158,18789,0.000114799,packed
cloth-ball,tight,cell2d,73vf,vf,1569765,4.4019,8.22615,5.22914,11.7439,0,0,1566112,0,12.0047,3653,0,0,7.68216e-06,2.5635e-07,0,3.17018e-07,2.41152e-05,2.44322e-05,3653,2.38419e-05,packed
cloth-ball,tight,cell2d,74vf,vf,1316922,4.22562,8.18238,4.55495,11.9187,0,0,1313249,0,9.97807,3673,0,0,5.0527e-06,2.39293e-07,0,1.72014e-08,0.00122315,0.00122316,3673,0.00122309,packed
cloth-ball,tight,cell2d,75ee,ee,3397981,5.87805,22.0948,12.4776,22.6846,0,0,3385426,0,25.7733,12555,0,0,3.72029e-05,2.91697e-07,0,1.55363e-07,0.000411249,0.000411404,12555,0.000411034,packed
cloth-ball,tight,cell2d,75vf,vf,1144734,5.52584,8.05422,4.03644,12.7867,0,0,1142424,0,13.5447,2310,0,0,3.31131e-05,2.70562e-07,0,2.23871e-07,0.00019664,0.000196864,2310,0.000196457,packed
cloth-ball,tight,cell2d,76vf,vf,1021601,5.2134,8.41747,3.64003,7.79935,0,0,1020262,0,6.97735,1339,0,0,1.7323e-05,3.24309e-07,0,3.51441e-07,0.00214939,0.00214974,1339,0.00214911,packed
cloth-ball,tight,cell2d,77ee,ee,2915628,5.32722,21.4001,10.9707,17.8692,0,0,2905869,0,21.0263,9759,0,0,0.000168394,3.29666e-07,0,5.91666e-08,2.17794e-05,2.18386e-05,9759,2.16961e-05,packed
cloth-ball,tight,cell2d,77vf,vf,963888,5.90311,8.46579,3.50068,8.42368,0,0,962143,0,5.9576,1745,0,0,5.96067e-06,2.97311e-07,0,3.34414e-07,0.0017591,0.00175943,1745,0.0017581,packed
cloth-ball,tight,cell2d,78vf,vf,947065,5.19865,8.91359,3.44529,7.60703,0,0,944840,0,15.0267,2225,0,0,8.30693e-06,2.58714e-07,0,9.91588e-08,0.000849202,0.000849302,2225,0.000849009,packed
cloth-ball,tight,cell2d,79ee,ee,2775535,5.51781,23.3255,10.5293,17.7689,0,0,2764718,0,22.0942,10817,0,0,6.12708e-05,2.77829e-07,0,2.73849e-07,6.19054e-05,6.21793e-05,10817,6.1512e-05,packed
cloth-ball,tight,cell2d,79vf,vf,913895,5.46459,9.10712,3.37818,8.60038,0,0,911879,0,8.50781,2016,0,0,1.73053e-05,2.60552e-07,0,3.61992e-08,0.00072327,0.000723306,2016,0.000723243,packed
cloth-ball,tight,cell2d,80ee,ee,2836713,6.18003,22.4034,10.7576,20.5277,0,0,2825388,0,23.2457,11323,0,0,1.5655e-05,2.71939e-07,0,8.1432e-08,0.000236094,0.000236176,11325,0.000236034,packed
cloth-ball,tight,cell2d,81ee,ee,2830785,5.68372,24.2115,10.7815,17.5758,0,0,2819669,0,22.5113,11116,0,0,2.46784e-05,2.67444e-07,0,1.2711e-07,5.2415e-05,5.25421e-05,11116,5.23329e-05,packed
cloth-ball,tight,cell2d,81vf,vf,927924,5.64536,10.0094,3.39313,8.23182,0,0,925837,0,7.46467,2087,0,0,9.65595e-06,2.4678e-07,0,5.37128e-08,7.3866e-05,7.39197e-05,2087,7.37906e-05,packed
cloth-ball,tight,cell2d,82ee,ee,2910424,5.5564,24.3598,11.0384,18.4873,0,0,2901522,0,21.7044,8902,0,0,1.80337e-05,2.80064e-07,0,2.73521e-07,9.33315e-05,9.36051e-05,8902,9.33409e-05,packed
cloth-ball,tight,cell2d,83ee,ee,2987261,5.75978,23.2787,11.2347,17.3394,0,0,2982068,0,18.4445,5193,0,0,2.66115e-05,3.3254e-07,0,8.62464e-08,0.000201488,0.000201574,5193,0.000201225,packed
cloth-ball,tight,cell2d,83vf,vf,969694,5.76772,10.3321,3.53149,7.94245,0,0,968780,0,9.05317,914,0,0,5.45018e-06,2.97485e-07,0,1.93641e-07,0.00239953,0.00239972,914,0.00239921,packed
cloth-ball,tight,cell2d,84ee,ee,3119377,5.32338,23.0849,11.7658,17.7237,0,0,3115429,0,17.5307,3948,0,0,2.56074e-05,3.89434e-07,0,8.66519e-08,0.000100126,0.000100213,3948,9.97782e-05,packed
cloth-ball,tight,cell2d,85ee,ee,3222564,5.93079,23.1519,12.2071,16.8141,0,0,3218179,0,18.2577,4385,0,0,1.31271e-05,3.94602e-07,0,6.83959e-08,2.90527e-05,2.91211e-05,4385,2.89679e-05,packed
cloth-ball,tight,cell2d,85vf,vf,1041160,5.71047,10.4075,3.77344,7.04532,0,0,1040460,0,14.0946,700,0,0,5.81867e-06,3.85447e-07,0,1.64631e-07,0.00437785,0.00437801,700,0.0043776,packed
cloth-ball,tight,cell2d,86ee,ee,3347903,5.50802,22.8457,12.8481,15.8706,0,0,3339942,0,23.0812,7961,0,0,2.71364e-05,2.75067e-07,0,6.59863e-08,3.1437e-05,3.1503e-05,7961,3.12328e-05,packed
cloth-ball,tight,cell2d,87ee,ee,3522105,6.07363,22.1971,13.6242,16.1994,0,0,3512042,0,23.6842,10063,0,0,3.83242e-05,2.55651e-07,0,1.78096e-07,7.0662e-05,7.08401e-05,10063,7.03335e-05,packed
cloth-ball,tight,cell2d,87vf,vf,1131097,5.52194,9.96524,4.21781,6.46076,0,0,1129323,0,13.8776,1774,0,0,3.50217e-05,2.35244e-07,0,7.33837e-08,0.000161959,0.000162032,1774,0.000161886,packed
cloth-ball,tight,cell2d,88ee,ee,3705732,5.7347,22.3306,14.4614,15.8321,0,0,3692966,0,25.7287,12766,0,0,3.00133e-05,2.44129e-07,0,3.22252e-06,0.000187873,0.000191095,12766,0.000184059,packed
cloth-ball,tight,cell2d,89ee,ee,3916295,5.88001,23.7836,15.4334,19.4493,0,0,3897178,0,31.5106,19117,0,0,2.49381e-05,2.41704e-07,0,1.52083e-07,1.54714e-05,1.56235e-05,19117,1.52588e-05,packed
cloth-ball,tight,cell2d,89vf,vf,1249990,5.9089,10.1497,4.62644,7.6542,0,0,1246311,0,8.80076,3679,0,0,4.56075e-05,2.32215e-07,0,5.64206e-08,0.000960808,0.000960864,3679,0.000960708,packed
cloth-ball,tight,cell2d,90ee,ee,4210043,6.23235,24.6452,16.9229,24.1883,0,0,4180824,0,40.2842,29219,0,0,3.10472e-05,2.24196e-07,0,1.24147e-07,2.61664e-05,2.62906e-05,29219,2.57492e-05,packed
cloth-ball,tight,cell2d,91ee,ee,4569239,5.10975,26.4039,18.7843,37.0584,0,0,4513800,0,59.514,55439,0,0,2.88795e-05,1.92001e-07,0,1.68772e-07,7.63742e-06,7.80619e-06,55439,7.39098e-06,packed
cloth-ball,tight,cell2d,91vf,vf,1452086,4.64788,9.50174,5.42162,9.7463,0,0,1440808,0,16.3755,11278,0,0,0.0001041,1.89363e-07,0,2.33175e-08,0.000131077,0.0001311,11278,0.000131011,packed
cloth-ball,tight,cell2d,92ee,ee,5197332,4.84058,27.0798,21.9263,59.5223,0,0,5102507,0,88.8961,94822,0,0,4.03822e-05,1.85304e-07,0,1.81737e-08,7.4739e-06,7.49207e-06,94825,7.45058e-06,packed
cloth-ball,tight,cell2d,22ee,ee,93162,1.0193,2.04865,0.452084,0.058783,0,0,93161,0,0.53157,1,0,0,1.53307e-07,1.53307e-07,0,1.53307e-07,0.930994,0.930994,1,0.930994,gather
cloth-ball,tight,cell2d,23ee,ee,75461,3.35207,2.29671,0.446612,0.070814,0,0,75460,0,0.448948,1,0,0,2.24712e-07,2.24712e-07,0,2.24712e-07,0.810556,0.810557,1,0.810556,gather
cloth-ball,tight,cell2d,25ee,ee,55367,1.96168,2.31434,0.403765,0.082334,0,0,55366,0,0.38223,1,0,0,2.2345e-07,2.2345e-07,0,2.2345e-07,0.124038,0.124038,1,0.124038,gather
cloth-ball,tight,cell2d,47ee,ee,142929,2.32487,4.16306,0.683214,0.116765,0,0,142928,0,0.693613,1,0,0,1.39292e-07,1.39292e-07,0,1.39292e-07,0.923549,0.923549,1,0.923549,gather
cloth-ball,tight,cell2d,55ee,ee,292910,2.30871,4.20245,1.32176,0.090461,0,0,292909,0,1.3216,1,0,0,1.67018e-07,1.67018e-07,0,1.67018e-07,0.85804,0.85804,1,0.85804,gather
cloth-ball,tight,cell2d,56ee,ee,402049,2.3664,4.9376,1.64168,0.084605,0,0,402048,0,1.695,1,0,0,2.28421e-07,2.28421e-07,0,2.28421e-07,0.392759,0.392759,1,0.392759,gather
cloth-ball,tight,cell2d,57ee,ee,553184,2.34058,5.69422,2.08484,2.76985,0,0,553150,0,2.576,34,0,0,1.51067e-06,3.81027e-07,0,2.44043e-07,0.189111,0.189112,34,0.189111,gather
cloth-ball,tight,cell2d,58ee,ee,677743,2.23076,6.42284,2.57382,17.1974,0,0,677562,0,4.26904,181,0,0,2.70035e-06,3.5091e-07,0,4.35625e-07,0.0177579,0.0177583,181,0.0177574,gather
cloth-ball,tight,cell2d,58vf,vf,217433,1.25225,5.85751,1.05376,3.1635,0,0,217399,0,1.11987,34,0,0,2.67217e-06,3.36691e-07,0,4.33256e-07,0.115568,0.115568,34,0.115568,gather
cloth-ball,tight,cell2d,59ee,ee,813886,2.55728,6.3262,3.11944,20.1341,0,0,813446,0,5.17596,440,0,0,3.56329e-06,3.14118e-07,0,1.51128e-07,0.00709703,0.00709718,440,0.00709677,gather
cloth-ball,tight,cell2d,60ee,ee,1077546,2.37277,7.52771,3.88047,23.8494,0,0,1076584,0,7.80661,962,0,0,5.81415e-06,3.16899e-07,0,2.19467e-07,0.00873833,0.00873855,962,0.00873804,gather
cloth-ball,tight,cell2d,60vf,vf,360239,2.04935,6.15619,1.46435,9.95539,0,0,360036,0,2.00881,203,0,0,2.39565e-06,2.88344e-07,0,3.29584e-08,0.061102,0.061102,203,0.0611019,gather
cloth-ball,tight,cell2d,61ee,ee,1426132,1.87787,8.59325,5.06086,31.5163,0,0,1422837,0,13.1286,3295,0,0,9.49728e-06,2.6967e-07,0,3.54506e-07,0.00113774,0.00113809,3295,0.00113726,gather
cloth-ball,tight,cell2d,62ee,ee,2016457,1.98955,9.90931,6.95908,41.8697,0,0,2010540,0,19.3084,5917,0,0,1.87306e-05,3.18036e-07,0,3.77201e-08,0.000557266,0.000557304,5917,0.000557184,gather
cloth-ball,tight,cell2d,62vf,vf,711484,2.36007,5.72167,2.44041,14.2201,0,0,710312,0,4.89968,1172,0,0,8.92782e-06,2.67785e-07,0,1.08951e-07,0.00128874,0.00128885,1172,0.00128865,gather
cloth-ball,tight,cell2d,63ee,ee,2949103,2.13188,13.2136,9.75139,34.9209,0,0,2941276,0,24.3709,7827,0,0,1.07755e-05,3.30351e-07,0,2.36165e-07,0.000240694,0.00024093,7827,0.000240445,gather
cloth-ball,tight,cell2d,64ee,ee,3804130,2.17575,16.0088,12.3339,27.759,0,0,3793044,0,31.1389,11086,0,0,3.13486e-05,3.16858e-07,0,2.97263e-07,2.14541e-05,2.17513e-05,11086,2.12193e-05,gather
cloth-ball,tight,cell2d,64vf,vf,1414679,1.57788,6.20323,4.45428,13.981,0,0,1412471,0,8.50752,2208,0,0,1.05311e-05,2.86975e-07,0,3.13327e-07,0.00110717,0.00110748,2208,0.0011065,gather
cloth-ball,tight,cell2d,65ee,ee,4239673,1.64418,20.1506,13.8454,29.026,0,0,4223323,0,38.8789,16350,0,0,1.82526e-05,2.99943e-07,0,1.51547e-07,0.000112815,0.000112967,16350,0.000112534,gather
cloth-ball,tight,cell2d,66ee,ee,4852404,1.98846,26.264,15.9497,47.836,0,0,4833074,0,45.8681,19329,0,0,1.36364e-05,2.96184e-07,0,9.37219e-08,0.000158927,0.000159021,19330,0.000158787,gather
cloth-ball,tight,cell2d,66vf,vf,1802633,1.7172,8.51898,5.55217,18.4025,0,0,1798776,0,13.4897,3857,0,0,7.44397e-06,2.6443e-07,0,2.27428e-08,0.000152532,0.000152554,3857,0.000152349,gather
cloth-ball,tight,cell2d,67ee,ee,5689944,1.52479,33.2317,18.6534,44.6244,0,0,5667846,0,52.9197,22097,0,0,0.000192801,2.87697e-07,0,2.44222e-06,2.17548e-05,2.4197e-05,22098,1.83582e-05,gather
cloth-ball,tight,cell2d,67vf,vf,2126413,2.95253,9.99196,6.5125,13.8152,0,0,2122157,0,14.3248,4256,0,0,1.62156e-05,2.53776e-07,0,1.30644e-07,8.03232e-05,8.04539e-05,4256,8.02279e-05,gather
cloth-ball,tight,cell2d,68vf,vf,2431467,1.48089,11.8009,7.43555,16.9781,0,0,2427602,0,14.4104,3865,0,0,2.05652e-05,2.78275e-07,0,4.165e-08,0.000100931,0.000100973,3865,0.000100851,gather
cloth-ball,tight,cell2d,69ee,ee,6751331,1.65512,39.7325,22.0324,49.4128,1,0,6729561,0,53.7758,21769,0,0,2.038e-05,3.06672e-07,0,9.12847e-08,4.16061e-05,4.16973e-05,21770,4.13656e-05,gather
cloth-ball,tight,cell2d,69vf,vf,2526777,2.14314,12.7608,7.78312,16.7958,0,0,2522725,0,18.3946,4051,0,0,8.56904e-06,2.67986e-07,0,1.38329e-07,0.000197017,0.000197155,4052,0.000196934,gather
cloth-ball,tight,cell2d,70vf,vf,2494148,2.08148,13.1245,7.70626,12.9222,0,0,2490582,0,13.4907,3565,0,0,1.34795e-05,2.67299e-07,0,5.12355e-08,0.000116914,0.000116965,3566,0.000116825,gather
cloth-ball,tight,cell2d,71ee,ee,6122649,2.34064,42.2354,20.4672,38.9408,0,0,6101323,0,53.1057,21323,0,0,3.29026e-05,2.88942e-07,0,8.79031e-08,3.5242e-05,3.53299e-05,21326,3.49283e-05,gather
cloth-ball,tight,cell2d,71vf,vf,2247521,2.16404,13.5451,7.0834,14.319,0,0,2243466,0,13.6044,4054,0,0,1.88597e-05,2.54846e-07,0,5.96129e-08,1.25805e-05,1.26401e-05,4055,1.2517e-05,gather
cloth-ball,tight,cell2d,72vf,vf,1929809,2.46899,14.2013,6.25526,16.3278,0,0,1925720,0,13.2582,4089,0,0,7.11089e-06,2.53146e-07,0,3.01428e-08,4.60236e-05,4.60538e-05,4089,4.60148e-05,gather
cloth-ball,tight,cell2d,73ee,ee,4482728,2.42797,40.4627,15.6108,28.1414,0,0,4463939,0,40.8903,18789,0,0,3.01405e-05,2.8631e-07,0,9.4446e-08,0.000115063,0.000115158,18789,0.000114799,gather
cloth-ball,tight,cell2d,73vf,vf,1569765,2.36637,14.785,5.28684,11.8426,0,0,1566112,0,11.976,3653,0,0,7.68216e-06,2.5635e-07,0,3.17018e-07,2.41152e-05,2.44322e-05,3653,2.38419e-05,gather
cloth-ball,tight,cell2d,74vf,vf,1316922,2.19722,15.1841,4.59793,11.9403,0,0,1313249,0,9.84774,3673,0,0,5.0527e-06,2.39293e-07,0,1.72014e-08,0.00122315,0.00122316,3673,0.00122309,gather
cloth-ball,tight,cell2d,75ee,ee,3397981,2.38711,35.0172,12.3275,22.4485,0,0,3385426,0,26.1455,12555,0,0,3.72029e-05,2.91697e-07,0,1.55363e-07,0.000411249,0.000411404,12555,0.000411034,gather
cloth-ball,tight,cell2d,75vf,vf,1144734,2.30221,15.6653,4.08892,12.7551,0,0,1142424,0,9.27249,2310,0,0,3.31131e-05,2.70562e-07,0,2.23871e-07,0.00019664,0.000196864,2310,0.000196457,gather
cloth-ball,tight,cell2d,76vf,vf,1021601,2.32051,16.4822,3.65574,7.76584,0,0,1020262,0,5.81677,1339,0,0,1.7323e-05,3.24309e-07,0,3.51441e-07,0.00214939,0.00214974,1339,0.00214911,gather
cloth-ball,tight,cell2d,77ee,ee,2915628,2.50189,35.4349,10.8321,17.6788,0,0,2905869,0,21.2947,9759,0,0,0.000168394,3.29666e-07,0,5.91666e-08,2.17794e-05,2.18386e-05,9759,2.16961e-05,gather
cloth-ball,tight,cell2d,77vf,vf,963888,2.37901,16.3871,3.552,8.40381,0,0,962143,0,6.37362,1745,0,0,5.96067e-06,2.97311e-07,0,3.34414e-07,0.0017591,0.00175943,1745,0.0017581,gather
cloth-ball,tight,cell2d,78vf,vf,947065,2.20081,16.8825,3.50893,7.64908,0,0,944840,0,11.6844,2225,0,0,8.30693e-06,2.58714e-07,0,9.91588e-08,0.000849202,0.000849302,2225,0.000849009,gather
cloth-ball,tight,cell2d,79ee,ee,2775535,2.29789,33.8717,10.3727,17.8647,0,0,2764718,0,22.3901,10817,0,0,6.12708e-05,2.77829e-07,0,2.73849e-07,6.19054e-05,6.21793e-05,10817,6.1512e-05,gather
cloth-ball,tight,cell2d,79vf,vf,913895,2.38512,17.5236,3.3619,8.62253,0,0,911879,0,6.4198,2016,0,0,1.73053e-05,2.60552e-07,0,3.61992e-08,0.00072327,0.000723306,2016,0.000723243,gather
cloth-ball,tight,cell2d,80ee,ee,2836713,2.52713,35.7548,10.5938,20.6433,0,0,2825388,0,23.2738,11323,0,0,1.5655e-05,2.71939e-07,0,8.1432e-08,0.000236094,0.000236176,11325,0.000236034,gather
cloth-ball,tight,cell2d,81ee,ee,2830785,2.60678,35.2101,10.6266,17.6707,0,0,2819669,0,22.4957,11116,0,0,2.46784e-05,2.67444e-07,0,1.2711e-07,5.2415e-05,5.25421e-05,11116,5.23329e-05,gather
cloth-ball,tight,cell2d,81vf,vf,927924,2.44534,18.0209,3.5081,8.09905,0,0,925837,0,5.961,2087,0,0,9.65595e-06,2.4678e-07,0,5.37128e-08,7.3866e-05,7.39197e-05,2087,7.37906e-05,gather
cloth-ball,tight,cell2d,82ee,ee,2910424,2.5783,34.4154,10.8687,18.5954,0,0,2901522,0,21.7167,8902,0,0,1.80337e-05,2.80064e-07,0,2.74549e-07,9.33305e-05,9.36051e-05,8902,9.33409e-05,gather
cloth-ball,tight,cell2d,83ee,ee,2987261,2.54528,33.9605,11.0654,17.3202,0,0,2982068,0,18.6515,5193,0,0,2.66115e-05,3.3254e-07,0,8.62464e-08,0.000201488,0.000201574,5193,0.000201225,gather
cloth-ball,tight,cell2d,83vf,vf,969694,2.50329,19.3756,3.66301,7.93265,0,0,968780,0,5.54065,914,0,0,5.45018e-06,2.97485e-07,0,1.93641e-07,0.00239953,0.00239972,914,0.00239921,gather
cloth-ball,tight,cell2d,84ee,ee,3119377,2.50739,34.6185,11.5768,17.6091,0,0,3115429,0,17.8811,3948,0,0,2.56074e-05,3.89434e-07,0,8.66519e-08,0.000100126,0.000100213,3948,9.97782e-05,gather
cloth-ball,tight,cell2d,85ee,ee,3222564,2.75238,35.2454,11.9761,16.4087,0,0,3218179,0,18.5431,4385,0,0,1.31271e-05,3.94602e-07,0,6.84242e-08,2.90526e-05,2.91211e-05,4385,2.89679e-05,gather
cloth-ball,tight,cell2d,85vf,vf,1041160,2.44832,19.0229,3.92278,6.9043,0,0,1040460,0,5.2829,700,0,0,5.81867e-06,3.85447e-07,0,1.64631e-07,0.00437785,0.00437801,700,0.0043776,gather
cloth-ball,tight,cell2d,86ee,ee,3347903,2.70323,36.4233,13.2565,15.5659,0,0,3339942,0,24.1611,7961,0,0,2.71364e-05,2.75067e-07,0,6.59863e-08,3.1437e-05,3.1503e-05,7961,3.12328e-05,gather
cloth-ball,tight,cell2d,87ee,ee,3522105,2.69139,36.1435,13.4177,16.1464,0,0,3512042,0,23.758,10063,0,0,3.83242e-05,2.55651e-07,0,1.78096e-07,7.0662e-05,7.08401e-05,10063,7.03335e-05,gather
cloth-ball,tight,cell2d,87vf,vf,1131097,3.18555,18.5492,4.29186,6.45628,0,0,1129323,0,6.68779,1774,0,0,3.50217e-05,2.35244e-07,0,7.33837e-08,0.000161959,0.000162032,1774,0.000161886,gather
cloth-ball,tight,cell2d,88ee,ee,3705732,2.63216,36.6971,14.1849,15.7929,0,0,3692966,0,26.5163,12766,0,0,3.00133e-05,2.44129e-07,0,3.22252e-06,0.000187873,0.000191095,12766,0.000184059,gather
cloth-ball,tight,cell2d,89ee,ee,3916295,2.80834,39.7244,15.1787,19.5031,0,0,3897178,0,31.5636,19117,0,0,2.49381e-05,2.41704e-07,0,1.51731e-07,1.54718e-05,1.56235e-05,19117,1.52588e-05,gather
cloth-ball,tight,cell2d,89vf,vf,1249990,2.71459,17.8104,4.76007,7.48323,0,0,1246311,0,8.72883,3679,0,0,4.56075e-05,2.32215e-07,0,5.64206e-08,0.000960808,0.000960864,3679,0.000960708,gather
cloth-ball,tight,cell2d,90ee,ee,4210043,2.91189,39.9479,16.6607,24.1512,0,0,4180824,0,40.2718,29219,0,0,3.10472e-05,2.24196e-07,0,1.24147e-07,2.61664e-05,2.62906e-05,29219,2.57492e-05,gather
cloth-ball,tight,cell2d,91ee,ee,4569239,2.86447,41.1691,18.4217,36.8761,0,0,4513800,0,58.7533,55439,0,0,2.88795e-05,1.92001e-07,0,1.68772e-07,7.63742e-06,7.80619e-06,55439,7.39098e-06,gather
cloth-ball,tight,cell2d,91vf,vf,1452086,2.58435,16.6168,5.48203,9.72547,0,0,1440808,0,16.3421,11278,0,0,0.0001041,1.89363e-07,0,2.33175e-08,0.000131077,0.0001311,11278,0.000131011,gather
cloth-ball,tight,cell2d,92ee,ee,5197332,2.56176,43.7324,21.5296,59.0409,0,0,5102507,0,87.6031,94822,0,0,4.03822e-05,1.85304e-07,0,1.81737e-08,7.4739e-06,7.49207e-06,94825,7.45058e-06,gather
cloth-ball,tight,cell2d,22ee,ee,93162,1.00861,2.0657,0.451668,0.092766,0,0,93161,0,0.524658,1,0,0,1.53307e-07,1.53307e-07,0,1.53307e-07,0.930994,0.930994,1,0.930994,gather
cloth-ball,tight,cell2d,23ee,ee,75461,3.52339,3.01006,0.461364,0.154332,0,0,75460,0,0.491795,1,0,0,2.24712e-07,2.24712e-07,0,2.24712e-07,0.810556,0.810557,1,0.810556,gather
cloth-ball,tight,cell2d,25ee,ee,55367,3.644,3.05256,0.380086,0.131901,0,0,55366,0,0.375478,1,0,0,2.2345e-07,2.2345e-07,0,2.2345e-07,0.124038,0.124038,1,0.124038,gather
cloth-ball,tight,cell2d,47ee,ee,142929,2.29818,4.61927,0.704206,0.131357,0,0,142928,0,0.801419,1,0,0,1.39292e-07,1.39292e-07,0,1.39292e-07,0.923549,0.923549,1,0.923549,gather
cloth-ball,tight,cell2d,55ee,ee,292910,2.2498,4.68497,1.32409,0.100637,0,0,292909,0,1.33977,1,0,0,1.67018e-07,1.67018e-07,0,1.67018e-07,0.85804,0.85804,1,0.85804,gather
cloth-ball,tight,cell2d,56ee,ee,402049,2.61027,5.38363,1.58556,0.08819,0,0,402048,0,1.81282,1,0,0,2.28421e-07,2.28421e-07,0,2.28421e-07,0.392759,0.392759,1,0.392759,gather
cloth-ball,tight,cell2d,57ee,ee,553184,2.5926,5.78151,2.08625,2.75842,0,0,553150,0,2.60854,34,0,0,1.51067e-06,3.81027e-07,0,2.44043e-07,0.189111,0.189112,34,0.189111,gather
cloth-ball,tight,cell2d,58ee,ee,677743,2.35226,6.34758,2.57126,17.1016,0,0,677562,0,4.37265,181,0,0,2.70035e-06,3.5091e-07,0,4.35625e-07,0.0177579,0.0177583,181,0.0177574,gather
cloth-ball,tight,cell2d,58vf,vf,217433,1.24019,6.25347,0.855178,3.14984,0,0,217399,0,1.17978,34,0,0,2.67217e-06,3.36691e-07,0,4.31269e-07,0.115568,0.115568,34,0.115568,gather
cloth-ball,tight,cell2d,59ee,ee,813886,2.21287,6.31913,3.08872,20.0248,0,0,813446,0,5.22921,440,0,0,3.56329e-06,3.14118e-07,0,1.51128e-07,0.00709703,0.00709718,440,0.00709677,gather
cloth-ball,tight,cell2d,60ee,ee,1077546,2.27991,7.42582,3.80185,24.0543,0,0,1076584,0,7.80994,962,0,0,5.81415e-06,3.16899e-07,0,2.19467e-07,0.00873833,0.00873855,962,0.00873804,gather
cloth-ball,tight,cell2d,60vf,vf,360239,1.95822,6.58028,1.42067,9.9359,0,0,360036,0,1.99115,203,0,0,2.39565e-06,2.88344e-07,0,3.29584e-08,0.061102,0.061102,203,0.0611019,gather
cloth-ball,tight,cell2d,61ee,ee,1426132,1.79336,8.55811,5.10316,31.5971,0,0,1422837,0,13.1587,3295,0,0,9.49728e-06,2.6967e-07,0,3.54506e-07,0.00113774,0.00113809,3295,0.00113726,gather
cloth-ball,tight,cell2d,62ee,ee,2016457,1.9955,9.86608,6.95003,42.1295,0,0,2010540,0,19.2307,5917,0,0,1.87306e-05,3.18036e-07,0,3.77201e-08,0.000557266,0.000557304,5917,0.000557184,gather
cloth-ball,tight,cell2d,62vf,vf,711484,2.07419,6.16093,2.50544,14.2222,0,0,710312,0,4.89037,1172,0,0,8.92782e-06,2.67785e-07,0,1.08951e-07,0.00128874,0.00128885,1172,0.00128865,gather
cloth-ball,tight,cell2d,63ee,ee,2949103,1.88222,12.9191,9.73488,34.7974,0,0,2941276,0,24.3337,7827,0,0,1.07755e-05,3.30351e-07,0,2.36165e-07,0.000240694,0.00024093,7827,0.000240445,gather
cloth-ball,tight,cell2d,64ee,ee,3804130,1.97131,15.9675,12.3389,27.8563,0,0,3793044,0,31.1298,11086,0,0,3.13486e-05,3.16858e-07,0,2.97263e-07,2.14541e-05,2.17513e-05,11086,2.12193e-05,gather
cloth-ball,tight,cell2d,64vf,vf,1414679,1.65839,6.52149,4.5115,14.0051,0,0,1412471,0,8.41549,2208,0,0,1.05311e-05,2.86975e-07,0,3.13327e-07,0.00110717,0.00110748,2208,0.0011065,gather
cloth-ball,tight,cell2d,65ee,ee,4239673,1.6238,20.0381,13.86,28.8965,0,0,4223323,0,38.8778,16350,0,0,1.82526e-05,2.99943e-07,0,1.51547e-07,0.000112815,0.000112967,16350,0.000112534,gather
cloth-ball,tight,cell2d,66ee,ee,4852404,1.71144,26.3325,15.9623,47.9657,0,0,4833074,0,45.786,19329,0,0,1.36364e-05,2.96184e-07,0,9.37219e-08,0.000158927,0.000159021,19330,0.000158787,gather
cloth-ball,tight,cell2d,66vf,vf,1802633,1.70248,8.58003,5.54152,18.386,0,0,1798776,0,13.5142,3857,0,0,7.44397e-06,2.6443e-07,0,2.27428e-08,0.000152532,0.000152554,3857,0.000152349,gather
cloth-ball,tight,cell2d,67ee,ee,5689944,1.42585,33.3193,18.6893,44.4638,0,0,5667846,0,52.8027,22097,0,0,0.000192801,2.87697e-07,0,2.44222e-06,2.17548e-05,2.4197e-05,22098,1.83582e-05,gather
cloth-ball,tight,cell2d,67vf,vf,2126413,1.54998,10.0277,6.5054,13.7366,0,0,2122157,0,14.2906,4256,0,0,1.62156e-05,2.53776e-07,0,1.30644e-07,8.03232e-05,8.04539e-05,4256,8.02279e-05,gather
cloth-ball,tight,cell2d,68vf,vf,2431467,1.52124,11.7447,7.34723,16.9506,0,0,2427602,0,14.4633,3865,0,0,2.05652e-05,2.78275e-07,0,4.165e-08,0.000100931,0.000100973,3865,0.000100851,gather
cloth-ball,tight,cell2d,69ee,ee,6751331,1.60741,39.0843,22.0398,49.1363,1,0,6729561,0,53.909,21769,0,0,2.038e-05,3.06672e-07,0,9.12847e-08,4.16061e-05,4.16973e-05,21770,4.13656e-05,gather
cloth-ball,tight,cell2d,69vf,vf,2526777,2.1449,12.9157,7.81768,16.6605,0,0,2522725,0,18.0165,4051,0,0,8.56904e-06,2.67986e-07,0,1.38329e-07,0.000197017,0.000197155,4052,0.000196934,gather
cloth-ball,tight,cell2d,70vf,vf,2494148,2.18772,13.5314,7.71743,13.0926,0,0,2490582,0,13.6396,3565,0,0,1.34795e-05,2.67299e-07,0,5.12355e-08,0.000116914,0.000116965,3566,0.000116825,gather
cloth-ball,tight,cell2d,71ee,ee,6122649,2.25143,42.3572,20.5213,38.5758,0,0,6101323,0,53.1575,21323,0,0,3.29026e-05,2.88942e-07,0,8.79031e-08,3.5242e-05,3.53299e-05,21326,3.49283e-05,gather
cloth-ball,tight,cell2d,71vf,vf,2247521,4.26946,13.6027,7.15968,14.4821,0,0,2243466,0,13.5269,4054,0,0,1.88597e-05,2.54846e-07,0,5.96129e-08,1.25805e-05,1.26401e-05,4055,1.2517e-05,gather
cloth-ball,tight,cell2d,72vf,vf,1929809,2.16625,14.3531,6.25561,16.3838,0,0,1925720,0,13.303,4089,0,0,7.11089e-06,2.53146e-07,0,3.01428e-08,4.60236e-05,4.60538e-05,4089,4.60148e-05,gather
cloth-ball,tight,cell2d,73ee,ee,4482728,2.33706,40.7475,15.5856,28.1812,0,0,4463939,0,40.6977,18789,0,0,3.01405e-05,2.8631e-07,0,9.4446e-08,0.000115063,0.000115158,18789,0.000114799,gather
cloth-ball,tight,cell2d,73vf,vf,1569765,2.33699,14.7387,5.27093,11.7103,0,0,1566112,0,11.8456,3653,0,0,7.68216e-06,2.5635e-07,0,3.17018e-07,2.41152e-05,2.44322e-05,3653,2.38419e-05,gather
cloth-ball,tight,cell2d,74vf,vf,1316922,2.24436,15.2198,4.59917,12.0539,0,0,1313249,0,9.79072,3673,0,0,5.0527e-06,2.39293e-07,0,1.72014e-08,0.00122315,0.00122316,3673,0.00122309,gather
cloth-ball,tight,cell2d,75ee,ee,3397981,2.28141,35.4155,12.3179,22.4064,0,0,3385426,0,26.1479,12555,0,0,3.72029e-05,2.91697e-07,0,1.55363e-07,0.000411249,0.000411404,12555,0.000411034,gather
cloth-ball,tight,cell2d,75vf,vf,1144734,2.36285,15.3897,4.08345,12.734,0,0,1142424,0,9.2508,2310,0,0,3.31131e-05,2.70562e-07,0,2.23871e-07,0.00019664,0.000196864,2310,0.000196457,gather
cloth-ball,tight,cell2d,76vf,vf,1021601,2.22839,15.9493,3.70893,7.77874,0,0,1020262,0,5.89105,1339,0,0,1.7323e-05,3.24309e-07,0,3.51441e-07,0.00214939,0.00214974,1339,0.00214911,gather
cloth-ball,tight,cell2d,77ee,ee,2915628,2.16794,34.7584,10.7999,17.7837,0,0,2905869,0,21.2766,9759,0,0,0.000168394,3.29666e-07,0,5.91666e-08,2.17794e-05,2.18386e-05,9759,2.16961e-05,gather
cloth-ball,tight,cell2d,77vf,vf,963888,2.39408,16.4886,3.60093,8.40407,0,0,962143,0,6.38665,1745,0,0,5.96067e-06,2.97311e-07,0,3.34414e-07,0.0017591,0.00175943,1745,0.0017581,gather
cloth-ball,tight,cell2d,78vf,vf,947065,2.21818,16.9458,3.59024,7.63366,0,0,944840,0,11.427,2225,0,0,8.30693e-06,2.58714e-07,0,9.91588e-08,0.000849202,0.000849302,2225,0.000849009,gather
cloth-ball,tight,cell2d,79ee,ee,2775535,2.28103,33.8918,10.3987,17.6848,0,0,2764718,0,22.2577,10817,0,0,6.12708e-05,2.77829e-07,0,2.73849e-07,6.19054e-05,6.21793e-05,10817,6.1512e-05,gather
cloth-ball,tight,cell2d,79vf,vf,913895,2.285,17.5487,3.4241,8.60653,0,0,911879,0,6.36508,2016,0,0,1.73053e-05,2.60552e-07,0,3.61992e-08,0.00072327,0.000723306,2016,0.000723243,gather
cloth-ball,tight,cell2d,80ee,ee,2836713,2.35216,35.5081,10.6011,20.5623,0,0,2825388,0,23.2081,11323,0,0,1.5655e-05,2.71939e-07,0,8.1432e-08,0.000236094,0.000236176,11325,0.000236034,gather
cloth-ball,tight,cell2d,81ee,ee,2830785,2.47657,34.7547,10.5642,17.4316,0,0,2819669,0,22.5347,11116,0,0,2.46784e-05,2.67444e-07,0,1.2711e-07,5.2415e-05,5.25421e-05,11116,5.23329e-05,gather
cloth-ball,tight,cell2d,81vf,vf,927924,2.56195,18.1437,3.48448,8.24298,0,0,925837,0,5.99786,2087,0,0,9.65595e-06,2.4678e-07,0,5.37128e-08,7.3866e-05,7.39197e-05,2087,7.37906e-05,gather
cloth-ball,tight,cell2d,82ee,ee,2910424,2.42851,34.0727,10.9244,18.4361,0,0,2901522,0,21.5614,8902,0,0,1.80337e-05,2.80064e-07,0,2.73521e-07,9.33315e-05,9.36051e-05,8902,9.33409e-05,gather
cloth-ball,tight,cell2d,83ee,ee,2987261,2.29876,33.9919,11.0804,17.5332,0,0,2982068,0,18.5909,5193,0,0,2.66115e-05,3.3254e-07,0,8.62464e-08,0.000201488,0.000201574,5193,0.000201225,gather
cloth-ball,tight,cell2d,83vf,vf,969694,2.32147,19.7628,3.67174,7.94254,0,0,968780,0,5.56645,914,0,0,5.45018e-06,2.97485e-07,0,1.90712e-07,0.00239953,0.00239972,914,0.00239921,gather
cloth-ball,tight,cell2d,84ee,ee,3119377,2.25677,34.1079,11.6448,17.8185,0,0,3115429,0,17.9385,3948,0,0,2.56074e-05,3.89434e-07,0,8.66519e-08,0.000100126,0.000100213,3948,9.97782e-05,gather
cloth-ball,tight,cell2d,85ee,ee,3222564,2.58003,35.1161,12.0396,16.3845,0,0,3218179,0,18.5673,4385,0,0,1.31271e-05,3.94602e-07,0,6.83959e-08,2.90527e-05,2.91211e-05,4385,2.89679e-05,gather
cloth-ball,tight,cell2d,85vf,vf,1041160,2.68086,19.0356,3.94786,6.95438,0,0,1040460,0,5.28239,700,0,0,5.81867e-06,3.85447e-07,0,1.64631e-07,0.00437785,0.00437801,700,0.0043776,gather
cloth-ball,tight,cell2d,86ee,ee,3347903,2.50464,35.7044,13.1782,15.6904,0,0,3339942,0,24.0606,7961,0,0,2.71364e-05,2.75067e-07,0,6.59686e-08,3.1437e-05,3.1503e-05,7961,3.12328e-05,gather
cloth-ball,tight,cell2d,87ee,ee,3522105,2.67839,35.5799,13.4215,16.1486,0,0,3512042,0,23.6584,10063,0,0,3.83242e-05,2.55651e-07,0,1.78096e-07,7.0662e-05,7.08401e-05,10063,7.03335e-05,gather
cloth-ball,tight,cell2d,87vf,vf,1131097,2.32768,18.4906,4.34184,6.47756,0,0,1129323,0,6.68712,1774,0,0,3.50217e-05,2.35244e-07,0,7.33837e-08,0.000161959,0.000162032,1774,0.000161886,gather
cloth-ball,tight,cell2d,88ee,ee,3705732,2.42781,36.4834,14.1846,15.8036,0,0,3692966,0,26.4559,12766,0,0,3.00133e-05,2.44129e-07,0,3.22252e-06,0.000187873,0.000191095,12766,0.000184059,gather
cloth-ball,tight,cell2d,89ee,ee,3916295,2.57299,39.234,15.1712,19.5213,0,0,3897178,0,31.529,19117,0,0,2.49381e-05,2.41704e-07,0,1.49625e-07,1.54739e-05,1.56235e-05,19117,1.52588e-05,gather
cloth-ball,tight,cell2d,89vf,vf,1249990,2.53907,17.9235,4.83386,7.46643,0,0,1246311,0,8.6863,3679,0,0,4.56075e-05,2.32215e-07,0,6.00367e-08,0.000960804,0.000960864,3679,0.000960708,gather
cloth-ball,tight,cell2d,90ee,ee,4210043,2.54425,39.3288,16.6565,24.0346,0,0,4180824,0,40.2079,29219,0,0,3.10472e-05,2.24196e-07,0,1.24147e-07,2.61664e-05,2.62906e-05,29219,2.57492e-05,gather
cloth-ball,tight,cell2d,91ee,ee,4569239,2.72098,41.7261,18.4367,37.7971,0,0,4513800,0,58.8974,55439,0,0,2.88795e-05,1.92001e-07,0,1.68772e-07,7.63742e-06,7.80619e-06,55439,7.39098e-06,gather
cloth-ball,tight,cell2d,91vf,vf,1452086,2.47674,16.8277,5.60859,9.75965,0,0,1440808,0,16.3254,11278,0,0,0.0001041,1.89363e-07,0,2.33175e-08,0.000131077,0.0001311,11278,0.000131011,gather
cloth-ball,tight,cell2d,92ee,ee,5197332,2.3162,43.4685,21.5966,59.2507,0,0,5102507,0,87.9119,94822,0,0,4.03822e-05,1.85304e-07,0,1.81897e-08,7.47388e-06,7.49207e-06,94825,7.45058e-06,gather
cloth-ball,tight,cell2d,22ee,ee,93162,1.09076,2.0587,0.475668,0.07683,0,0,93161,0,0.541169,1,0,0,1.53307e-07,1.53307e-07,0,1.53307e-07,0.930994,0.930994,1,0.930994,gather
cloth-ball,tight,cell2d,23ee,ee,75461,5.53825,2.27844,0.435477,0.157628,0,0,75460,0,0.504594,1,0,0,2.24712e-07,2.24712e-07,0,2.24712e-07,0.810556,0.810557,1,0.810556,gather
cloth-ball,tight,cell2d,25ee,ee,55367,3.81084,2.41376,0.334903,0.095581,0,0,55366,0,0.389846,1,0,0,2.2345e-07,2.2345e-07,0,2.2345e-07,0.124038,0.124038,1,0.124038,gather
cloth-ball,tight,cell2d,47ee,ee,142929,2.70966,4.16731,0.668079,0.114365,0,0,142928,0,0.708973,1,0,0,1.39292e-07,1.39292e-07,0,1.39292e-07,0.923549,0.923549,1,0.923549,gather
cloth-ball,tight,cell2d,55ee,ee,292910,2.34384,4.24558,1.21664,0.106301,0,0,292909,0,1.33686,1,0,0,1.67018e-07,1.67018e-07,0,1.67018e-07,0.85804,0.85804,1,0.85804,gather
cloth-ball,tight,cell2d,56ee,ee,402049,2.5352,4.98758,1.65013,0.102269,0,0,402048,0,1.7308,1,0,0,2.28421e-07,2.28421e-07,0,2.28421e-07,0.392759,0.392759,1,0.392759,gather
cloth-ball,tight,cell2d,57ee,ee,553184,2.60214,5.6755,2.15665,2.77487,0,0,553150,0,2.50272,34,0,0,1.51067e-06,3.81027e-07,0,2.44043e-07,0.189111,0.189112,34,0.189111,gather
cloth-ball,tight,cell2d,58ee,ee,677743,2.52889,6.39148,2.5814,17.1015,0,0,677562,0,4.33544,181,0,0,2.70035e-06,3.5091e-07,0,4.35625e-07,0.0177579,0.0177583,181,0.0177574,gather
cloth-ball,tight,cell2d,58vf,vf,217433,1.23942,5.69793,0.850537,3.14273,0,0,217399,0,1.12042,34,0,0,2.67217e-06,3.36691e-07,0,4.31269e-07,0.115568,0.115568,34,0.115568,gather
cloth-ball,tight,cell2d,59ee,ee,813886,2.51545,6.28409,3.16405,20.0876,0,0,813446,0,5.19695,440,0,0,3.56329e-06,3.14118e-07,0,1.51128e-07,0.00709703,0.00709718,440,0.00709677,gather
cloth-ball,tight,cell2d,60ee,ee,1077546,2.39363,7.5143,3.8766,24.0299,0,0,1076584,0,7.78082,962,0,0,5.81415e-06,3.16899e-07,0,2.19467e-07,0.00873833,0.00873855,962,0.00873804,gather
cloth-ball,tight,cell2d,60vf,vf,360239,2.00593,6.06787,1.38432,9.8486,0,0,360036,0,2.17316,203,0,0,2.39565e-06,2.88344e-07,0,3.29584e-08,0.061102,0.061102,203,0.0611019,gather
cloth-ball,tight,cell2d,61ee,ee,1426132,2.2378,8.55338,5.04563,31.4305,0,0,1422837,0,13.1913,3295,0,0,9.49728e-06,2.6967e-07,0,3.54506e-07,0.00113774,0.00113809,3295,0.00113726,gather
cloth-ball,tight,cell2d,62ee,ee,2016457,2.01873,9.79718,6.92043,43.2562,0,0,2010540,0,19.3063,5917,0,0,1.87306e-05,3.18036e-07,0,3.77201e-08,0.000557266,0.000557304,5917,0.000557184,gather
cloth-ball,tight,cell2d,62vf,vf,711484,2.37018,5.75994,2.43264,14.2383,0,0,710312,0,4.92537,1172,0,0,8.92782e-06,2.67785e-07,0,1.08951e-07,0.00128874,0.00128885,1172,0.00128865,gather
cloth-ball,tight,cell2d,63ee,ee,2949103,2.185,12.8858,9.71958,35.1663,0,0,2941276,0,24.3078,7827,0,0,1.07755e-05,3.30351e-07,0,2.36165e-07,0.000240694,0.00024093,7827,0.000240445,gather
cloth-ball,tight,cell2d,64ee,ee,3804130,2.24977,15.867,12.3506,27.674,0,0,3793044,0,30.9155,11086,0,0,3.13486e-05,3.16858e-07,0,2.97263e-07,2.14541e-05,2.17513e-05,11086,2.12193e-05,gather
cloth-ball,tight,cell2d,64vf,vf,1414679,1.75419,6.05152,4.42091,14.0159,0,0,1412471,0,8.40135,2208,0,0,1.05311e-05,2.86975e-07,0,3.13327e-07,0.00110717,0.00110748,2208,0.0011065,gather
cloth-ball,tight,cell2d,65ee,ee,4239673,1.72687,20.052,13.8501,28.7654,0,0,4223323,0,38.7792,16350,0,0,1.82526e-05,2.99943e-07,0,1.51547e-07,0.000112815,0.000112967,16350,0.000112534,gather
cloth-ball,tight,cell2d,66ee,ee,4852404,1.87665,26.5685,15.9904,47.793,0,0,4833074,0,46.0112,19329,0,0,1.36364e-05,2.96184e-07,0,9.37219e-08,0.000158927,0.000159021,19330,0.000158787,gather
cloth-ball,tight,cell2d,66vf,vf,1802633,1.65253,8.60041,5.59572,18.5031,0,0,1798776,0,13.4889,3857,0,0,7.44397e-06,2.6443e-07,0,2.27428e-08,0.000152532,0.000152554,3857,0.000152349,gather
cloth-ball,tight,cell2d,67ee,ee,5689944,1.58092,33.8852,18.6587,45.0854,0,0,5667846,0,52.8365,22097,0,0,0.000192801,2.87697e-07,0,2.44222e-06,2.17548e-05,2.4197e-05,22098,1.83582e-05,gather
cloth-ball,tight,cell2d,67vf,vf,2126413,1.67832,10.3875,6.52495,13.6644,0,0,2122157,0,14.7994,4256,0,0,1.62156e-05,2.53776e-07,0,1.30644e-07,8.03232e-05,8.04539e-05,4256,8.02279e-05,gather
cloth-ball,tight,cell2d,68vf,vf,2431467,1.48111,12.0057,7.40374,17.0109,0,0,2427602,0,14.4642,3865,0,0,2.05652e-05,2.78275e-07,0,4.165e-08,0.000100931,0.000100973,3865,0.000100851,gather
cloth-ball,tight,cell2d,69ee,ee,6751331,1.57372,39.3955,22.1108,49.3453,1,0,6729561,0,53.6999,21769,0,0,2.038e-05,3.06672e-07,0,9.12847e-08,4.16061e-05,4.16973e-05,21770,4.13656e-05,gather
cloth-ball,tight,cell2d,69vf,vf,2526777,2.03652,12.8948,7.78155,16.8307,0,0,2522725,0,17.9713,4051,0,0,8.56904e-06,2.67986e-07,0,1.38329e-07,0.000197017,0.000197155,4052,0.000196934,gather
cloth-ball,tight,cell2d,70vf,vf,2494148,2.21021,13.315,7.72252,12.9094,0,0,2490582,0,13.6669,3565,0,0,1.34795e-05,2.67299e-07,0,5.12355e-08,0.000116914,0.000116965,3566,0.000116825,gather
cloth-ball,tight,cell2d,71ee,ee,6122649,2.21095,42.1701,20.4472,38.5215,0,0,6101323,0,53.3014,21323,0,0,3.29026e-05,2.88942e-07,0,8.79031e-08,3.5242e-05,3.53299e-05,21326,3.49283e-05,gather
cloth-ball,tight,cell2d,71vf,vf,2247521,2.27956,13.2903,7.10823,14.31,0,0,2243466,0,13.5367,4054,0,0,1.88597e-05,2.54846e-07,0,5.96129e-08,1.25805e-05,1.26401e-05,4055,1.2517e-05,gather
cloth-ball,tight,cell2d,72vf,vf,1929809,2.36835,14.253,6.24716,16.309,0,0,1925720,0,13.6521,4089,0,0,7.11089e-06,2.53146e-07,0,3.01428e-08,4.60236e-05,4.60538e-05,4089,4.60148e-05,gather
cloth-ball,tight,cell2d,73ee,ee,4482728,2.57062,40.9977,15.6641,27.892,0,0,4463939,0,40.7502,18789,0,0,3.01405e-05,2.8631e-07,0,9.4446e-08,0.000115063,0.000115158,18789,0.000114799,gather
cloth-ball,tight,cell2d,73vf,vf,1569765,2.55782,14.7223,5.30226,11.9521,0,0,1566112,0,11.8305,3653,0,0,7.68216e-06,2.5635e-07,0,3.17018e-07,2.41152e-05,2.44322e-05,3653,2.38419e-05,gather
cloth-ball,tight,cell2d,74vf,vf,1316922,2.37898,14.9295,4.56529,11.9205,0,0,1313249,0,9.75203,3673,0,0,5.0527e-06,2.39293e-07,0,1.72014e-08,0.00122315,0.00122316,3673,0.00122309,gather
cloth-ball,tight,cell2d,75ee,ee,3397981,2.39446,34.5253,12.3007,22.5694,0,0,3385426,0,26.1186,12555,0,0,3.72029e-05,2.91697e-07,0,1.55363e-07,0.000411249,0.000411404,12555,0.000411034,gather
cloth-ball,tight,cell2d,75vf,vf,1144734,2.51705,15.4963,4.07007,12.7705,0,0,1142424,0,9.17441,2310,0,0,3.31131e-05,2.70562e-07,0,2.23871e-07,0.00019664,0.000196864,2310,0.000196457,gather
cloth-ball,tight,cell2d,76vf,vf,1021601,2.34848,16.0697,3.69014,7.78879,0,0,1020262,0,5.78692,1339,0,0,1.7323e-05,3.24309e-07,0,3.51441e-07,0.00214939,0.00214974,1339,0.00214911,gather
cloth-ball,tight,cell2d,77ee,ee,2915628,2.5718,35.3657,10.8206,17.6976,0,0,2905869,0,21.2148,9759,0,0,0.000168394,3.29666e-07,0,5.91666e-08,2.17794e-05,2.18386e-05,9759,2.16961e-05,gather
cloth-ball,tight,cell2d,77vf,vf,963888,2.81535,16.2546,3.52829,8.41805,0,0,962143,0,6.35666,1745,0,0,5.96067e-06,2.97311e-07,0,3.34414e-07,0.0017591,0.00175943,1745,0.0017581,gather
cloth-ball,tight,cell2d,78vf,vf,947065,2.43427,16.6235,3.51357,7.74114,0,0,944840,0,11.4936,2225,0,0,8.30693e-06,2.58714e-07,0,9.91588e-08,0.000849202,0.000849302,2225,0.000849009,gather
cloth-ball,tight,cell2d,79ee,ee,2775535,2.54185,35.0367,10.3634,17.6522,0,0,2764718,0,22.2976,10817,0,0,6.12708e-05,2.77829e-07,0,2.73849e-07,6.19054e-05,6.21793e-05,10817,6.1512e-05,gather
cloth-ball,tight,cell2d,79vf,vf,913895,2.46118,17.032,3.36945,8.7614,0,0,911879,0,6.40972,2016,0,0,1.73053e-05,2.60552e-07,0,3.61992e-08,0.00072327,0.000723306,2016,0.000723243,gather
cloth-ball,tight,cell2d,80ee,ee,2836713,2.53264,35.834,10.5808,20.4343,0,0,2825388,0,23.2047,11323,0,0,1.5655e-05,2.71939e-07,0,8.1432e-08,0.000236094,0.000236176,11325,0.000236034,gather
cloth-ball,tight,cell2d,81ee,ee,2830785,2.51472,35.1669,10.5718,17.5937,0,0,2819669,0,22.4598,11116,0,0,2.46784e-05,2.67444e-07,0,1.2711e-07,5.2415e-05,5.25421e-05,11116,5.23329e-05,gather
cloth-ball,tight,cell2d,81vf,vf,927924,2.50906,17.6928,3.50109,8.26861,0,0,925837,0,5.93098,2087,0,0,9.65595e-06,2.4678e-07,0,5.37128e-08,7.3866e-05,7.39197e-05,2087,7.37906e-05,gather
cloth-ball,tight,cell2d,82ee,ee,2910424,2.47517,34.4832,10.8889,18.3045,0,0,2901522,0,21.5974,8902,0,0,1.80337e-05,2.80064e-07,0,2.74549e-07,9.33305e-05,9.36051e-05,8902,9.33409e-05,gather
cloth-ball,tight,cell2d,83ee,ee,2987261,2.60252,33.8227,11.11,17.4328,0,0,2982068,0,18.5877,5193,0,0,2.66115e-05,3.3254e-07,0,8.62464e-08,0.000201488,0.000201574,5193,0.000201225,gather
cloth-ball,tight,cell2d,83vf,vf,969694,3.02725,19.3134,3.63837,7.94222,0,0,968780,0,5.49483,914,0,0,5.45018e-06,2.97485e-07,0,1.92003e-07,0.00239953,0.00239972,914,0.00239921,gather
cloth-ball,tight,cell2d,84ee,ee,3119377,2.72108,34.3153,11.6298,17.6338,0,0,3115429,0,17.8434,3948,0,0,2.56074e-05,3.89434e-07,0,8.66519e-08,0.000100126,0.000100213,3948,9.97782e-05,gather
cloth-ball,tight,cell2d,85ee,ee,3222564,2.96776,35.0393,11.9755,16.6238,0,0,3218179,0,18.6073,4385,0,0,1.31271e-05,3.94602e-07,0,6.83959e-08,2.90527e-05,2.91211e-05,4385,2.89679e-05,gather
cloth-ball,tight,cell2d,85vf,vf,1041160,2.80108,19.2862,3.94291,6.95041,0,0,1040460,0,5.25727,700,0,0,5.81867e-06,3.85447e-07,0,1.64631e-07,0.00437785,0.00437801,700,0.0043776,gather
cloth-ball,tight,cell2d,86ee,ee,3347903,2.63318,35.9041,13.2789,15.8897,0,0,3339942,0,24.0911,7961,0,0,2.71364e-05,2.75067e-07,0,6.59863e-08,3.1437e-05,3.1503e-05,7961,3.12328e-05,gather
cloth-ball,tight,cell2d,87ee,ee,3522105,2.83282,35.859,13.4093,16.0973,0,0,3512042,0,23.6801,10063,0,0,3.83242e-05,2.55651e-07,0,1.78096e-07,7.0662e-05,7.08401e-05,10063,7.03335e-05,gather
cloth-ball,tight,cell2d,87vf,vf,1131097,2.64684,18.4803,4.33883,6.45305,0,0,1129323,0,6.57138,1774,0,0,3.50217e-05,2.35244e-07,0,7.33837e-08,0.000161959,0.000162032,1774,0.000161886,gather
cloth-ball,tight,cell2d,88ee,ee,3705732,2.91963,36.5793,14.2391,16.0277,0,0,3692966,0,26.3865,12766,0,0,3.00133e-05,2.44129e-07,0,3.22252e-06,0.000187873,0.000191095,12766,0.000184059,gather
cloth-ball,tight,cell2d,89ee,ee,3916295,2.91781,39.1978,15.1376,19.4072,0,0,3897178,0,31.5264,19117,0,0,2.49381e-05,2.41704e-07,0,1.51731e-07,1.54718e-05,1.56235e-05,19117,1.52588e-05,gather
cloth-ball,tight,cell2d,89vf,vf,1249990,2.60719,18.1123,4.8129,7.50751,0,0,1246311,0,8.69091,3679,0,0,4.56075e-05,2.32215e-07,0,6.00367e-08,0.000960804,0.000960864,3679,0.000960708,gather
cloth-ball,tight,cell2d,90ee,ee,4210043,2.95848,39.5688,16.6616,24.2788,0,0,4180824,0,40.1789,29219,0,0,3.10472e-05,2.24196e-07,0,1.24147e-07,2.61664e-05,2.62906e-05,29219,2.57492e-05,gather
cloth-ball,tight,cell2d,91ee,ee,4569239,2.96523,41.728,18.4232,37.0994,0,0,4513800,0,58.9201,55439,0,0,2.88795e-05,1.92001e-07,0,1.68766e-07,7.63742e-06,7.80619e-06,55439,7.39098e-06,gather
cloth-ball,tight,cell2d,91vf,vf,1452086,4.54478,16.4739,5.53707,9.76304,0,0,1440808,0,16.4119,11278,0,0,0.0001041,1.89363e-07,0,2.33175e-08,0.000131077,0.0001311,11278,0.000131011,gather
cloth-ball,tight,cell2d,92ee,ee,5197332,2.35978,43.0882,21.5571,59.2523,0,0,5102507,0,88.2936,94822,0,0,4.03822e-05,1.85304e-07,0,1.81724e-08,7.4739e-06,7.49207e-06,94825,7.45058e-06,gather
cloth-ball,tight,cell2dmin,22ee,ee,93162,1.0234,0.949223,0.47058,0.073118,0,0,93161,0,0.556561,1,0,0,1.53307e-07,1.53307e-07,0,1.53307e-07,0.930994,0.930994,1,0.930994,packed
cloth-ball,tight,cell2dmin,23ee,ee,75461,2.21242,0.985766,0.421813,0.073342,0,0,75460,0,0.451668,1,0,0,2.24712e-07,2.24712e-07,0,2.24712e-07,0.810556,0.810557,1,0.810556,packed
cloth-ball,tight,cell2dmin,25ee,ee,55367,4.17547,1.08285,0.368342,0.161532,0,0,55366,0,0.402454,1,0,0,2.2345e-07,2.2345e-07,0,2.2345e-07,0.124038,0.124038,1,0.124038,packed
cloth-ball,tight,cell2dmin,47ee,ee,142929,3.44989,1.25222,0.663982,0.117213,0,0,142928,0,0.736013,1,0,0,1.39292e-07,1.39292e-07,0,1.39292e-07,0.923549,0.923549,1,0.923549,packed
cloth-ball,tight,cell2dmin,55ee,ee,292910,3.31518,2.71247,1.25645,0.082462,0,0,292909,0,1.41507,1,0,0,1.67018e-07,1.67018e-07,0,1.67018e-07,0.85804,0.85804,1,0.85804,packed
cloth-ball,tight,cell2dmin,56ee,ee,402049,3.44343,2.86479,1.60402,0.092798,0,0,402048,0,1.74914,1,0,0,2.28421e-07,2.28421e-07,0,2.28421e-07,0.392759,0.392759,1,0.392759,packed
cloth-ball,tight,cell2dmin,57ee,ee,553184,3.34548,3.75379,2.2035,2.75164,0,0,553150,0,2.38759,34,0,0,1.51067e-06,3.81027e-07,0,3.09256e-07,0.189111,0.189112,34,0.189111,packed
cloth-ball,tight,cell2dmin,58ee,ee,677743,3.3729,3.6816,2.76351,17.1983,0,0,677562,0,3.60343,181,0,0,2.70035e-06,3.5091e-07,0,4.13601e-07,0.0177579,0.0177583,181,0.0177574,packed
cloth-ball,tight,cell2dmin,58vf,vf,217433,1.27721,5.44219,0.917352,3.15803,0,0,217399,0,1.14525,34,0,0,2.67217e-06,3.36691e-07,0,4.48591e-07,0.115568,0.115568,34,0.115568,packed
cloth-ball,tight,cell2dmin,59ee,ee,813886,3.26251,4.16683,3.08994,20.1179,0,0,813446,0,4.77626,440,0,0,3.56329e-06,3.14118e-07,0,1.60085e-07,0.00709702,0.00709718,440,0.00709677,packed
cloth-ball,tight,cell2dmin,60ee,ee,1077546,3.149,4.47576,3.98895,24.0323,0,0,1076584,0,6.50905,962,0,0,5.81415e-06,3.16899e-07,0,2.36374e-07,0.00873831,0.00873855,962,0.00873804,packed
cloth-ball,tight,cell2dmin,60vf,vf,360239,3.31854,4.9001,1.46889,9.87027,0,0,360036,0,1.96516,203,0,0,2.39565e-06,2.88344e-07,0,3.29584e-08,0.061102,0.061102,203,0.0611019,packed
cloth-ball,tight,cell2dmin,61ee,ee,1426132,2.74502,4.59086,5.15759,31.9723,0,0,1422837,0,11.6599,3295,0,0,9.49728e-06,2.6967e-07,0,3.93495e-07,0.0011377,0.00113809,3295,0.00113726,packed
cloth-ball,tight,cell2dmin,62ee,ee,2016457,2.88316,5.14499,7.11575,42.064,0,0,2010540,0,18.9655,5917,0,0,1.87306e-05,3.18036e-07,0,2.76593e-08,0.000557276,0.000557304,5917,0.000557184,packed
cloth-ball,tight,cell2dmin,62vf,vf,711484,2.98367,3.97484,2.38704,14.217,0,0,710312,0,4.81239,1172,0,0,8.92782e-06,2.67785e-07,0,1.08951e-07,0.00128874,0.00128885,1172,0.00128865,packed
cloth-ball,tight,cell2dmin,63ee,ee,2949103,2.76271,5.79809,10.0165,35.1238,0,0,2941276,0,23.5907,7827,0,0,1.07755e-05,3.30351e-07,0,2.36165e-07,0.000240694,0.00024093,7827,0.000240445,packed
cloth-ball,tight,cell2dmin,64ee,ee,3804130,2.71254,6.09613,12.7948,27.8715,0,0,3793044,0,30.4678,11086,0,0,3.13486e-05,3.16858e-07,0,2.97841e-07,2.14535e-05,2.17513e-05,11086,2.12193e-05,packed
cloth-ball,tight,cell2dmin,64vf,vf,1414679,2.96949,3.69766,4.38324,14.1306,0,0,1412471,0,8.21617,2208,0,0,1.05311e-05,2.86975e-07,0,3.13327e-07,0.00110717,0.00110748,2208,0.0011065,packed
cloth-ball,tight,cell2dmin,65ee,ee,4239673,1.99768,4.38913,14.2614,28.9997,0,0,4223323,0,39.0272,16350,0,0,1.82526e-05,2.99943e-07,0,1.57719e-07,0.000112809,0.000112967,16350,0.000112534,packed
cloth-ball,tight,cell2dmin,66ee,ee,4852404,2.47107,4.65847,16.5201,47.9757,0,0,4833074,0,45.0803,19329,0,0,1.36364e-05,2.96184e-07,0,9.3945e-08,0.000158927,0.000159021,19330,0.000158787,packed
cloth-ball,tight,cell2dmin,66vf,vf,1802633,2.41117,4.92685,5.52933,18.4299,0,0,1798776,0,12.8503,3857,0,0,7.44397e-06,2.6443e-07,0,2.27428e-08,0.000152532,0.000152554,3857,0.000152349,packed
cloth-ball,tight,cell2dmin,67ee,ee,5689944,1.93051,4.76096,19.2513,44.7409,0,0,5667846,0,50.9184,22097,0,0,0.000192801,2.87697e-07,0,2.02184e-06,2.21752e-05,2.4197e-05,22098,1.83582e-05,packed
cloth-ball,tight,cell2dmin,67vf,vf,2126413,2.16836,5.69972,6.41833,13.7274,0,0,2122157,0,13.94,4256,0,0,1.62156e-05,2.53776e-07,0,1.30644e-07,8.03232e-05,8.04539e-05,4256,8.02279e-05,packed
cloth-ball,tight,cell2dmin,68vf,vf,2431467,2.29671,6.29433,7.2576,16.9748,0,0,2427602,0,14.1193,3865,0,0,2.05652e-05,2.78275e-07,0,4.165e-08,0.000100931,0.000100973,3865,0.000100851,packed
cloth-ball,tight,cell2dmin,69ee,ee,6751331,2.20388,5.66177,22.8201,49.6285,1,0,6729561,0,53.6367,21769,0,0,2.038e-05,3.06672e-07,0,9.1318e-08,4.1606e-05,4.16973e-05,21770,4.13656e-05,packed
cloth-ball,tight,cell2dmin,69vf,vf,2526777,2.81266,7.02065,7.71388,16.6926,0,0,2522725,0,17.3012,4051,0,0,8.56904e-06,2.67986e-07,0,1.38329e-07,0.000197017,0.000197155,4052,0.000196934,packed
cloth-ball,tight,cell2dmin,70vf,vf,2494148,3.25003,7.58422,7.63321,12.9668,0,0,2490582,0,13.4212,3565,0,0,1.34795e-05,2.67299e-07,0,5.12355e-08,0.000116914,0.000116965,3566,0.000116825,packed
cloth-ball,tight,cell2dmin,71ee,ee,6122649,3.26673,7.02401,21.2525,38.429,0,0,6101323,0,59.8578,21323,0,0,3.29026e-05,2.88942e-07,0,8.7878e-08,3.52421e-05,3.53299e-05,21326,3.49283e-05,packed
cloth-ball,tight,cell2dmin,71vf,vf,2247521,2.8301,7.79445,7.07498,14.3798,0,0,2243466,0,13.3348,4054,0,0,1.88597e-05,2.54846e-07,0,5.96129e-08,1.25805e-05,1.26401e-05,4055,1.2517e-05,packed
cloth-ball,tight,cell2dmin,72vf,vf,1929809,3.09576,8.24833,6.19686,16.5522,0,0,1925720,0,13.5571,4089,0,0,7.11089e-06,2.53146e-07,0,3.01428e-08,4.60236e-05,4.60538e-05,4089,4.60148e-05,packed
cloth-ball,tight,cell2dmin,73ee,ee,4482728,3.19243,7.02948,16.1883,28.2301,0,0,4463939,0,39.5178,18789,0,0,3.01405e-05,2.8631e-07,0,9.62407e-08,0.000115061,0.000115158,18789,0.000114799,packed
cloth-ball,tight,cell2dmin,73vf,vf,1569765,3.13893,8.21099,5.20476,11.744,0,0,1566112,0,11.7883,3653,0,0,7.68216e-06,2.5635e-07,0,3.17018e-07,2.41152e-05,2.44322e-05,3653,2.38419e-05,packed
cloth-ball,tight,cell2dmin,74vf,vf,1316922,3.31796,8.18858,4.53627,12.0676,0,0,1313249,0,9.92764,3673,0,0,5.0527e-06,2.39293e-07,0,1.72014e-08,0.00122315,0.00122316,3673,0.00122309,packed
cloth-ball,tight,cell2dmin,75ee,ee,3397981,3.29355,6.02096,12.8074,22.915,0,0,3385426,0,25.9378,12555,0,0,3.72029e-05,2.91697e-07,0,1.53245e-07,0.000411251,0.000411404,12555,0.000411034,packed
cloth-ball,tight,cell2dmin,75vf,vf,1144734,3.11912,8.35383,4.05397,12.8947,0,0,1142424,0,9.28168,2310,0,0,3.31131e-05,2.70562e-07,0,2.23871e-07,0.00019664,0.000196864,2310,0.000196457,packed
cloth-ball,tight,cell2dmin,76vf,vf,1021601,3.18324,8.63878,3.68528,7.80715,0,0,1020262,0,5.92538,1339,0,0,1.7323e-05,3.24309e-07,0,3.51441e-07,0.00214939,0.00214974,1339,0.00214911,packed
cloth-ball,tight,cell2dmin,77ee,ee,2915628,3.20465,5.87751,11.3175,17.7125,0,0,2905869,0,21.4495,9759,0,0,0.000168394,3.29666e-07,0,5.93345e-08,2.17793e-05,2.18386e-05,9759,2.16961e-05,packed
cloth-ball,tight,cell2dmin,77vf,vf,963888,3.10667,8.82479,3.56234,8.49389,0,0,962143,0,6.43362,1745,0,0,5.96067e-06,2.97311e-07,0,3.34414e-07,0.0017591,0.00175943,1745,0.0017581,packed
cloth-ball,tight,cell2dmin,78vf,vf,947065,3.32119,9.05461,3.5153,7.61039,0,0,944840,0,11.5954,2225,0,0,8.30693e-06,2.58714e-07,0,9.91588e-08,0.000849202,0.000849302,2225,0.000849009,packed
cloth-ball,tight,cell2dmin,79ee,ee,2775535,3.4057,5.82839,10.7815,18.0314,0,0,2764718,0,21.8497,10817,0,0,6.12708e-05,2.77829e-07,0,2.70467e-07,6.19088e-05,6.21793e-05,10817,6.1512e-05,packed
cloth-ball,tight,cell2dmin,79vf,vf,913895,3.09582,9.41303,3.38001,8.6135,0,0,911879,0,6.57973,2016,0,0,1.73053e-05,2.60552e-07,0,3.61992e-08,0.00072327,0.000723306,2016,0.000723243,packed
cloth-ball,tight,cell2dmin,80ee,ee,2836713,3.3361,5.92346,11.0241,20.6084,0,0,2825388,0,23.1935,11323,0,0,1.5655e-05,2.71939e-07,0,8.17965e-08,0.000236094,0.000236176,11325,0.000236034,packed
cloth-ball,tight,cell2dmin,81ee,ee,2830785,3.20219,6.03872,11.0174,17.5869,0,0,2819669,0,24.6443,11116,0,0,2.46784e-05,2.67444e-07,0,1.27749e-07,5.24143e-05,5.25421e-05,11116,5.23329e-05,packed
cloth-ball,tight,cell2dmin,81vf,vf,927924,3.13013,10.2567,3.49584,8.03409,0,0,925837,0,5.97248,2087,0,0,9.65595e-06,2.4678e-07,0,5.37128e-08,7.3866e-05,7.39197e-05,2087,7.37906e-05,packed
cloth-ball,tight,cell2dmin,82ee,ee,2910424,3.39863,5.73988,11.3195,18.524,0,0,2901522,0,21.5654,8902,0,0,1.80337e-05,2.80064e-07,0,2.73223e-07,9.33318e-05,9.36051e-05,8902,9.33409e-05,packed
cloth-ball,tight,cell2dmin,83ee,ee,2987261,3.41284,5.90196,11.5297,17.3714,0,0,2982068,0,18.5609,5193,0,0,2.66115e-05,3.3254e-07,0,8.62293e-08,0.000201488,0.000201574,5193,0.000201225,packed
cloth-ball,tight,cell2dmin,83vf,vf,969694,3.3834,10.6641,3.63015,7.94494,0,0,968780,0,5.54827,914,0,0,5.45018e-06,2.97485e-07,0,1.93641e-07,0.00239953,0.00239972,914,0.00239921,packed
cloth-ball,tight,cell2dmin,84ee,ee,3119377,3.38372,5.92337,12.0138,18.0076,0,0,3115429,0,17.6123,3948,0,0,2.56074e-05,3.89434e-07,0,8.49667e-08,0.000100128,0.000100213,3948,9.97782e-05,packed
cloth-ball,tight,cell2dmin,85ee,ee,3222564,3.37825,6.1144,12.4706,16.4941,0,0,3218179,0,18.2349,4385,0,0,1.31271e-05,3.94602e-07,0,3.25385e-08,2.90885e-05,2.91211e-05,4385,2.89679e-05,packed
cloth-ball,tight,cell2dmin,85vf,vf,1041160,3.32788,10.8494,3.81852,7.02814,0,0,1040460,0,5.38908,700,0,0,5.81867e-06,3.85447e-07,0,1.64631e-07,0.00437785,0.00437801,700,0.0043776,packed
cloth-ball,tight,cell2dmin,86ee,ee,3347903,3.63702,5.97738,13.2606,15.9007,0,0,3339942,0,21.9026,7961,0,0,2.71364e-05,2.75067e-07,0,6.70351e-08,3.14359e-05,3.1503e-05,7961,3.12328e-05,packed
cloth-ball,tight,cell2dmin,87ee,ee,3522105,3.34801,6.31494,14.0424,16.3075,0,0,3512042,0,23.8571,10063,0,0,3.83242e-05,2.55651e-07,0,2.59192e-07,7.0581e-05,7.08401e-05,10063,7.03335e-05,packed
cloth-ball,tight,cell2dmin,87vf,vf,1131097,3.26945,10.3557,4.1764,6.50786,0,0,1129323,0,6.67624,1774,0,0,3.50217e-05,2.35244e-07,0,7.33837e-08,0.000161959,0.000162032,1774,0.000161886,packed
cloth-ball,tight,cell2dmin,88ee,ee,3705732,3.47597,6.17126,14.7674,15.8646,0,0,3692966,0,26.2874,12766,0,0,3.00133e-05,2.44129e-07,0,3.22313e-06,0.000187872,0.000191095,12766,0.000184059,packed
cloth-ball,tight,cell2dmin,89ee,ee,3916295,3.51632,6.45334,15.867,19.6426,0,0,3897178,0,31.8089,19117,0,0,2.49381e-05,2.41704e-07,0,1.52134e-07,1.54714e-05,1.56235e-05,19117,1.52588e-05,packed
cloth-ball,tight,cell2dmin,89vf,vf,1249990,3.24728,10.5188,4.65444,7.46256,0,0,1246311,0,8.58,3679,0,0,4.56075e-05,2.32215e-07,0,5.64206e-08,0.000960808,0.000960864,3679,0.000960708,packed
cloth-ball,tight,cell2dmin,90ee,ee,4210043,3.36084,6.05751,17.4481,24.3495,0,0,4180824,0,41.0236,29219,0,0,3.10472e-05,2.24196e-07,0,1.39679e-07,2.61509e-05,2.62906e-05,29219,2.57492e-05,packed
cloth-ball,tight,cell2dmin,91ee,ee,4569239,3.40701,6.72581,19.2878,36.9778,0,0,4513800,0,59.458,55439,0,0,2.88795e-05,1.92001e-07,0,1.68723e-07,7.63746e-06,7.80619e-06,55439,7.39098e-06,packed
cloth-ball,tight,cell2dmin,91vf,vf,1452086,3.1452,9.27432,5.43909,9.72275,0,0,1440808,0,16.2303,11278,0,0,0.0001041,1.89363e-07,0,2.33175e-08,0.000131077,0.0001311,11278,0.000131011,packed
cloth-ball,tight,cell2dmin,92ee,ee,5197332,3.32378,8.23719,22.6749,59.2607,0,0,5102507,0,90.4172,94822,0,0,4.03822e-05,1.85304e-07,0,1.87078e-08,7.47336e-06,7.49207e-06,94825,7.45058e-06,packed
cloth-ball,tight,cell2dmin,22ee,ee,93162,1.05684,0.949096,0.469779,0.063198,0,0,93161,0,0.54757,1,0,0,1.53307e-07,1.53307e-07,0,1.53307e-07,0.930994,0.930994,1,0.930994,packed
cloth-ball,tight,cell2dmin,23ee,ee,75461,6.26326,1.12807,0.447636,0.171228,0,0,75460,0,0.53221,1,0,0,2.24712e-07,2.24712e-07,0,2.24712e-07,0.810556,0.810557,1,0.810556,packed
cloth-ball,tight,cell2dmin,25ee,ee,55367,4.7785,1.1138,0.361238,0.111773,0,0,55366,0,0.357559,1,0,0,2.2345e-07,2.2345e-07,0,2.2345e-07,0.124038,0.124038,1,0.124038,packed
cloth-ball,tight,cell2dmin,47ee,ee,142929,2.58019,1.26742,0.669039,0.115037,0,0,142928,0,0.722221,1,0,0,1.39292e-07,1.39292e-07,0,1.39292e-07,0.923549,0.923549,1,0.923549,packed
cloth-ball,tight,cell2dmin,55ee,ee,292910,2.20202,2.56864,1.2303,0.072254,0,0,292909,0,1.32573,1,0,0,1.67018e-07,1.67018e-07,0,1.67018e-07,0.85804,0.85804,1,0.85804,packed
cloth-ball,tight,cell2dmin,56ee,ee,402049,2.2818,2.69727,1.60997,0.083358,0,0,402048,0,1.74507,1,0,0,2.28421e-07,2.28421e-07,0,2.28421e-07,0.392759,0.392759,1,0.392759,packed
cloth-ball,tight,cell2dmin,57ee,ee,553184,2.20897,3.43348,2.12266,2.8158,0,0,553150,0,2.36992,34,0,0,1.51067e-06,3.81027e-07,0,3.09256e-07,0.189111,0.189112,34,0.189111,packed
cloth-ball,tight,cell2dmin,58ee,ee,677743,2.13988,3.39434,2.57401,17.1727,0,0,677562,0,3.64211,181,0,0,2.70035e-06,3.5091e-07,0,4.13601e-07,0.0177579,0.0177583,181,0.0177574,packed
cloth-ball,tight,cell2dmin,58vf,vf,217433,1.03997,5.31337,0.82049,3.13342,0,0,217399,0,1.17655,34,0,0,2.67217e-06,3.36691e-07,0,4.31269e-07,0.115568,0.115568,34,0.115568,packed
cloth-ball,tight,cell2dmin,59ee,ee,813886,2.67715,4.24686,3.05483,20.0924,0,0,813446,0,4.74848,440,0,0,3.56329e-06,3.14118e-07,0,1.60085e-07,0.00709702,0.00709718,440,0.00709677,packed
cloth-ball,tight,cell2dmin,60ee,ee,1077546,3.28455,4.65524,3.99612,24.0625,0,0,1076584,0,6.46981,962,0,0,5.81415e-06,3.16899e-07,0,2.36374e-07,0.00873831,0.00873855,962,0.00873804,packed
cloth-ball,tight,cell2dmin,60vf,vf,360239,3.34388,5.75943,1.49865,9.89654,0,0,360036,0,1.98539,203,0,0,2.39565e-06,2.88344e-07,0,3.29584e-08,0.061102,0.061102,203,0.0611019,packed
cloth-ball,tight,cell2dmin,61ee,ee,1426132,3.10926,5.02844,5.18505,31.6601,0,0,1422837,0,11.5672,3295,0,0,9.49728e-06,2.6967e-07,0,3.93495e-07,0.0011377,0.00113809,3295,0.00113726,packed
cloth-ball,tight,cell2dmin,62ee,ee,2016457,2.86924,5.57285,7.10938,42.2066,0,0,2010540,0,18.928,5917,0,0,1.87306e-05,3.18036e-07,0,2.76593e-08,0.000557276,0.000557304,5917,0.000557184,packed
cloth-ball,tight,cell2dmin,62vf,vf,711484,2.84969,4.66378,2.45398,14.2679,0,0,710312,0,4.85866,1172,0,0,8.92782e-06,2.67785e-07,0,1.08951e-07,0.00128874,0.00128885,1172,0.00128865,packed
cloth-ball,tight,cell2dmin,63ee,ee,2949103,2.98501,6.16441,10.0299,35.0776,0,0,2941276,0,23.6479,7827,0,0,1.07755e-05,3.30351e-07,0,2.36165e-07,0.000240694,0.00024093,7827,0.000240445,packed
cloth-ball,tight,cell2dmin,64ee,ee,3804130,2.96773,6.4125,12.7751,27.8176,0,0,3793044,0,30.5169,11086,0,0,3.13486e-05,3.16858e-07,0,2.97841e-07,2.14535e-05,2.17513e-05,11086,2.12193e-05,packed
cloth-ball,tight,cell2dmin,64vf,vf,1414679,3.11128,4.30945,4.47579,14.0489,0,0,1412471,0,8.25444,2208,0,0,1.05311e-05,2.86975e-07,0,3.13327e-07,0.00110717,0.00110748,2208,0.0011065,packed
cloth-ball,tight,cell2dmin,65ee,ee,4239673,2.1881,4.45774,14.4009,29.0507,0,0,4223323,0,39.0634,16350,0,0,1.82526e-05,2.99943e-07,0,1.57704e-07,0.000112809,0.000112967,16350,0.000112534,packed
cloth-ball,tight,cell2dmin,66ee,ee,4852404,2.68547,4.8065,16.5731,48.2305,0,0,4833074,0,46.0402,19329,0,0,1.36364e-05,2.96184e-07,0,9.39315e-08,0.000158927,0.000159021,19330,0.000158787,packed
cloth-ball,tight,cell2dmin,66vf,vf,1802633,2.40429,5.29365,5.50376,18.4545,0,0,1798776,0,12.9203,3857,0,0,7.44397e-06,2.6443e-07,0,2.27428e-08,0.000152532,0.000152554,3857,0.000152349,packed
cloth-ball,tight,cell2dmin,67ee,ee,5689944,2.18417,4.96259,19.3099,44.8348,0,0,5667846,0,50.8268,22097,0,0,0.000192801,2.87697e-07,0,2.02184e-06,2.21752e-05,2.4197e-05,22098,1.83582e-05,packed
cloth-ball,tight,cell2dmin,67vf,vf,2126413,2.30947,6.03187,6.6852,13.6572,0,0,2122157,0,13.8631,4256,0,0,1.62156e-05,2.53776e-07,0,1.30644e-07,8.03232e-05,8.04539e-05,4256,8.02279e-05,packed
cloth-ball,tight,cell2dmin,68vf,vf,2431467,2.46589,6.3743,7.26256,16.9653,0,0,2427602,0,14.0929,3865,0,0,2.05652e-05,2.78275e-07,0,4.165e-08,0.000100931,0.000100973,3865,0.000100851,packed
cloth-ball,tight,cell2dmin,69ee,ee,6751331,2.21914,5.79956,22.7591,49.364,1,0,6729561,0,53.6654,21769,0,0,2.038e-05,3.06672e-07,0,9.1318e-08,4.1606e-05,4.16973e-05,21770,4.13656e-05,packed
cloth-ball,tight,cell2dmin,69vf,vf,2526777,2.76287,7.10426,7.73413,16.7638,0,0,2522725,0,17.3734,4051,0,0,8.56904e-06,2.67986e-07,0,1.38329e-07,0.000197017,0.000197155,4052,0.000196934,packed
cloth-ball,tight,cell2dmin,70vf,vf,2494148,3.10818,7.67858,7.66546,12.9594,0,0,2490582,0,13.5141,3565,0,0,1.34795e-05,2.67299e-07,0,5.12355e-08,0.000116914,0.000116965,3566,0.000116825,packed
cloth-ball,tight,cell2dmin,71ee,ee,6122649,3.05506,7.15984,21.2579,38.6334,0,0,6101323,0,59.9823,21323,0,0,3.29026e-05,2.88942e-07,0,8.7878e-08,3.52421e-05,3.53299e-05,21326,3.49283e-05,packed
cloth-ball,tight,cell2dmin,71vf,vf,2247521,2.84869,7.71749,7.09716,14.3919,0,0,2243466,0,13.2758,4054,0,0,1.88597e-05,2.54846e-07,0,5.96129e-08,1.25805e-05,1.26401e-05,4055,1.2517e-05,packed
cloth-ball,tight,cell2dmin,72vf,vf,1929809,3.04389,8.19188,6.18243,16.4152,0,0,1925720,0,13.6503,4089,0,0,7.11089e-06,2.53146e-07,0,3.01428e-08,4.60236e-05,4.60538e-05,4089,4.60148e-05,packed
cloth-ball,tight,cell2dmin,73ee,ee,4482728,3.11394,6.92619,16.1752,27.9108,0,0,4463939,0,39.5244,18789,0,0,3.01405e-05,2.8631e-07,0,9.72362e-08,0.000115061,0.000115158,18789,0.000114799,packed
cloth-ball,tight,cell2dmin,73vf,vf,1569765,2.99071,8.18379,5.23561,11.707,0,0,1566112,0,11.6713,3653,0,0,7.68216e-06,2.5635e-07,0,3.17018e-07,2.41152e-05,2.44322e-05,3653,2.38419e-05,packed
cloth-ball,tight,cell2dmin,74vf,vf,1316922,3.21067,8.07902,4.57239,11.9426,0,0,1313249,0,9.96198,3673,0,0,5.0527e-06,2.39293e-07,0,1.72014e-08,0.00122315,0.00122316,3673,0.00122309,packed
cloth-ball,tight,cell2dmin,75ee,ee,3397981,3.2076,6.15571,12.773,22.671,0,0,3385426,0,26.0983,12555,0,0,3.72029e-05,2.91697e-07,0,1.53245e-07,0.000411251,0.000411404,12555,0.000411034,packed
cloth-ball,tight,cell2dmin,75vf,vf,1144734,3.10312,8.22225,4.05449,12.8109,0,0,1142424,0,9.16306,2310,0,0,3.31131e-05,2.70562e-07,0,2.23871e-07,0.00019664,0.000196864,2310,0.000196457,packed
cloth-ball,tight,cell2dmin,76vf,vf,1021601,3.30903,8.49363,3.66387,7.74665,0,0,1020262,0,5.89332,1339,0,0,1.7323e-05,3.24309e-07,0,3.51441e-07,0.00214939,0.00214974,1339,0.00214911,packed
cloth-ball,tight,cell2dmin,77ee,ee,2915628,3.34599,5.88871,11.292,17.832,0,0,2905869,0,21.5682,9759,0,0,0.000168394,3.29666e-07,0,5.93345e-08,2.17793e-05,2.18386e-05,9759,2.16961e-05,packed
cloth-ball,tight,cell2dmin,77vf,vf,963888,3.18452,8.7358,3.50071,8.44013,0,0,962143,0,6.45548,1745,0,0,5.96067e-06,2.97311e-07,0,3.34414e-07,0.0017591,0.00175943,1745,0.0017581,packed
cloth-ball,tight,cell2dmin,78vf,vf,947065,3.25518,8.94578,3.47911,7.6047,0,0,944840,0,11.5824,2225,0,0,8.30693e-06,2.58714e-07,0,9.91588e-08,0.000849202,0.000849302,2225,0.000849009,packed
cloth-ball,tight,cell2dmin,79ee,ee,2775535,3.34372,5.76811,10.8222,17.7574,0,0,2764718,0,21.8861,10817,0,0,6.12708e-05,2.77829e-07,0,2.70467e-07,6.19088e-05,6.21793e-05,10817,6.1512e-05,packed
cloth-ball,tight,cell2dmin,79vf,vf,913895,3.15297,9.38788,3.33038,8.65085,0,0,911879,0,6.51874,2016,0,0,1.73053e-05,2.60552e-07,0,3.61992e-08,0.00072327,0.000723306,2016,0.000723243,packed
cloth-ball,tight,cell2dmin,80ee,ee,2836713,3.35572,6.12774,10.9429,20.6484,0,0,2825388,0,23.2627,11323,0,0,1.5655e-05,2.71939e-07,0,8.17965e-08,0.000236094,0.000236176,11325,0.000236034,packed
cloth-ball,tight,cell2dmin,81ee,ee,2830785,3.22564,6.04621,11.0258,17.3607,0,0,2819669,0,24.6813,11116,0,0,2.46784e-05,2.67444e-07,0,1.27749e-07,5.24143e-05,5.25421e-05,11116,5.23329e-05,packed
cloth-ball,tight,cell2dmin,81vf,vf,927924,3.2034,10.1595,3.45233,8.04213,0,0,925837,0,5.94701,2087,0,0,9.65595e-06,2.4678e-07,0,5.37128e-08,7.3866e-05,7.39197e-05,2087,7.37906e-05,packed
cloth-ball,tight,cell2dmin,82ee,ee,2910424,3.48458,6.02131,11.3393,18.5834,0,0,2901522,0,21.627,8902,0,0,1.80337e-05,2.80064e-07,0,2.73223e-07,9.33318e-05,9.36051e-05,8902,9.33409e-05,packed
cloth-ball,tight,cell2dmin,83ee,ee,2987261,3.32977,6.11818,11.4638,17.5564,0,0,2982068,0,18.6904,5193,0,0,2.66115e-05,3.3254e-07,0,8.67404e-08,0.000201487,0.000201574,5193,0.000201225,packed
cloth-ball,tight,cell2dmin,83vf,vf,969694,3.29767,10.5922,3.59882,8.06011,0,0,968780,0,5.54209,914,0,0,5.45018e-06,2.97485e-07,0,1.93641e-07,0.00239953,0.00239972,914,0.00239921,packed
cloth-ball,tight,cell2dmin,84ee,ee,3119377,3.47069,6.17078,12.012,17.9503,0,0,3115429,0,17.7009,3948,0,0,2.56074e-05,3.89434e-07,0,8.49667e-08,0.000100128,0.000100213,3948,9.97782e-05,packed
cloth-ball,tight,cell2dmin,85ee,ee,3222564,3.32497,6.40754,12.48,16.4894,0,0,3218179,0,18.3682,4385,0,0,1.31271e-05,3.94602e-07,0,4.3673e-08,2.90774e-05,2.91211e-05,4385,2.89679e-05,packed
cloth-ball,tight,cell2dmin,85vf,vf,1041160,3.14235,10.7556,3.81184,6.95774,0,0,1040460,0,5.38786,700,0,0,5.81867e-06,3.85447e-07,0,1.64631e-07,0.00437785,0.00437801,700,0.0043776,packed
cloth-ball,tight,cell2dmin,86ee,ee,3347903,3.38142,6.04602,13.2363,15.6892,0,0,3339942,0,22.0108,7961,0,0,2.71364e-05,2.75067e-07,0,6.70351e-08,3.14359e-05,3.1503e-05,7961,3.12328e-05,packed
cloth-ball,tight,cell2dmin,87ee,ee,3522105,3.31982,6.39567,14.0226,16.1635,0,0,3512042,0,24.0202,10063,0,0,3.83242e-05,2.55651e-07,0,2.59192e-07,7.0581e-05,7.08401e-05,10063,7.03335e-05,packed
cloth-ball,tight,cell2dmin,87vf,vf,1131097,3.3234,10.2257,4.21739,6.45862,0,0,1129323,0,6.81038,1774,0,0,3.50217e-05,2.35244e-07,0,7.33837e-08,0.000161959,0.000162032,1774,0.000161886,packed
cloth-ball,tight,cell2dmin,88ee,ee,3705732,3.48429,6.14013,14.9308,15.7979,0,0,3692966,0,26.3702,12766,0,0,3.00133e-05,2.44129e-07,0,3.22313e-06,0.000187872,0.000191095,12766,0.000184059,packed
cloth-ball,tight,cell2dmin,89ee,ee,3916295,3.37002,6.34524,15.9401,19.6086,0,0,3897178,0,32.0979,19117,0,0,2.49381e-05,2.41704e-07,0,1.52134e-07,1.54714e-05,1.56235e-05,19117,1.52588e-05,packed
cloth-ball,tight,cell2dmin,89vf,vf,1249990,3.06821,10.4352,4.6978,7.49232,0,0,1246311,0,8.60563,3679,0,0,4.56075e-05,2.32215e-07,0,6.00367e-08,0.000960804,0.000960864,3679,0.000960708,packed
cloth-ball,tight,cell2dmin,90ee,ee,4210043,3.36698,6.34828,17.4254,24.2008,0,0,4180824,0,41.2185,29219,0,0,3.10472e-05,2.24196e-07,0,1.39584e-07,2.6151e-05,2.62906e-05,29219,2.57492e-05,packed
cloth-ball,tight,cell2dmin,91ee,ee,4569239,3.43466,6.83003,19.3223,37.0559,0,0,4513800,0,59.4528,55439,0,0,2.88795e-05,1.92001e-07,0,1.68721e-07,7.63747e-06,7.80619e-06,55439,7.39098e-06,packed
cloth-ball,tight,cell2dmin,91vf,vf,1452086,3.29006,9.41559,5.44991,9.78838,0,0,1440808,0,16.2174,11278,0,0,0.0001041,1.89363e-07,0,2.33175e-08,0.000131077,0.0001311,11278,0.000131011,packed
cloth-ball,tight,cell2dmin,92ee,ee,5197332,3.31092,8.21505,22.6522,59.4274,0,0,5102507,0,90.6157,94822,0,0,4.03822e-05,1.85304e-07,0,1.87078e-08,7.47336e-06,7.49207e-06,94825,7.45058e-06,packed
cloth-ball,tight,cell2dmin,22ee,ee,93162,3.56256,1.09616,0.473939,0.101053,0,0,93161,0,0.594193,1,0,0,1.53307e-07,1.53307e-07,0,1.53307e-07,0.930994,0.930994,1,0.930994,packed
cloth-ball,tight,cell2dmin,23ee,ee,75461,4.26648,1.14659,0.462228,0.132477,0,0,75460,0,0.490035,1,0,0,2.24712e-07,2.24712e-07,0,2.24712e-07,0.810556,0.810557,1,0.810556,packed
cloth-ball,tight,cell2dmin,25ee,ee,55367,3.23121,1.01293,0.356535,0.081118,0,0,55366,0,0.490899,1,0,0,2.2345e-07,2.2345e-07,0,2.2345e-07,0.124038,0.124038,1,0.124038,packed
cloth-ball,tight,cell2dmin,47ee,ee,142929,3.18465,1.42159,0.669806,0.127549,0,0,142928,0,0.751149,1,0,0,1.39292e-07,1.39292e-07,0,1.39292e-07,0.923549,0.923549,1,0.923549,packed
cloth-ball,tight,cell2dmin,55ee,ee,292910,3.21348,2.7285,1.28118,0.083678,0,0,292909,0,1.4558,1,0,0,1.67018e-07,1.67018e-07,0,1.67018e-07,0.85804,0.85804,1,0.85804,packed
cloth-ball,tight,cell2dmin,56ee,ee,402049,3.47664,3.2082,1.59253,0.090014,0,0,402048,0,1.78831,1,0,0,2.28421e-07,2.28421e-07,0,2.28421e-07,0.392759,0.392759,1,0.392759,packed
cloth-ball,tight,cell2dmin,57ee,ee,553184,3.29156,3.71459,2.12884,2.8326,0,0,553150,0,2.41683,34,0,0,1.51067e-06,3.81027e-07,0,3.09256e-07,0.189111,0.189112,34,0.189111,packed
cloth-ball,tight,cell2dmin,58ee,ee,677743,3.22504,3.83548,2.556,17.1726,0,0,677562,0,3.71126,181,0,0,2.70035e-06,3.5091e-07,0,4.13601e-07,0.0177579,0.0177583,181,0.0177574,packed
cloth-ball,tight,cell2dmin,58vf,vf,217433,1.85189,5.55915,0.941895,3.16369,0,0,217399,0,1.14567,34,0,0,2.67217e-06,3.36691e-07,0,4.33256e-07,0.115568,0.115568,34,0.115568,packed
cloth-ball,tight,cell2dmin,59ee,ee,813886,3.35783,4.45592,3.45114,20.1258,0,0,813446,0,4.75533,440,0,0,3.56329e-06,3.14118e-07,0,1.60085e-07,0.00709702,0.00709718,440,0.00709677,packed
cloth-ball,tight,cell2dmin,60ee,ee,1077546,3.22625,4.7489,3.95538,24.0946,0,0,1076584,0,6.48249,962,0,0,5.81415e-06,3.16899e-07,0,2.36374e-07,0.00873831,0.00873855,962,0.00873804,packed
cloth-ball,tight,cell2dmin,60vf,vf,360239,3.3507,4.97971,1.35744,9.84889,0,0,360036,0,2.065,203,0,0,2.39565e-06,2.88344e-07,0,3.29584e-08,0.061102,0.061102,203,0.0611019,packed
cloth-ball,tight,cell2dmin,61ee,ee,1426132,2.855,4.82848,5.18156,31.7471,0,0,1422837,0,11.5656,3295,0,0,9.49728e-06,2.6967e-07,0,3.92801e-07,0.0011377,0.00113809,3295,0.00113726,packed
cloth-ball,tight,cell2dmin,62ee,ee,2016457,2.90652,5.35384,7.18327,42.1921,0,0,2010540,0,19.2026,5917,0,0,1.87306e-05,3.18036e-07,0,2.74854e-08,0.000557276,0.000557304,5917,0.000557184,packed
cloth-ball,tight,cell2dmin,62vf,vf,711484,3.02974,4.03388,2.48022,14.3304,0,0,710312,0,4.86272,1172,0,0,8.92782e-06,2.67785e-07,0,1.08951e-07,0.00128874,0.00128885,1172,0.00128865,packed
cloth-ball,tight,cell2dmin,63ee,ee,2949103,3.28196,6.46805,10.058,35.319,0,0,2941276,0,23.6553,7827,0,0,1.07755e-05,3.30351e-07,0,2.36165e-07,0.000240694,0.00024093,7827,0.000240445,packed
cloth-ball,tight,cell2dmin,64ee,ee,3804130,3.04866,6.65986,12.7815,27.9452,0,0,3793044,0,30.5552,11086,0,0,3.13486e-05,3.16858e-07,0,2.97841e-07,2.14535e-05,2.17513e-05,11086,2.12193e-05,packed
cloth-ball,tight,cell2dmin,64vf,vf,1414679,3.06133,3.71609,4.43,14.0322,0,0,1412471,0,8.30551,2208,0,0,1.05311e-05,2.86975e-07,0,3.13327e-07,0.00110717,0.00110748,2208,0.0011065,packed
cloth-ball,tight,cell2dmin,65ee,ee,4239673,2.44723,4.92122,14.3747,29.0213,0,0,4223323,0,39.0908,16350,0,0,1.82526e-05,2.99943e-07,0,1.57719e-07,0.000112809,0.000112967,16350,0.000112534,packed
cloth-ball,tight,cell2dmin,66ee,ee,4852404,2.56998,5.40923,16.509,47.9458,0,0,4833074,0,45.351,19329,0,0,1.36364e-05,2.96184e-07,0,9.39315e-08,0.000158927,0.000159021,19330,0.000158787,packed
cloth-ball,tight,cell2dmin,66vf,vf,1802633,2.57571,5.08179,5.51045,18.5754,0,0,1798776,0,12.9794,3857,0,0,7.44397e-06,2.6443e-07,0,2.27428e-08,0.000152532,0.000152554,3857,0.000152349,packed
cloth-ball,tight,cell2dmin,67ee,ee,5689944,2.30631,5.14274,19.3597,44.9219,0,0,5667846,0,51.0774,22097,0,0,0.000192801,2.87697e-07,0,2.02184e-06,2.21752e-05,2.4197e-05,22098,1.83582e-05,packed
cloth-ball,tight,cell2dmin,67vf,vf,2126413,2.33008,5.85076,6.42559,13.6184,0,0,2122157,0,14.1461,4256,0,0,1.62156e-05,2.53776e-07,0,1.30644e-07,8.03232e-05,8.04539e-05,4256,8.02279e-05,packed
cloth-ball,tight,cell2dmin,68vf,vf,2431467,2.5504,6.61925,7.32371,17.0074,0,0,2427602,0,14.2597,3865,0,0,2.05652e-05,2.78275e-07,0,4.165e-08,0.000100931,0.000100973,3865,0.000100851,packed
cloth-ball,tight,cell2dmin,69ee,ee,6751331,2.50758,6.23635,22.7948,50.2719,1,0,6729561,0,54.0982,21769,0,0,2.038e-05,3.06672e-07,0,9.1318e-08,4.1606e-05,4.16973e-05,21770,4.13656e-05,packed
cloth-ball,tight,cell2dmin,69vf,vf,2526777,2.57132,7.723,7.71503,16.7026,0,0,2522725,0,18.2013,4051,0,0,8.56904e-06,2.67986e-07,0,1.38329e-07,0.000197017,0.000197155,4052,0.000196934,packed
cloth-ball,tight,cell2dmin,70vf,vf,2494148,2.95756,7.67817,7.64438,12.9724,0,0,2490582,0,13.5298,3565,0,0,1.34795e-05,2.67299e-07,0,5.12355e-08,0.000116914,0.000116965,3566,0.000116825,packed
cloth-ball,tight,cell2dmin,71ee,ee,6122649,2.84066,7.60457,21.2095,38.4739,0,0,6101323,0,59.8694,21323,0,0,3.29026e-05,2.88942e-07,0,8.7878e-08,3.52421e-05,3.53299e-05,21326,3.49283e-05,packed
cloth-ball,tight,cell2dmin,71vf,vf,2247521,2.84965,7.83163,7.03517,14.3365,0,0,2243466,0,13.3973,4054,0,0,1.88597e-05,2.54846e-07,0,5.96129e-08,1.25805e-05,1.26401e-05,4055,1.2517e-05,packed
cloth-ball,tight,cell2dmin,72vf,vf,1929809,3.03192,8.19447,6.17593,16.3309,0,0,1925720,0,13.7138,4089,0,0,7.11089e-06,2.53146e-07,0,3.01428e-08,4.60236e-05,4.60538e-05,4089,4.60148e-05,packed
cloth-ball,tight,cell2dmin,73ee,ee,4482728,3.01352,6.90503,16.2496,28.0652,0,0,4463939,0,39.42,18789,0,0,3.01405e-05,2.8631e-07,0,9.72362e-08,0.000115061,0.000115158,18789,0.000114799,packed
cloth-ball,tight,cell2dmin,73vf,vf,1569765,2.86991,8.14593,5.20095,11.7608,0,0,1566112,0,11.759,3653,0,0,7.68216e-06,2.5635e-07,0,3.17018e-07,2.41152e-05,2.44322e-05,3653,2.38419e-05,packed
cloth-ball,tight,cell2dmin,74vf,vf,1316922,3.07957,8.09127,4.48103,11.8793,0,0,1313249,0,9.97782,3673,0,0,5.0527e-06,2.39293e-07,0,1.72014e-08,0.00122315,0.00122316,3673,0.00122309,packed
cloth-ball,tight,cell2dmin,75ee,ee,3397981,3.00261,6.13274,12.7603,22.6232,0,0,3385426,0,26.1281,12555,0,0,3.72029e-05,2.91697e-07,0,1.53245e-07,0.000411251,0.000411404,12555,0.000411034,packed
cloth-ball,tight,cell2dmin,75vf,vf,1144734,2.97967,8.35303,4.0285,12.7956,0,0,1142424,0,9.18933,2310,0,0,3.31131e-05,2.70562e-07,0,2.23871e-07,0.00019664,0.000196864,2310,0.000196457,packed
cloth-ball,tight,cell2dmin,76vf,vf,1021601,3.24523,8.55581,3.61274,7.89522,0,0,1020262,0,5.88605,1339,0,0,1.7323e-05,3.24309e-07,0,3.51441e-07,0.00214939,0.00214974,1339,0.00214911,packed
cloth-ball,tight,cell2dmin,77ee,ee,2915628,3.27351,5.66167,11.1865,17.719,0,0,2905869,0,21.4508,9759,0,0,0.000168394,3.29666e-07,0,5.93345e-08,2.17793e-05,2.18386e-05,9759,2.16961e-05,packed
cloth-ball,tight,cell2dmin,77vf,vf,963888,3.0804,8.84102,3.46205,8.43258,0,0,962143,0,6.443,1745,0,0,5.96067e-06,2.97311e-07,0,3.34414e-07,0.0017591,0.00175943,1745,0.0017581,packed
cloth-ball,tight,cell2dmin,78vf,vf,947065,3.39441,9.03887,3.4458,7.5959,0,0,944840,0,11.5106,2225,0,0,8.30693e-06,2.58714e-07,0,9.91588e-08,0.000849202,0.000849302,2225,0.000849009,packed
cloth-ball,tight,cell2dmin,79ee,ee,2775535,3.75449,5.71111,10.7753,17.7001,0,0,2764718,0,21.8396,10817,0,0,6.12708e-05,2.77829e-07,0,2.70467e-07,6.19088e-05,6.21793e-05,10817,6.1512e-05,packed
cloth-ball,tight,cell2dmin,79vf,vf,913895,3.08702,9.33876,3.36423,8.64899,0,0,911879,0,6.48133,2016,0,0,1.73053e-05,2.60552e-07,0,3.61992e-08,0.00072327,0.000723306,2016,0.000723243,packed
cloth-ball,tight,cell2dmin,80ee,ee,2836713,3.25527,5.9792,10.9697,20.6703,0,0,2825388,0,23.2772,11323,0,0,1.5655e-05,2.71939e-07,0,8.17965e-08,0.000236094,0.000236176,11325,0.000236034,packed
cloth-ball,tight,cell2dmin,81ee,ee,2830785,3.12123,5.88455,10.9747,17.5643,0,0,2819669,0,24.599,11116,0,0,2.46784e-05,2.67444e-07,0,1.27749e-07,5.24143e-05,5.25421e-05,11116,5.23329e-05,packed
cloth-ball,tight,cell2dmin,81vf,vf,927924,3.0372,10.2304,3.43815,8.0914,0,0,925837,0,5.91344,2087,0,0,9.65595e-06,2.4678e-07,0,5.37128e-08,7.3866e-05,7.39197e-05,2087,7.37906e-05,packed
cloth-ball,tight,cell2dmin,82ee,ee,2910424,3.27191,5.76164,11.3373,18.4506,0,0,2901522,0,21.5497,8902,0,0,1.80337e-05,2.80064e-07,0,2.73223e-07,9.33318e-05,9.36051e-05,8902,9.33409e-05,packed
cloth-ball,tight,cell2dmin,83ee,ee,2987261,3.11518,6.0847,11.5376,17.4141,0,0,2982068,0,18.5691,5193,0,0,2.66115e-05,3.3254e-07,0,8.67404e-08,0.000201487,0.000201574,5193,0.000201225,packed
cloth-ball,tight,cell2dmin,83vf,vf,969694,3.00744,10.6365,3.50253,7.92565,0,0,968780,0,5.56734,914,0,0,5.45018e-06,2.97485e-07,0,1.93641e-07,0.00239953,0.00239972,914,0.00239921,packed
cloth-ball,tight,cell2dmin,84ee,ee,3119377,3.29998,5.90794,12.0716,17.6219,0,0,3115429,0,17.6222,3948,0,0,2.56074e-05,3.89434e-07,0,8.49667e-08,0.000100128,0.000100213,3948,9.97782e-05,packed
cloth-ball,tight,cell2dmin,85ee,ee,3222564,3.21211,6.18902,12.4733,16.4529,0,0,3218179,0,18.2292,4385,0,0,1.31271e-05,3.94602e-07,0,4.3673e-08,2.90774e-05,2.91211e-05,4385,2.89679e-05,packed
cloth-ball,tight,cell2dmin,85vf,vf,1041160,3.23729,10.832,3.74534,6.96129,0,0,1040460,0,5.43231,700,0,0,5.81867e-06,3.85447e-07,0,1.64631e-07,0.00437785,0.00437801,700,0.0043776,packed
cloth-ball,tight,cell2dmin,86ee,ee,3347903,3.2636,5.92807,13.2186,15.7255,0,0,3339942,0,21.901,7961,0,0,2.71364e-05,2.75067e-07,0,6.70351e-08,3.14359e-05,3.1503e-05,7961,3.12328e-05,packed
cloth-ball,tight,cell2dmin,87ee,ee,3522105,3.31764,6.23472,14.1571,16.2066,0,0,3512042,0,23.9569,10063,0,0,3.83242e-05,2.55651e-07,0,2.59192e-07,7.0581e-05,7.08401e-05,10063,7.03335e-05,packed
cloth-ball,tight,cell2dmin,87vf,vf,1131097,3.10347,10.2813,4.17461,6.47196,0,0,1129323,0,6.64725,1774,0,0,3.50217e-05,2.35244e-07,0,7.33837e-08,0.000161959,0.000162032,1774,0.000161886,packed
cloth-ball,tight,cell2dmin,88ee,ee,3705732,3.24238,6.267,14.8363,15.8981,0,0,3692966,0,26.2546,12766,0,0,3.00133e-05,2.44129e-07,0,3.22266e-06,0.000187872,0.000191095,12766,0.000184059,packed
cloth-ball,tight,cell2dmin,89ee,ee,3916295,3.21105,6.44396,15.9187,19.5786,0,0,3897178,0,31.9407,19117,0,0,2.49381e-05,2.41704e-07,0,1.52134e-07,1.54714e-05,1.56235e-05,19117,1.52588e-05,packed
cloth-ball,tight,cell2dmin,89vf,vf,1249990,3.06251,10.5684,4.62295,7.51737,0,0,1246311,0,8.60726,3679,0,0,4.56075e-05,2.32215e-07,0,6.00367e-08,0.000960804,0.000960864,3679,0.000960708,packed
cloth-ball,tight,cell2dmin,90ee,ee,4210043,3.29339,6.20531,17.4761,24.3055,0,0,4180824,0,40.9055,29219,0,0,3.10472e-05,2.24196e-07,0,1.39679e-07,2.61509e-05,2.62906e-05,29219,2.57492e-05,packed
cloth-ball,tight,cell2dmin,91ee,ee,4569239,3.30129,6.80302,19.2816,36.8903,0,0,4513800,0,59.381,55439,0,0,2.88795e-05,1.92001e-07,0,1.68723e-07,7.63746e-06,7.80619e-06,55439,7.39098e-06,packed
cloth-ball,tight,cell2dmin,91vf,vf,1452086,3.28123,9.43415,5.45695,9.72262,0,0,1440808,0,16.277,11278,0,0,0.0001041,1.89363e-07,0,2.33175e-08,0.000131077,0.0001311,11278,0.000131011,packed
cloth-ball,tight,cell2dmin,92ee,ee,5197332,3.13323,8.30695,22.6123,59.4919,0,0,5102507,0,90.9104,94822,0,0,4.03822e-05,1.85304e-07,0,1.87078e-08,7.47336e-06,7.49207e-06,94825,7.45058e-06,packed
cloth-ball,tight,cell2dmin,22ee,ee,93162,0.980455,0.838122,0.531603,0.097981,0,0,93161,0,0.556754,1,0,0,1.53307e-07,1.53307e-07,0,1.53307e-07,0.930994,0.930994,1,0.930994,gather
cloth-ball,tight,cell2dmin,23ee,ee,75461,2.36189,1.40844,0.427701,0.090526,0,0,75460,0,0.45522,1,0,0,2.24712e-07,2.24712e-07,0,2.24712e-07,0.810556,0.810557,1,0.810556,gather
cloth-ball,tight,cell2dmin,25ee,ee,55367,2.39271,1.48377,0.353622,0.093918,0,0,55366,0,0.37807,1,0,0,2.2345e-07,2.2345e-07,0,2.2345e-07,0.124038,0.124038,1,0.124038,gather
cloth-ball,tight,cell2dmin,47ee,ee,142929,2.43699,1.87621,0.667439,0.122877,0,0,142928,0,0.692494,1,0,0,1.39292e-07,1.39292e-07,0,1.39292e-07,0.923549,0.923549,1,0.923549,gather
cloth-ball,tight,cell2dmin,55ee,ee,292910,2.45424,2.70934,1.33363,0.102974,0,0,292909,0,1.30361,1,0,0,1.67018e-07,1.67018e-07,0,1.67018e-07,0.85804,0.85804,1,0.85804,gather
cloth-ball,tight,cell2dmin,56ee,ee,402049,2.43424,3.43428,1.57397,0.088029,0,0,402048,0,1.76824,1,0,0,2.28421e-07,2.28421e-07,0,2.28421e-07,0.392759,0.392759,1,0.392759,gather
cloth-ball,tight,cell2dmin,57ee,ee,553184,2.40093,4.26686,2.11591,2.84191,0,0,553150,0,2.35306,34,0,0,1.51067e-06,3.81027e-07,0,3.09256e-07,0.189111,0.189112,34,0.189111,gather
cloth-ball,tight,cell2dmin,58ee,ee,677743,2.28964,4.12645,2.50275,17.0426,0,0,677562,0,3.62061,181,0,0,2.70035e-06,3.5091e-07,0,4.13601e-07,0.0177579,0.0177583,181,0.0177574,gather
cloth-ball,tight,cell2dmin,58vf,vf,217433,1.25482,5.69723,0.845034,3.16017,0,0,217399,0,1.13203,34,0,0,2.67217e-06,3.36691e-07,0,4.31269e-07,0.115568,0.115568,34,0.115568,gather
cloth-ball,tight,cell2dmin,59ee,ee,813886,2.37341,4.83322,3.02091,20.0857,0,0,813446,0,4.72634,440,0,0,3.56329e-06,3.14118e-07,0,1.60085e-07,0.00709702,0.00709718,440,0.00709677,gather
cloth-ball,tight,cell2dmin,60ee,ee,1077546,2.23348,5.48024,3.89836,23.8017,0,0,1076584,0,6.41004,962,0,0,5.81415e-06,3.16899e-07,0,2.36374e-07,0.00873831,0.00873855,962,0.00873804,gather
cloth-ball,tight,cell2dmin,60vf,vf,360239,2.14094,6.01165,1.34825,9.87417,0,0,360036,0,2.01864,203,0,0,2.39565e-06,2.88344e-07,0,3.29584e-08,0.061102,0.061102,203,0.0611019,gather
cloth-ball,tight,cell2dmin,61ee,ee,1426132,2.11204,5.56241,5.06118,31.6374,0,0,1422837,0,11.5465,3295,0,0,9.49728e-06,2.6967e-07,0,3.93495e-07,0.0011377,0.00113809,3295,0.00113726,gather
cloth-ball,tight,cell2dmin,62ee,ee,2016457,1.84379,6.44812,7.01879,41.8222,0,0,2010540,0,18.7071,5917,0,0,1.87306e-05,3.18036e-07,0,2.76593e-08,0.000557276,0.000557304,5917,0.000557184,gather
cloth-ball,tight,cell2dmin,62vf,vf,711484,2.13252,5.59323,2.47312,14.2701,0,0,710312,0,4.90643,1172,0,0,8.92782e-06,2.67785e-07,0,1.08951e-07,0.00128874,0.00128885,1172,0.00128865,gather
cloth-ball,tight,cell2dmin,63ee,ee,2949103,1.90856,7.23824,9.8591,34.9394,0,0,2941276,0,23.3533,7827,0,0,1.07755e-05,3.30351e-07,0,2.36165e-07,0.000240694,0.00024093,7827,0.000240445,gather
cloth-ball,tight,cell2dmin,64ee,ee,3804130,1.97979,7.75695,12.5227,27.7802,0,0,3793044,0,30.1655,11086,0,0,3.13486e-05,3.16858e-07,0,2.97841e-07,2.14535e-05,2.17513e-05,11086,2.12193e-05,gather
cloth-ball,tight,cell2dmin,64vf,vf,1414679,1.72904,5.93367,4.44075,14.0482,0,0,1412471,0,8.43085,2208,0,0,1.05311e-05,2.86975e-07,0,3.13327e-07,0.00110717,0.00110748,2208,0.0011065,gather
cloth-ball,tight,cell2dmin,65ee,ee,4239673,1.6454,5.92461,14.0907,29.053,0,0,4223323,0,38.7068,16350,0,0,1.82526e-05,2.99943e-07,0,1.57719e-07,0.000112809,0.000112967,16350,0.000112534,gather
cloth-ball,tight,cell2dmin,66ee,ee,4852404,1.54137,7.17885,16.2638,47.8181,0,0,4833074,0,44.8223,19329,0,0,1.36364e-05,2.96184e-07,0,9.39315e-08,0.000158927,0.000159021,19330,0.000158787,gather
cloth-ball,tight,cell2dmin,66vf,vf,1802633,1.48873,8.54992,5.51355,18.5479,0,0,1798776,0,13.338,3857,0,0,7.44397e-06,2.6443e-07,0,2.27428e-08,0.000152532,0.000152554,3857,0.000152349,gather
cloth-ball,tight,cell2dmin,67ee,ee,5689944,1.52754,8.59193,19.0264,44.6643,0,0,5667846,0,50.4937,22097,0,0,0.000192801,2.87697e-07,0,2.02133e-06,2.21757e-05,2.4197e-05,22098,1.83582e-05,gather
cloth-ball,tight,cell2dmin,67vf,vf,2126413,1.44233,9.98575,6.51346,13.6425,0,0,2122157,0,14.0767,4256,0,0,1.62156e-05,2.53776e-07,0,1.30644e-07,8.03232e-05,8.04539e-05,4256,8.02279e-05,gather
cloth-ball,tight,cell2dmin,68vf,vf,2431467,1.50444,11.4809,7.33395,17.0133,0,0,2427602,0,14.154,3865,0,0,2.05652e-05,2.78275e-07,0,4.165e-08,0.000100931,0.000100973,3865,0.000100851,gather
cloth-ball,tight,cell2dmin,69ee,ee,6751331,1.45366,10.3862,22.511,49.3067,1,0,6729561,0,53.1632,21769,0,0,2.038e-05,3.06672e-07,0,9.1318e-08,4.1606e-05,4.16973e-05,21770,4.13656e-05,gather
cloth-ball,tight,cell2dmin,69vf,vf,2526777,2.43738,13.5046,7.81119,16.799,0,0,2522725,0,18.5436,4051,0,0,8.56904e-06,2.67986e-07,0,1.38329e-07,0.000197017,0.000197155,4052,0.000196934,gather
cloth-ball,tight,cell2dmin,70vf,vf,2494148,2.48054,13.9684,7.71362,12.9484,0,0,2490582,0,14.3596,3565,0,0,1.34795e-05,2.67299e-07,0,5.12355e-08,0.000116914,0.000116965,3566,0.000116825,gather
cloth-ball,tight,cell2dmin,71ee,ee,6122649,2.40032,13.0214,20.9001,38.9037,0,0,6101323,0,59.553,21323,0,0,3.29026e-05,2.88942e-07,0,8.7878e-08,3.52421e-05,3.53299e-05,21326,3.49283e-05,gather
cloth-ball,tight,cell2dmin,71vf,vf,2247521,2.20234,13.7279,7.11652,14.2947,0,0,2243466,0,13.3481,4054,0,0,1.88597e-05,2.54846e-07,0,5.96129e-08,1.25805e-05,1.26401e-05,4055,1.2517e-05,gather
cloth-ball,tight,cell2dmin,72vf,vf,1929809,2.05214,14.4227,6.21228,16.3577,0,0,1925720,0,13.488,4089,0,0,7.11089e-06,2.53146e-07,0,3.01428e-08,4.60236e-05,4.60538e-05,4089,4.60148e-05,gather
cloth-ball,tight,cell2dmin,73ee,ee,4482728,2.09575,12.4385,15.9134,28.1195,0,0,4463939,0,39.5933,18789,0,0,3.01405e-05,2.8631e-07,0,9.72362e-08,0.000115061,0.000115158,18789,0.000114799,gather
cloth-ball,tight,cell2dmin,73vf,vf,1569765,2.03655,14.8417,5.23842,11.6791,0,0,1566112,0,11.8171,3653,0,0,7.68216e-06,2.5635e-07,0,3.17018e-07,2.41152e-05,2.44322e-05,3653,2.38419e-05,gather
cloth-ball,tight,cell2dmin,74vf,vf,1316922,2.11908,15.029,4.53751,12.0763,0,0,1313249,0,9.80614,3673,0,0,5.0527e-06,2.39293e-07,0,1.72014e-08,0.00122315,0.00122316,3673,0.00122309,gather
cloth-ball,tight,cell2dmin,75ee,ee,3397981,2.22548,12.0788,12.5492,22.5302,0,0,3385426,0,25.5035,12555,0,0,3.72029e-05,2.91697e-07,0,1.53245e-07,0.000411251,0.000411404,12555,0.000411034,gather
cloth-ball,tight,cell2dmin,75vf,vf,1144734,2.15646,15.378,4.06853,12.7873,0,0,1142424,0,9.23425,2310,0,0,3.31131e-05,2.70562e-07,0,2.23871e-07,0.00019664,0.000196864,2310,0.000196457,gather
cloth-ball,tight,cell2dmin,76vf,vf,1021601,2.1785,16.1457,3.67658,7.81765,0,0,1020262,0,5.81476,1339,0,0,1.7323e-05,3.24309e-07,0,3.51441e-07,0.00214939,0.00214974,1339,0.00214911,gather
cloth-ball,tight,cell2dmin,77ee,ee,2915628,2.17124,11.6026,11.0274,17.7064,0,0,2905869,0,21.4597,9759,0,0,0.000168394,3.29666e-07,0,5.93345e-08,2.17793e-05,2.18386e-05,9759,2.16961e-05,gather
cloth-ball,tight,cell2dmin,77vf,vf,963888,2.22612,16.3892,3.56707,8.46055,0,0,962143,0,6.35346,1745,0,0,5.96067e-06,2.97311e-07,0,3.34414e-07,0.0017591,0.00175943,1745,0.0017581,gather
cloth-ball,tight,cell2dmin,78vf,vf,947065,2.53446,16.8197,3.51162,7.66562,0,0,944840,0,11.52,2225,0,0,8.30693e-06,2.58714e-07,0,9.91588e-08,0.000849202,0.000849302,2225,0.000849009,gather
cloth-ball,tight,cell2dmin,79ee,ee,2775535,2.39021,11.6805,10.536,17.7339,0,0,2764718,0,21.5285,10817,0,0,6.12708e-05,2.77829e-07,0,2.70467e-07,6.19088e-05,6.21793e-05,10817,6.1512e-05,gather
cloth-ball,tight,cell2dmin,79vf,vf,913895,2.21818,17.3602,3.41901,8.59069,0,0,911879,0,6.4063,2016,0,0,1.73053e-05,2.60552e-07,0,3.61992e-08,0.00072327,0.000723306,2016,0.000723243,gather
cloth-ball,tight,cell2dmin,80ee,ee,2836713,2.28935,11.5031,10.8093,20.5086,0,0,2825388,0,22.8983,11323,0,0,1.5655e-05,2.71939e-07,0,8.17965e-08,0.000236094,0.000236176,11325,0.000236034,gather
cloth-ball,tight,cell2dmin,81ee,ee,2830785,2.38122,11.4082,10.7935,17.5378,0,0,2819669,0,24.2076,11116,0,0,2.46784e-05,2.67444e-07,0,1.27777e-07,5.24143e-05,5.25421e-05,11116,5.23329e-05,gather
cloth-ball,tight,cell2dmin,81vf,vf,927924,2.17428,18.1053,3.5049,8.21943,0,0,925837,0,5.94128,2087,0,0,9.65595e-06,2.4678e-07,0,5.37128e-08,7.3866e-05,7.39197e-05,2087,7.37906e-05,gather
cloth-ball,tight,cell2dmin,82ee,ee,2910424,2.30663,11.2206,11.0866,18.5571,0,0,2901522,0,21.1722,8902,0,0,1.80337e-05,2.80064e-07,0,2.73223e-07,9.33318e-05,9.36051e-05,8902,9.33409e-05,gather
cloth-ball,tight,cell2dmin,83ee,ee,2987261,2.16964,11.5723,11.3155,17.4572,0,0,2982068,0,18.3536,5193,0,0,2.66115e-05,3.3254e-07,0,8.67404e-08,0.000201487,0.000201574,5193,0.000201225,gather
cloth-ball,tight,cell2dmin,83vf,vf,969694,2.15069,19.4526,3.63155,7.9932,0,0,968780,0,5.55038,914,0,0,5.45018e-06,2.97485e-07,0,1.93641e-07,0.00239953,0.00239972,914,0.00239921,gather
cloth-ball,tight,cell2dmin,84ee,ee,3119377,2.29802,11.5747,11.7745,17.5524,0,0,3115429,0,17.2576,3948,0,0,2.56074e-05,3.89434e-07,0,8.49667e-08,0.000100128,0.000100213,3948,9.97782e-05,gather
cloth-ball,tight,cell2dmin,85ee,ee,3222564,2.18417,11.8157,12.1737,16.3753,0,0,3218179,0,17.9795,4385,0,0,1.31271e-05,3.94602e-07,0,4.3673e-08,2.90774e-05,2.91211e-05,4385,2.89679e-05,gather
cloth-ball,tight,cell2dmin,85vf,vf,1041160,2.53955,19.1008,3.87561,6.95617,0,0,1040460,0,5.26639,700,0,0,5.81867e-06,3.85447e-07,0,1.64631e-07,0.00437785,0.00437801,700,0.0043776,gather
cloth-ball,tight,cell2dmin,86ee,ee,3347903,2.29312,11.2261,12.9103,15.6554,0,0,3339942,0,21.8893,7961,0,0,2.71364e-05,2.75067e-07,0,6.70351e-08,3.14359e-05,3.1503e-05,7961,3.12328e-05,gather
cloth-ball,tight,cell2dmin,87ee,ee,3522105,2.28122,11.8463,13.8311,16.2146,0,0,3512042,0,23.6338,10063,0,0,3.83242e-05,2.55651e-07,0,2.59192e-07,7.0581e-05,7.08401e-05,10063,7.03335e-05,gather
cloth-ball,tight,cell2dmin,87vf,vf,1131097,2.30599,18.3972,4.30392,6.47685,0,0,1129323,0,6.57698,1774,0,0,3.50217e-05,2.35244e-07,0,7.33837e-08,0.000161959,0.000162032,1774,0.000161886,gather
cloth-ball,tight,cell2dmin,88ee,ee,3705732,2.404,11.8838,14.485,15.819,0,0,3692966,0,26.2543,12766,0,0,3.00133e-05,2.44129e-07,0,3.22313e-06,0.000187872,0.000191095,12766,0.000184059,gather
cloth-ball,tight,cell2dmin,89ee,ee,3916295,2.29255,12.1966,15.5034,19.4786,0,0,3897178,0,31.5155,19117,0,0,2.49381e-05,2.41704e-07,0,1.52133e-07,1.54714e-05,1.56235e-05,19117,1.52588e-05,gather
cloth-ball,tight,cell2dmin,89vf,vf,1249990,2.46541,17.8728,5.46571,7.5279,0,0,1246311,0,8.95253,3679,0,0,4.56075e-05,2.32215e-07,0,6.00367e-08,0.000960804,0.000960864,3679,0.000960708,gather
cloth-ball,tight,cell2dmin,90ee,ee,4210043,2.27712,12.17,17.1701,24.1669,0,0,4180824,0,40.3068,29219,0,0,3.10472e-05,2.24196e-07,0,1.39679e-07,2.61509e-05,2.62906e-05,29219,2.57492e-05,gather
cloth-ball,tight,cell2dmin,91ee,ee,4569239,2.32186,12.4335,18.9488,36.8188,0,0,4513800,0,58.4234,55439,0,0,2.88795e-05,1.92001e-07,0,1.68723e-07,7.63746e-06,7.80619e-06,55439,7.39098e-06,gather
cloth-ball,tight,cell2dmin,91vf,vf,1452086,2.18702,16.2239,5.5283,9.80819,0,0,1440808,0,16.2833,11278,0,0,0.0001041,1.89363e-07,0,2.2881e-08,0.000131077,0.0001311,11278,0.000131011,gather
cloth-ball,tight,cell2dmin,92ee,ee,5197332,1.92251,12.4021,22.1847,59.0707,0,0,5102507,0,89.3574,94822,0,0,4.03822e-05,1.85304e-07,0,1.81448e-08,7.47392e-06,7.49207e-06,94825,7.45058e-06,gather
cloth-ball,tight,cell2dmin,22ee,ee,93162,0.990182,0.850698,0.459028,0.110045,0,0,93161,0,0.540369,1,0,0,1.53307e-07,1.53307e-07,0,1.53307e-07,0.930994,0.930994,1,0.930994,gather
cloth-ball,tight,cell2dmin,23ee,ee,75461,5.20745,2.09691,0.480052,0.119229,0,0,75460,0,0.496595,1,0,0,2.24712e-07,2.24712e-07,0,2.24712e-07,0.810556,0.810557,1,0.810556,gather
cloth-ball,tight,cell2dmin,25ee,ee,55367,3.75942,1.8499,0.42834,0.115389,0,0,55366,0,0.39327,1,0,0,2.2345e-07,2.2345e-07,0,2.2345e-07,0.124038,0.124038,1,0.124038,gather
cloth-ball,tight,cell2dmin,47ee,ee,142929,3.98918,2.6456,0.740556,0.151292,0,0,142928,0,0.737261,1,0,0,1.39292e-07,1.39292e-07,0,1.39292e-07,0.923549,0.923549,1,0.923549,gather
cloth-ball,tight,cell2dmin,55ee,ee,292910,3.76672,4.7344,1.31312,0.122589,0,0,292909,0,1.43878,1,0,0,1.67018e-07,1.67018e-07,0,1.67018e-07,0.85804,0.85804,1,0.85804,gather
cloth-ball,tight,cell2dmin,56ee,ee,402049,3.49252,5.40357,1.63976,0.112349,0,0,402048,0,1.81672,1,0,0,2.28421e-07,2.28421e-07,0,2.28421e-07,0.392759,0.392759,1,0.392759,gather
cloth-ball,tight,cell2dmin,57ee,ee,553184,3.46119,6.73758,2.17332,2.90959,0,0,553150,0,2.49993,34,0,0,1.51067e-06,3.81027e-07,0,3.09256e-07,0.189111,0.189112,34,0.189111,gather
cloth-ball,tight,cell2dmin,58ee,ee,677743,3.39671,6.84801,2.65615,17.219,0,0,677562,0,3.75827,181,0,0,2.70035e-06,3.5091e-07,0,4.13601e-07,0.0177579,0.0177583,181,0.0177574,gather
cloth-ball,tight,cell2dmin,58vf,vf,217433,1.82827,5.75908,0.866442,3.23102,0,0,217399,0,2.34551,34,0,0,2.67217e-06,3.36691e-07,0,4.31269e-07,0.115568,0.115568,34,0.115568,gather
cloth-ball,tight,cell2dmin,59ee,ee,813886,3.72573,8.13438,3.11512,20.0652,0,0,813446,0,4.78324,440,0,0,3.56329e-06,3.14118e-07,0,1.60085e-07,0.00709702,0.00709718,440,0.00709677,gather
cloth-ball,tight,cell2dmin,60ee,ee,1077546,3.39812,8.80601,3.959,24.1194,0,0,1076584,0,6.64171,962,0,0,5.81415e-06,3.16899e-07,0,2.36374e-07,0.00873831,0.00873855,962,0.00873804,gather
cloth-ball,tight,cell2dmin,60vf,vf,360239,2.67337,6.09152,1.42396,9.93353,0,0,360036,0,2.12871,203,0,0,2.39565e-06,2.88344e-07,0,3.29584e-08,0.061102,0.061102,203,0.0611019,gather
cloth-ball,tight,cell2dmin,61ee,ee,1426132,3.17448,8.88773,5.12179,31.6957,0,0,1422837,0,11.7021,3295,0,0,9.49728e-06,2.6967e-07,0,3.92266e-07,0.0011377,0.00113809,3295,0.00113726,gather
cloth-ball,tight,cell2dmin,62ee,ee,2016457,2.50973,10.1633,7.05636,42.2186,0,0,2010540,0,18.9917,5917,0,0,1.87306e-05,3.18036e-07,0,2.76593e-08,0.000557276,0.000557304,5917,0.000557184,gather
cloth-ball,tight,cell2dmin,62vf,vf,711484,2.91154,5.71681,2.51693,14.2733,0,0,710312,0,5.03769,1172,0,0,8.92782e-06,2.67785e-07,0,1.08951e-07,0.00128874,0.00128885,1172,0.00128865,gather
cloth-ball,tight,cell2dmin,63ee,ee,2949103,2.61635,11.0706,10.0135,35.3096,0,0,2941276,0,23.8077,7827,0,0,1.07755e-05,3.30351e-07,0,2.36165e-07,0.000240694,0.00024093,7827,0.000240445,gather
cloth-ball,tight,cell2dmin,64ee,ee,3804130,2.87522,9.19298,12.6164,27.8436,0,0,3793044,0,30.7036,11086,0,0,3.13486e-05,3.16858e-07,0,2.97841e-07,2.14535e-05,2.17513e-05,11086,2.12193e-05,gather
cloth-ball,tight,cell2dmin,64vf,vf,1414679,2.0004,6.4454,4.53486,14.2103,0,0,1412471,0,9.08632,2208,0,0,1.05311e-05,2.86975e-07,0,3.13327e-07,0.00110717,0.00110748,2208,0.0011065,gather
cloth-ball,tight,cell2dmin,65ee,ee,4239673,2.01035,7.8956,14.1388,28.9235,0,0,4223323,0,39.1601,16350,0,0,1.82526e-05,2.99943e-07,0,1.57719e-07,0.000112809,0.000112967,16350,0.000112534,gather
cloth-ball,tight,cell2dmin,66ee,ee,4852404,1.95265,9.74038,16.3228,47.8998,0,0,4833074,0,45.1734,19329,0,0,1.36364e-05,2.96184e-07,0,9.39315e-08,0.000158927,0.000159021,19330,0.000158787,gather
cloth-ball,tight,cell2dmin,66vf,vf,1802633,1.93813,9.18814,5.69643,18.5194,0,0,1798776,0,13.7738,3857,0,0,7.44397e-06,2.6443e-07,0,2.27428e-08,0.000152532,0.000152554,3857,0.000152349,gather
cloth-ball,tight,cell2dmin,67ee,ee,5689944,2.44224,10.2162,19.1019,44.6111,0,0,5667846,0,51.1971,22097,0,0,0.000192801,2.87697e-07,0,2.02184e-06,2.21752e-05,2.4197e-05,22098,1.83582e-05,gather
cloth-ball,tight,cell2dmin,67vf,vf,2126413,1.8492,10.6367,6.59944,13.7337,0,0,2122157,0,14.9285,4256,0,0,1.62156e-05,2.53776e-07,0,1.30644e-07,8.03232e-05,8.04539e-05,4256,8.02279e-05,gather
cloth-ball,tight,cell2dmin,68vf,vf,2431467,1.90081,12.1478,7.47171,16.9844,0,0,2427602,0,14.7262,3865,0,0,2.05652e-05,2.78275e-07,0,4.165e-08,0.000100931,0.000100973,3865,0.000100851,gather
cloth-ball,tight,cell2dmin,69ee,ee,6751331,2.00984,12.3816,22.5421,49.4898,1,0,6729561,0,53.7356,21769,0,0,2.038e-05,3.06672e-07,0,9.1318e-08,4.1606e-05,4.16973e-05,21770,4.13656e-05,gather
cloth-ball,tight,cell2dmin,69vf,vf,2526777,2.45264,13.0981,7.75986,16.6879,0,0,2522725,0,18.6509,4051,0,0,8.56904e-06,2.67986e-07,0,1.38329e-07,0.000197017,0.000197155,4052,0.000196934,gather
cloth-ball,tight,cell2dmin,70vf,vf,2494148,2.14842,13.4007,7.70879,12.9458,0,0,2490582,0,13.6154,3565,0,0,1.34795e-05,2.67299e-07,0,5.12355e-08,0.000116914,0.000116965,3566,0.000116825,gather
cloth-ball,tight,cell2dmin,71ee,ee,6122649,2.29604,13.5529,20.8685,38.7463,0,0,6101323,0,59.1711,21323,0,0,3.29026e-05,2.88942e-07,0,8.7878e-08,3.52421e-05,3.53299e-05,21326,3.49283e-05,gather
cloth-ball,tight,cell2dmin,71vf,vf,2247521,2.4193,13.8929,7.09713,14.322,0,0,2243466,0,13.5018,4054,0,0,1.88597e-05,2.54846e-07,0,5.96129e-08,1.25805e-05,1.26401e-05,4055,1.2517e-05,gather
cloth-ball,tight,cell2dmin,72vf,vf,1929809,2.14321,14.5499,6.19053,16.2744,0,0,1925720,0,13.4876,4089,0,0,7.11089e-06,2.53146e-07,0,3.01428e-08,4.60236e-05,4.60538e-05,4089,4.60148e-05,gather
cloth-ball,tight,cell2dmin,73ee,ee,4482728,2.29799,12.6811,15.8454,28.0252,0,0,4463939,0,40.0449,18789,0,0,3.01405e-05,2.8631e-07,0,9.62407e-08,0.000115061,0.000115158,18789,0.000114799,gather
cloth-ball,tight,cell2dmin,73vf,vf,1569765,2.14823,15.2028,5.23292,11.7232,0,0,1566112,0,11.9999,3653,0,0,7.68216e-06,2.5635e-07,0,3.17018e-07,2.41152e-05,2.44322e-05,3653,2.38419e-05,gather
cloth-ball,tight,cell2dmin,74vf,vf,1316922,2.39693,15.4363,4.54564,11.8991,0,0,1313249,0,9.864,3673,0,0,5.0527e-06,2.39293e-07,0,1.72014e-08,0.00122315,0.00122316,3673,0.00122309,gather
cloth-ball,tight,cell2dmin,75ee,ee,3397981,2.33856,12.535,12.4948,22.5241,0,0,3385426,0,25.6437,12555,0,0,3.72029e-05,2.91697e-07,0,1.53245e-07,0.000411251,0.000411404,12555,0.000411034,gather
cloth-ball,tight,cell2dmin,75vf,vf,1144734,2.15918,15.5087,4.03609,12.7308,0,0,1142424,0,9.35348,2310,0,0,3.31131e-05,2.70562e-07,0,2.2464e-07,0.00019664,0.000196864,2310,0.000196457,gather
cloth-ball,tight,cell2dmin,76vf,vf,1021601,2.34167,16.079,3.68074,7.74104,0,0,1020262,0,5.81495,1339,0,0,1.7323e-05,3.24309e-07,0,3.51441e-07,0.00214939,0.00214974,1339,0.00214911,gather
cloth-ball,tight,cell2dmin,77ee,ee,2915628,2.29447,11.6088,10.9468,17.7654,0,0,2905869,0,21.7792,9759,0,0,0.000168394,3.29666e-07,0,5.93345e-08,2.17793e-05,2.18386e-05,9759,2.16961e-05,gather
cloth-ball,tight,cell2dmin,77vf,vf,963888,2.31325,16.8154,3.55181,8.4274,0,0,962143,0,6.41705,1745,0,0,5.96067e-06,2.97311e-07,0,3.34414e-07,0.0017591,0.00175943,1745,0.0017581,gather
cloth-ball,tight,cell2dmin,78vf,vf,947065,2.23393,17.1464,3.52042,7.6094,0,0,944840,0,11.4417,2225,0,0,8.30693e-06,2.58714e-07,0,9.91588e-08,0.000849202,0.000849302,2225,0.000849009,gather
cloth-ball,tight,cell2dmin,79ee,ee,2775535,2.30848,11.6883,10.5259,17.7269,0,0,2764718,0,21.7072,10817,0,0,6.12708e-05,2.77829e-07,0,2.70467e-07,6.19088e-05,6.21793e-05,10817,6.1512e-05,gather
cloth-ball,tight,cell2dmin,79vf,vf,913895,2.30308,17.679,3.40689,8.6128,0,0,911879,0,6.48511,2016,0,0,1.73053e-05,2.60552e-07,0,3.61992e-08,0.00072327,0.000723306,2016,0.000723243,gather
cloth-ball,tight,cell2dmin,80ee,ee,2836713,2.37258,11.6227,10.7633,20.5904,0,0,2825388,0,23.0224,11323,0,0,1.5655e-05,2.71939e-07,0,8.17965e-08,0.000236094,0.000236176,11325,0.000236034,gather
cloth-ball,tight,cell2dmin,81ee,ee,2830785,2.31044,11.7932,10.7424,17.6296,0,0,2819669,0,24.3107,11116,0,0,2.46784e-05,2.67444e-07,0,1.27749e-07,5.24143e-05,5.25421e-05,11116,5.23329e-05,gather
cloth-ball,tight,cell2dmin,81vf,vf,927924,2.2913,18.3246,3.54762,8.0812,0,0,925837,0,6.02346,2087,0,0,9.65595e-06,2.4678e-07,0,5.37128e-08,7.3866e-05,7.39197e-05,2087,7.37906e-05,gather
cloth-ball,tight,cell2dmin,82ee,ee,2910424,2.34531,11.6833,11.0563,18.3939,0,0,2901522,0,21.3441,8902,0,0,1.80337e-05,2.80064e-07,0,2.73223e-07,9.33318e-05,9.36051e-05,8902,9.33409e-05,gather
cloth-ball,tight,cell2dmin,83ee,ee,2987261,2.21879,11.7878,11.3184,17.3759,0,0,2982068,0,18.3985,5193,0,0,2.66115e-05,3.3254e-07,0,8.67404e-08,0.000201487,0.000201574,5193,0.000201225,gather
cloth-ball,tight,cell2dmin,83vf,vf,969694,2.38717,19.6582,3.64419,7.93627,0,0,968780,0,5.64923,914,0,0,5.45018e-06,2.97485e-07,0,1.90712e-07,0.00239953,0.00239972,914,0.00239921,gather
cloth-ball,tight,cell2dmin,84ee,ee,3119377,2.25178,11.6783,11.874,17.6043,0,0,3115429,0,17.4975,3948,0,0,2.56074e-05,3.89434e-07,0,8.49667e-08,0.000100128,0.000100213,3948,9.97782e-05,gather
cloth-ball,tight,cell2dmin,85ee,ee,3222564,2.30109,12.0747,12.2025,16.3335,0,0,3218179,0,18.1257,4385,0,0,1.31271e-05,3.94602e-07,0,3.25385e-08,2.90885e-05,2.91211e-05,4385,2.89679e-05,gather
cloth-ball,tight,cell2dmin,85vf,vf,1041160,2.45376,19.1582,3.84527,6.98071,0,0,1040460,0,5.36501,700,0,0,5.81867e-06,3.85447e-07,0,1.64631e-07,0.00437785,0.00437801,700,0.0043776,gather
cloth-ball,tight,cell2dmin,86ee,ee,3347903,2.38141,11.6675,12.9149,15.6271,0,0,3339942,0,22.1735,7961,0,0,2.71364e-05,2.75067e-07,0,6.75919e-08,3.14354e-05,3.1503e-05,7961,3.12328e-05,gather
cloth-ball,tight,cell2dmin,87ee,ee,3522105,2.31258,12.3797,13.7113,16.1473,0,0,3512042,0,23.6601,10063,0,0,3.83242e-05,2.55651e-07,0,2.59192e-07,7.0581e-05,7.08401e-05,10063,7.03335e-05,gather
cloth-ball,tight,cell2dmin,87vf,vf,1131097,2.34343,18.6192,4.30929,6.52767,0,0,1129323,0,6.77794,1774,0,0,3.50217e-05,2.35244e-07,0,7.33837e-08,0.000161959,0.000162032,1774,0.000161886,gather
cloth-ball,tight,cell2dmin,88ee,ee,3705732,2.25377,12.3632,14.4968,15.7869,0,0,3692966,0,26.4656,12766,0,0,3.00133e-05,2.44129e-07,0,3.22313e-06,0.000187872,0.000191095,12766,0.000184059,gather
cloth-ball,tight,cell2dmin,89ee,ee,3916295,2.38387,12.3884,15.515,19.5388,0,0,3897178,0,31.5704,19117,0,0,2.49381e-05,2.41704e-07,0,1.52134e-07,1.54714e-05,1.56235e-05,19117,1.52588e-05,gather
cloth-ball,tight,cell2dmin,89vf,vf,1249990,2.25252,18.1987,5.37003,7.45971,0,0,1246311,0,9.16418,3679,0,0,4.56075e-05,2.32215e-07,0,6.00367e-08,0.000960804,0.000960864,3679,0.000960708,gather
cloth-ball,tight,cell2dmin,90ee,ee,4210043,2.29108,12.5659,17.0266,24.184,0,0,4180824,0,40.4881,29219,0,0,3.10472e-05,2.24196e-07,0,1.39552e-07,2.6151e-05,2.62906e-05,29219,2.57492e-05,gather
cloth-ball,tight,cell2dmin,91ee,ee,4569239,2.52889,12.9254,18.8502,36.9378,0,0,4513800,0,59.0805,55439,0,0,2.88795e-05,1.92001e-07,0,1.68723e-07,7.63746e-06,7.80619e-06,55439,7.39098e-06,gather
cloth-ball,tight,cell2dmin,91vf,vf,1452086,2.61945,16.7692,5.50046,9.75264,0,0,1440808,0,16.6875,11278,0,0,0.0001041,1.89363e-07,0,2.33175e-08,0.000131077,0.0001311,11278,0.000131011,gather
cloth-ball,tight,cell2dmin,92ee,ee,5197332,2.39984,12.9802,22.4082,59.1517,0,0,5102507,0,89.4676,94822,0,0,4.03822e-05,1.85304e-07,0,1.83548e-08,7.47371e-06,7.49207e-06,94825,7.45058e-06,gather
cloth-ball,tight,cell2dmin,22ee,ee,93162,0.97799,0.940167,0.471412,0.080766,0,0,93161,0,0.537362,1,0,0,1.53307e-07,1.53307e-07,0,1.53307e-07,0.930994,0.930994,1,0.930994,gather
cloth-ball,tight,cell2dmin,23ee,ee,75461,1.67512,0.899048,0.417813,0.071934,0,0,75460,0,0.44258,1,0,0,2.24712e-07,2.24712e-07,0,2.24712e-07,0.810556,0.810557,1,0.810556,gather
cloth-ball,tight,cell2dmin,25ee,ee,55367,3.27438,0.879209,0.309656,0.104573,0,0,55366,0,0.330295,1,0,0,2.2345e-07,2.2345e-07,0,2.2345e-07,0.124038,0.124038,1,0.124038,gather
cloth-ball,tight,cell2dmin,47ee,ee,142929,2.49267,1.39292,0.667822,0.123741,0,0,142928,0,0.710029,1,0,0,1.39292e-07,1.39292e-07,0,1.39292e-07,0.923549,0.923549,1,0.923549,gather
cloth-ball,tight,cell2dmin,55ee,ee,292910,2.37658,2.79465,1.2127,0.08611,0,0,292909,0,1.29024,1,0,0,1.67018e-07,1.67018e-07,0,1.67018e-07,0.85804,0.85804,1,0.85804,gather
cloth-ball,tight,cell2dmin,56ee,ee,402049,3.60407,2.98034,1.55884,0.085949,0,0,402048,0,1.74911,1,0,0,2.28421e-07,2.28421e-07,0,2.28421e-07,0.392759,0.392759,1,0.392759,gather
cloth-ball,tight,cell2dmin,57ee,ee,553184,2.26692,3.69306,2.1745,2.75919,0,0,553150,0,2.29136,34,0,0,1.51067e-06,3.81027e-07,0,3.09256e-07,0.189111,0.189112,34,0.189111,gather
cloth-ball,tight,cell2dmin,58ee,ee,677743,2.35274,3.78579,2.58358,17.1563,0,0,677562,0,3.61187,181,0,0,2.70035e-06,3.5091e-07,0,4.13601e-07,0.0177579,0.0177583,181,0.0177574,gather
cloth-ball,tight,cell2dmin,58vf,vf,217433,1.22115,5.76455,0.84849,3.18875,0,0,217399,0,1.13645,34,0,0,2.67217e-06,3.36691e-07,0,4.31269e-07,0.115568,0.115568,34,0.115568,gather
cloth-ball,tight,cell2dmin,59ee,ee,813886,2.40592,4.50961,2.99352,20.0514,0,0,813446,0,4.71264,440,0,0,3.56329e-06,3.14118e-07,0,1.60085e-07,0.00709702,0.00709718,440,0.00709677,gather
cloth-ball,tight,cell2dmin,60ee,ee,1077546,2.4409,5.20399,3.87568,23.9712,0,0,1076584,0,6.38082,962,0,0,5.81415e-06,3.16899e-07,0,2.36374e-07,0.00873831,0.00873855,962,0.00873804,gather
cloth-ball,tight,cell2dmin,60vf,vf,360239,1.96315,6.07066,1.35433,9.88339,0,0,360036,0,2.07451,203,0,0,2.39565e-06,2.88344e-07,0,3.29584e-08,0.061102,0.061102,203,0.0611019,gather
cloth-ball,tight,cell2dmin,61ee,ee,1426132,2.21306,5.36079,5.06697,31.6704,0,0,1422837,0,11.5006,3295,0,0,9.49728e-06,2.6967e-07,0,3.93495e-07,0.0011377,0.00113809,3295,0.00113726,gather
cloth-ball,tight,cell2dmin,62ee,ee,2016457,1.90129,6.05571,6.98587,41.9747,0,0,2010540,0,18.7103,5917,0,0,1.87306e-05,3.18036e-07,0,2.76593e-08,0.000557276,0.000557304,5917,0.000557184,gather
cloth-ball,tight,cell2dmin,62vf,vf,711484,2.32708,5.69419,2.51805,14.2372,0,0,710312,0,4.88966,1172,0,0,8.92782e-06,2.67785e-07,0,1.08951e-07,0.00128874,0.00128885,1172,0.00128865,gather
cloth-ball,tight,cell2dmin,63ee,ee,2949103,2.0564,6.88907,9.84253,34.9922,0,0,2941276,0,23.2382,7827,0,0,1.07755e-05,3.30351e-07,0,2.36165e-07,0.000240694,0.00024093,7827,0.000240445,gather
cloth-ball,tight,cell2dmin,64ee,ee,3804130,1.99784,7.3895,12.5747,27.7977,0,0,3793044,0,30.1434,11086,0,0,3.13486e-05,3.16858e-07,0,2.97841e-07,2.14535e-05,2.17513e-05,11086,2.12193e-05,gather
cloth-ball,tight,cell2dmin,64vf,vf,1414679,1.59817,6.15517,4.41601,14.1302,0,0,1412471,0,8.38916,2208,0,0,1.05311e-05,2.86975e-07,0,3.13327e-07,0.00110717,0.00110748,2208,0.0011065,gather
cloth-ball,tight,cell2dmin,65ee,ee,4239673,1.62127,5.85604,14.1249,28.8803,0,0,4223323,0,38.6482,16350,0,0,1.82526e-05,2.99943e-07,0,1.57641e-07,0.000112809,0.000112967,16350,0.000112534,gather
cloth-ball,tight,cell2dmin,66ee,ee,4852404,1.5165,7.11239,16.215,47.7813,0,0,4833074,0,44.857,19329,0,0,1.36364e-05,2.96184e-07,0,9.39315e-08,0.000158927,0.000159021,19330,0.000158787,gather
cloth-ball,tight,cell2dmin,66vf,vf,1802633,1.68719,8.53434,5.51957,18.482,0,0,1798776,0,13.38,3857,0,0,7.44397e-06,2.6443e-07,0,2.27428e-08,0.000152532,0.000152554,3857,0.000152349,gather
cloth-ball,tight,cell2dmin,67ee,ee,5689944,1.42492,8.53421,18.9987,44.673,0,0,5667846,0,50.3565,22097,0,0,0.000192801,2.87697e-07,0,2.02184e-06,2.21752e-05,2.4197e-05,22098,1.83582e-05,gather
cloth-ball,tight,cell2dmin,67vf,vf,2126413,1.47881,9.90653,6.47081,13.7295,0,0,2122157,0,14.0634,4256,0,0,1.62156e-05,2.53776e-07,0,1.30644e-07,8.03232e-05,8.04539e-05,4256,8.02279e-05,gather
cloth-ball,tight,cell2dmin,68vf,vf,2431467,1.43513,11.4536,7.31616,17.119,0,0,2427602,0,14.1708,3865,0,0,2.05652e-05,2.78275e-07,0,4.165e-08,0.000100931,0.000100973,3865,0.000100851,gather
cloth-ball,tight,cell2dmin,69ee,ee,6751331,1.4758,10.4144,22.4627,50.1324,1,0,6729561,0,53.0882,21769,0,0,2.038e-05,3.06672e-07,0,9.1318e-08,4.1606e-05,4.16973e-05,21770,4.13656e-05,gather
cloth-ball,tight,cell2dmin,69vf,vf,2526777,2.06823,12.5474,7.81947,16.7301,0,0,2522725,0,18.2685,4051,0,0,8.56904e-06,2.67986e-07,0,1.38329e-07,0.000197017,0.000197155,4052,0.000196934,gather
cloth-ball,tight,cell2dmin,70vf,vf,2494148,2.04609,13.2392,7.70946,12.8864,0,0,2490582,0,13.4448,3565,0,0,1.34795e-05,2.67299e-07,0,5.12355e-08,0.000116914,0.000116965,3566,0.000116825,gather
cloth-ball,tight,cell2dmin,71ee,ee,6122649,2.05345,12.9715,20.8725,38.3671,0,0,6101323,0,59.2602,21323,0,0,3.29026e-05,2.88942e-07,0,8.79551e-08,3.5242e-05,3.53299e-05,21326,3.49283e-05,gather
cloth-ball,tight,cell2dmin,71vf,vf,2247521,2.32612,13.2434,7.10189,14.325,0,0,2243466,0,13.4382,4054,0,0,1.88597e-05,2.54846e-07,0,5.96129e-08,1.25805e-05,1.26401e-05,4055,1.2517e-05,gather
cloth-ball,tight,cell2dmin,72vf,vf,1929809,2.1258,13.8885,6.21168,16.411,0,0,1925720,0,13.3594,4089,0,0,7.11089e-06,2.53146e-07,0,3.01428e-08,4.60236e-05,4.60538e-05,4089,4.60148e-05,gather
cloth-ball,tight,cell2dmin,73ee,ee,4482728,2.17044,12.0197,15.9352,28.0061,0,0,4463939,0,40.0976,18789,0,0,3.01405e-05,2.8631e-07,0,9.62407e-08,0.000115061,0.000115158,18789,0.000114799,gather
cloth-ball,tight,cell2dmin,73vf,vf,1569765,2.03601,14.2853,5.25055,11.6975,0,0,1566112,0,11.9365,3653,0,0,7.68216e-06,2.5635e-07,0,3.17018e-07,2.41152e-05,2.44322e-05,3653,2.38419e-05,gather
cloth-ball,tight,cell2dmin,74vf,vf,1316922,2.04145,14.7744,4.53355,11.9679,0,0,1313249,0,9.79549,3673,0,0,5.0527e-06,2.39293e-07,0,1.72014e-08,0.00122315,0.00122316,3673,0.00122309,gather
cloth-ball,tight,cell2dmin,75ee,ee,3397981,2.0386,12.0217,12.524,22.5328,0,0,3385426,0,25.3966,12555,0,0,3.72029e-05,2.91697e-07,0,1.52626e-07,0.000411251,0.000411404,12555,0.000411034,gather
cloth-ball,tight,cell2dmin,75vf,vf,1144734,2.03243,15.0738,4.04882,12.7607,0,0,1142424,0,9.13941,2310,0,0,3.31131e-05,2.70562e-07,0,2.23871e-07,0.00019664,0.000196864,2310,0.000196457,gather
cloth-ball,tight,cell2dmin,76vf,vf,1021601,2.05028,15.8017,3.65088,7.75756,0,0,1020262,0,5.7275,1339,0,0,1.7323e-05,3.24309e-07,0,3.51441e-07,0.00214939,0.00214974,1339,0.00214911,gather
cloth-ball,tight,cell2dmin,77ee,ee,2915628,2.05076,11.5359,10.9711,17.7405,0,0,2905869,0,21.4468,9759,0,0,0.000168394,3.29666e-07,0,5.93345e-08,2.17793e-05,2.18386e-05,9759,2.16961e-05,gather
cloth-ball,tight,cell2dmin,77vf,vf,963888,2.13646,16.053,3.50842,8.41124,0,0,962143,0,6.31456,1745,0,0,5.96067e-06,2.97311e-07,0,3.34414e-07,0.0017591,0.00175943,1745,0.0017581,gather
cloth-ball,tight,cell2dmin,78vf,vf,947065,2.07707,16.4598,3.4794,7.61833,0,0,944840,0,11.4891,2225,0,0,8.30693e-06,2.58714e-07,0,9.91588e-08,0.000849202,0.000849302,2225,0.000849009,gather
cloth-ball,tight,cell2dmin,79ee,ee,2775535,2.14318,11.6413,10.5665,17.7544,0,0,2764718,0,21.4719,10817,0,0,6.12708e-05,2.77829e-07,0,2.73849e-07,6.19054e-05,6.21793e-05,10817,6.1512e-05,gather
cloth-ball,tight,cell2dmin,79vf,vf,913895,2.19303,17.051,3.36193,8.5761,0,0,911879,0,6.35734,2016,0,0,1.73053e-05,2.60552e-07,0,3.61992e-08,0.00072327,0.000723306,2016,0.000723243,gather
cloth-ball,tight,cell2dmin,80ee,ee,2836713,2.15729,11.3027,10.7617,20.5497,0,0,2825388,0,22.8585,11323,0,0,1.5655e-05,2.71939e-07,0,8.17965e-08,0.000236094,0.000236176,11325,0.000236034,gather
cloth-ball,tight,cell2dmin,81ee,ee,2830785,2.06619,11.596,10.7928,17.5893,0,0,2819669,0,24.2544,11116,0,0,2.46784e-05,2.67444e-07,0,1.27749e-07,5.24143e-05,5.25421e-05,11116,5.23329e-05,gather
cloth-ball,tight,cell2dmin,81vf,vf,927924,2.09559,17.7226,3.49396,8.16036,0,0,925837,0,5.92244,2087,0,0,9.65595e-06,2.4678e-07,0,5.37128e-08,7.3866e-05,7.39197e-05,2087,7.37906e-05,gather
cloth-ball,tight,cell2dmin,82ee,ee,2910424,2.16954,11.394,11.1043,18.4332,0,0,2901522,0,21.2969,8902,0,0,1.80337e-05,2.80064e-07,0,2.73223e-07,9.33318e-05,9.36051e-05,8902,9.33409e-05,gather
cloth-ball,tight,cell2dmin,83ee,ee,2987261,2.11185,11.4069,11.2446,17.4848,0,0,2982068,0,18.2951,5193,0,0,2.66115e-05,3.3254e-07,0,8.67404e-08,0.000201487,0.000201574,5193,0.000201225,gather
cloth-ball,tight,cell2dmin,83vf,vf,969694,2.13946,19.2202,3.6335,7.97192,0,0,968780,0,5.53016,914,0,0,5.45018e-06,2.97485e-07,0,1.93641e-07,0.00239953,0.00239972,914,0.00239921,gather
cloth-ball,tight,cell2dmin,84ee,ee,3119377,2.10436,11.6479,11.7895,17.7805,0,0,3115429,0,17.3483,3948,0,0,2.56074e-05,3.89434e-07,0,8.49667e-08,0.000100128,0.000100213,3948,9.97782e-05,gather
cloth-ball,tight,cell2dmin,85ee,ee,3222564,2.33399,11.7381,12.2127,16.4334,0,0,3218179,0,17.942,4385,0,0,1.31271e-05,3.94602e-07,0,4.3673e-08,2.90774e-05,2.91211e-05,4385,2.89679e-05,gather
cloth-ball,tight,cell2dmin,85vf,vf,1041160,2.23178,18.6824,3.82096,6.93675,0,0,1040460,0,5.26063,700,0,0,5.81867e-06,3.85447e-07,0,1.64631e-07,0.00437785,0.00437801,700,0.0043776,gather
cloth-ball,tight,cell2dmin,86ee,ee,3347903,2.07994,11.1945,12.9379,15.6469,0,0,3339942,0,21.8991,7961,0,0,2.71364e-05,2.75067e-07,0,6.70351e-08,3.14359e-05,3.1503e-05,7961,3.12328e-05,gather
cloth-ball,tight,cell2dmin,87ee,ee,3522105,2.23191,11.8638,13.7326,16.1819,0,0,3512042,0,23.4198,10063,0,0,3.83242e-05,2.55651e-07,0,2.59192e-07,7.0581e-05,7.08401e-05,10063,7.03335e-05,gather
cloth-ball,tight,cell2dmin,87vf,vf,1131097,2.20401,18.1791,4.266,6.48687,0,0,1129323,0,6.5565,1774,0,0,3.50217e-05,2.35244e-07,0,7.33837e-08,0.000161959,0.000162032,1774,0.000161886,gather
cloth-ball,tight,cell2dmin,88ee,ee,3705732,2.16282,11.8622,14.5809,16.0361,0,0,3692966,0,26.272,12766,0,0,3.00133e-05,2.44129e-07,0,3.22314e-06,0.000187872,0.000191095,12766,0.000184059,gather
cloth-ball,tight,cell2dmin,89ee,ee,3916295,2.23322,12.1684,15.5138,19.5844,0,0,3897178,0,31.383,19117,0,0,2.49381e-05,2.41704e-07,0,1.52134e-07,1.54714e-05,1.56235e-05,19117,1.52588e-05,gather
cloth-ball,tight,cell2dmin,89vf,vf,1249990,2.16996,17.7369,5.42853,7.45872,0,0,1246311,0,8.87935,3679,0,0,4.56075e-05,2.32215e-07,0,6.00367e-08,0.000960804,0.000960864,3679,0.000960708,gather
cloth-ball,tight,cell2dmin,90ee,ee,4210043,2.28589,12.0662,17.0655,24.1581,0,0,4180824,0,40.2728,29219,0,0,3.10472e-05,2.24196e-07,0,1.39679e-07,2.61509e-05,2.62906e-05,29219,2.57492e-05,gather
cloth-ball,tight,cell2dmin,91ee,ee,4569239,2.37562,12.4306,18.923,36.8267,0,0,4513800,0,58.6653,55439,0,0,2.88795e-05,1.92001e-07,0,1.68723e-07,7.63746e-06,7.80619e-06,55439,7.39098e-06,gather
cloth-ball,tight,cell2dmin,91vf,vf,1452086,2.42557,16.0801,5.51672,9.74026,0,0,1440808,0,16.4616,11278,0,0,0.0001041,1.89363e-07,0,2.33175e-08,0.000131077,0.0001311,11278,0.000131011,gather
cloth-ball,tight,cell2dmin,92ee,ee,5197332,2.31325,12.7358,22.1595,59.0354,0,0,5102507,0,89.364,94822,0,0,4.03822e-05,1.85304e-07,0,1.81448e-08,7.47392e-06,7.49207e-06,94825,7.45058e-06,gather
cloth-funnel,tight,cell2d,103ee,ee,27918,1.26925,2.01713,0.262521,0.137309,0,0,27915,0,0.346839,3,0,0,0.0018329,0.000776686,0,0.000298219,0.174438,0.174737,3,0.174438,packed
cloth-funnel,tight,cell2d,118vf,vf,10771,1.28134,0.469396,0.109405,0.114237,0,0,10765,0,0.126397,1,0,0,0.00116257,0.00116257,0,0.00116257,0.203857,0.20502,6,0.203857,packed
cloth-funnel,tight,cell2d,138ee,ee,31533,1.70975,1.79931,0.29932,0.105437,0,0,31531,0,0.318007,2,0,0,0.00138268,0.00138268,0,0.00120663,0.935059,0.936265,2,0.935059,packed
cloth-funnel,tight,cell2d,148vf,vf,11130,1.76162,0.520019,0.147324,0.092286,0,0,11129,0,0.15686,1,0,0,0.000250163,0.000250163,0,0.000250163,0.484619,0.484869,1,0.484619,packed
cloth-funnel,tight,cell2d,162ee,ee,32881,1.66373,1.3727,0.289368,0.065567,0,0,32880,0,0.264889,0,0,0,0,0,0,0,1,1,1,1,packed
cloth-funnel,tight,cell2d,176ee,ee,34403,1.58597,1.36323,0.248249,0.090494,0,0,34401,0,0.283033,1,0,0,0.000295812,0.000295812,0,0.000295812,0.429443,0.429739,2,0.429443,packed
cloth-funnel,tight,cell2d,185ee,ee,35908,1.61388,1.22985,0.266265,0.068542,0,0,35907,0,0.291928,1,0,0,0.000574723,0.000574723,0,0.000574723,0.231812,0.232386,1,0.231812,packed
cloth-funnel,tight,cell2d,193ee,ee,33224,1.59103,1.16263,0.355895,0.120253,0,0,33223,0,0.428596,1,0,0,0.00297863,0.00297863,0,0.00297863,0.849609,0.852588,1,0.849609,packed
cloth-funnel,tight,cell2d,203ee,ee,35575,1.57238,1.12093,0.244794,0.066174,0,0,35574,0,0.264953,1,0,0,9.2756e-05,9.2756e-05,0,9.2756e-05,0.811157,0.81125,1,0.811157,packed
cloth-funnel,tight,cell2d,213ee,ee,42234,1.58543,0.996518,0.31868,0.077854,0,0,42232,0,0.322007,2,0,0,0.00116341,0.00116341,0,0.0010729,0.839202,0.840275,2,0.839111,packed
cloth-funnel,tight,cell2d,220ee,ee,31969,1.56236,0.933384,0.348407,0.12982,0,0,31967,0,0.315864,2,0,0,0.00206054,0.00206054,0,0.00079738,0.215088,0.215885,2,0.215088,packed
cloth-funnel,tight,cell2d,227vf,vf,7319,1.96872,0.391349,0.124477,1.81653,0,0,7227,0,0.598224,27,0,0,0.0154919,0.00276473,0,0.000188275,0.0450439,0.0452322,92,0.0450439,packed
cloth-funnel,tight,cell2d,232vf,vf,6983,1.67154,0.36783,0.122365,0.099261,0,0,6981,0,0.12566,1,0,0,0.000100973,0.000100973,0,0.000100973,0.387268,0.387369,2,0.387268,packed
cloth-funnel,tight,cell2d,239ee,ee,35543,1.61993,1.03069,0.267897,0.886601,0,0,35527,0,0.541266,16,0,0,0.0223381,0,0,0,0,0,16,0,packed
cloth-funnel,tight,cell2d,243vf,vf,7840,1.71669,0.385878,0.109693,0.076798,0,0,7839,0,0.111165,1,0,0,0.000177156,0.000177156,0,0.000177156,0.333496,0.333673,1,0.333496,packed
cloth-funnel,tight,cell2d,249ee,ee,33438,1.75743,0.951559,0.292377,1.08615,0,0,33419,0,0.660078,19,0,0,0.0199673,0,0,0,0,0,19,0,packed
cloth-funnel,tight,cell2d,254ee,ee,35120,1.72095,0.943079,0.328023,0.76206,0,0,35104,0,0.436629,15,0,0,0.000533039,0,0,0,0,0,16,0,packed
cloth-funnel,tight,cell2d,259vf,vf,6185,1.7589,0.424276,0.124029,0.129116,0,0,6181,0,0.149116,4,0,0,0.000354367,0.000187083,0,0.000177713,0.0594053,0.059583,4,0.0594482,packed
cloth-funnel,tight,cell2d,265vf,vf,6576,1.60485,0.371702,0.108989,0.075902,0,0,6575,0,0.112669,1,0,0,0.000203828,0.000203828,0,0.000203828,0.00183105,0.00203488,1,0.00183105,packed
cloth-funnel,tight,cell2d,271vf,vf,6412,1.63535,0.372086,0.107293,0.093918,0,0,6411,0,0.102973,1,0,0,0.000193147,0.000193147,0,0.000193147,0.663696,0.663889,1,0.663696,packed
cloth-funnel,tight,cell2d,278ee,ee,36202,1.88501,0.942023,0.423413,1.39244,0,0,36182,0,0.577617,18,0,0,0.000655129,0,0,0,0,0,20,0,packed
cloth-funnel,tight,cell2d,283vf,vf,6728,1.72645,0.409877,0.161756,0.072542,0,0,6727,0,0.20825,1,0,0,0.000109089,0.000109089,0,0.000109089,0.898926,0.899035,1,0.898926,packed
cloth-funnel,tight,cell2d,289vf,vf,6869,1.57327,0.354871,0.766156,0.685038,0,0,6868,0,0.761676,0,0,0,0,0,0,0,1,1,1,1,packed
cloth-funnel,tight,cell2d,294vf,vf,7006,1.58585,0.357558,3.66601,4.56481,0,0,7001,0,3.66848,3,0,0,0.00150941,0.000582535,0,0.000582535,0.120884,0.121466,5,0.120884,packed
cloth-funnel,tight,cell2d,299ee,ee,41326,1.66552,0.998214,0.896136,6.45413,0,0,41287,0,2.13415,33,0,0,0.0491759,1.02334e-05,0,0,0,0,39,0,packed
cloth-funnel,tight,cell2d,304ee,ee,42647,1.67308,0.947399,0.295832,2.24935,0,0,42612,0,0.934792,33,0,0,0.0469421,1.16586e-05,0,0,0,0,35,0,packed
cloth-funnel,tight,cell2d,309ee,ee,45508,1.74213,0.974054,0.360119,4.60516,0,0,45476,0,2.52806,30,0,0,0.0335938,9.35312e-07,0,0,0,0,32,0,packed
cloth-funnel,tight,cell2d,313vf,vf,7921,1.73599,0.294744,5.0256,12.1806,0,0,7907,0,6.84756,6,0,0,0.0179777,0.00193104,0,0.00193104,0,0.00193104,14,0,packed
cloth-funnel,tight,cell2d,318vf,vf,7657,1.66501,0.289913,0.281912,7.0873,0,0,7643,0,6.0384,10,0,0,0.00184279,4.21916e-06,0,1.88217e-06,4.95911e-05,5.14732e-05,14,4.95911e-05,packed
cloth-funnel,tight,cell2d,323ee,ee,47435,1.64754,1.15882,1.95044,5.71742,0,0,47389,0,1.52873,43,0,0,0.000646816,5.74352e-06,0,0,0,0,46,0,packed
cloth-funnel,tight,cell2d,328ee,ee,60460,1.76562,1.22618,0.348983,2.58524,0,0,60421,0,1.10627,37,0,0,0.00240896,5.71589e-06,0,0,0,0,39,0,packed
cloth-funnel,tight,cell2d,334ee,ee,47191,1.8292,1.09258,0.364695,0.913224,0,0,47168,0,0.569745,20,0,0,0.00126748,0,0,0,0,0,23,0,packed
cloth-funnel,tight,cell2d,338vf,vf,7602,1.80405,0.273976,0.122653,0.067774,0,0,7601,0,0.124381,1,0,0,2.0887e-05,2.0887e-05,0,2.0887e-05,0.000896454,0.000917341,1,0.000896454,packed
cloth-funnel,tight,cell2d,343vf,vf,7167,1.61535,0.2806,0.436661,0.467668,0,0,7165,0,0.450932,1,0,0,5.26327e-05,5.26327e-05,0,5.26327e-05,0.203152,0.203204,2,0.203152,packed
cloth-funnel,tight,cell2d,349ee,ee,46140,1.61317,1.12451,0.349014,1.85643,0,0,46115,0,0.682638,22,0,0,0.000883457,0,0,0,0,0,25,0,packed
cloth-funnel,tight,cell2d,354vf,vf,7149,1.76837,0.287961,0.833354,0.771948,0,0,7147,0,0.81089,1,0,0,0.00590574,0.00590574,0,0.00590574,0.0833282,0.089234,2,0.0833282,packed
cloth-funnel,tight,cell2d,360ee,ee,46845,1.58933,1.10071,0.794539,2.33504,1,0,46813,0,0.756908,29,0,0,0.0172735,1.11865e-05,0,0,0,0,32,0,packed
cloth-funnel,tight,cell2d,365ee,ee,43834,1.79103,1.11968,0.448884,1.91489,0,0,43807,0,1.12954,26,0,0,0.00468615,7.92242e-06,0,0,0,0,27,0,packed
cloth-funnel,tight,cell2d,370vf,vf,8054,1.7731,0.316856,0.245273,0.288664,0,0,8050,0,0.227194,3,0,0,0.00225931,0.00049545,0,0.00049545,0.0720215,0.0725169,4,0.0720215,packed
cloth-funnel,tight,cell2d,376ee,ee,47824,1.65096,1.13763,0.714829,2.1609,0,0,47796,0,0.73966,26,0,0,0.00110793,5.26305e-06,0,0,0,0,28,0,packed
cloth-funnel,tight,cell2d,380vf,vf,8896,1.76101,0.325399,1.65013,2.17511,0,0,8892,0,1.54966,4,0,0,0.0129516,0.00153275,0,0.00145987,0.0279888,0.0294487,4,0.027916,packed
cloth-funnel,tight,cell2d,385vf,vf,16091,1.64735,0.357782,0.519059,0.741932,0,0,16088,0,0.519314,2,0,0,0.000577816,0.000577816,0,0.000577816,0.466553,0.467131,3,0.466553,packed
cloth-funnel,tight,cell2d,390ee,ee,110978,1.62309,1.44905,0.544049,1.36179,0,0,110956,0,0.864746,22,0,0,0.000192703,0,0,0,0,0,22,0,packed
cloth-funnel,tight,cell2d,397ee,ee,191279,1.76466,1.81931,1.0378,1.26506,0,0,191261,0,1.62424,18,0,0,0.000848499,0,0,0,0,0,18,0,packed
cloth-funnel,tight,cell2d,407ee,ee,465510,1.83777,3.61802,1.74475,0.987238,0,0,465491,0,2.23104,18,0,0,0.00144343,0,0,0,0,0,19,0,packed
cloth-funnel,tight,cell2d,414ee,ee,388206,1.81746,3.31652,1.51811,0.67307,0,0,388191,0,1.68428,15,0,0,0.000689295,0,0,0,0,0,15,0,packed
cloth-funnel,tight,cell2d,420vf,vf,131472,1.92702,1.38105,0.508883,1.41721,0,0,131466,0,1.79278,6,0,0,0,0,0,0,0,0,6,0,packed
cloth-funnel,tight,cell2d,425ee,ee,64294,1.78031,1.31974,0.363351,0.947271,0,0,64274,0,0.700717,19,0,0,0.000793667,0,0,0,0,0,20,0,packed
cloth-funnel,tight,cell2d,431ee,ee,20512,1.84411,1.24957,0.165308,1.04199,0,0,20495,0,0.414933,16,0,0,0.000999855,0,0,0,0,0,17,0,packed
cloth-funnel,tight,cell2d,439ee,ee,15414,1.90859,1.26233,0.28492,1.26601,0,0,15397,0,0.430325,16,0,0,0.000490861,0,0,0,0,0,17,0,packed
cloth-funnel,tight,cell2d,445ee,ee,14645,1.84776,1.42707,0.237658,1.057,0,0,14626,0,0.517618,19,0,0,0.00299332,0,0,0,0,0,19,0,packed
cloth-funnel,tight,cell2d,451vf,vf,2784,1.83586,0.36383,0.292473,0.266457,0,0,2781,0,0.280633,3,0,0,0.00121463,0.00113114,0,0.00113114,0.0181885,0.0193196,3,0.0181885,packed
cloth-funnel,tight,cell2d,460ee,ee,13412,1.71013,1.40425,0.180124,1.02471,0,0,13395,0,0.561649,17,0,0,0.00107961,0,0,0,0,0,17,0,packed
cloth-funnel,tight,cell2d,466ee,ee,13408,1.84581,1.39871,0.287321,0.961607,0,0,13395,0,0.444628,13,0,0,0,0,0,0,0,0,13,0,packed
cloth-funnel,tight,cell2d,473vf,vf,2770,1.83189,0.460883,0.219419,0.067582,0,0,2769,0,0.167131,1,0,0,0.000166584,0.000166584,0,0.000166584,0.47229,0.472457,1,0.47229,packed
cloth-funnel,tight,cell2d,478vf,vf,2776,1.65205,0.497587,0.295544,0.122301,0,0,2774,0,0.292473,2,0,0,0.00049294,0.00049294,0,0.00049294,0.0404053,0.0408982,2,0.0404053,packed
cloth-funnel,tight,cell2d,484ee,ee,13345,1.65957,1.39996,0.228346,1.0673,0,0,13331,0,0.640175,14,0,0,0.00169688,0,0,0,0,0,14,0,packed
cloth-funnel,tight,cell2d,490ee,ee,13332,1.88737,1.40508,0.193083,1.20202,0,0,13317,0,0.426805,14,0,0,0.00367546,0,0,0,0,0,15,0,packed
cloth-funnel,tight,cell2d,495ee,ee,13353,1.87019,1.47455,0.179228,1.388,0,0,13337,0,0.471091,16,0,0,0.00212432,0,0,0,0,0,16,0,packed
cloth-funnel,tight,cell2d,57ee,ee,27796,2.01483,1.95662,0.246073,0.088222,0,0,27795,0,0.291033,0,0,0,0,0,0,0,1,1,1,1,packed
cloth-funnel,tight,cell2d,103ee,ee,27918,1.25539,2.06097,0.315192,0.138876,0,0,27915,0,0.318935,3,0,0,0.0018329,0.000776686,0,0.000298219,0.174438,0.174737,3,0.174438,packed
cloth-funnel,tight,cell2d,118vf,vf,10771,1.31056,0.486803,0.114813,0.117692,0,0,10765,0,0.131997,1,0,0,0.00116257,0.00116257,0,0.00116257,0.203857,0.20502,6,0.203857,packed
cloth-funnel,tight,cell2d,138ee,ee,31533,1.77055,2.34432,0.301657,0.110142,0,0,31531,0,0.312439,2,0,0,0.00138268,0.00138268,0,0.00120663,0.935059,0.936265,2,0.935059,packed
cloth-funnel,tight,cell2d,148vf,vf,11130,2.07563,0.551154,0.15062,0.095901,0,0,11129,0,0.162459,1,0,0,0.000250163,0.000250163,0,0.000250163,0.484619,0.484869,1,0.484619,packed
cloth-funnel,tight,cell2d,162ee,ee,32881,1.72012,2.00836,0.259737,0.070558,0,0,32880,0,0.281176,0,0,0,0,0,0,0,1,1,1,1,packed
cloth-funnel,tight,cell2d,176ee,ee,34403,1.89294,1.84888,0.253337,0.107741,0,0,34401,0,0.286841,1,0,0,0.000295812,0.000295812,0,0.000295812,0.429443,0.429739,2,0.429443,packed
cloth-funnel,tight,cell2d,185ee,ee,35908,1.83541,1.703,0.286168,0.087613,0,0,35907,0,0.30828,1,0,0,0.000574723,0.000574723,0,0.000574723,0.231812,0.232386,1,0.231812,packed
cloth-funnel,tight,cell2d,193ee,ee,33224,1.81058,1.64338,0.38607,0.128605,0,0,33223,0,0.398133,1,0,0,0.00297863,0.00297863,0,0.00297863,0.849609,0.852588,1,0.849609,packed
cloth-funnel,tight,cell2d,203ee,ee,35575,1.78507,1.55868,0.313431,0.085054,0,0,35574,0,0.261049,1,0,0,9.2756e-05,9.2756e-05,0,9.2756e-05,0.811157,0.81125,1,0.811157,packed
cloth-funnel,tight,cell2d,213ee,ee,42234,1.7923,1.3512,0.351511,0.082014,0,0,42232,0,0.318903,2,0,0,0.00116341,0.00116341,0,0.0010729,0.839202,0.840275,2,0.839111,packed
cloth-funnel,tight,cell2d,220ee,ee,31969,1.74344,1.27481,0.362231,0.129597,0,0,31967,0,0.324631,2,0,0,0.00206054,0.00206054,0,0.00079738,0.215088,0.215885,2,0.215088,packed
cloth-funnel,tight,cell2d,227vf,vf,7319,1.8203,0.29292,0.128604,1.79144,0,0,7227,0,0.55285,27,0,0,0.0154919,0.00276473,0,0.000188275,0.0450439,0.0452322,92,0.0450439,packed
cloth-funnel,tight,cell2d,232vf,vf,6983,1.64796,0.299512,0.140093,0.097054,0,0,6981,0,0.119964,1,0,0,0.000100973,0.000100973,0,0.000100973,0.387268,0.387369,2,0.387268,packed
cloth-funnel,tight,cell2d,239ee,ee,35543,1.62175,1.2064,0.281753,0.882089,0,0,35527,0,0.549265,16,0,0,0.0223381,0,0,0,0,0,16,0,packed
cloth-funnel,tight,cell2d,243vf,vf,7840,1.73679,0.354231,0.110013,0.062143,0,0,7839,0,0.109405,1,0,0,0.000177156,0.000177156,0,0.000177156,0.333496,0.333673,1,0.333496,packed
cloth-funnel,tight,cell2d,249ee,ee,33438,1.64984,1.19539,0.296984,1.06698,0,0,33419,0,0.657199,19,0,0,0.0199673,0,0,0,0,0,19,0,packed
cloth-funnel,tight,cell2d,254ee,ee,35120,1.68143,1.1927,0.308728,0.749869,0,0,35104,0,0.435573,15,0,0,0.000533039,0,0,0,0,0,16,0,packed
cloth-funnel,tight,cell2d,259vf,vf,6185,1.80139,0.272952,0.125341,0.119037,0,0,6181,0,0.166076,4,0,0,0.000354367,0.000187083,0,0.000177713,0.0594053,0.059583,4,0.0594482,packed
cloth-funnel,tight,cell2d,265vf,vf,6576,1.66101,0.277625,0.107517,0.067134,0,0,6575,0,0.110269,1,0,0,0.000203828,0.000203828,0,0.000203828,0.00183105,0.00203488,1,0.00183105,packed
cloth-funnel,tight,cell2d,271vf,vf,6412,1.60732,0.283801,0.101117,0.07251,0,0,6411,0,0.104317,1,0,0,0.000193147,0.000193147,0,0.000193147,0.663696,0.663889,1,0.663696,packed
cloth-funnel,tight,cell2d,278ee,ee,36202,1.60773,4.76109,0.508178,1.38976,0,0,36182,0,0.629103,18,0,0,0.000655129,0,0,0,0,0,20,0,packed
cloth-funnel,tight,cell2d,283vf,vf,6728,1.83842,0.271353,0.159963,0.065694,0,0,6727,0,0.192827,1,0,0,0.000109089,0.000109089,0,0.000109089,0.898926,0.899035,1,0.898926,packed
cloth-funnel,tight,cell2d,289vf,vf,6869,1.58738,0.248281,0.816491,0.690734,0,0,6868,0,0.764108,0,0,0,0,0,0,0,1,1,1,1,packed
cloth-funnel,tight,cell2d,294vf,vf,7006,1.6357,0.274937,2.94434,4.57303,0,0,7001,0,3.62675,3,0,0,0.00150941,0.000582535,0,0.000582535,0.120884,0.121466,5,0.120884,packed
cloth-funnel,tight,cell2d,299ee,ee,41326,1.65314,1.16397,0.803146,6.48681,0,0,41287,0,2.18058,33,0,0,0.0491759,1.02334e-05,0,0,0,0,39,0,packed
cloth-funnel,tight,cell2d,304ee,ee,42647,1.76629,1.08362,0.341847,2.2576,0,0,42612,0,0.931623,33,0,0,0.0469421,1.16586e-05,0,0,0,0,35,0,packed
cloth-funnel,tight,cell2d,309ee,ee,45508,1.85784,1.15645,0.321559,4.5923,0,0,45476,0,2.59718,30,0,0,0.0335938,9.35312e-07,0,0,0,0,32,0,packed
cloth-funnel,tight,cell2d,313vf,vf,7921,1.74155,0.270009,5.0822,12.2546,0,0,7907,0,6.92839,6,0,0,0.0179777,0.00193104,0,0.00193104,0,0.00193104,14,0,packed
cloth-funnel,tight,cell2d,318vf,vf,7657,1.65058,0.283448,0.287961,7.1082,0,0,7643,0,6.06592,10,0,0,0.00184279,4.21916e-06,0,1.88217e-06,4.95911e-05,5.14732e-05,14,4.95911e-05,packed
cloth-funnel,tight,cell2d,323ee,ee,47435,1.6165,1.15322,1.96059,5.71473,0,0,47389,0,1.58329,43,0,0,0.000646816,5.74352e-06,0,0,0,0,46,0,packed
cloth-funnel,tight,cell2d,328ee,ee,60460,1.76143,1.24394,0.349079,2.61222,0,0,60421,0,1.04192,37,0,0,0.00240896,5.71589e-06,0,0,0,0,39,0,packed
cloth-funnel,tight,cell2d,334ee,ee,47191,1.79851,1.1321,0.360758,0.948455,0,0,47168,0,0.594353,20,0,0,0.00126748,0,0,0,0,0,23,0,packed
cloth-funnel,tight,cell2d,338vf,vf,7602,1.79051,0.280089,0.124796,0.069086,0,0,7601,0,0.126909,1,0,0,2.0887e-05,2.0887e-05,0,2.0887e-05,0.000896454,0.000917341,1,0.000896454,packed
cloth-funnel,tight,cell2d,343vf,vf,7167,1.5805,0.267865,0.451476,0.473907,0,0,7165,0,0.4509,1,0,0,5.26327e-05,5.26327e-05,0,5.26327e-05,0.203152,0.203204,2,0.203152,packed
cloth-funnel,tight,cell2d,349ee,ee,46140,1.60287,1.136,0.362518,1.87496,0,0,46115,0,0.654671,22,0,0,0.000883457,0,0,0,0,0,25,0,packed
cloth-funnel,tight,cell2d,354vf,vf,7149,1.84446,0.242362,0.802219,0.790252,0,0,7147,0,0.791979,1,0,0,0.00590574,0.00590574,0,0.00590574,0.0833282,0.089234,2,0.0833282,packed
cloth-funnel,tight,cell2d,360ee,ee,46845,1.61567,1.09712,0.770027,2.31965,1,0,46813,0,0.783596,29,0,0,0.0172735,1.11865e-05,0,0,0,0,32,0,packed
cloth-funnel,tight,cell2d,365ee,ee,43834,1.80398,1.16387,0.452948,1.83461,0,0,43807,0,1.12954,26,0,0,0.00468615,7.92242e-06,0,0,0,0,27,0,packed
cloth-funnel,tight,cell2d,370vf,vf,8054,1.81442,0.249497,0.240122,0.299417,0,0,8050,0,0.229754,3,0,0,0.00225931,0.00049545,0,0.00049545,0.0720215,0.0725169,4,0.0720215,packed
cloth-funnel,tight,cell2d,376ee,ee,47824,1.6389,1.15635,0.658574,2.15345,0,0,47796,0,0.731373,26,0,0,0.00110793,5.26305e-06,0,0,0,0,28,0,packed
cloth-funnel,tight,cell2d,380vf,vf,8896,1.82594,0.259129,1.57202,2.23552,0,0,8892,0,1.55833,4,0,0,0.0129516,0.00153275,0,0.00145987,0.0279888,0.0294487,4,0.027916,packed
cloth-funnel,tight,cell2d,385vf,vf,16091,1.65128,0.301368,0.543281,0.775595,0,0,16088,0,0.552498,2,0,0,0.000577816,0.000577816,0,0.000577816,0.466553,0.467131,3,0.466553,packed
cloth-funnel,tight,cell2d,390ee,ee,110978,1.63724,1.40825,0.546738,1.36515,0,0,110956,0,0.888392,22,0,0,0.000192703,0,0,0,0,0,22,0,packed
cloth-funnel,tight,cell2d,397ee,ee,191279,1.85822,1.83672,1.02957,1.30384,0,0,191261,0,1.67311,18,0,0,0.000848499,0,0,0,0,0,18,0,packed
cloth-funnel,tight,cell2d,407ee,ee,465510,1.88667,3.58039,1.74168,2.01016,0,0,465491,0,2.3242,18,0,0,0.00144343,0,0,0,0,0,19,0,packed
cloth-funnel,tight,cell2d,414ee,ee,388206,1.87886,3.34046,1.52348,0.682318,0,0,388191,0,1.80734,15,0,0,0.000689295,0,0,0,0,0,15,0,packed
cloth-funnel,tight,cell2d,420vf,vf,131472,1.95342,1.50582,0.456884,1.42998,0,0,131466,0,1.80274,6,0,0,0,0,0,0,0,0,6,0,packed
cloth-funnel,tight,cell2d,425ee,ee,64294,1.80366,1.319,0.371639,0.956262,0,0,64274,0,0.621231,19,0,0,0.000793667,0,0,0,0,0,20,0,packed
cloth-funnel,tight,cell2d,431ee,ee,20512,1.87736,1.26736,0.160476,1.04916,0,0,20495,0,0.424341,16,0,0,0.000999855,0,0,0,0,0,17,0,packed
cloth-funnel,tight,cell2d,439ee,ee,15414,1.78168,1.29661,0.289976,1.26893,0,0,15397,0,0.430165,16,0,0,0.000490861,0,0,0,0,0,17,0,packed
cloth-funnel,tight,cell2d,445ee,ee,14645,1.84821,1.42556,0.277049,1.08336,0,0,14626,0,0.487443,19,0,0,0.00299332,0,0,0,0,0,19,0,packed
cloth-funnel,tight,cell2d,451vf,vf,2784,1.84146,0.37631,0.330744,0.267897,0,0,2781,0,0.302392,3,0,0,0.00121463,0.00113114,0,0.00113114,0.0181885,0.0193196,3,0.0181885,packed
cloth-funnel,tight,cell2d,460ee,ee,13412,1.72037,1.45023,0.192251,1.03802,0,0,13395,0,0.602704,17,0,0,0.00107961,0,0,0,0,0,17,0,packed
cloth-funnel,tight,cell2d,466ee,ee,13408,1.8437,1.45903,0.349462,0.966374,0,0,13395,0,0.455252,13,0,0,0,0,0,0,0,0,13,0,packed
cloth-funnel,tight,cell2d,473vf,vf,2770,1.85966,0.472179,0.191163,0.080669,0,0,2769,0,0.184411,1,0,0,0.000166584,0.000166584,0,0.000166584,0.47229,0.472457,1,0.47229,packed
cloth-funnel,tight,cell2d,478vf,vf,2776,1.65807,0.504019,0.291576,0.125692,0,0,2774,0,0.304056,2,0,0,0.00049294,0.00049294,0,0.00049294,0.0404053,0.0408982,2,0.0404053,packed
cloth-funnel,tight,cell2d,484ee,ee,13345,1.675,1.45465,0.280793,1.06823,0,0,13331,0,0.573137,14,0,0,0.00169688,0,0,0,0,0,14,0,packed
cloth-funnel,tight,cell2d,490ee,ee,13332,1.85854,1.42819,0.218011,1.20314,0,0,13317,0,0.469491,14,0,0,0.00367546,0,0,0,0,0,15,0,packed
cloth-funnel,tight,cell2d,495ee,ee,13353,1.83438,1.50518,0.225242,1.41446,0,0,13337,0,0.667759,16,0,0,0.00212432,0,0,0,0,0,16,0,packed
cloth-funnel,tight,cell2d,57ee,ee,27796,2.04327,2.41834,0.268952,0.085853,0,0,27795,0,0.275737,0,0,0,0,0,0,0,1,1,1,1,packed
cloth-funnel,tight,cell2d,103ee,ee,27918,1.30477,2.09457,0.317143,0.141981,0,0,27915,0,0.330424,3,0,0,0.0018329,0.000776686,0,0.000298219,0.174438,0.174737,3,0.174438,packed
cloth-funnel,tight,cell2d,118vf,vf,10771,1.24784,0.491411,0.115901,0.117053,0,0,10765,0,0.129117,1,0,0,0.00116257,0.00116257,0,0.00116257,0.203857,0.20502,6,0.203857,packed
cloth-funnel,tight,cell2d,138ee,ee,31533,1.74171,1.84053,0.294968,0.110813,0,0,31531,0,0.325047,2,0,0,0.00138268,0.00138268,0,0.00120663,0.935059,0.936265,2,0.935059,packed
cloth-funnel,tight,cell2d,148vf,vf,11130,1.75291,0.518355,0.152764,0.089854,0,0,11129,0,0.161915,1,0,0,0.000250163,0.000250163,0,0.000250163,0.484619,0.484869,1,0.484619,packed
cloth-funnel,tight,cell2d,162ee,ee,32881,1.67813,1.42265,0.263737,0.072062,0,0,32880,0,0.272537,0,0,0,0,0,0,0,1,1,1,1,packed
cloth-funnel,tight,cell2d,176ee,ee,34403,1.65372,1.38444,0.32204,0.092797,0,0,34401,0,0.265209,1,0,0,0.000295812,0.000295812,0,0.000295812,0.429443,0.429739,2,0.429443,packed
cloth-funnel,tight,cell2d,185ee,ee,35908,1.67573,1.24016,0.274009,0.070974,0,0,35907,0,0.293912,1,0,0,0.000574723,0.000574723,0,0.000574723,0.231812,0.232386,1,0.231812,packed
cloth-funnel,tight,cell2d,193ee,ee,33224,1.65989,1.1705,0.361687,0.129212,0,0,33223,0,0.447156,1,0,0,0.00297863,0.00297863,0,0.00297863,0.849609,0.852588,1,0.849609,packed
cloth-funnel,tight,cell2d,203ee,ee,35575,1.65266,1.16615,0.246297,0.067551,0,0,35574,0,0.260953,1,0,0,9.2756e-05,9.2756e-05,0,9.2756e-05,0.811157,0.81125,1,0.811157,packed
cloth-funnel,tight,cell2d,213ee,ee,42234,1.65653,1.04906,0.327832,0.076958,0,0,42232,0,0.316663,2,0,0,0.00116341,0.00116341,0,0.0010729,0.839202,0.840275,2,0.839111,packed
cloth-funnel,tight,cell2d,220ee,ee,31969,1.64492,0.952295,0.327255,0.133437,0,0,31967,0,0.322039,2,0,0,0.00206054,0.00206054,0,0.00079738,0.215088,0.215885,2,0.215088,packed
cloth-funnel,tight,cell2d,227vf,vf,7319,1.65288,0.24169,0.123997,1.79442,0,0,7227,0,0.561457,27,0,0,0.0154919,0.00276473,0,0.000188275,0.0450439,0.0452322,92,0.0450439,packed
cloth-funnel,tight,cell2d,232vf,vf,6983,1.61106,0.236505,0.131037,0.100413,0,0,6981,0,0.118045,1,0,0,0.000100973,0.000100973,0,0.000100973,0.387268,0.387369,2,0.387268,packed
cloth-funnel,tight,cell2d,239ee,ee,35543,1.55529,1.09204,0.261593,0.883465,0,0,35527,0,0.537266,16,0,0,0.0223381,0,0,0,0,0,16,0,packed
cloth-funnel,tight,cell2d,243vf,vf,7840,1.61132,0.220634,0.110013,0.065535,0,0,7839,0,0.114557,1,0,0,0.000177156,0.000177156,0,0.000177156,0.333496,0.333673,1,0.333496,packed
cloth-funnel,tight,cell2d,249ee,ee,33438,1.60809,0.931047,0.275769,1.09565,0,0,33419,0,0.652591,19,0,0,0.0199673,0,0,0,0,0,19,0,packed
cloth-funnel,tight,cell2d,254ee,ee,35120,1.67592,0.919431,0.305464,0.745516,0,0,35104,0,0.437045,15,0,0,0.000533039,0,0,0,0,0,16,0,packed
cloth-funnel,tight,cell2d,259vf,vf,6185,1.65701,0.239065,0.123485,0.117789,0,0,6181,0,0.148092,4,0,0,0.000354367,0.000187083,0,0.000177713,0.0594053,0.059583,4,0.0594482,packed
cloth-funnel,tight,cell2d,265vf,vf,6576,1.62188,0.302648,0.106109,0.069054,0,0,6575,0,0.110525,1,0,0,0.000203828,0.000203828,0,0.000203828,0.00183105,0.00203488,1,0.00183105,packed
cloth-funnel,tight,cell2d,271vf,vf,6412,1.62264,0.295704,0.110013,0.074302,0,0,6411,0,0.107389,1,0,0,0.000193147,0.000193147,0,0.000193147,0.663696,0.663889,1,0.663696,packed
cloth-funnel,tight,cell2d,278ee,ee,36202,1.58325,0.937031,0.501907,1.38156,0,0,36182,0,0.581873,18,0,0,0.000655129,0,0,0,0,0,20,0,packed
cloth-funnel,tight,cell2d,283vf,vf,6728,1.73535,0.321751,0.1615,0.066559,0,0,6727,0,0.17014,1,0,0,0.000109089,0.000109089,0,0.000109089,0.898926,0.899035,1,0.898926,packed
cloth-funnel,tight,cell2d,289vf,vf,6869,1.57285,0.275385,0.760556,0.691853,0,0,6868,0,0.833098,0,0,0,0,0,0,0,1,1,1,1,packed
cloth-funnel,tight,cell2d,294vf,vf,7006,1.55682,0.329975,2.96639,4.55284,0,0,7001,0,3.69485,3,0,0,0.00150941,0.000582535,0,0.000582535,0.120884,0.121466,5,0.120884,packed
cloth-funnel,tight,cell2d,299ee,ee,41326,1.60425,1.07104,0.792299,6.4756,0,0,41287,0,2.0867,33,0,0,0.0491759,1.02334e-05,0,0,0,0,39,0,packed
cloth-funnel,tight,cell2d,304ee,ee,42647,1.6709,0.953511,0.325976,2.27418,0,0,42612,0,0.921895,33,0,0,0.0469421,1.16586e-05,0,0,0,0,35,0,packed
cloth-funnel,tight,cell2d,309ee,ee,45508,1.70952,1.08778,0.330967,4.56641,0,0,45476,0,2.56473,30,0,0,0.0335938,9.35312e-07,0,0,0,0,32,0,packed
cloth-funnel,tight,cell2d,313vf,vf,7921,1.70696,0.325143,5.08873,12.2188,0,0,7907,0,6.9915,6,0,0,0.0179777,0.00193104,0,0.00193104,0,0.00193104,14,0,packed
cloth-funnel,tight,cell2d,318vf,vf,7657,1.61317,0.281497,0.28316,7.08356,0,0,7643,0,6.09689,10,0,0,0.00184279,4.21916e-06,0,1.88217e-06,4.95911e-05,5.14732e-05,14,4.95911e-05,packed
cloth-funnel,tight,cell2d,323ee,ee,47435,1.57948,1.11853,0.384886,5.73537,0,0,47389,0,1.51247,43,0,0,0.000646816,5.74352e-06,0,0,0,0,46,0,packed
cloth-funnel,tight,cell2d,328ee,ee,60460,1.72562,1.18151,0.350455,2.62783,0,0,60421,0,1.03172,37,0,0,0.00240896,5.71589e-06,0,0,0,0,39,0,packed
cloth-funnel,tight,cell2d,334ee,ee,47191,1.71695,1.09063,0.364183,0.914664,0,0,47168,0,0.6012,20,0,0,0.00126748,0,0,0,0,0,23,0,packed
cloth-funnel,tight,cell2d,338vf,vf,7602,1.69816,0.351703,0.124733,0.071742,0,0,7601,0,0.132732,1,0,0,2.0887e-05,2.0887e-05,0,2.0887e-05,0.000896454,0.000917341,1,0.000896454,packed
cloth-funnel,tight,cell2d,343vf,vf,7167,1.59154,0.310616,0.433748,0.47314,0,0,7165,0,0.433493,1,0,0,5.26327e-05,5.26327e-05,0,5.26327e-05,0.203152,0.203204,2,0.203152,packed
cloth-funnel,tight,cell2d,349ee,ee,46140,1.58015,1.23741,0.367383,1.88453,0,0,46115,0,0.653455,22,0,0,0.000883457,0,0,0,0,0,25,0,packed
cloth-funnel,tight,cell2d,354vf,vf,7149,1.7868,0.30876,0.796107,0.808459,0,0,7147,0,0.794923,1,0,0,0.00590574,0.00590574,0,0.00590574,0.0833282,0.089234,2,0.0833282,packed
cloth-funnel,tight,cell2d,360ee,ee,46845,1.60367,1.1592,0.748044,2.32499,1,0,46813,0,0.755596,29,0,0,0.0172735,1.11865e-05,0,0,0,0,32,0,packed
cloth-funnel,tight,cell2d,365ee,ee,43834,1.73052,2.03175,0.431957,1.78971,0,0,43807,0,1.09796,26,0,0,0.00468615,7.92242e-06,0,0,0,0,27,0,packed
cloth-funnel,tight,cell2d,370vf,vf,8054,1.75125,0.352983,0.235482,0.297112,0,0,8050,0,0.222202,3,0,0,0.00225931,0.00049545,0,0.00049545,0.0720215,0.0725169,4,0.0720215,packed
cloth-funnel,tight,cell2d,376ee,ee,47824,1.64972,1.1065,0.69755,2.19245,0,0,47796,0,0.735884,26,0,0,0.00110793,5.26305e-06,0,0,0,0,28,0,packed
cloth-funnel,tight,cell2d,380vf,vf,8896,1.72437,0.339351,1.57669,2.19607,0,0,8892,0,1.59209,4,0,0,0.0129516,0.00153275,0,0.00145987,0.0279888,0.0294487,4,0.027916,packed
cloth-funnel,tight,cell2d,385vf,vf,16091,1.55362,0.435477,0.542961,0.736461,0,0,16088,0,0.508179,2,0,0,0.000577816,0.000577816,0,0.000577816,0.466553,0.467131,3,0.466553,packed
cloth-funnel,tight,cell2d,390ee,ee,110978,1.61906,1.38671,0.554161,1.3487,0,0,110956,0,0.854666,22,0,0,0.000192703,0,0,0,0,0,22,0,packed
cloth-funnel,tight,cell2d,397ee,ee,191279,1.69253,1.86347,1.03543,1.27821,0,0,191261,0,1.55727,18,0,0,0.000848499,0,0,0,0,0,18,0,packed
cloth-funnel,tight,cell2d,407ee,ee,465510,1.71045,3.54077,1.76008,0.99399,0,0,465491,0,2.21869,18,0,0,0.00144343,0,0,0,0,0,19,0,packed
cloth-funnel,tight,cell2d,414ee,ee,388206,1.62693,3.24817,1.56597,0.664015,0,0,388191,0,1.68722,15,0,0,0.000689295,0,0,0,0,0,15,0,packed
cloth-funnel,tight,cell2d,420vf,vf,131472,1.75583,1.33555,0.498995,1.4598,0,0,131466,0,1.79384,6,0,0,0,0,0,0,0,0,6,0,packed
cloth-funnel,tight,cell2d,425ee,ee,64294,1.81714,1.33411,0.366231,0.968678,0,0,64274,0,0.624303,19,0,0,0.000793667,0,0,0,0,0,20,0,packed
cloth-funnel,tight,cell2d,431ee,ee,20512,1.79163,1.23238,0.166939,1.04682,0,0,20495,0,0.416565,16,0,0,0.000999855,0,0,0,0,0,17,0,packed
cloth-funnel,tight,cell2d,439ee,ee,15414,1.79602,1.32886,0.282872,1.26659,0,0,15397,0,0.425045,16,0,0,0.000490861,0,0,0,0,0,17,0,packed
cloth-funnel,tight,cell2d,445ee,ee,14645,1.79576,1.41068,0.270872,1.09309,0,0,14626,0,0.480564,19,0,0,0.00299332,0,0,0,0,0,19,0,packed
cloth-funnel,tight,cell2d,451vf,vf,2784,1.81362,0.363542,0.258073,0.257497,0,0,2781,0,0.295641,3,0,0,0.00121463,0.00113114,0,0.00113114,0.0181885,0.0193196,3,0.0181885,packed
cloth-funnel,tight,cell2d,460ee,ee,13412,1.67007,1.41318,0.183099,1.01104,0,0,13395,0,0.585905,17,0,0,0.00107961,0,0,0,0,0,17,0,packed
cloth-funnel,tight,cell2d,466ee,ee,13408,1.80011,1.41078,0.292024,0.946791,0,0,13395,0,0.441973,13,0,0,0,0,0,0,0,0,13,0,packed
cloth-funnel,tight,cell2d,473vf,vf,2770,1.80098,0.4477,0.210811,0.050623,0,0,2769,0,0.217018,1,0,0,0.000166584,0.000166584,0,0.000166584,0.47229,0.472457,1,0.47229,packed
cloth-funnel,tight,cell2d,478vf,vf,2776,1.62882,0.538994,0.27612,0.119869,0,0,2774,0,0.285401,2,0,0,0.00049294,0.00049294,0,0.00049294,0.0404053,0.0408982,2,0.0404053,packed
cloth-funnel,tight,cell2d,484ee,ee,13345,1.69672,1.40207,0.271993,1.10035,0,0,13331,0,0.566225,14,0,0,0.00169688,0,0,0,0,0,14,0,packed
cloth-funnel,tight,cell2d,490ee,ee,13332,1.78744,1.38752,0.195354,1.23933,0,0,13317,0,0.431029,14,0,0,0.00367546,0,0,0,0,0,15,0,packed
cloth-funnel,tight,cell2d,495ee,ee,13353,1.7916,1.49337,0.179388,1.41196,0,0,13337,0,0.463539,16,0,0,0.00212432,0,0,0,0,0,16,0,packed
cloth-funnel,tight,cell2d,57ee,ee,27796,1.91925,1.99755,0.269209,0.072062,0,0,27795,0,0.28716,0,0,0,0,0,0,0,1,1,1,1,packed
cloth-funnel,tight,cell2d,103ee,ee,27918,1.18979,0.851401,0.268825,0.131644,0,0,27915,0,0.315608,3,0,0,0.0018329,0.000776686,0,0.000298219,0.174438,0.174737,3,0.174438,gather
cloth-funnel,tight,cell2d,118vf,vf,10771,1.21238,0.479987,0.121341,0.119324,0,0,10765,0,0.130876,1,0,0,0.00116257,0.00116257,0,0.00116257,0.203857,0.20502,6,0.203857,gather
cloth-funnel,tight,cell2d,138ee,ee,31533,1.30125,3.12641,0.416501,0.161212,0,0,31531,0,0.36335,2,0,0,0.00138268,0.00138268,0,0.00120663,0.935059,0.936265,2,0.935059,gather
cloth-funnel,tight,cell2d,148vf,vf,11130,1.70757,0.648367,0.202747,0.1447,0,0,11129,0,0.175579,1,0,0,0.000250163,0.000250163,0,0.000250163,0.484619,0.484869,1,0.484619,gather
cloth-funnel,tight,cell2d,162ee,ee,32881,1.58284,0.928232,0.397301,0.152444,0,0,32880,0,0.312536,0,0,0,0,0,0,0,1,1,1,1,gather
cloth-funnel,tight,cell2d,176ee,ee,34403,1.63352,1.59119,0.275129,0.149052,0,0,34401,0,0.321112,1,0,0,0.000295812,0.000295812,0,0.000295812,0.429443,0.429739,2,0.429443,gather
cloth-funnel,tight,cell2d,185ee,ee,35908,1.61813,1.63007,0.295704,0.142269,0,0,35907,0,0.347287,1,0,0,0.000574723,0.000574723,0,0.000574723,0.231812,0.232386,1,0.231812,gather
cloth-funnel,tight,cell2d,193ee,ee,33224,1.61762,1.53174,0.506163,0.165244,0,0,33223,0,0.451412,1,0,0,0.00297863,0.00297863,0,0.00297863,0.849609,0.852588,1,0.849609,gather
cloth-funnel,tight,cell2d,203ee,ee,35575,1.62133,1.61666,0.251193,0.144637,0,0,35574,0,0.335479,1,0,0,9.2756e-05,9.2756e-05,0,9.2756e-05,0.811157,0.81125,1,0.811157,gather
cloth-funnel,tight,cell2d,213ee,ee,42234,1.66056,1.78626,0.303832,0.14966,0,0,42232,0,0.350199,2,0,0,0.00116341,0.00116341,0,0.0010729,0.839202,0.840275,2,0.839111,gather
cloth-funnel,tight,cell2d,220ee,ee,31969,1.65167,1.63525,0.326071,0.179131,0,0,31967,0,0.354903,2,0,0,0.00206054,0.00206054,0,0.00079738,0.215088,0.215885,2,0.215088,gather
cloth-funnel,tight,cell2d,227vf,vf,7319,1.60431,0.491315,0.13558,1.91396,0,0,7227,0,0.611056,27,0,0,0.0154919,0.00276473,0,0.000188275,0.0450439,0.0452322,92,0.0450439,gather
cloth-funnel,tight,cell2d,232vf,vf,6983,1.60079,0.443796,0.1311,0.14806,0,0,6981,0,0.132253,1,0,0,0.000100973,0.000100973,0,0.000100973,0.387268,0.387369,2,0.387268,gather
cloth-funnel,tight,cell2d,239ee,ee,35543,1.56153,1.54114,0.341719,0.97863,0,0,35527,0,0.585808,16,0,0,0.0223381,0,0,0,0,0,16,0,gather
cloth-funnel,tight,cell2d,243vf,vf,7840,1.62629,0.464243,0.120445,0.150428,0,0,7839,0,0.128381,1,0,0,0.000177156,0.000177156,0,0.000177156,0.333496,0.333673,1,0.333496,gather
cloth-funnel,tight,cell2d,249ee,ee,33438,1.5774,1.56095,0.282393,1.14051,0,0,33419,0,0.706541,19,0,0,0.0199673,0,0,0,0,0,19,0,gather
cloth-funnel,tight,cell2d,254ee,ee,35120,1.57285,1.66472,0.341303,0.877865,0,0,35104,0,0.463636,15,0,0,0.000533039,0,0,0,0,0,16,0,gather
cloth-funnel,tight,cell2d,259vf,vf,6185,1.59554,0.473204,0.134076,0.159068,0,0,6181,0,0.15462,4,0,0,0.000354367,0.000187083,0,0.000177713,0.0594053,0.059583,4,0.0594482,gather
cloth-funnel,tight,cell2d,265vf,vf,6576,1.58831,0.503667,0.119389,0.150076,0,0,6575,0,0.122268,1,0,0,0.000203828,0.000203828,0,0.000203828,0.00183105,0.00203488,1,0.00183105,gather
cloth-funnel,tight,cell2d,271vf,vf,6412,1.50329,0.490772,0.111358,0.150204,0,0,6411,0,0.11606,1,0,0,0.000193147,0.000193147,0,0.000193147,0.663696,0.663889,1,0.663696,gather
cloth-funnel,tight,cell2d,278ee,ee,36202,1.54185,1.66473,0.501202,1.48425,0,0,36182,0,0.59896,18,0,0,0.000655129,0,0,0,0,0,20,0,gather
cloth-funnel,tight,cell2d,283vf,vf,6728,1.56972,0.441461,0.174299,0.152892,0,0,6727,0,0.234938,1,0,0,0.000109089,0.000109089,0,0.000109089,0.898926,0.899035,1,0.898926,gather
cloth-funnel,tight,cell2d,289vf,vf,6869,1.5461,0.481171,0.827275,0.765803,0,0,6868,0,0.835242,0,0,0,0,0,0,0,1,1,1,1,gather
cloth-funnel,tight,cell2d,294vf,vf,7006,1.54668,0.455636,3.00642,4.6296,0,0,7001,0,3.65894,3,0,0,0.00150941,0.000582535,0,0.000582535,0.120884,0.121466,5,0.120884,gather
cloth-funnel,tight,cell2d,299ee,ee,41326,1.52438,1.73787,0.83489,6.52149,0,0,41287,0,2.21457,33,0,0,0.0491759,1.02334e-05,0,0,0,0,39,0,gather
cloth-funnel,tight,cell2d,304ee,ee,42647,1.5639,1.70623,0.302712,2.3944,0,0,42612,0,0.993861,33,0,0,0.0469421,1.16586e-05,0,0,0,0,35,0,gather
cloth-funnel,tight,cell2d,309ee,ee,45508,3.31582,1.79909,0.330391,4.67748,0,0,45476,0,2.5464,30,0,0,0.0335938,9.35312e-07,0,0,0,0,32,0,gather
cloth-funnel,tight,cell2d,313vf,vf,7921,1.57509,0.487412,5.0806,12.1339,0,0,7907,0,7.00237,6,0,0,0.0179777,0.00193104,0,0.00193104,0,0.00193104,14,0,gather
cloth-funnel,tight,cell2d,318vf,vf,7657,1.5446,0.52709,0.368246,7.17568,0,0,7643,0,6.06752,10,0,0,0.00184279,4.21916e-06,0,1.88217e-06,4.95911e-05,5.14732e-05,14,4.95911e-05,gather
cloth-funnel,tight,cell2d,323ee,ee,47435,1.57122,2.00075,0.395862,5.75934,0,0,47389,0,1.51033,43,0,0,0.000646816,5.74352e-06,0,0,0,0,46,0,gather
cloth-funnel,tight,cell2d,328ee,ee,60460,1.60012,2.0139,0.352695,2.71676,0,0,60421,0,1.12381,37,0,0,0.00240896,5.71589e-06,0,0,0,0,39,0,gather
cloth-funnel,tight,cell2d,334ee,ee,47191,1.61186,1.81406,0.320536,1.02394,0,0,47168,0,0.652302,20,0,0,0.00126748,0,0,0,0,0,23,0,gather
cloth-funnel,tight,cell2d,338vf,vf,7602,1.57186,0.471636,0.135356,0.138108,0,0,7601,0,0.133533,1,0,0,2.0887e-05,2.0887e-05,0,2.0887e-05,0.000896454,0.000917341,1,0.000896454,gather
cloth-funnel,tight,cell2d,343vf,vf,7167,1.5223,0.485139,0.490131,0.549906,0,0,7165,0,0.473267,1,0,0,5.26327e-05,5.26327e-05,0,5.26327e-05,0.203152,0.203204,2,0.203152,gather
cloth-funnel,tight,cell2d,349ee,ee,46140,1.58117,1.81301,0.299608,1.94049,0,0,46115,0,0.705517,22,0,0,0.000883457,0,0,0,0,0,25,0,gather
cloth-funnel,tight,cell2d,354vf,vf,7149,1.54732,0.479475,0.84689,0.861833,0,0,7147,0,0.836938,1,0,0,0.00590574,0.00590574,0,0.00590574,0.0833282,0.089234,2,0.0833282,gather
cloth-funnel,tight,cell2d,360ee,ee,46845,1.5173,1.86984,0.748844,2.39248,1,0,46813,0,0.768908,29,0,0,0.0172735,1.11865e-05,0,0,0,0,32,0,gather
cloth-funnel,tight,cell2d,365ee,ee,43834,1.5559,1.77298,0.441909,1.93806,0,0,43807,0,1.16096,26,0,0,0.00468615,7.92242e-06,0,0,0,0,27,0,gather
cloth-funnel,tight,cell2d,370vf,vf,8054,1.59225,0.469843,0.267193,0.413174,0,0,8050,0,0.217371,3,0,0,0.00225931,0.00049545,0,0.00049545,0.0720215,0.0725169,4,0.0720215,gather
cloth-funnel,tight,cell2d,376ee,ee,47824,1.50086,1.83266,0.671022,2.22551,0,0,47796,0,0.746124,26,0,0,0.00110793,5.26305e-06,0,0,0,0,28,0,gather
cloth-funnel,tight,cell2d,380vf,vf,8896,1.56434,0.490868,1.64505,2.26356,0,0,8892,0,1.60133,4,0,0,0.0129516,0.00153275,0,0.00145987,0.0279888,0.0294487,4,0.027916,gather
cloth-funnel,tight,cell2d,385vf,vf,16091,1.51724,0.624719,0.544018,0.823914,0,0,16088,0,0.621967,2,0,0,0.000577816,0.000577816,0,0.000577816,0.466553,0.467131,3,0.466553,gather
cloth-funnel,tight,cell2d,390ee,ee,110978,1.50927,2.3905,0.626831,1.4598,0,0,110956,0,0.997446,22,0,0,0.000192703,0,0,0,0,0,22,0,gather
cloth-funnel,tight,cell2d,397ee,ee,191279,1.5654,3.17316,1.07562,1.33315,0,0,191261,0,1.70267,18,0,0,0.000848499,0,0,0,0,0,18,0,gather
cloth-funnel,tight,cell2d,407ee,ee,465510,1.55014,5.97367,1.73435,1.05399,0,0,465491,0,2.30608,18,0,0,0.00144343,0,0,0,0,0,19,0,gather
cloth-funnel,tight,cell2d,414ee,ee,388206,1.4869,5.59454,1.67532,0.791499,0,0,388191,0,1.77733,15,0,0,0.000689295,0,0,0,0,0,15,0,gather
cloth-funnel,tight,cell2d,420vf,vf,131472,1.62386,2.22928,0.481427,1.50114,0,0,131466,0,1.81765,6,0,0,0,0,0,0,0,0,6,0,gather
cloth-funnel,tight,cell2d,425ee,ee,64294,1.6141,2.18209,0.44946,1.09415,0,0,64274,0,0.662926,19,0,0,0.000793667,0,0,0,0,0,20,0,gather
cloth-funnel,tight,cell2d,431ee,ee,20512,1.57221,1.67666,0.178459,1.13901,0,0,20495,0,0.46578,16,0,0,0.000999855,0,0,0,0,0,17,0,gather
cloth-funnel,tight,cell2d,439ee,ee,15414,1.64226,1.56511,0.312696,1.35692,0,0,15397,0,0.467923,16,0,0,0.000490861,0,0,0,0,0,17,0,gather
cloth-funnel,tight,cell2d,445ee,ee,14645,1.61151,1.56172,0.24457,1.14323,0,0,14626,0,0.542993,19,0,0,0.00299332,0,0,0,0,0,19,0,gather
cloth-funnel,tight,cell2d,451vf,vf,2784,1.58693,0.833386,0.266617,0.333079,0,0,2781,0,0.421365,3,0,0,0.00121463,0.00113114,0,0.00113114,0.0181885,0.0193196,3,0.0181885,gather
cloth-funnel,tight,cell2d,460ee,ee,13412,1.50822,1.4743,0.188636,1.09373,0,0,13395,0,0.624432,17,0,0,0.00107961,0,0,0,0,0,17,0,gather
cloth-funnel,tight,cell2d,466ee,ee,13408,1.60636,1.45231,0.336632,1.01777,0,0,13395,0,0.475667,13,0,0,0,0,0,0,0,0,13,0,gather
cloth-funnel,tight,cell2d,473vf,vf,2770,1.57666,0.966567,0.177627,0.131772,0,0,2769,0,0.280153,1,0,0,0.000166584,0.000166584,0,0.000166584,0.47229,0.472457,1,0.47229,gather
cloth-funnel,tight,cell2d,478vf,vf,2776,1.49954,1.00961,0.332279,0.159932,0,0,2774,0,0.308504,2,0,0,0.00049294,0.00049294,0,0.00049294,0.0404053,0.0408982,2,0.0404053,gather
cloth-funnel,tight,cell2d,484ee,ee,13345,1.53052,1.47004,0.30828,1.14336,0,0,13331,0,0.656558,14,0,0,0.00169688,0,0,0,0,0,14,0,gather
cloth-funnel,tight,cell2d,490ee,ee,13332,1.57625,1.46799,0.246777,1.27421,0,0,13317,0,0.483699,14,0,0,0.00367546,0,0,0,0,0,15,0,gather
cloth-funnel,tight,cell2d,495ee,ee,13353,1.59397,1.44499,0.209146,1.46447,0,0,13337,0,0.491027,16,0,0,0.00212432,0,0,0,0,0,16,0,gather
cloth-funnel,tight,cell2d,57ee,ee,27796,1.62594,1.15968,0.251674,0.14742,0,0,27795,0,0.301592,0,0,0,0,0,0,0,1,1,1,1,gather
cloth-funnel,tight,cell2d,103ee,ee,27918,1.20298,0.845578,0.269529,0.13542,0,0,27915,0,0.332087,3,0,0,0.0018329,0.000776686,0,0.000298219,0.174438,0.174737,3,0.174438,gather
cloth-funnel,tight,cell2d,118vf,vf,10771,1.23987,0.409974,0.112349,0.114685,0,0,10765,0,0.123453,1,0,0,0.00116257,0.00116257,0,0.00116257,0.203857,0.20502,6,0.203857,gather
cloth-funnel,tight,cell2d,138ee,ee,31533,1.26435,2.73058,0.289304,0.102781,0,0,31531,0,0.306264,2,0,0,0.00138268,0.00138268,0,0.00120663,0.935059,0.936265,2,0.935059,gather
cloth-funnel,tight,cell2d,148vf,vf,11130,1.30217,0.464052,0.176316,0.093662,0,0,11129,0,0.154203,1,0,0,0.000250163,0.000250163,0,0.000250163,0.484619,0.484869,1,0.484619,gather
cloth-funnel,tight,cell2d,162ee,ee,32881,1.27385,0.822091,0.289752,0.051327,0,0,32880,0,0.28252,0,0,0,0,0,0,0,1,1,1,1,gather
cloth-funnel,tight,cell2d,176ee,ee,34403,1.32649,1.29741,0.246169,0.092829,0,0,34401,0,0.266553,1,0,0,0.000295812,0.000295812,0,0.000295812,0.429443,0.429739,2,0.429443,gather
cloth-funnel,tight,cell2d,185ee,ee,35908,1.31401,1.30854,0.31116,0.07523,0,0,35907,0,0.30268,1,0,0,0.000574723,0.000574723,0,0.000574723,0.231812,0.232386,1,0.231812,gather
cloth-funnel,tight,cell2d,193ee,ee,33224,1.32221,1.36457,0.402998,0.128125,0,0,33223,0,0.388469,1,0,0,0.00297863,0.00297863,0,0.00297863,0.849609,0.852588,1,0.849609,gather
cloth-funnel,tight,cell2d,203ee,ee,35575,1.29376,1.30707,0.244954,0.073054,0,0,35574,0,0.257849,1,0,0,9.2756e-05,9.2756e-05,0,9.2756e-05,0.811157,0.81125,1,0.811157,gather
cloth-funnel,tight,cell2d,213ee,ee,42234,1.3176,1.48562,0.289049,0.078206,0,0,42232,0,0.315544,2,0,0,0.00116341,0.00116341,0,0.0010729,0.839202,0.840275,2,0.839111,gather
cloth-funnel,tight,cell2d,220ee,ee,31969,1.29709,1.32137,0.310296,0.133565,0,0,31967,0,0.363703,2,0,0,0.00206054,0.00206054,0,0.00079738,0.215088,0.215885,2,0.215088,gather
cloth-funnel,tight,cell2d,227vf,vf,7319,1.36931,0.3134,0.52565,1.82808,0,0,7227,0,0.562737,27,0,0,0.0154919,0.00276473,0,0.000188275,0.0450439,0.0452322,92,0.0450439,gather
cloth-funnel,tight,cell2d,232vf,vf,6983,1.31014,0.312855,0.120733,0.098174,0,0,6981,0,0.124157,1,0,0,0.000100973,0.000100973,0,0.000100973,0.387268,0.387369,2,0.387268,gather
cloth-funnel,tight,cell2d,239ee,ee,35543,1.27008,1.35635,0.262905,0.877385,0,0,35527,0,0.538834,16,0,0,0.0223381,0,0,0,0,0,16,0,gather
cloth-funnel,tight,cell2d,243vf,vf,7840,1.29325,0.32716,0.109149,0.067198,0,0,7839,0,0.111517,1,0,0,0.000177156,0.000177156,0,0.000177156,0.333496,0.333673,1,0.333496,gather
cloth-funnel,tight,cell2d,249ee,ee,33438,1.2672,1.3168,0.241914,1.04263,0,0,33419,0,0.654735,19,0,0,0.0199673,0,0,0,0,0,19,0,gather
cloth-funnel,tight,cell2d,254ee,ee,35120,1.32461,1.35481,0.318552,0.833962,0,0,35104,0,0.438036,15,0,0,0.000533039,0,0,0,0,0,16,0,gather
cloth-funnel,tight,cell2d,259vf,vf,6185,1.29232,0.407413,0.126717,0.12198,0,0,6181,0,0.148092,4,0,0,0.000354367,0.000187083,0,0.000177713,0.0594053,0.059583,4,0.0594482,gather
cloth-funnel,tight,cell2d,265vf,vf,6576,1.24697,0.314616,0.107549,0.083358,0,0,6575,0,0.111421,1,0,0,0.000203828,0.000203828,0,0.000203828,0.00183105,0.00203488,1,0.00183105,gather
cloth-funnel,tight,cell2d,271vf,vf,6412,1.25328,0.30444,0.109437,0.068574,0,0,6411,0,0.110461,1,0,0,0.000193147,0.000193147,0,0.000193147,0.663696,0.663889,1,0.663696,gather
cloth-funnel,tight,cell2d,278ee,ee,36202,1.27126,1.41785,0.387574,1.39068,0,0,36182,0,0.578416,18,0,0,0.000655129,0,0,0,0,0,20,0,gather
cloth-funnel,tight,cell2d,283vf,vf,6728,1.2695,0.352055,0.162012,0.067358,0,0,6727,0,0.185531,1,0,0,0.000109089,0.000109089,0,0.000109089,0.898926,0.899035,1,0.898926,gather
cloth-funnel,tight,cell2d,289vf,vf,6869,1.28915,0.305848,0.765324,0.675951,0,0,6868,0,0.754828,0,0,0,0,0,0,0,1,1,1,1,gather
cloth-funnel,tight,cell2d,294vf,vf,7006,1.25651,0.337719,2.97611,4.50308,0,0,7001,0,3.65449,3,0,0,0.00150941,0.000582535,0,0.000582535,0.120884,0.121466,5,0.120884,gather
cloth-funnel,tight,cell2d,299ee,ee,41326,1.24442,1.40883,0.800555,6.43077,0,0,41287,0,2.18282,33,0,0,0.0491759,1.02334e-05,0,0,0,0,39,0,gather
cloth-funnel,tight,cell2d,304ee,ee,42647,1.27664,1.40998,0.289272,2.23892,0,0,42612,0,0.933832,33,0,0,0.0469421,1.16586e-05,0,0,0,0,35,0,gather
cloth-funnel,tight,cell2d,309ee,ee,45508,1.26182,1.40681,0.317239,4.5801,0,0,45476,0,3.55104,30,0,0,0.0335938,9.35312e-07,0,0,0,0,32,0,gather
cloth-funnel,tight,cell2d,313vf,vf,7921,1.30131,0.336695,5.05903,12.198,0,0,7907,0,6.93262,6,0,0,0.0179777,0.00193104,0,0.00193104,0,0.00193104,14,0,gather
cloth-funnel,tight,cell2d,318vf,vf,7657,1.23251,0.340375,0.280568,7.08737,0,0,7643,0,6.12125,10,0,0,0.00184279,4.21916e-06,0,1.88217e-06,4.95911e-05,5.14732e-05,14,4.95911e-05,gather
cloth-funnel,tight,cell2d,323ee,ee,47435,1.41318,1.4863,1.93617,5.73518,0,0,47389,0,1.50815,43,0,0,0.000646816,5.74352e-06,0,0,0,0,46,0,gather
cloth-funnel,tight,cell2d,328ee,ee,60460,1.28541,1.64229,0.355287,2.58489,0,0,60421,0,1.03604,37,0,0,0.00240896,5.71589e-06,0,0,0,0,39,0,gather
cloth-funnel,tight,cell2d,334ee,ee,47191,1.28019,1.54191,0.30876,0.955783,0,0,47168,0,0.645583,20,0,0,0.00126748,0,0,0,0,0,23,0,gather
cloth-funnel,tight,cell2d,338vf,vf,7602,1.32921,0.52821,0.124797,0.080478,0,0,7601,0,0.142748,1,0,0,2.0887e-05,2.0887e-05,0,2.0887e-05,0.000896454,0.000917341,1,0.000896454,gather
cloth-funnel,tight,cell2d,343vf,vf,7167,1.24176,0.474323,0.44418,0.473011,0,0,7165,0,0.434613,1,0,0,5.26327e-05,5.26327e-05,0,5.26327e-05,0.203152,0.203204,2,0.203152,gather
cloth-funnel,tight,cell2d,349ee,ee,46140,1.26221,1.52287,0.325912,1.87947,0,0,46115,0,0.634639,22,0,0,0.000883457,0,0,0,0,0,25,0,gather
cloth-funnel,tight,cell2d,354vf,vf,7149,1.32457,0.461236,0.801291,0.795883,0,0,7147,0,0.77086,1,0,0,0.00590574,0.00590574,0,0.00590574,0.0833282,0.089234,2,0.0833282,gather
cloth-funnel,tight,cell2d,360ee,ee,46845,1.2719,2.1251,0.706286,2.5719,1,0,46813,0,0.743596,29,0,0,0.0172735,1.11865e-05,0,0,0,0,32,0,gather
cloth-funnel,tight,cell2d,365ee,ee,43834,1.27667,1.42252,0.394998,1.80571,0,0,43807,0,1.16589,26,0,0,0.00468615,7.92242e-06,0,0,0,0,27,0,gather
cloth-funnel,tight,cell2d,370vf,vf,8054,1.25536,0.509714,0.24505,0.287833,0,0,8050,0,0.268249,3,0,0,0.00225931,0.00049545,0,0.00049545,0.0720215,0.0725169,4,0.0720215,gather
cloth-funnel,tight,cell2d,376ee,ee,47824,1.27795,1.48947,0.636815,2.13326,0,0,47796,0,0.73278,26,0,0,0.00110793,5.26305e-06,0,0,0,0,28,0,gather
cloth-funnel,tight,cell2d,380vf,vf,8896,1.35468,0.478291,1.579,2.18077,0,0,8892,0,1.50175,4,0,0,0.0129516,0.00153275,0,0.00145987,0.0279888,0.0294487,4,0.027916,gather
cloth-funnel,tight,cell2d,385vf,vf,16091,1.24758,0.585776,0.626384,0.742668,0,0,16088,0,0.59096,2,0,0,0.000577816,0.000577816,0,0.000577816,0.466553,0.467131,3,0.466553,gather
cloth-funnel,tight,cell2d,390ee,ee,110978,1.25283,2.18916,0.527026,1.37731,0,0,110956,0,0.982886,22,0,0,0.000192703,0,0,0,0,0,22,0,gather
cloth-funnel,tight,cell2d,397ee,ee,191279,1.32899,2.92031,1.02353,1.2847,0,0,191261,0,1.56405,18,0,0,0.000848499,0,0,0,0,0,18,0,gather
cloth-funnel,tight,cell2d,407ee,ee,465510,1.2831,5.74743,1.70392,0.988582,0,0,465491,0,2.20797,18,0,0,0.00144343,0,0,0,0,0,19,0,gather
cloth-funnel,tight,cell2d,414ee,ee,388206,1.25158,5.31634,1.49468,0.683246,0,0,388191,0,1.73359,15,0,0,0.000689295,0,0,0,0,0,15,0,gather
cloth-funnel,tight,cell2d,420vf,vf,131472,1.37344,2.05322,0.456404,1.4621,0,0,131466,0,1.78603,6,0,0,0,0,0,0,0,0,6,0,gather
cloth-funnel,tight,cell2d,425ee,ee,64294,1.31705,2.02702,0.355926,0.958503,0,0,64274,0,0.594193,19,0,0,0.000793667,0,0,0,0,0,20,0,gather
cloth-funnel,tight,cell2d,431ee,ee,20512,1.26867,1.38921,0.158972,1.02452,0,0,20495,0,0.412181,16,0,0,0.000999855,0,0,0,0,0,17,0,gather
cloth-funnel,tight,cell2d,439ee,ee,15414,1.26713,1.31088,0.274745,1.24333,0,0,15397,0,0.415797,16,0,0,0.000490861,0,0,0,0,0,17,0,gather
cloth-funnel,tight,cell2d,445ee,ee,14645,1.27469,1.27529,0.282969,1.03168,0,0,14626,0,0.467604,19,0,0,0.00299332,0,0,0,0,0,19,0,gather
cloth-funnel,tight,cell2d,451vf,vf,2784,1.26253,0.705101,0.244186,0.252153,0,0,2781,0,0.29788,3,0,0,0.00121463,0.00113114,0,0.00113114,0.0181885,0.0193196,3,0.0181885,gather
cloth-funnel,tight,cell2d,460ee,ee,13412,1.25424,1.18499,0.179004,1.01053,0,0,13395,0,0.58232,17,0,0,0.00107961,0,0,0,0,0,17,0,gather
cloth-funnel,tight,cell2d,466ee,ee,13408,1.2511,1.17533,0.307032,0.946311,0,0,13395,0,0.447349,13,0,0,0,0,0,0,0,0,13,0,gather
cloth-funnel,tight,cell2d,473vf,vf,2770,1.25347,0.729485,0.169659,0.049343,0,0,2769,0,0.204763,1,0,0,0.000166584,0.000166584,0,0.000166584,0.47229,0.472457,1,0.47229,gather
cloth-funnel,tight,cell2d,478vf,vf,2776,1.24394,0.808459,0.284824,0.120413,0,0,2774,0,0.283769,2,0,0,0.00049294,0.00049294,0,0.00049294,0.0404053,0.0408982,2,0.0404053,gather
cloth-funnel,tight,cell2d,484ee,ee,13345,1.24825,1.16733,0.228698,1.04144,0,0,13331,0,0.589425,14,0,0,0.00169688,0,0,0,0,0,14,0,gather
cloth-funnel,tight,cell2d,490ee,ee,13332,1.29507,1.18765,0.193563,1.29325,0,0,13317,0,0.42178,14,0,0,0.00367546,0,0,0,0,0,15,0,gather
cloth-funnel,tight,cell2d,495ee,ee,13353,1.34393,1.18602,0.174651,1.41606,0,0,13337,0,0.457044,16,0,0,0.00212432,0,0,0,0,0,16,0,gather
cloth-funnel,tight,cell2d,57ee,ee,27796,1.32355,0.900616,0.258393,0.069406,0,0,27795,0,0.281081,0,0,0,0,0,0,0,1,1,1,1,gather
cloth-funnel,tight,cell2d,103ee,ee,27918,1.19082,0.885577,0.30684,0.138332,0,0,27915,0,0.315576,3,0,0,0.0018329,0.000776686,0,0.000298219,0.174438,0.174737,3,0.174438,gather
cloth-funnel,tight,cell2d,118vf,vf,10771,1.15482,0.422069,0.113597,0.117053,0,0,10765,0,0.126396,1,0,0,0.00116257,0.00116257,0,0.00116257,0.203857,0.20502,6,0.203857,gather
cloth-funnel,tight,cell2d,138ee,ee,31533,1.30758,0.842218,0.293752,0.108349,0,0,31531,0,0.31644,2,0,0,0.00138268,0.00138268,0,0.00120663,0.935059,0.936265,2,0.935059,gather
cloth-funnel,tight,cell2d,148vf,vf,11130,1.28237,0.459412,0.193402,0.094366,0,0,11129,0,0.155644,1,0,0,0.000250163,0.000250163,0,0.000250163,0.484619,0.484869,1,0.484619,gather
cloth-funnel,tight,cell2d,162ee,ee,32881,1.26073,0.77966,0.282104,0.08419,0,0,32880,0,0.272249,0,0,0,0,0,0,0,1,1,1,1,gather
cloth-funnel,tight,cell2d,176ee,ee,34403,1.37456,1.32432,0.246073,0.091453,0,0,34401,0,0.267353,1,0,0,0.000295812,0.000295812,0,0.000295812,0.429443,0.429739,2,0.429443,gather
cloth-funnel,tight,cell2d,185ee,ee,35908,1.32652,1.30496,0.318712,0.077246,0,0,35907,0,0.30188,1,0,0,0.000574723,0.000574723,0,0.000574723,0.231812,0.232386,1,0.231812,gather
cloth-funnel,tight,cell2d,193ee,ee,33224,1.31757,1.33801,0.386454,0.130877,0,0,33223,0,0.382806,1,0,0,0.00297863,0.00297863,0,0.00297863,0.849609,0.852588,1,0.849609,gather
cloth-funnel,tight,cell2d,203ee,ee,35575,1.35491,1.3079,0.239834,0.07779,0,0,35574,0,0.258425,1,0,0,9.2756e-05,9.2756e-05,0,9.2756e-05,0.811157,0.81125,1,0.811157,gather
cloth-funnel,tight,cell2d,213ee,ee,42234,1.32509,1.46927,0.290136,0.080382,0,0,42232,0,0.326776,2,0,0,0.00116341,0.00116341,0,0.0010729,0.839202,0.840275,2,0.839111,gather
cloth-funnel,tight,cell2d,220ee,ee,31969,1.29181,1.33296,0.297176,0.132477,0,0,31967,0,0.295705,2,0,0,0.00206054,0.00206054,0,0.00079738,0.215088,0.215885,2,0.215088,gather
cloth-funnel,tight,cell2d,227vf,vf,7319,1.35222,0.437685,0.12918,1.78251,0,0,7227,0,0.587761,27,0,0,0.0154919,0.00276473,0,0.000188275,0.0450439,0.0452322,92,0.0450439,gather
cloth-funnel,tight,cell2d,232vf,vf,6983,1.32131,0.417525,0.121021,0.111965,0,0,6981,0,0.124477,1,0,0,0.000100973,0.000100973,0,0.000100973,0.387268,0.387369,2,0.387268,gather
cloth-funnel,tight,cell2d,239ee,ee,35543,1.26643,1.34694,0.254873,1.00609,0,0,35527,0,0.55909,16,0,0,0.0223381,0,0,0,0,0,16,0,gather
cloth-funnel,tight,cell2d,243vf,vf,7840,1.33392,0.45426,0.109726,0.081022,0,0,7839,0,0.111005,1,0,0,0.000177156,0.000177156,0,0.000177156,0.333496,0.333673,1,0.333496,gather
cloth-funnel,tight,cell2d,249ee,ee,33438,1.29901,1.26512,0.28412,1.07344,0,0,33419,0,0.645903,19,0,0,0.0199673,0,0,0,0,0,19,0,gather
cloth-funnel,tight,cell2d,254ee,ee,35120,1.29491,1.39276,0.320216,0.762763,0,0,35104,0,0.416245,15,0,0,0.000533039,0,0,0,0,0,16,0,gather
cloth-funnel,tight,cell2d,259vf,vf,6185,1.29209,0.471796,0.127644,0.131837,0,0,6181,0,0.161244,4,0,0,0.000354367,0.000187083,0,0.000177713,0.0594053,0.059583,4,0.0594482,gather
cloth-funnel,tight,cell2d,265vf,vf,6576,1.30201,0.371575,0.110685,0.071966,0,0,6575,0,0.110621,1,0,0,0.000203828,0.000203828,0,0.000203828,0.00183105,0.00203488,1,0.00183105,gather
cloth-funnel,tight,cell2d,271vf,vf,6412,1.24918,0.343607,0.107582,0.073598,0,0,6411,0,0.10563,1,0,0,0.000193147,0.000193147,0,0.000193147,0.663696,0.663889,1,0.663696,gather
cloth-funnel,tight,cell2d,278ee,ee,36202,1.29049,1.38348,0.400629,1.40223,0,0,36182,0,0.572433,18,0,0,0.000655129,0,0,0,0,0,20,0,gather
cloth-funnel,tight,cell2d,283vf,vf,6728,1.28614,0.340055,0.162076,0.069822,0,0,6727,0,0.194011,1,0,0,0.000109089,0.000109089,0,0.000109089,0.898926,0.899035,1,0.898926,gather
cloth-funnel,tight,cell2d,289vf,vf,6869,1.30979,0.343479,0.771116,0.687726,0,0,6868,0,0.767276,0,0,0,0,0,0,0,1,1,1,1,gather
cloth-funnel,tight,cell2d,294vf,vf,7006,1.3214,0.334455,2.96834,4.52446,0,0,7001,0,3.67625,3,0,0,0.00150941,0.000582535,0,0.000582535,0.120884,0.121466,5,0.120884,gather
cloth-funnel,tight,cell2d,299ee,ee,41326,1.30688,1.41414,0.799403,6.45605,0,0,41287,0,2.13374,33,0,0,0.0491759,1.02334e-05,0,0,0,0,39,0,gather
cloth-funnel,tight,cell2d,304ee,ee,42647,1.31171,1.40681,0.290617,2.24506,0,0,42612,0,0.899272,33,0,0,0.0469421,1.16586e-05,0,0,0,0,35,0,gather
cloth-funnel,tight,cell2d,309ee,ee,45508,1.30857,1.45257,0.332504,4.57223,0,0,45476,0,2.50633,30,0,0,0.0335938,9.35312e-07,0,0,0,0,32,0,gather
cloth-funnel,tight,cell2d,313vf,vf,7921,1.35516,0.414965,5.08854,12.1725,0,0,7907,0,7.02129,6,0,0,0.0179777,0.00193104,0,0.00193104,0,0.00193104,14,0,gather
cloth-funnel,tight,cell2d,318vf,vf,7657,1.27193,0.335447,0.39679,7.0265,0,0,7643,0,6.05622,10,0,0,0.00184279,4.21916e-06,0,1.88217e-06,4.95911e-05,5.14732e-05,14,4.95911e-05,gather
cloth-funnel,tight,cell2d,323ee,ee,47435,1.35628,1.5094,0.381942,5.67569,0,0,47389,0,1.46572,43,0,0,0.000646816,5.74352e-06,0,0,0,0,46,0,gather
cloth-funnel,tight,cell2d,328ee,ee,60460,1.27069,1.7068,0.367767,2.58198,0,0,60421,0,1.0232,37,0,0,0.00240896,5.71589e-06,0,0,0,0,39,0,gather
cloth-funnel,tight,cell2d,334ee,ee,47191,1.29622,1.49311,0.347255,0.912295,0,0,47168,0,0.583184,20,0,0,0.00126748,0,0,0,0,0,23,0,gather
cloth-funnel,tight,cell2d,338vf,vf,7602,1.33484,0.397622,0.127645,0.074302,0,0,7601,0,0.140828,1,0,0,2.0887e-05,2.0887e-05,0,2.0887e-05,0.000896454,0.000917341,1,0.000896454,gather
cloth-funnel,tight,cell2d,343vf,vf,7167,1.2375,0.381942,0.439061,0.472916,0,0,7165,0,0.43586,1,0,0,5.26327e-05,5.26327e-05,0,5.26327e-05,0.203152,0.203204,2,0.203152,gather
cloth-funnel,tight,cell2d,349ee,ee,46140,1.28003,1.50415,0.324535,1.87982,0,0,46115,0,0.630864,22,0,0,0.000883457,0,0,0,0,0,25,0,gather
cloth-funnel,tight,cell2d,354vf,vf,7149,1.27625,0.369399,0.894024,0.761708,0,0,7147,0,0.790603,1,0,0,0.00590574,0.00590574,0,0.00590574,0.0833282,0.089234,2,0.0833282,gather
cloth-funnel,tight,cell2d,360ee,ee,46845,1.3798,1.523,0.677486,2.29095,1,0,46813,0,0.770059,29,0,0,0.0172735,1.11865e-05,0,0,0,0,32,0,gather
cloth-funnel,tight,cell2d,365ee,ee,43834,1.28713,1.51378,0.403222,1.81298,0,0,43807,0,1.13584,26,0,0,0.00468615,7.92242e-06,0,0,0,0,27,0,gather
cloth-funnel,tight,cell2d,370vf,vf,8054,1.2976,0.393846,0.241049,0.302008,0,0,8050,0,0.228922,3,0,0,0.00225931,0.00049545,0,0.00049545,0.0720215,0.0725169,4,0.0720215,gather
cloth-funnel,tight,cell2d,376ee,ee,47824,1.27664,1.48236,0.656014,2.15153,0,0,47796,0,0.724077,26,0,0,0.00110793,5.26305e-06,0,0,0,0,28,0,gather
cloth-funnel,tight,cell2d,380vf,vf,8896,1.29657,0.382294,1.55593,2.18813,0,0,8892,0,1.52905,4,0,0,0.0129516,0.00153275,0,0.00145987,0.0279888,0.0294487,4,0.027916,gather
cloth-funnel,tight,cell2d,385vf,vf,16091,1.26176,0.433493,0.619696,0.761708,0,0,16088,0,0.545009,2,0,0,0.000577816,0.000577816,0,0.000577816,0.466553,0.467131,3,0.466553,gather
cloth-funnel,tight,cell2d,390ee,ee,110978,1.27843,2.25501,0.526898,1.36649,0,0,110956,0,1.07658,22,0,0,0.000192703,0,0,0,0,0,22,0,gather
cloth-funnel,tight,cell2d,397ee,ee,191279,1.31414,2.99279,1.03028,1.24026,0,0,191261,0,1.65663,18,0,0,0.000848499,0,0,0,0,0,18,0,gather
cloth-funnel,tight,cell2d,407ee,ee,465510,1.28499,5.85258,1.71685,0.990502,0,0,465491,0,2.20426,18,0,0,0.00144343,0,0,0,0,0,19,0,gather
cloth-funnel,tight,cell2d,414ee,ee,388206,1.26006,5.37659,1.48428,0.701965,0,0,388191,0,1.68965,15,0,0,0.000689295,0,0,0,0,0,15,0,gather
cloth-funnel,tight,cell2d,420vf,vf,131472,1.35101,2.02903,0.496243,1.43043,0,0,131466,0,1.78856,6,0,0,0,0,0,0,0,0,6,0,gather
cloth-funnel,tight,cell2d,425ee,ee,64294,1.30582,2.0689,0.359383,1.00266,0,0,64274,0,0.599632,19,0,0,0.000793667,0,0,0,0,0,20,0,gather
cloth-funnel,tight,cell2d,431ee,ee,20512,1.32438,1.38735,0.168924,1.08253,0,0,20495,0,0.411541,16,0,0,0.000999855,0,0,0,0,0,17,0,gather
cloth-funnel,tight,cell2d,439ee,ee,15414,1.31821,1.28176,0.281048,1.27542,0,0,15397,0,0.421685,16,0,0,0.000490861,0,0,0,0,0,17,0,gather
cloth-funnel,tight,cell2d,445ee,ee,14645,1.31808,1.30697,0.231194,1.13642,0,0,14626,0,0.508819,19,0,0,0.00299332,0,0,0,0,0,19,0,gather
cloth-funnel,tight,cell2d,451vf,vf,2784,1.29782,0.605232,0.275193,0.255065,0,0,2781,0,0.319512,3,0,0,0.00121463,0.00113114,0,0.00113114,0.0181885,0.0193196,3,0.0181885,gather
cloth-funnel,tight,cell2d,460ee,ee,13412,1.24819,1.18227,0.176891,1.0137,0,0,13395,0,0.608496,17,0,0,0.00107961,0,0,0,0,0,17,0,gather
cloth-funnel,tight,cell2d,466ee,ee,13408,1.2984,1.17645,0.349399,0.963431,0,0,13395,0,0.444532,13,0,0,0,0,0,0,0,0,13,0,gather
cloth-funnel,tight,cell2d,473vf,vf,2770,1.24435,0.745388,0.170908,0.074814,0,0,2769,0,0.237914,1,0,0,0.000166584,0.000166584,0,0.000166584,0.47229,0.472457,1,0.47229,gather
cloth-funnel,tight,cell2d,478vf,vf,2776,1.24755,0.821322,0.286009,0.126301,0,0,2774,0,0.283128,2,0,0,0.00049294,0.00049294,0,0.00049294,0.0404053,0.0408982,2,0.0404053,gather
cloth-funnel,tight,cell2d,484ee,ee,13345,1.27466,1.22048,0.227418,1.03812,0,0,13331,0,0.578961,14,0,0,0.00169688,0,0,0,0,0,14,0,gather
cloth-funnel,tight,cell2d,490ee,ee,13332,1.27261,1.16835,0.201499,1.18666,0,0,13317,0,0.478323,14,0,0,0.00367546,0,0,0,0,0,15,0,gather
cloth-funnel,tight,cell2d,495ee,ee,13353,1.26557,1.18349,0.175451,1.36678,0,0,13337,0,0.444981,16,0,0,0.00212432,0,0,0,0,0,16,0,gather
cloth-funnel,tight,cell2d,57ee,ee,27796,1.29747,0.920936,0.243129,0.073406,0,0,27795,0,0.262777,0,0,0,0,0,0,0,1,1,1,1,gather
cloth-funnel,tight,cell2dmin,103ee,ee,27918,0.92804,0.43746,0.305144,0.139548,0,0,27915,0,0.282328,3,0,0,0.0018329,0.000776686,0,0.000298219,0.174438,0.174737,3,0.174438,packed
cloth-funnel,tight,cell2dmin,118vf,vf,10771,0.903304,0.45842,0.111709,0.113853,0,0,10765,0,0.12502,1,0,0,0.00116257,0.00116257,0,0.00116257,0.203857,0.20502,6,0.203857,packed
cloth-funnel,tight,cell2dmin,138ee,ee,31533,1.3016,0.429141,0.298584,0.107613,0,0,31531,0,0.32812,2,0,0,0.00138268,0.00138268,0,0.00120663,0.935059,0.936265,2,0.935059,packed
cloth-funnel,tight,cell2dmin,148vf,vf,11130,1.30285,0.522834,0.151484,0.090494,0,0,11129,0,0.15862,1,0,0,0.000250163,0.000250163,0,0.000250163,0.484619,0.484869,1,0.484619,packed
cloth-funnel,tight,cell2dmin,162ee,ee,32881,1.22726,0.391478,0.326071,0.070623,0,0,32880,0,0.254105,0,0,0,0,0,0,0,1,1,1,1,packed
cloth-funnel,tight,cell2dmin,176ee,ee,34403,1.19238,0.470836,0.284792,0.095326,0,0,34401,0,0.290201,1,0,0,0.000295812,0.000295812,0,0.000295812,0.429443,0.429739,2,0.429443,packed
cloth-funnel,tight,cell2dmin,185ee,ee,35908,1.26842,0.399382,0.281048,0.085021,0,0,35907,0,0.295608,1,0,0,0.000574723,0.000574723,0,0.000574723,0.231812,0.232386,1,0.231812,packed
cloth-funnel,tight,cell2dmin,193ee,ee,33224,1.23837,0.395766,0.348183,0.129213,0,0,33223,0,0.37599,1,0,0,0.00297863,0.00297863,0,0.00297863,0.849609,0.852588,1,0.849609,packed
cloth-funnel,tight,cell2dmin,203ee,ee,35575,1.20173,0.543954,0.254713,0.071198,0,0,35574,0,0.265817,1,0,0,9.2756e-05,9.2756e-05,0,9.2756e-05,0.811157,0.81125,1,0.811157,packed
cloth-funnel,tight,cell2dmin,213ee,ee,42234,1.2879,0.392342,0.386454,0.086526,0,0,42232,0,0.312152,2,0,0,0.00116341,0.00116341,0,0.0010729,0.839202,0.840275,2,0.839111,packed
cloth-funnel,tight,cell2dmin,220ee,ee,31969,1.15632,0.369751,0.271384,0.134876,0,0,31967,0,0.360823,2,0,0,0.00206054,0.00206054,0,0.00079738,0.215088,0.215885,2,0.215088,packed
cloth-funnel,tight,cell2dmin,227vf,vf,7319,1.21053,0.366839,0.125308,1.79138,0,0,7227,0,0.570289,27,0,0,0.0154919,0.00276473,0,0.000188275,0.0450439,0.0452322,92,0.0450439,packed
cloth-funnel,tight,cell2dmin,232vf,vf,6983,1.20678,0.264153,0.120764,0.095646,0,0,6981,0,0.124701,1,0,0,0.000100973,0.000100973,0,0.000100973,0.387268,0.387369,2,0.387268,packed
cloth-funnel,tight,cell2dmin,239ee,ee,35543,1.19773,0.417973,0.258681,0.907592,0,0,35527,0,0.701166,16,0,0,0.0223381,0,0,0,0,0,16,0,packed
cloth-funnel,tight,cell2dmin,243vf,vf,7840,1.28406,0.332311,0.109405,0.061886,0,0,7839,0,0.109149,1,0,0,0.000177156,0.000177156,0,0.000177156,0.333496,0.333673,1,0.333496,packed
cloth-funnel,tight,cell2dmin,249ee,ee,33438,1.21011,0.370614,0.245689,1.09268,0,0,33419,0,0.651503,19,0,0,0.0199673,0,0,0,0,0,19,0,packed
cloth-funnel,tight,cell2dmin,254ee,ee,35120,1.31971,0.39103,0.358455,0.772907,0,0,35104,0,0.43986,15,0,0,0.000533039,0,0,0,0,0,16,0,packed
cloth-funnel,tight,cell2dmin,259vf,vf,6185,1.28461,0.242105,0.124797,0.121309,0,0,6181,0,0.145788,4,0,0,0.000354367,0.000187083,0,0.000177713,0.0594053,0.059583,4,0.0594482,packed
cloth-funnel,tight,cell2dmin,265vf,vf,6576,1.20566,0.23273,0.106909,0.102302,0,0,6575,0,0.114301,1,0,0,0.000203828,0.000203828,0,0.000203828,0.00183105,0.00203488,1,0.00183105,packed
cloth-funnel,tight,cell2dmin,271vf,vf,6412,1.19962,0.236986,0.103421,0.095773,0,0,6411,0,0.107645,1,0,0,0.000193147,0.000193147,0,0.000193147,0.663696,0.663889,1,0.663696,packed
cloth-funnel,tight,cell2dmin,278ee,ee,36202,1.24646,0.364566,0.432277,1.42598,0,0,36182,0,0.656302,18,0,0,0.000655129,0,0,0,0,0,20,0,packed
cloth-funnel,tight,cell2dmin,283vf,vf,6728,1.26521,0.245722,0.160379,0.067998,0,0,6727,0,0.207995,1,0,0,0.000109089,0.000109089,0,0.000109089,0.898926,0.899035,1,0.898926,packed
cloth-funnel,tight,cell2dmin,289vf,vf,6869,1.21574,0.230874,0.787659,0.730092,0,0,6868,0,0.744076,0,0,0,0,0,0,0,1,1,1,1,packed
cloth-funnel,tight,cell2dmin,294vf,vf,7006,1.18333,0.234938,3.66243,4.57018,0,0,7001,0,3.63914,3,0,0,0.00150941,0.000582535,0,0.000582535,0.120884,0.121466,5,0.120884,packed
cloth-funnel,tight,cell2dmin,299ee,ee,41326,1.22138,0.37855,0.85377,6.45605,0,0,41287,0,2.0315,33,0,0,0.0491759,1.02334e-05,0,0,0,0,39,0,packed
cloth-funnel,tight,cell2dmin,304ee,ee,42647,1.24438,0.382518,0.428085,2.26317,0,0,42612,0,0.776075,33,0,0,0.0469421,1.16586e-05,0,0,0,0,35,0,packed
cloth-funnel,tight,cell2dmin,309ee,ee,45508,1.26237,0.39231,1.82411,4.57012,0,0,45476,0,2.8054,30,0,0,0.0335938,9.35312e-07,0,0,0,0,32,0,packed
cloth-funnel,tight,cell2dmin,313vf,vf,7921,1.21555,0.257401,5.07862,12.2465,0,0,7907,0,6.98554,6,0,0,0.0179777,0.00193104,0,0.00193104,0,0.00193104,14,0,packed
cloth-funnel,tight,cell2dmin,318vf,vf,7657,1.14848,0.247738,0.28492,7.10468,0,0,7643,0,6.06464,10,0,0,0.00184279,4.21916e-06,0,1.88217e-06,4.95911e-05,5.14732e-05,14,4.95911e-05,packed
cloth-funnel,tight,cell2dmin,323ee,ee,47435,1.18586,0.372662,1.29462,5.69886,0,0,47389,0,1.41583,43,0,0,0.000646816,5.74352e-06,0,0,0,0,46,0,packed
cloth-funnel,tight,cell2dmin,328ee,ee,60460,1.26083,0.479027,0.742861,2.59878,0,0,60421,0,0.933607,37,0,0,0.00240896,5.71589e-06,0,0,0,0,39,0,packed
cloth-funnel,tight,cell2dmin,334ee,ee,47191,1.32867,0.386294,0.383701,0.916552,0,0,47168,0,0.55109,20,0,0,0.00126748,0,0,0,0,0,23,0,packed
cloth-funnel,tight,cell2dmin,338vf,vf,7602,1.40316,0.239417,0.124957,0.07027,0,0,7601,0,0.128477,1,0,0,2.0887e-05,2.0887e-05,0,2.0887e-05,0.000896454,0.000917341,1,0.000896454,packed
cloth-funnel,tight,cell2dmin,343vf,vf,7167,1.14614,0.250938,0.437972,0.469972,0,0,7165,0,0.519538,1,0,0,5.26327e-05,5.26327e-05,0,5.26327e-05,0.203152,0.203204,2,0.203152,packed
cloth-funnel,tight,cell2dmin,349ee,ee,46140,1.19802,0.373206,0.455508,1.86258,0,0,46115,0,0.614064,22,0,0,0.000883457,0,0,0,0,0,25,0,packed
cloth-funnel,tight,cell2dmin,354vf,vf,7149,1.33827,0.247802,0.798506,0.819146,0,0,7147,0,0.797035,1,0,0,0.00590574,0.00590574,0,0.00590574,0.0833282,0.089234,2,0.0833282,packed
cloth-funnel,tight,cell2dmin,360ee,ee,46845,1.24573,0.38671,0.31596,2.31523,1,0,46813,0,0.793131,29,0,0,0.0172735,1.11865e-05,0,0,0,0,32,0,packed
cloth-funnel,tight,cell2dmin,365ee,ee,43834,1.26185,0.377942,0.481075,1.81643,0,0,43807,0,0.82145,26,0,0,0.00468615,7.92242e-06,0,0,0,0,27,0,packed
cloth-funnel,tight,cell2dmin,370vf,vf,8054,1.28256,0.256026,0.235001,0.291705,0,0,8050,0,0.300792,3,0,0,0.00225931,0.00049545,0,0.00049545,0.0720215,0.0725169,4,0.0720215,packed
cloth-funnel,tight,cell2dmin,376ee,ee,47824,1.25222,0.36735,0.45842,2.17975,0,0,47796,0,0.86081,26,0,0,0.00110793,5.26305e-06,0,0,0,0,28,0,packed
cloth-funnel,tight,cell2dmin,380vf,vf,8896,1.30061,0.261113,1.56559,2.19735,0,0,8892,0,1.5502,4,0,0,0.0129516,0.00153275,0,0.00145987,0.0279888,0.0294487,4,0.027916,packed
cloth-funnel,tight,cell2dmin,385vf,vf,16091,1.21069,0.336151,0.60024,0.742509,0,0,16088,0,0.544882,2,0,0,0.000577816,0.000577816,0,0.000577816,0.466553,0.467131,3,0.466553,packed
cloth-funnel,tight,cell2dmin,390ee,ee,110978,1.20336,0.671118,0.556657,1.32841,0,0,110956,0,0.85457,22,0,0,0.000192703,0,0,0,0,0,22,0,packed
cloth-funnel,tight,cell2dmin,397ee,ee,191279,1.36985,0.862921,0.888584,1.24598,0,0,191261,0,1.39318,18,0,0,0.000848499,0,0,0,0,0,18,0,packed
cloth-funnel,tight,cell2dmin,407ee,ee,465510,1.28934,1.31427,1.88456,0.949287,0,0,465491,0,2.30807,18,0,0,0.00144343,0,0,0,0,0,19,0,packed
cloth-funnel,tight,cell2dmin,414ee,ee,388206,1.3088,1.16403,1.52457,0.688782,0,0,388191,0,1.78504,15,0,0,0.000689295,0,0,0,0,0,15,0,packed
cloth-funnel,tight,cell2dmin,420vf,vf,131472,1.27725,1.34409,0.538194,1.42495,0,0,131466,0,1.80629,6,0,0,0,0,0,0,0,0,6,0,packed
cloth-funnel,tight,cell2dmin,425ee,ee,64294,1.31792,0.580464,0.356471,0.965126,0,0,64274,0,0.622447,19,0,0,0.000793667,0,0,0,0,0,20,0,packed
cloth-funnel,tight,cell2dmin,431ee,ee,20512,1.25818,0.574769,0.190363,1.05581,0,0,20495,0,0.420469,16,0,0,0.000999855,0,0,0,0,0,17,0,packed
cloth-funnel,tight,cell2dmin,439ee,ee,15414,1.32294,0.594161,0.381302,1.22925,0,0,15397,0,0.486131,16,0,0,0.000490861,0,0,0,0,0,17,0,packed
cloth-funnel,tight,cell2dmin,445ee,ee,14645,1.3096,0.69307,0.175803,1.0289,0,0,14626,0,0.537074,19,0,0,0.00299332,0,0,0,0,0,19,0,packed
cloth-funnel,tight,cell2dmin,451vf,vf,2784,1.3456,0.358102,0.362359,0.263322,0,0,2781,0,0.309911,3,0,0,0.00121463,0.00113114,0,0.00113114,0.0181885,0.0193196,3,0.0181885,packed
cloth-funnel,tight,cell2dmin,460ee,ee,13412,1.23792,0.665583,0.290904,1.01876,0,0,13395,0,0.511859,17,0,0,0.00107961,0,0,0,0,0,17,0,packed
cloth-funnel,tight,cell2dmin,466ee,ee,13408,1.40361,0.685166,0.194203,0.961639,0,0,13395,0,0.410261,13,0,0,0,0,0,0,0,0,13,0,packed
cloth-funnel,tight,cell2dmin,473vf,vf,2770,1.32489,0.517523,0.250682,0.051935,0,0,2769,0,0.195899,1,0,0,0.000166584,0.000166584,0,0.000166584,0.47229,0.472457,1,0.47229,packed
cloth-funnel,tight,cell2dmin,478vf,vf,2776,1.34432,0.524722,0.316983,0.125917,0,0,2774,0,0.287289,2,0,0,0.00049294,0.00049294,0,0.00049294,0.0404053,0.0408982,2,0.0404053,packed
cloth-funnel,tight,cell2dmin,484ee,ee,13345,1.24054,0.649519,0.340887,1.0592,0,0,13331,0,0.669038,14,0,0,0.00169688,0,0,0,0,0,14,0,packed
cloth-funnel,tight,cell2dmin,490ee,ee,13332,1.32147,0.724204,0.194267,1.19747,0,0,13317,0,0.423445,14,0,0,0.00367546,0,0,0,0,0,15,0,packed
cloth-funnel,tight,cell2dmin,495ee,ee,13353,1.3328,0.640975,0.289336,1.39567,0,0,13337,0,0.458708,16,0,0,0.00212432,0,0,0,0,0,16,0,packed
cloth-funnel,tight,cell2dmin,57ee,ee,27796,1.3623,0.457044,0.271449,0.081502,0,0,27795,0,0.322167,0,0,0,0,0,0,0,1,1,1,1,packed
cloth-funnel,tight,cell2dmin,103ee,ee,27918,0.923816,0.464308,0.257113,0.166524,0,0,27915,0,0.297016,3,0,0,0.0018329,0.000776686,0,0.000272232,0.174464,0.174737,3,0.174438,packed
cloth-funnel,tight,cell2dmin,118vf,vf,10771,0.946983,0.431604,0.142333,0.116061,0,0,10765,0,0.531921,1,0,0,0.00116257,0.00116257,0,0.00116257,0.203857,0.20502,6,0.203857,packed
cloth-funnel,tight,cell2dmin,138ee,ee,31533,1.20893,0.425557,0.30636,0.111069,0,0,31531,0,0.322167,2,0,0,0.00138268,0.00138268,0,0.00120663,0.935059,0.936265,2,0.935059,packed
cloth-funnel,tight,cell2dmin,148vf,vf,11130,1.28848,0.696013,0.151068,0.093598,0,0,11129,0,0.161724,1,0,0,0.000250163,0.000250163,0,0.000250163,0.484619,0.484869,1,0.484619,packed
cloth-funnel,tight,cell2dmin,162ee,ee,32881,1.28525,0.398646,0.247193,0.072094,0,0,32880,0,0.255642,0,0,0,0,0,0,0,1,1,1,1,packed
cloth-funnel,tight,cell2dmin,176ee,ee,34403,1.20439,0.497139,0.296792,0.097246,0,0,34401,0,0.289304,1,0,0,0.000295812,0.000295812,0,0.000295812,0.429443,0.429739,2,0.429443,packed
cloth-funnel,tight,cell2dmin,185ee,ee,35908,1.27817,0.624111,0.277369,0.082718,0,0,35907,0,0.29772,1,0,0,0.000574723,0.000574723,0,0.000574723,0.231812,0.232386,1,0.231812,packed
cloth-funnel,tight,cell2dmin,193ee,ee,33224,1.24678,0.50709,0.408086,0.128957,0,0,33223,0,0.372694,1,0,0,0.00297863,0.00297863,0,0.00297863,0.849609,0.852588,1,0.849609,packed
cloth-funnel,tight,cell2dmin,203ee,ee,35575,1.30499,0.445204,0.269305,0.074878,0,0,35574,0,0.272025,1,0,0,9.2756e-05,9.2756e-05,0,9.2756e-05,0.811157,0.81125,1,0.811157,packed
cloth-funnel,tight,cell2dmin,213ee,ee,42234,1.28109,0.402966,0.292024,0.081085,0,0,42232,0,0.310328,2,0,0,0.00116341,0.00116341,0,0.0010729,0.839202,0.840275,2,0.839111,packed
cloth-funnel,tight,cell2dmin,220ee,ee,31969,1.28,0.411094,0.293849,0.134492,0,0,31967,0,0.365014,2,0,0,0.00206054,0.00206054,0,0.00079738,0.215088,0.215885,2,0.215088,packed
cloth-funnel,tight,cell2dmin,227vf,vf,7319,1.25347,0.396502,0.126844,1.79074,0,0,7227,0,0.572465,27,0,0,0.0154919,0.00276473,0,0.000188275,0.0450439,0.0452322,92,0.0450439,packed
cloth-funnel,tight,cell2dmin,232vf,vf,6983,1.17101,0.362742,0.225626,0.109021,0,0,6981,0,0.146716,1,0,0,0.000100973,0.000100973,0,0.000100973,0.387268,0.387369,2,0.387268,packed
cloth-funnel,tight,cell2dmin,239ee,ee,35543,1.29011,0.384278,0.258457,0.898025,0,0,35527,0,0.68891,16,0,0,0.0223381,0,0,0,0,0,16,0,packed
cloth-funnel,tight,cell2dmin,243vf,vf,7840,1.36915,0.368822,0.111165,0.074238,0,0,7839,0,0.114813,1,0,0,0.000177156,0.000177156,0,0.000177156,0.333496,0.333673,1,0.333496,packed
cloth-funnel,tight,cell2dmin,249ee,ee,33438,1.26057,0.381558,0.246394,1.10471,0,0,33419,0,0.676814,19,0,0,0.0199673,0,0,0,0,0,19,0,packed
cloth-funnel,tight,cell2dmin,254ee,ee,35120,1.30355,0.397398,0.352694,0.75486,0,0,35104,0,0.447541,15,0,0,0.000533039,0,0,0,0,0,16,0,packed
cloth-funnel,tight,cell2dmin,259vf,vf,6185,1.28192,0.357495,0.125916,0.125085,0,0,6181,0,0.151804,4,0,0,0.000354367,0.000187083,0,0.000177713,0.0594053,0.059583,4,0.0594482,packed
cloth-funnel,tight,cell2dmin,265vf,vf,6576,1.21408,0.398582,0.109821,0.07235,0,0,6575,0,0.110621,1,0,0,0.000203828,0.000203828,0,0.000203828,0.00183105,0.00203488,1,0.00183105,packed
cloth-funnel,tight,cell2dmin,271vf,vf,6412,1.16512,0.361879,0.116541,0.074046,0,0,6411,0,0.115837,1,0,0,0.000193147,0.000193147,0,0.000193147,0.663696,0.663889,1,0.663696,packed
cloth-funnel,tight,cell2dmin,278ee,ee,36202,1.1441,0.395285,0.378678,1.41862,0,0,36182,0,0.67627,18,0,0,0.000655129,0,0,0,0,0,20,0,packed
cloth-funnel,tight,cell2dmin,283vf,vf,6728,1.28848,0.396053,0.163964,0.07299,0,0,6727,0,0.185083,1,0,0,0.000109089,0.000109089,0,0.000109089,0.898926,0.899035,1,0.898926,packed
cloth-funnel,tight,cell2dmin,289vf,vf,6869,1.20634,0.404086,0.788939,0.681614,0,0,6868,0,0.766188,0,0,0,0,0,0,0,1,1,1,1,packed
cloth-funnel,tight,cell2dmin,294vf,vf,7006,1.13619,0.361206,2.96635,4.57281,0,0,7001,0,3.68413,3,0,0,0.00150941,0.000582535,0,0.000582535,0.120884,0.121466,5,0.120884,packed
cloth-funnel,tight,cell2dmin,299ee,ee,41326,1.13475,0.381078,0.864873,6.47957,0,0,41287,0,2.02759,33,0,0,0.0491759,1.02334e-05,0,0,0,0,39,0,packed
cloth-funnel,tight,cell2dmin,304ee,ee,42647,1.25926,0.410901,0.417781,2.25204,0,0,42612,0,0.765644,33,0,0,0.0469421,1.16586e-05,0,0,0,0,35,0,packed
cloth-funnel,tight,cell2dmin,309ee,ee,45508,1.44614,0.421589,1.84194,4.59201,0,0,45476,0,2.43718,30,0,0,0.0335938,9.35312e-07,0,0,0,0,32,0,packed
cloth-funnel,tight,cell2dmin,313vf,vf,7921,1.23357,0.377174,5.05539,12.2652,0,0,7907,0,6.96529,6,0,0,0.0179777,0.00193104,0,0.00193104,0,0.00193104,14,0,packed
cloth-funnel,tight,cell2dmin,318vf,vf,7657,1.1593,0.346455,0.405334,6.97847,0,0,7643,0,6.10595,10,0,0,0.00184279,4.21916e-06,0,1.88217e-06,4.95911e-05,5.14732e-05,14,4.95911e-05,packed
cloth-funnel,tight,cell2dmin,323ee,ee,47435,1.14496,0.406773,1.32006,5.75582,0,0,47389,0,1.42431,43,0,0,0.000646816,5.74352e-06,0,0,0,0,46,0,packed
cloth-funnel,tight,cell2dmin,328ee,ee,60460,1.25174,0.429621,0.369046,2.85816,0,0,60421,0,0.918472,37,0,0,0.00240896,5.71589e-06,0,0,0,0,39,0,packed
cloth-funnel,tight,cell2dmin,334ee,ee,47191,1.19846,0.389013,0.383638,0.908808,0,0,47168,0,0.560658,20,0,0,0.00126748,0,0,0,0,0,23,0,packed
cloth-funnel,tight,cell2dmin,338vf,vf,7602,1.21267,0.368598,0.127325,0.07075,0,0,7601,0,0.12806,1,0,0,2.0887e-05,2.0887e-05,0,2.0887e-05,0.000896454,0.000917341,1,0.000896454,packed
cloth-funnel,tight,cell2dmin,343vf,vf,7167,1.14423,0.378006,0.539249,0.474355,0,0,7165,0,0.437717,1,0,0,5.26327e-05,5.26327e-05,0,5.26327e-05,0.203152,0.203204,2,0.203152,packed
cloth-funnel,tight,cell2dmin,349ee,ee,46140,1.13482,0.409301,0.428181,1.86363,0,0,46115,0,0.6012,22,0,0,0.000883457,0,0,0,0,0,25,0,packed
cloth-funnel,tight,cell2dmin,354vf,vf,7149,1.22873,0.354039,0.834122,0.775116,0,0,7147,0,0.798443,1,0,0,0.00590574,0.00590574,0,0.00590574,0.0833282,0.089234,2,0.0833282,packed
cloth-funnel,tight,cell2dmin,360ee,ee,46845,1.20131,0.413589,0.321239,2.34791,1,0,46813,0,0.805867,29,0,0,0.0172735,1.11865e-05,0,0,0,0,32,0,packed
cloth-funnel,tight,cell2dmin,365ee,ee,43834,1.23683,0.38527,0.481363,1.80072,0,0,43807,0,0.848138,26,0,0,0.00468615,7.92242e-06,0,0,0,0,27,0,packed
cloth-funnel,tight,cell2dmin,370vf,vf,8054,1.3616,0.278169,0.241818,0.301464,0,0,8050,0,0.242361,3,0,0,0.00225931,0.00049545,0,0.00049545,0.0720215,0.0725169,4,0.0720215,packed
cloth-funnel,tight,cell2dmin,376ee,ee,47824,1.18378,0.399414,0.44674,2.19306,0,0,47796,0,0.860169,26,0,0,0.00110793,5.26305e-06,0,0,0,0,28,0,packed
cloth-funnel,tight,cell2dmin,380vf,vf,8896,1.37555,0.296889,1.59161,2.21124,0,0,8892,0,1.55849,4,0,0,0.0129516,0.00153275,0,0.00145987,0.0279888,0.0294487,4,0.027916,packed
cloth-funnel,tight,cell2dmin,385vf,vf,16091,1.22656,0.328215,0.61496,0.764235,0,0,16088,0,0.585488,2,0,0,0.000577816,0.000577816,0,0.000577816,0.466553,0.467131,3,0.466553,packed
cloth-funnel,tight,cell2dmin,390ee,ee,110978,1.19139,0.748109,0.554513,1.35116,0,0,110956,0,0.875241,22,0,0,0.000192703,0,0,0,0,0,22,0,packed
cloth-funnel,tight,cell2dmin,397ee,ee,191279,1.33878,0.910312,0.970311,1.27171,0,0,191261,0,1.36368,18,0,0,0.000848499,0,0,0,0,0,18,0,packed
cloth-funnel,tight,cell2dmin,407ee,ee,465510,1.29881,1.37696,1.96571,0.966214,0,0,465491,0,2.29844,18,0,0,0.00144343,0,0,0,0,0,19,0,packed
cloth-funnel,tight,cell2dmin,414ee,ee,388206,1.34864,1.20534,1.5223,0.70139,0,0,388191,0,1.79912,15,0,0,0.000689295,0,0,0,0,0,15,0,packed
cloth-funnel,tight,cell2dmin,420vf,vf,131472,1.35948,1.39273,0.499187,1.44691,0,0,131466,0,1.81688,6,0,0,0,0,0,0,0,0,6,0,packed
cloth-funnel,tight,cell2dmin,425ee,ee,64294,1.33702,0.525363,0.360246,0.959847,0,0,64274,0,0.615632,19,0,0,0.000793667,0,0,0,0,0,20,0,packed
cloth-funnel,tight,cell2dmin,431ee,ee,20512,1.37904,0.604464,0.189595,1.05613,0,0,20495,0,0.423061,16,0,0,0.000999855,0,0,0,0,0,17,0,packed
cloth-funnel,tight,cell2dmin,439ee,ee,15414,1.39728,0.676974,0.401941,1.23923,0,0,15397,0,0.473044,16,0,0,0.000490861,0,0,0,0,0,17,0,packed
cloth-funnel,tight,cell2dmin,445ee,ee,14645,1.44281,0.626767,0.220058,1.05664,0,0,14626,0,0.543474,19,0,0,0.00299332,0,0,0,0,0,19,0,packed
cloth-funnel,tight,cell2dmin,451vf,vf,2784,1.44617,0.389973,0.311448,0.263385,0,0,2781,0,0.326103,3,0,0,0.00121463,0.00113114,0,0.00113114,0.0181885,0.0193196,3,0.0181885,packed
cloth-funnel,tight,cell2dmin,460ee,ee,13412,1.37337,0.659726,0.299096,1.01306,0,0,13395,0,0.509747,17,0,0,0.00107961,0,0,0,0,0,17,0,packed
cloth-funnel,tight,cell2dmin,466ee,ee,13408,1.3984,0.699021,0.304248,0.964167,0,0,13395,0,0.412917,13,0,0,0,0,0,0,0,0,13,0,packed
cloth-funnel,tight,cell2dmin,473vf,vf,2770,1.35606,0.550354,0.240282,0.063166,0,0,2769,0,0.170555,1,0,0,0.000166584,0.000166584,0,0.000166584,0.47229,0.472457,1,0.47229,packed
cloth-funnel,tight,cell2dmin,478vf,vf,2776,1.32838,0.50693,0.294808,0.125117,0,0,2774,0,0.296441,2,0,0,0.00049294,0.00049294,0,0.00049294,0.0404053,0.0408982,2,0.0404053,packed
cloth-funnel,tight,cell2dmin,484ee,ee,13345,1.32121,0.653519,0.381814,1.05338,0,0,13331,0,0.634863,14,0,0,0.00169688,0,0,0,0,0,14,0,packed
cloth-funnel,tight,cell2dmin,490ee,ee,13332,1.41119,0.643343,0.224858,1.21094,0,0,13317,0,0.43826,14,0,0,0.00367546,0,0,0,0,0,15,0,packed
cloth-funnel,tight,cell2dmin,495ee,ee,13353,1.38243,0.649199,0.274232,1.37295,0,0,13337,0,0.465812,16,0,0,0.00212432,0,0,0,0,0,16,0,packed
cloth-funnel,tight,cell2dmin,57ee,ee,27796,1.46924,0.503955,0.269048,0.082174,0,0,27795,0,0.285689,0,0,0,0,0,0,0,1,1,1,1,packed
cloth-funnel,tight,cell2dmin,103ee,ee,27918,1.17363,0.426549,0.284281,0.133692,0,0,27915,0,0.292344,3,0,0,0.0018329,0.000776686,0,0.000298219,0.174438,0.174737,3,0.174438,packed
cloth-funnel,tight,cell2dmin,118vf,vf,10771,1.01786,0.517618,0.115293,0.116509,0,0,10765,0,0.13942,1,0,0,0.00116257,0.00116257,0,0.00116257,0.203857,0.20502,6,0.203857,packed
cloth-funnel,tight,cell2dmin,138ee,ee,31533,1.24102,0.435669,0.325079,0.112925,0,0,31531,0,0.315256,2,0,0,0.00138268,0.00138268,0,0.00120663,0.935059,0.936265,2,0.935059,packed
cloth-funnel,tight,cell2dmin,148vf,vf,11130,1.32256,0.542866,0.151068,0.096254,0,0,11129,0,0.157756,1,0,0,0.000250163,0.000250163,0,0.000250163,0.484619,0.484869,1,0.484619,packed
cloth-funnel,tight,cell2dmin,162ee,ee,32881,1.26384,0.392022,0.246169,0.073758,0,0,32880,0,0.249658,0,0,0,0,0,0,0,1,1,1,1,packed
cloth-funnel,tight,cell2dmin,176ee,ee,34403,1.23849,0.40223,0.2782,0.09619,0,0,34401,0,0.277593,1,0,0,0.000295812,0.000295812,0,0.000295812,0.429443,0.429739,2,0.429443,packed
cloth-funnel,tight,cell2dmin,185ee,ee,35908,1.24528,0.398614,0.277881,0.074719,0,0,35907,0,0.292984,1,0,0,0.000574723,0.000574723,0,0.000574723,0.231812,0.232386,1,0.231812,packed
cloth-funnel,tight,cell2dmin,193ee,ee,33224,1.20621,0.392661,0.344727,0.1279,0,0,33223,0,0.385142,1,0,0,0.00297863,0.00297863,0,0.00297863,0.849609,0.852588,1,0.849609,packed
cloth-funnel,tight,cell2dmin,203ee,ee,35575,1.26659,0.382102,0.25225,0.079006,0,0,35574,0,0.260409,1,0,0,9.2756e-05,9.2756e-05,0,9.2756e-05,0.811157,0.81125,1,0.811157,packed
cloth-funnel,tight,cell2dmin,213ee,ee,42234,1.21456,0.39231,0.318167,0.080541,0,0,42232,0,0.307032,2,0,0,0.00116341,0.00116341,0,0.0010729,0.839202,0.840275,2,0.839111,packed
cloth-funnel,tight,cell2dmin,220ee,ee,31969,1.1935,0.369782,0.278297,0.133693,0,0,31967,0,0.358839,2,0,0,0.00206054,0.00206054,0,0.00079738,0.215088,0.215885,2,0.215088,packed
cloth-funnel,tight,cell2dmin,227vf,vf,7319,1.29933,0.312632,0.526642,1.78984,0,0,7227,0,0.585809,27,0,0,0.0154919,0.00276473,0,0.000188275,0.0450439,0.0452322,92,0.0450439,packed
cloth-funnel,tight,cell2dmin,232vf,vf,6983,1.18275,0.265113,0.14454,0.102877,0,0,6981,0,0.118781,1,0,0,0.000100973,0.000100973,0,0.000100973,0.387268,0.387369,2,0.387268,packed
cloth-funnel,tight,cell2dmin,239ee,ee,35543,1.23008,0.379574,0.254329,0.885449,0,0,35527,0,0.732845,16,0,0,0.0223381,0,0,0,0,0,16,0,packed
cloth-funnel,tight,cell2dmin,243vf,vf,7840,1.29859,0.284152,0.110397,0.085789,0,0,7839,0,0.10931,1,0,0,0.000177156,0.000177156,0,0.000177156,0.333496,0.333673,1,0.333496,packed
cloth-funnel,tight,cell2dmin,249ee,ee,33438,1.19654,0.704046,0.246233,1.07271,0,0,33419,0,0.661551,19,0,0,0.0199673,0,0,0,0,0,19,0,packed
cloth-funnel,tight,cell2dmin,254ee,ee,35120,1.28291,0.385206,0.353591,0.770572,0,0,35104,0,0.459315,15,0,0,0.000533039,0,0,0,0,0,16,0,packed
cloth-funnel,tight,cell2dmin,259vf,vf,6185,1.3191,0.264633,0.1255,0.122877,0,0,6181,0,0.157276,4,0,0,0.000354367,0.000187083,0,0.000177713,0.0594053,0.059583,4,0.0594482,packed
cloth-funnel,tight,cell2dmin,265vf,vf,6576,1.24851,0.258777,0.10819,0.069118,0,0,6575,0,0.110269,1,0,0,0.000203828,0.000203828,0,0.000203828,0.00183105,0.00203488,1,0.00183105,packed
cloth-funnel,tight,cell2dmin,271vf,vf,6412,1.16848,0.272696,0.10339,0.073886,0,0,6411,0,0.105277,1,0,0,0.000193147,0.000193147,0,0.000193147,0.663696,0.663889,1,0.663696,packed
cloth-funnel,tight,cell2dmin,278ee,ee,36202,1.19127,0.365238,0.432373,1.39878,0,0,36182,0,0.68619,18,0,0,0.000655129,0,0,0,0,0,20,0,packed
cloth-funnel,tight,cell2dmin,283vf,vf,6728,1.27488,0.258425,0.217403,0.075006,0,0,6727,0,0.20201,1,0,0,0.000109089,0.000109089,0,0.000109089,0.898926,0.899035,1,0.898926,packed
cloth-funnel,tight,cell2dmin,289vf,vf,6869,1.17133,0.247801,0.766284,0.703566,0,0,6868,0,0.772332,0,0,0,0,0,0,0,1,1,1,1,packed
cloth-funnel,tight,cell2dmin,294vf,vf,7006,1.19613,0.255097,3.6801,4.54948,0,0,7001,0,3.6521,3,0,0,0.00150941,0.000582535,0,0.000582535,0.120884,0.121466,5,0.120884,packed
cloth-funnel,tight,cell2dmin,299ee,ee,41326,1.16506,0.365335,0.853353,6.46441,0,0,41287,0,2.05358,33,0,0,0.0491759,1.02334e-05,0,0,0,0,39,0,packed
cloth-funnel,tight,cell2dmin,304ee,ee,42647,1.26941,0.384278,0.407861,2.22832,0,0,42612,0,0.78318,33,0,0,0.0469421,1.16586e-05,0,0,0,0,35,0,packed
cloth-funnel,tight,cell2dmin,309ee,ee,45508,1.31357,0.399317,1.83534,4.57441,0,0,45476,0,2.48374,30,0,0,0.0335938,9.35312e-07,0,0,0,0,32,0,packed
cloth-funnel,tight,cell2dmin,313vf,vf,7921,1.33932,0.302872,5.07033,12.1845,0,0,7907,0,6.9714,6,0,0,0.0179777,0.00193104,0,0.00193104,0,0.00193104,14,0,packed
cloth-funnel,tight,cell2dmin,318vf,vf,7657,1.14685,0.25433,0.291352,7.10109,0,0,7643,0,6.07424,10,0,0,0.00184279,4.21916e-06,0,1.88217e-06,4.95911e-05,5.14732e-05,14,4.95911e-05,packed
cloth-funnel,tight,cell2dmin,323ee,ee,47435,1.24525,0.39711,1.33094,5.7082,0,0,47389,0,1.42623,43,0,0,0.000646816,5.74352e-06,0,0,0,0,46,0,packed
cloth-funnel,tight,cell2dmin,328ee,ee,60460,1.25296,0.38815,0.36959,2.61094,0,0,60421,0,1.06916,37,0,0,0.00240896,5.71589e-06,0,0,0,0,39,0,packed
cloth-funnel,tight,cell2dmin,334ee,ee,47191,1.22976,0.37343,0.38127,0.915848,0,0,47168,0,0.549938,20,0,0,0.00126748,0,0,0,0,0,23,0,packed
cloth-funnel,tight,cell2dmin,338vf,vf,7602,1.3015,0.282393,0.124796,0.070942,0,0,7601,0,0.127357,1,0,0,2.0887e-05,2.0887e-05,0,2.0887e-05,0.000896454,0.000917341,1,0.000896454,packed
cloth-funnel,tight,cell2dmin,343vf,vf,7167,1.19584,0.279673,0.479092,0.479764,0,0,7165,0,0.450644,1,0,0,5.26327e-05,5.26327e-05,0,5.26327e-05,0.203152,0.203204,2,0.203152,packed
cloth-funnel,tight,cell2dmin,349ee,ee,46140,1.30128,0.371478,0.428693,1.87163,0,0,46115,0,0.594576,22,0,0,0.000883457,0,0,0,0,0,25,0,packed
cloth-funnel,tight,cell2dmin,354vf,vf,7149,1.307,0.295289,0.80449,0.786699,0,0,7147,0,0.802667,1,0,0,0.00590574,0.00590574,0,0.00590574,0.0833282,0.089234,2,0.0833282,packed
cloth-funnel,tight,cell2dmin,360ee,ee,46845,1.20298,0.372406,0.314487,2.32368,1,0,46813,0,0.791628,29,0,0,0.0172735,1.11865e-05,0,0,0,0,32,0,packed
cloth-funnel,tight,cell2dmin,365ee,ee,43834,1.19731,0.382582,0.481332,1.79822,0,0,43807,0,0.818026,26,0,0,0.00468615,7.92242e-06,0,0,0,0,27,0,packed
cloth-funnel,tight,cell2dmin,370vf,vf,8054,1.25238,0.296121,0.251513,0.304216,0,0,8050,0,0.247257,3,0,0,0.00225931,0.00049545,0,0.00049545,0.0720215,0.0725169,4,0.0720215,packed
cloth-funnel,tight,cell2dmin,376ee,ee,47824,1.17994,0.370486,0.456692,2.1697,0,0,47796,0,0.887753,26,0,0,0.00110793,5.26305e-06,0,0,0,0,28,0,packed
cloth-funnel,tight,cell2dmin,380vf,vf,8896,1.24038,0.310776,1.60281,2.21764,0,0,8892,0,1.52985,4,0,0,0.0129516,0.00153275,0,0.00145987,0.0279888,0.0294487,4,0.027916,packed
cloth-funnel,tight,cell2dmin,385vf,vf,16091,1.19478,0.368598,0.529106,0.745773,0,0,16088,0,0.515827,2,0,0,0.000577816,0.000577816,0,0.000577816,0.466553,0.467131,3,0.466553,packed
cloth-funnel,tight,cell2dmin,390ee,ee,110978,1.17047,0.706861,0.547986,1.3512,0,0,110956,0,0.862025,22,0,0,0.000192703,0,0,0,0,0,22,0,packed
cloth-funnel,tight,cell2dmin,397ee,ee,191279,1.25257,0.842474,0.879976,1.28131,0,0,191261,0,1.36601,18,0,0,0.000848499,0,0,0,0,0,18,0,packed
cloth-funnel,tight,cell2dmin,407ee,ee,465510,1.28243,1.2615,1.92891,0.967814,0,0,465491,0,2.29117,18,0,0,0.00144343,0,0,0,0,0,19,0,packed
cloth-funnel,tight,cell2dmin,414ee,ee,388206,1.28893,1.09869,1.60325,0.698222,0,0,388191,0,1.81038,15,0,0,0.000689295,0,0,0,0,0,15,0,packed
cloth-funnel,tight,cell2dmin,420vf,vf,131472,1.32771,1.36931,0.504755,1.44963,0,0,131466,0,1.89774,6,0,0,0,0,0,0,0,0,6,0,packed
cloth-funnel,tight,cell2dmin,425ee,ee,64294,1.30809,0.522802,0.371959,0.953895,0,0,64274,0,0.635504,19,0,0,0.000793667,0,0,0,0,0,20,0,packed
cloth-funnel,tight,cell2dmin,431ee,ee,20512,1.29741,0.587409,0.208731,1.05536,0,0,20495,0,0.432085,16,0,0,0.000999855,0,0,0,0,0,17,0,packed
cloth-funnel,tight,cell2dmin,439ee,ee,15414,1.28118,0.72398,0.379382,1.24438,0,0,15397,0,0.472788,16,0,0,0.000490861,0,0,0,0,0,17,0,packed
cloth-funnel,tight,cell2dmin,445ee,ee,14645,1.36662,0.638991,0.204635,1.06957,0,0,14626,0,0.542417,19,0,0,0.00299332,0,0,0,0,0,19,0,packed
cloth-funnel,tight,cell2dmin,451vf,vf,2784,1.37206,0.363607,0.345079,0.269976,0,0,2781,0,0.320759,3,0,0,0.00121463,0.00113114,0,0.00113114,0.0181885,0.0193196,3,0.0181885,packed
cloth-funnel,tight,cell2dmin,460ee,ee,13412,1.30112,0.682702,0.317527,1.03639,0,0,13395,0,0.494323,17,0,0,0.00107961,0,0,0,0,0,17,0,packed
cloth-funnel,tight,cell2dmin,466ee,ee,13408,1.37033,0.637135,0.231418,1.00449,0,0,13395,0,0.414133,13,0,0,0,0,0,0,0,0,13,0,packed
cloth-funnel,tight,cell2dmin,473vf,vf,2770,1.38115,0.470995,0.273817,0.06307,0,0,2769,0,0.203387,1,0,0,0.000166584,0.000166584,0,0.000166584,0.47229,0.472457,1,0.47229,packed
cloth-funnel,tight,cell2dmin,478vf,vf,2776,1.28694,0.511219,0.292856,0.125437,0,0,2774,0,0.299544,2,0,0,0.00049294,0.00049294,0,0.00049294,0.0404053,0.0408982,2,0.0404053,packed
cloth-funnel,tight,cell2dmin,484ee,ee,13345,1.28649,0.655118,0.362551,1.06916,0,0,13331,0,0.640815,14,0,0,0.00169688,0,0,0,0,0,14,0,packed
cloth-funnel,tight,cell2dmin,490ee,ee,13332,1.3774,0.687245,0.171996,1.20938,0,0,13317,0,0.44434,14,0,0,0.00367546,0,0,0,0,0,15,0,packed
cloth-funnel,tight,cell2dmin,495ee,ee,13353,1.38096,0.679918,0.272761,1.38486,0,0,13337,0,0.464531,16,0,0,0.00212432,0,0,0,0,0,16,0,packed
cloth-funnel,tight,cell2dmin,57ee,ee,27796,1.39376,0.461267,0.310296,0.080318,0,0,27795,0,0.296856,0,0,0,0,0,0,0,1,1,1,1,packed
cloth-funnel,tight,cell2dmin,103ee,ee,27918,1.24467,0.680942,0.328504,0.147069,0,0,27915,0,0.296857,3,0,0,0.0018329,0.000776686,0,0.000272232,0.174464,0.174737,3,0.174438,gather
cloth-funnel,tight,cell2dmin,118vf,vf,10771,1.02324,0.398741,0.113629,0.128893,0,0,10765,0,0.129693,1,0,0,0.00116257,0.00116257,0,0.00116257,0.203857,0.20502,6,0.203857,gather
cloth-funnel,tight,cell2dmin,138ee,ee,31533,1.10429,0.495763,0.408086,0.111837,0,0,31531,0,0.331703,2,0,0,0.00138268,0.00138268,0,0.00120663,0.935059,0.936265,2,0.935059,gather
cloth-funnel,tight,cell2dmin,148vf,vf,11130,1.15258,0.449524,0.175708,0.094782,0,0,11129,0,0.160603,1,0,0,0.000250163,0.000250163,0,0.000250163,0.484619,0.484869,1,0.484619,gather
cloth-funnel,tight,cell2dmin,162ee,ee,32881,1.18544,0.475667,0.285561,0.080062,0,0,32880,0,0.264697,0,0,0,0,0,0,0,1,1,1,1,gather
cloth-funnel,tight,cell2dmin,176ee,ee,34403,1.11309,0.579761,0.309016,0.096541,0,0,34401,0,0.29564,1,0,0,0.000295812,0.000295812,0,0.000295812,0.429443,0.429739,2,0.429443,gather
cloth-funnel,tight,cell2dmin,185ee,ee,35908,1.07156,0.550802,0.278872,0.083262,0,0,35907,0,0.293912,1,0,0,0.000574723,0.000574723,0,0.000574723,0.231812,0.232386,1,0.231812,gather
cloth-funnel,tight,cell2dmin,193ee,ee,33224,1.052,0.595408,0.37215,0.12982,0,0,33223,0,0.351191,1,0,0,0.00297863,0.00297863,0,0.00297863,0.849609,0.852588,1,0.849609,gather
cloth-funnel,tight,cell2dmin,203ee,ee,35575,1.12595,0.535186,0.279801,0.081854,0,0,35574,0,0.266361,1,0,0,9.2756e-05,9.2756e-05,0,9.2756e-05,0.811157,0.81125,1,0.811157,gather
cloth-funnel,tight,cell2dmin,213ee,ee,42234,1.0528,0.556529,0.289785,0.089758,0,0,42232,0,0.312439,2,0,0,0.00116341,0.00116341,0,0.0010729,0.839202,0.840275,2,0.839111,gather
cloth-funnel,tight,cell2dmin,220ee,ee,31969,1.06452,0.592592,0.876841,0.132188,0,0,31967,0,0.36815,2,0,0,0.00206054,0.00206054,0,0.00079738,0.215088,0.215885,2,0.215088,gather
cloth-funnel,tight,cell2dmin,227vf,vf,7319,1.15379,0.37679,0.531762,1.8444,0,0,7227,0,0.563217,27,0,0,0.0154919,0.00276473,0,0.000188275,0.0450439,0.0452322,92,0.0450439,gather
cloth-funnel,tight,cell2dmin,232vf,vf,6983,1.08263,0.365463,0.121596,0.108861,0,0,6981,0,0.124829,1,0,0,0.000100973,0.000100973,0,0.000100973,0.387268,0.387369,2,0.387268,gather
cloth-funnel,tight,cell2dmin,239ee,ee,35543,1.10317,0.542962,0.251897,0.886504,0,0,35527,0,0.672719,16,0,0,0.0223381,0,0,0,0,0,16,0,gather
cloth-funnel,tight,cell2dmin,243vf,vf,7840,1.15482,0.459412,0.110781,0.099613,0,0,7839,0,0.112093,1,0,0,0.000177156,0.000177156,0,0.000177156,0.333496,0.333673,1,0.333496,gather
cloth-funnel,tight,cell2dmin,249ee,ee,33438,1.07306,0.602864,0.234362,1.05632,0,0,33419,0,0.655887,19,0,0,0.0199673,0,0,0,0,0,19,0,gather
cloth-funnel,tight,cell2dmin,254ee,ee,35120,1.13984,0.529554,0.371127,0.765196,0,0,35104,0,0.429076,15,0,0,0.000533039,0,0,0,0,0,16,0,gather
cloth-funnel,tight,cell2dmin,259vf,vf,6185,1.05901,0.394454,0.126364,0.138012,0,0,6181,0,0.16566,4,0,0,0.000354367,0.000187083,0,0.000177713,0.0594053,0.059583,4,0.0594482,gather
cloth-funnel,tight,cell2dmin,265vf,vf,6576,1.03434,0.383638,0.115325,0.07907,0,0,6575,0,0.109405,1,0,0,0.000203828,0.000203828,0,0.000203828,0.00183105,0.00203488,1,0.00183105,gather
cloth-funnel,tight,cell2dmin,271vf,vf,6412,1.37481,0.288793,0.107037,0.15046,0,0,6411,0,0.109789,1,0,0,0.000193147,0.000193147,0,0.000193147,0.663696,0.663889,1,0.663696,gather
cloth-funnel,tight,cell2dmin,278ee,ee,36202,1.2439,0.511891,0.433045,1.46614,0,0,36182,0,0.717645,18,0,0,0.000655129,0,0,0,0,0,20,0,gather
cloth-funnel,tight,cell2dmin,283vf,vf,6728,1.17702,0.288632,0.162812,0.112797,0,0,6727,0,0.210682,1,0,0,0.000109089,0.000109089,0,0.000109089,0.898926,0.899035,1,0.898926,gather
cloth-funnel,tight,cell2dmin,289vf,vf,6869,1.15063,0.279193,0.841002,0.732173,0,0,6868,0,0.876073,0,0,0,0,0,0,0,1,1,1,1,gather
cloth-funnel,tight,cell2dmin,294vf,vf,7006,1.16557,0.298232,2.98766,4.6074,0,0,7001,0,3.72816,3,0,0,0.00150941,0.000582535,0,0.000582535,0.120884,0.121466,5,0.120884,gather
cloth-funnel,tight,cell2dmin,299ee,ee,41326,1.15277,0.538322,0.881065,6.39298,0,0,41287,0,2.04311,33,0,0,0.0491759,1.02334e-05,0,0,0,0,39,0,gather
cloth-funnel,tight,cell2dmin,304ee,ee,42647,1.13546,0.520434,0.402358,2.33866,0,0,42612,0,0.804746,33,0,0,0.0469421,1.16586e-05,0,0,0,0,35,0,gather
cloth-funnel,tight,cell2dmin,309ee,ee,45508,1.46447,0.538034,1.82786,4.65402,0,0,45476,0,2.56918,30,0,0,0.0335938,9.35312e-07,0,0,0,0,32,0,gather
cloth-funnel,tight,cell2dmin,313vf,vf,7921,1.20115,0.301048,5.06079,12.2454,0,0,7907,0,7.00484,6,0,0,0.0179777,0.00193104,0,0.00193104,0,0.00193104,14,0,gather
cloth-funnel,tight,cell2dmin,318vf,vf,7657,1.15747,0.292024,0.30924,7.02951,0,0,7643,0,6.07962,10,0,0,0.00184279,4.21916e-06,0,1.88217e-06,4.95911e-05,5.14732e-05,14,4.95911e-05,gather
cloth-funnel,tight,cell2dmin,323ee,ee,47435,1.28096,0.524434,1.35779,5.6907,0,0,47389,0,1.46758,43,0,0,0.000646816,5.74352e-06,0,0,0,0,46,0,gather
cloth-funnel,tight,cell2dmin,328ee,ee,60460,1.16352,0.600753,0.364406,2.58969,0,0,60421,0,0.943527,37,0,0,0.00240896,5.71589e-06,0,0,0,0,39,0,gather
cloth-funnel,tight,cell2dmin,334ee,ee,47191,1.15498,0.526162,0.391574,0.920903,0,0,47168,0,0.612912,20,0,0,0.00126748,0,0,0,0,0,23,0,gather
cloth-funnel,tight,cell2dmin,338vf,vf,7602,1.19949,0.299608,0.129949,0.111709,0,0,7601,0,0.130012,1,0,0,2.0887e-05,2.0887e-05,0,2.0887e-05,0.000896454,0.000917341,1,0.000896454,gather
cloth-funnel,tight,cell2dmin,343vf,vf,7167,1.15091,0.309336,0.46882,0.51237,0,0,7165,0,0.44754,1,0,0,5.26327e-05,5.26327e-05,0,5.26327e-05,0.203152,0.203204,2,0.203152,gather
cloth-funnel,tight,cell2dmin,349ee,ee,46140,1.14,0.592401,0.46194,1.92062,0,0,46115,0,0.657454,22,0,0,0.000883457,0,0,0,0,0,25,0,gather
cloth-funnel,tight,cell2dmin,354vf,vf,7149,1.17111,0.317847,0.870729,0.818315,0,0,7147,0,0.828778,1,0,0,0.00590574,0.00590574,0,0.00590574,0.0833282,0.089234,2,0.0833282,gather
cloth-funnel,tight,cell2dmin,360ee,ee,46845,1.16854,0.534098,0.317784,2.37139,1,0,46813,0,0.81249,29,0,0,0.0172735,1.11865e-05,0,0,0,0,32,0,gather
cloth-funnel,tight,cell2dmin,365ee,ee,43834,1.17331,0.541778,0.495251,1.84021,0,0,43807,0,0.871977,26,0,0,0.00468615,7.92242e-06,0,0,0,0,27,0,gather
cloth-funnel,tight,cell2dmin,370vf,vf,8054,1.22698,0.328919,0.22505,0.338231,0,0,8050,0,0.273593,3,0,0,0.00225931,0.00049545,0,0.00049545,0.0720215,0.0725169,4,0.0720215,gather
cloth-funnel,tight,cell2dmin,376ee,ee,47824,1.16243,0.529042,0.474963,2.1961,0,0,47796,0,0.982822,26,0,0,0.00110793,5.26305e-06,0,0,0,0,28,0,gather
cloth-funnel,tight,cell2dmin,380vf,vf,8896,1.15914,0.333431,1.62738,2.21895,0,0,8892,0,1.59948,4,0,0,0.0129516,0.00153275,0,0.00145987,0.0279888,0.0294487,4,0.027916,gather
cloth-funnel,tight,cell2dmin,385vf,vf,16091,1.19814,0.405462,0.552657,0.835114,0,0,16088,0,0.661774,2,0,0,0.000577816,0.000577816,0,0.000577816,0.466553,0.467131,3,0.466553,gather
cloth-funnel,tight,cell2dmin,390ee,ee,110978,1.17501,0.956039,0.584241,1.44105,0,0,110956,0,0.947623,22,0,0,0.000192703,0,0,0,0,0,22,0,gather
cloth-funnel,tight,cell2dmin,397ee,ee,191279,1.17715,1.50204,0.897321,1.35616,0,0,191261,0,1.54998,18,0,0,0.000848499,0,0,0,0,0,18,0,gather
cloth-funnel,tight,cell2dmin,407ee,ee,465510,1.20278,2.157,1.96324,1.00701,0,0,465491,0,2.34749,18,0,0,0.00144343,0,0,0,0,0,19,0,gather
cloth-funnel,tight,cell2dmin,414ee,ee,388206,1.10506,1.79013,1.47683,0.738509,0,0,388191,0,1.92603,15,0,0,0.000689295,0,0,0,0,0,15,0,gather
cloth-funnel,tight,cell2dmin,420vf,vf,131472,1.18263,2.07572,0.473364,1.5063,0,0,131466,0,1.84827,6,0,0,0,0,0,0,0,0,6,0,gather
cloth-funnel,tight,cell2dmin,425ee,ee,64294,1.17485,0.912104,0.362934,1.04173,0,0,64274,0,0.623184,19,0,0,0.000793667,0,0,0,0,0,20,0,gather
cloth-funnel,tight,cell2dmin,431ee,ee,20512,1.19594,0.935527,0.176444,1.08487,0,0,20495,0,0.43842,16,0,0,0.000999855,0,0,0,0,0,17,0,gather
cloth-funnel,tight,cell2dmin,439ee,ee,15414,1.18429,1.00509,0.406518,1.29328,0,0,15397,0,0.481939,16,0,0,0.000490861,0,0,0,0,0,17,0,gather
cloth-funnel,tight,cell2dmin,445ee,ee,14645,1.17283,1.06269,0.245785,1.0816,0,0,14626,0,0.567345,19,0,0,0.00299332,0,0,0,0,0,19,0,gather
cloth-funnel,tight,cell2dmin,451vf,vf,2784,1.25014,0.607632,0.310872,0.303448,0,0,2781,0,0.352374,3,0,0,0.00121463,0.00113114,0,0.00113114,0.0181885,0.0193196,3,0.0181885,gather
cloth-funnel,tight,cell2dmin,460ee,ee,13412,1.20989,1.07684,0.340759,1.05482,0,0,13395,0,0.521266,17,0,0,0.00107961,0,0,0,0,0,17,0,gather
cloth-funnel,tight,cell2dmin,466ee,ee,13408,1.20534,1.19546,0.191163,0.989606,0,0,13395,0,0.401845,13,0,0,0,0,0,0,0,0,13,0,gather
cloth-funnel,tight,cell2dmin,473vf,vf,2770,1.1767,0.888808,0.174364,0.115197,0,0,2769,0,0.314263,1,0,0,0.000166584,0.000166584,0,0.000166584,0.47229,0.472457,1,0.47229,gather
cloth-funnel,tight,cell2dmin,478vf,vf,2776,1.20458,0.828266,0.372598,0.151292,0,0,2774,0,0.313496,2,0,0,0.00049294,0.00049294,0,0.00049294,0.0404053,0.0408982,2,0.0404053,gather
cloth-funnel,tight,cell2dmin,484ee,ee,13345,1.17843,1.15575,0.383702,1.09437,0,0,13331,0,0.659439,14,0,0,0.00169688,0,0,0,0,0,14,0,gather
cloth-funnel,tight,cell2dmin,490ee,ee,13332,1.20854,1.1384,0.174747,1.24755,0,0,13317,0,0.425845,14,0,0,0.00367546,0,0,0,0,0,15,0,gather
cloth-funnel,tight,cell2dmin,495ee,ee,13353,1.17501,1.15178,0.24425,1.44604,0,0,13337,0,0.498451,16,0,0,0.00212432,0,0,0,0,0,16,0,gather
cloth-funnel,tight,cell2dmin,57ee,ee,27796,1.2592,0.591953,0.251897,0.103517,0,0,27795,0,0.279961,0,0,0,0,0,0,0,1,1,1,1,gather
cloth-funnel,tight,cell2dmin,103ee,ee,27918,0.859209,0.433429,0.241786,0.135964,0,0,27915,0,0.277016,3,0,0,0.0018329,0.000776686,0,0.000298219,0.174438,0.174737,3,0.174438,gather
cloth-funnel,tight,cell2dmin,118vf,vf,10771,1.09136,1.61836,0.114589,0.139292,0,0,10765,0,0.136764,1,0,0,0.00116257,0.00116257,0,0.00116257,0.203857,0.20502,6,0.203857,gather
cloth-funnel,tight,cell2dmin,138ee,ee,31533,1.18829,0.657199,0.284344,0.125021,0,0,31531,0,0.359639,2,0,0,0.00138268,0.00138268,0,0.00120663,0.935059,0.936265,2,0.935059,gather
cloth-funnel,tight,cell2dmin,148vf,vf,11130,1.28758,0.51893,0.151516,0.099294,0,0,11129,0,0.156156,1,0,0,0.000250163,0.000250163,0,0.000250163,0.484619,0.484869,1,0.484619,gather
cloth-funnel,tight,cell2dmin,162ee,ee,32881,1.15763,0.543761,0.263033,0.08099,0,0,32880,0,0.262905,0,0,0,0,0,0,0,1,1,1,1,gather
cloth-funnel,tight,cell2dmin,176ee,ee,34403,1.11866,0.577329,0.304152,0.122653,0,0,34401,0,0.292312,1,0,0,0.000295812,0.000295812,0,0.000295812,0.429443,0.429739,2,0.429443,gather
cloth-funnel,tight,cell2dmin,185ee,ee,35908,1.1073,0.588049,0.281752,0.100157,0,0,35907,0,0.310648,1,0,0,0.000574723,0.000574723,0,0.000574723,0.231812,0.232386,1,0.231812,gather
cloth-funnel,tight,cell2dmin,193ee,ee,33224,1.16087,0.576272,0.354359,0.137916,0,0,33223,0,0.384854,1,0,0,0.00297863,0.00297863,0,0.00297863,0.849609,0.852588,1,0.849609,gather
cloth-funnel,tight,cell2dmin,203ee,ee,35575,1.15453,0.538482,0.256793,0.087966,0,0,35574,0,0.273625,1,0,0,9.2756e-05,9.2756e-05,0,9.2756e-05,0.811157,0.81125,1,0.811157,gather
cloth-funnel,tight,cell2dmin,213ee,ee,42234,1.12551,0.563921,0.305976,0.084766,0,0,42232,0,0.307064,2,0,0,0.00116341,0.00116341,0,0.0010729,0.839202,0.840275,2,0.839111,gather
cloth-funnel,tight,cell2dmin,220ee,ee,31969,1.10007,0.520466,0.276089,0.143996,0,0,31967,0,0.369686,2,0,0,0.00206054,0.00206054,0,0.00079738,0.215088,0.215885,2,0.215088,gather
cloth-funnel,tight,cell2dmin,227vf,vf,7319,1.11901,0.314264,0.586352,1.85976,0,0,7227,0,0.561905,27,0,0,0.0154919,0.00276473,0,0.000188275,0.0450439,0.0452322,92,0.0450439,gather
cloth-funnel,tight,cell2dmin,232vf,vf,6983,1.09501,0.297432,0.123901,0.101342,0,0,6981,0,0.136701,1,0,0,0.000100973,0.000100973,0,0.000100973,0.387268,0.387369,2,0.387268,gather
cloth-funnel,tight,cell2dmin,239ee,ee,35543,1.10167,0.536114,0.257561,0.933959,0,0,35527,0,0.670286,16,0,0,0.0223381,0,0,0,0,0,16,0,gather
cloth-funnel,tight,cell2dmin,243vf,vf,7840,1.09431,0.288729,0.110205,0.079006,0,0,7839,0,0.116829,1,0,0,0.000177156,0.000177156,0,0.000177156,0.333496,0.333673,1,0.333496,gather
cloth-funnel,tight,cell2dmin,249ee,ee,33438,1.05575,0.525842,0.227994,1.07735,0,0,33419,0,0.659598,19,0,0,0.0199673,0,0,0,0,0,19,0,gather
cloth-funnel,tight,cell2dmin,254ee,ee,35120,1.07082,0.577553,0.365718,0.755084,0,0,35104,0,0.436085,15,0,0,0.000533039,0,0,0,0,0,16,0,gather
cloth-funnel,tight,cell2dmin,259vf,vf,6185,1.11092,0.278584,0.129021,0.128636,0,0,6181,0,0.158684,4,0,0,0.000354367,0.000187083,0,0.000177713,0.0594053,0.059583,4,0.0594482,gather
cloth-funnel,tight,cell2dmin,265vf,vf,6576,1.02503,0.275161,0.109949,0.074654,0,0,6575,0,0.112957,1,0,0,0.000203828,0.000203828,0,0.000203828,0.00183105,0.00203488,1,0.00183105,gather
cloth-funnel,tight,cell2dmin,271vf,vf,6412,1.01876,0.328152,0.103933,0.079198,0,0,6411,0,0.104221,1,0,0,0.000193147,0.000193147,0,0.000193147,0.663696,0.663889,1,0.663696,gather
cloth-funnel,tight,cell2dmin,278ee,ee,36202,1.06557,0.506227,0.408981,1.43075,0,0,36182,0,0.663502,18,0,0,0.000655129,0,0,0,0,0,20,0,gather
cloth-funnel,tight,cell2dmin,283vf,vf,6728,1.09968,0.272121,0.170363,0.091421,0,0,6727,0,0.252986,1,0,0,0.000109089,0.000109089,0,0.000109089,0.898926,0.899035,1,0.898926,gather
cloth-funnel,tight,cell2dmin,289vf,vf,6869,1.05799,0.40063,0.865545,0.720237,0,0,6868,0,0.784715,0,0,0,0,0,0,0,1,1,1,1,gather
cloth-funnel,tight,cell2dmin,294vf,vf,7006,1.06656,0.316248,3.67008,4.56276,0,0,7001,0,3.69398,3,0,0,0.00150941,0.000582535,0,0.000582535,0.120884,0.121466,5,0.120884,gather
cloth-funnel,tight,cell2dmin,299ee,ee,41326,1.05088,0.522898,0.828714,6.46447,0,0,41287,0,2.02177,33,0,0,0.0491759,1.02334e-05,0,0,0,0,39,0,gather
cloth-funnel,tight,cell2dmin,304ee,ee,42647,1.0642,0.499091,0.402965,2.25805,0,0,42612,0,0.770284,33,0,0,0.0469421,1.16586e-05,0,0,0,0,35,0,gather
cloth-funnel,tight,cell2dmin,309ee,ee,45508,1.06055,0.575408,1.77733,4.54942,0,0,45476,0,2.50557,30,0,0,0.0335938,9.35312e-07,0,0,0,0,32,0,gather
cloth-funnel,tight,cell2dmin,313vf,vf,7921,1.14851,0.280024,5.11641,12.2252,0,0,7907,0,6.99191,6,0,0,0.0179777,0.00193104,0,0.00193104,0,0.00193104,14,0,gather
cloth-funnel,tight,cell2dmin,318vf,vf,7657,1.02685,0.292377,0.2886,7.07437,0,0,7643,0,6.08435,10,0,0,0.00184279,4.21916e-06,0,1.88217e-06,4.95911e-05,5.14732e-05,14,4.95911e-05,gather
cloth-funnel,tight,cell2dmin,323ee,ee,47435,1.0944,0.500083,1.2864,5.73703,0,0,47389,0,1.43551,43,0,0,0.000646816,5.74352e-06,0,0,0,0,46,0,gather
cloth-funnel,tight,cell2dmin,328ee,ee,60460,1.07383,0.559794,0.361686,2.60774,0,0,60421,0,0.932807,37,0,0,0.00240896,5.71589e-06,0,0,0,0,39,0,gather
cloth-funnel,tight,cell2dmin,334ee,ee,47191,1.05729,0.513682,0.384566,0.921799,0,0,47168,0,0.648207,20,0,0,0.00126748,0,0,0,0,0,23,0,gather
cloth-funnel,tight,cell2dmin,338vf,vf,7602,1.07453,0.288888,0.125949,0.080446,0,0,7601,0,0.127165,1,0,0,2.0887e-05,2.0887e-05,0,2.0887e-05,0.000896454,0.000917341,1,0.000896454,gather
cloth-funnel,tight,cell2dmin,343vf,vf,7167,1.0873,0.302872,0.449524,0.482515,0,0,7165,0,0.436917,1,0,0,5.26327e-05,5.26327e-05,0,5.26327e-05,0.203152,0.203204,2,0.203152,gather
cloth-funnel,tight,cell2dmin,349ee,ee,46140,1.02848,0.532562,0.423893,1.87329,0,0,46115,0,0.636335,22,0,0,0.000883457,0,0,0,0,0,25,0,gather
cloth-funnel,tight,cell2dmin,354vf,vf,7149,1.07316,0.347511,0.804043,0.782444,0,0,7147,0,0.80097,1,0,0,0.00590574,0.00590574,0,0.00590574,0.0833282,0.089234,2,0.0833282,gather
cloth-funnel,tight,cell2dmin,360ee,ee,46845,1.03095,0.524786,0.30476,2.30256,1,0,46813,0,0.776043,29,0,0,0.0172735,1.11865e-05,0,0,0,0,32,0,gather
cloth-funnel,tight,cell2dmin,365ee,ee,43834,1.03959,0.526355,0.495602,1.79679,0,0,43807,0,0.830059,26,0,0,0.00468615,7.92242e-06,0,0,0,0,27,0,gather
cloth-funnel,tight,cell2dmin,370vf,vf,8054,1.04061,0.3118,0.274873,0.310296,0,0,8050,0,0.230458,3,0,0,0.00225931,0.00049545,0,0.00049545,0.0720215,0.0725169,4,0.0720215,gather
cloth-funnel,tight,cell2dmin,376ee,ee,47824,1.03213,0.503507,0.451124,2.15636,0,0,47796,0,0.868041,26,0,0,0.00110793,5.26305e-06,0,0,0,0,28,0,gather
cloth-funnel,tight,cell2dmin,380vf,vf,8896,1.03309,0.322871,1.5709,2.23169,0,0,8892,0,1.55532,4,0,0,0.0129516,0.00153275,0,0.00145987,0.0279888,0.0294487,4,0.027916,gather
cloth-funnel,tight,cell2dmin,385vf,vf,16091,1.01357,0.381014,0.52517,0.763468,0,0,16088,0,0.548338,2,0,0,0.000577816,0.000577816,0,0.000577816,0.466553,0.467131,3,0.466553,gather
cloth-funnel,tight,cell2dmin,390ee,ee,110978,1.02756,0.651247,0.542482,1.37567,0,0,110956,0,0.949447,22,0,0,0.000192703,0,0,0,0,0,22,0,gather
cloth-funnel,tight,cell2dmin,397ee,ee,191279,1.08282,1.31014,0.865737,1.28822,0,0,191261,0,1.38502,18,0,0,0.000848499,0,0,0,0,0,18,0,gather
cloth-funnel,tight,cell2dmin,407ee,ee,465510,1.06186,1.73231,1.94981,0.97415,0,0,465491,0,2.25844,18,0,0,0.00144343,0,0,0,0,0,19,0,gather
cloth-funnel,tight,cell2dmin,414ee,ee,388206,0.996646,1.44214,1.57381,0.713901,0,0,388191,0,1.87054,15,0,0,0.000689295,0,0,0,0,0,15,0,gather
cloth-funnel,tight,cell2dmin,420vf,vf,131472,1.09079,2.08446,0.462868,1.44735,0,0,131466,0,1.76021,6,0,0,0,0,0,0,0,0,6,0,gather
cloth-funnel,tight,cell2dmin,425ee,ee,64294,1.04973,0.802507,0.374167,1.01229,0,0,64274,0,0.61096,19,0,0,0.000793667,0,0,0,0,0,20,0,gather
cloth-funnel,tight,cell2dmin,431ee,ee,20512,1.02503,1.03485,0.186907,1.08007,0,0,20495,0,0.4373,16,0,0,0.000999855,0,0,0,0,0,17,0,gather
cloth-funnel,tight,cell2dmin,439ee,ee,15414,1.0569,1.03949,0.37455,1.27865,0,0,15397,0,0.466132,16,0,0,0.000490861,0,0,0,0,0,17,0,gather
cloth-funnel,tight,cell2dmin,445ee,ee,14645,1.04346,1.03831,0.182875,1.08317,0,0,14626,0,0.550353,19,0,0,0.00299332,0,0,0,0,0,19,0,gather
cloth-funnel,tight,cell2dmin,451vf,vf,2784,1.07172,0.640143,0.321176,0.293592,0,0,2781,0,0.333943,3,0,0,0.00121463,0.00113114,0,0.00113114,0.0181885,0.0193196,3,0.0181885,gather
cloth-funnel,tight,cell2dmin,460ee,ee,13412,1.0642,1.14138,0.30796,1.02861,0,0,13395,0,0.497331,17,0,0,0.00107961,0,0,0,0,0,17,0,gather
cloth-funnel,tight,cell2dmin,466ee,ee,13408,1.09178,1.04017,0.199706,0.958503,0,0,13395,0,0.391382,13,0,0,0,0,0,0,0,0,13,0,gather
cloth-funnel,tight,cell2dmin,473vf,vf,2770,1.06919,0.72318,0.169852,0.093885,0,0,2769,0,0.287864,1,0,0,0.000166584,0.000166584,0,0.000166584,0.47229,0.472457,1,0.47229,gather
cloth-funnel,tight,cell2dmin,478vf,vf,2776,1.05892,0.787275,0.294232,0.127837,0,0,2774,0,0.330327,2,0,0,0.00049294,0.00049294,0,0.00049294,0.0404053,0.0408982,2,0.0404053,gather
cloth-funnel,tight,cell2dmin,484ee,ee,13345,1.10717,1.0905,0.352311,1.10532,0,0,13331,0,0.598256,14,0,0,0.00169688,0,0,0,0,0,14,0,gather
cloth-funnel,tight,cell2dmin,490ee,ee,13332,1.07991,1.04049,0.163451,1.22602,0,0,13317,0,0.432885,14,0,0,0.00367546,0,0,0,0,0,15,0,gather
cloth-funnel,tight,cell2dmin,495ee,ee,13353,1.07264,1.06234,0.272761,1.40831,0,0,13337,0,0.446548,16,0,0,0.00212432,0,0,0,0,0,16,0,gather
cloth-funnel,tight,cell2dmin,57ee,ee,27796,1.12669,0.618256,0.350774,0.093469,0,0,27795,0,0.290201,0,0,0,0,0,0,0,1,1,1,1,gather
cloth-funnel,tight,cell2dmin,103ee,ee,27918,0.891433,0.465107,0.310168,0.135388,0,0,27915,0,0.283512,3,0,0,0.0018329,0.000776686,0,0.000298219,0.174438,0.174737,3,0.174438,gather
cloth-funnel,tight,cell2dmin,118vf,vf,10771,0.924007,0.379222,0.113725,0.115197,0,0,10765,0,0.126557,1,0,0,0.00116257,0.00116257,0,0.00116257,0.203857,0.20502,6,0.203857,gather
cloth-funnel,tight,cell2dmin,138ee,ee,31533,1.09949,0.612784,0.301752,0.108509,0,0,31531,0,0.314424,2,0,0,0.00138268,0.00138268,0,0.00120663,0.935059,0.936265,2,0.935059,gather
cloth-funnel,tight,cell2dmin,148vf,vf,11130,1.08429,0.436181,0.180731,0.095102,0,0,11129,0,0.156956,1,0,0,0.000250163,0.000250163,0,0.000250163,0.484619,0.484869,1,0.484619,gather
cloth-funnel,tight,cell2dmin,162ee,ee,32881,1.04007,0.489587,0.264825,0.084222,0,0,32880,0,0.262361,0,0,0,0,0,0,0,1,1,1,1,gather
cloth-funnel,tight,cell2dmin,176ee,ee,34403,1.02887,0.571857,0.271192,0.09411,0,0,34401,0,0.284313,1,0,0,0.000295812,0.000295812,0,0.000295812,0.429443,0.429739,2,0.429443,gather
cloth-funnel,tight,cell2dmin,185ee,ee,35908,1.04503,0.637647,0.284601,0.071743,0,0,35907,0,0.288632,1,0,0,0.000574723,0.000574723,0,0.000574723,0.231812,0.232386,1,0.231812,gather
cloth-funnel,tight,cell2dmin,193ee,ee,33224,1.08026,0.576177,0.345335,0.130301,0,0,33223,0,0.37439,1,0,0,0.00297863,0.00297863,0,0.00297863,0.849609,0.852588,1,0.849609,gather
cloth-funnel,tight,cell2dmin,203ee,ee,35575,1.06,0.532402,0.254457,0.068126,0,0,35574,0,0.258617,1,0,0,9.2756e-05,9.2756e-05,0,9.2756e-05,0.811157,0.81125,1,0.811157,gather
cloth-funnel,tight,cell2dmin,213ee,ee,42234,1.06359,0.552177,0.285561,0.078269,0,0,42232,0,0.302456,2,0,0,0.00116341,0.00116341,0,0.0010729,0.839202,0.840275,2,0.839111,gather
cloth-funnel,tight,cell2dmin,220ee,ee,31969,1.01287,0.510419,0.268889,0.132669,0,0,31967,0,0.389717,2,0,0,0.00206054,0.00206054,0,0.00079738,0.215088,0.215885,2,0.215088,gather
cloth-funnel,tight,cell2dmin,227vf,vf,7319,1.14992,0.363638,0.125533,1.83352,0,0,7227,0,0.568881,27,0,0,0.0154919,0.00276473,0,0.000188275,0.0450439,0.0452322,92,0.0450439,gather
cloth-funnel,tight,cell2dmin,232vf,vf,6983,1.0769,0.296984,0.122333,0.097598,0,0,6981,0,0.124381,1,0,0,0.000100973,0.000100973,0,0.000100973,0.387268,0.387369,2,0.387268,gather
cloth-funnel,tight,cell2dmin,239ee,ee,35543,0.979366,0.52613,0.281976,0.879177,0,0,35527,0,0.664975,16,0,0,0.0223381,0,0,0,0,0,16,0,gather
cloth-funnel,tight,cell2dmin,243vf,vf,7840,0.991718,0.324151,0.106526,0.069886,0,0,7839,0,0.108349,1,0,0,0.000177156,0.000177156,0,0.000177156,0.333496,0.333673,1,0.333496,gather
cloth-funnel,tight,cell2dmin,249ee,ee,33438,1.0489,0.52869,0.240089,1.05661,0,0,33419,0,0.735277,19,0,0,0.0199673,0,0,0,0,0,19,0,gather
cloth-funnel,tight,cell2dmin,254ee,ee,35120,1.02913,0.512339,0.345047,0.822346,0,0,35104,0,0.445268,15,0,0,0.000533039,0,0,0,0,0,16,0,gather
cloth-funnel,tight,cell2dmin,259vf,vf,6185,1.51657,0.329751,0.123965,0.122557,0,0,6181,0,0.16006,4,0,0,0.000354367,0.000187083,0,0.000177713,0.0594053,0.059583,4,0.0594482,gather
cloth-funnel,tight,cell2dmin,265vf,vf,6576,1.03869,0.300376,0.107389,0.068446,0,0,6575,0,0.110109,1,0,0,0.000203828,0.000203828,0,0.000203828,0.00183105,0.00203488,1,0.00183105,gather
cloth-funnel,tight,cell2dmin,271vf,vf,6412,0.990726,0.287288,0.106014,0.069918,0,0,6411,0,0.106845,1,0,0,0.000193147,0.000193147,0,0.000193147,0.663696,0.663889,1,0.663696,gather
cloth-funnel,tight,cell2dmin,278ee,ee,36202,1.05514,0.511923,0.410645,1.42963,0,0,36182,0,0.658094,18,0,0,0.000655129,0,0,0,0,0,20,0,gather
cloth-funnel,tight,cell2dmin,283vf,vf,6728,1.03537,0.309368,0.238969,0.067806,0,0,6727,0,0.194043,1,0,0,0.000109089,0.000109089,0,0.000109089,0.898926,0.899035,1,0.898926,gather
cloth-funnel,tight,cell2dmin,289vf,vf,6869,1.0273,0.283193,0.762412,0.69355,0,0,6868,0,0.773931,0,0,0,0,0,0,0,1,1,1,1,gather
cloth-funnel,tight,cell2dmin,294vf,vf,7006,1.01239,0.30636,2.98418,4.55086,0,0,7001,0,3.62054,3,0,0,0.00150941,0.000582535,0,0.000582535,0.120884,0.121466,5,0.120884,gather
cloth-funnel,tight,cell2dmin,299ee,ee,41326,0.994342,0.532722,0.934791,6.48808,0,0,41287,0,1.97336,33,0,0,0.0491759,1.02334e-05,0,0,0,0,39,0,gather
cloth-funnel,tight,cell2dmin,304ee,ee,42647,1.02404,0.539825,0.402134,2.23754,0,0,42612,0,0.754412,33,0,0,0.0469421,1.16586e-05,0,0,0,0,35,0,gather
cloth-funnel,tight,cell2dmin,309ee,ee,45508,1.04388,0.523218,1.7836,4.58718,0,0,45476,0,2.49257,30,0,0,0.0335938,9.35312e-07,0,0,0,0,32,0,gather
cloth-funnel,tight,cell2dmin,313vf,vf,7921,1.1297,0.299672,5.0599,12.1614,0,0,7907,0,6.95162,6,0,0,0.0179777,0.00193104,0,0.00193104,0,0.00193104,14,0,gather
cloth-funnel,tight,cell2dmin,318vf,vf,7657,1.00842,0.288504,0.281209,7.11975,0,0,7643,0,6.09129,10,0,0,0.00184279,4.21916e-06,0,1.88217e-06,4.95911e-05,5.14732e-05,14,4.95911e-05,gather
cloth-funnel,tight,cell2dmin,323ee,ee,47435,1.05572,0.507155,1.29465,5.72551,0,0,47389,0,1.40156,43,0,0,0.000646816,5.74352e-06,0,0,0,0,46,0,gather
cloth-funnel,tight,cell2dmin,328ee,ee,60460,1.00273,0.574161,0.35551,2.56089,0,0,60421,0,0.909544,37,0,0,0.00240896,5.71589e-06,0,0,0,0,39,0,gather
cloth-funnel,tight,cell2dmin,334ee,ee,47191,1.0465,0.524978,0.335063,0.925735,0,0,47168,0,0.536882,20,0,0,0.00126748,0,0,0,0,0,23,0,gather
cloth-funnel,tight,cell2dmin,338vf,vf,7602,1.33756,0.325143,0.122973,0.067934,0,0,7601,0,0.128477,1,0,0,2.0887e-05,2.0887e-05,0,2.0887e-05,0.000896454,0.000917341,1,0.000896454,gather
cloth-funnel,tight,cell2dmin,343vf,vf,7167,1.04474,0.391254,0.43698,0.490803,0,0,7165,0,0.429877,1,0,0,5.26327e-05,5.26327e-05,0,5.26327e-05,0.203152,0.203204,2,0.203152,gather
cloth-funnel,tight,cell2dmin,349ee,ee,46140,1.03377,0.578864,0.422965,1.90206,0,0,46115,0,0.594192,22,0,0,0.000883457,0,0,0,0,0,25,0,gather
cloth-funnel,tight,cell2dmin,354vf,vf,7149,1.09524,0.320119,0.809131,0.805067,0,0,7147,0,0.794699,1,0,0,0.00590574,0.00590574,0,0.00590574,0.0833282,0.089234,2,0.0833282,gather
cloth-funnel,tight,cell2dmin,360ee,ee,46845,1.02682,0.53045,0.321047,2.28173,1,0,46813,0,0.788715,29,0,0,0.0172735,1.11865e-05,0,0,0,0,32,0,gather
cloth-funnel,tight,cell2dmin,365ee,ee,43834,1.02737,0.571697,0.466099,1.79307,0,0,43807,0,0.831339,26,0,0,0.00468615,7.92242e-06,0,0,0,0,27,0,gather
cloth-funnel,tight,cell2dmin,370vf,vf,8054,1.00234,0.342935,0.336151,0.292633,0,0,8050,0,0.245178,3,0,0,0.00225931,0.00049545,0,0.00049545,0.0720215,0.0725169,4,0.0720215,gather
cloth-funnel,tight,cell2dmin,376ee,ee,47824,1.01953,0.515891,0.43186,2.15274,0,0,47796,0,0.876841,26,0,0,0.00110793,5.26305e-06,0,0,0,0,28,0,gather
cloth-funnel,tight,cell2dmin,380vf,vf,8896,1.03805,0.330903,1.55487,2.21863,0,0,8892,0,1.53497,4,0,0,0.0129516,0.00153275,0,0.00145987,0.0279888,0.0294487,4,0.027916,gather
cloth-funnel,tight,cell2dmin,385vf,vf,16091,1.03434,0.425653,0.623664,0.74382,0,0,16088,0,0.54373,2,0,0,0.000577816,0.000577816,0,0.000577816,0.466553,0.467131,3,0.466553,gather
cloth-funnel,tight,cell2dmin,390ee,ee,110978,1.09523,0.605296,0.52565,1.33984,0,0,110956,0,0.872329,22,0,0,0.000192703,0,0,0,0,0,22,0,gather
cloth-funnel,tight,cell2dmin,397ee,ee,191279,1.04996,1.07261,0.859401,1.25293,0,0,191261,0,1.36796,18,0,0,0.000848499,0,0,0,0,0,18,0,gather
cloth-funnel,tight,cell2dmin,407ee,ee,465510,1.01201,1.51065,1.8732,0.957095,0,0,465491,0,2.26416,18,0,0,0.00144343,0,0,0,0,0,19,0,gather
cloth-funnel,tight,cell2dmin,414ee,ee,388206,0.927815,1.39475,1.49868,0.679918,0,0,388191,0,1.78082,15,0,0,0.000689295,0,0,0,0,0,15,0,gather
cloth-funnel,tight,cell2dmin,420vf,vf,131472,1.02093,2.01022,0.504563,1.43417,0,0,131466,0,1.76386,6,0,0,0,0,0,0,0,0,6,0,gather
cloth-funnel,tight,cell2dmin,425ee,ee,64294,1.00225,0.891081,0.346327,0.958055,0,0,64274,0,0.611056,19,0,0,0.000793667,0,0,0,0,0,20,0,gather
cloth-funnel,tight,cell2dmin,431ee,ee,20512,1.01655,0.846122,0.197275,1.0426,0,0,20495,0,0.408085,16,0,0,0.000999855,0,0,0,0,0,17,0,gather
cloth-funnel,tight,cell2dmin,439ee,ee,15414,1.02397,0.933031,0.371734,1.25997,0,0,15397,0,0.493107,16,0,0,0.000490861,0,0,0,0,0,17,0,gather
cloth-funnel,tight,cell2dmin,445ee,ee,14645,1.01223,0.954567,0.193307,1.07229,0,0,14626,0,0.58648,19,0,0,0.00299332,0,0,0,0,0,19,0,gather
cloth-funnel,tight,cell2dmin,451vf,vf,2784,1.00919,0.586832,0.246138,0.253945,0,0,2781,0,0.298712,3,0,0,0.00121463,0.00113114,0,0.00113114,0.0181885,0.0193196,3,0.0181885,gather
cloth-funnel,tight,cell2dmin,460ee,ee,13412,0.979686,1.04797,0.300248,1.00884,0,0,13395,0,0.520915,17,0,0,0.00107961,0,0,0,0,0,17,0,gather
cloth-funnel,tight,cell2dmin,466ee,ee,13408,1.01793,1.0161,0.179419,0.950887,0,0,13395,0,0.387798,13,0,0,0,0,0,0,0,0,13,0,gather
cloth-funnel,tight,cell2dmin,473vf,vf,2770,0.963047,0.768811,0.168636,0.051711,0,0,2769,0,0.243737,1,0,0,0.000166584,0.000166584,0,0.000166584,0.47229,0.472457,1,0.47229,gather
cloth-funnel,tight,cell2dmin,478vf,vf,2776,0.970599,0.770284,0.28524,0.121405,0,0,2774,0,0.286104,2,0,0,0.00049294,0.00049294,0,0.00049294,0.0404053,0.0408982,2,0.0404053,gather
cloth-funnel,tight,cell2dmin,484ee,ee,13345,1.03104,1.00225,0.346071,1.10711,0,0,13331,0,0.620783,14,0,0,0.00169688,0,0,0,0,0,14,0,gather
cloth-funnel,tight,cell2dmin,490ee,ee,13332,1.04906,1.02231,0.177883,1.22301,0,0,13317,0,0.432852,14,0,0,0.00367546,0,0,0,0,0,15,0,gather
cloth-funnel,tight,cell2dmin,495ee,ee,13353,1.04103,0.997317,0.288153,1.37968,0,0,13337,0,0.432628,16,0,0,0.00212432,0,0,0,0,0,16,0,gather
cloth-funnel,tight,cell2dmin,57ee,ee,27796,1.10868,0.487859,0.288536,0.072894,0,0,27795,0,0.254234,0,0,0,0,0,0,0,1,1,1,1,gather
n-body-simulation,tight,cell2d,10ee,ee,20233111,1.65356,148.274,52.358,16.9954,0,0,20206463,0,69.2052,26646,0,0,7.47009e-06,3.37942e-08,0,0,0,0,26648,0,packed
n-body-simulation,tight,cell2d,11ee,ee,22712558,6.15546,147.232,58.5773,16.9671,0,0,22684742,0,78.2208,27816,0,0,5.98176e-06,3.19064e-08,0,0,0,0,27816,0,packed
n-body-simulation,tight,cell2d,12ee,ee,23298885,6.38633,97.9428,60.1713,21.6505,0,0,23262717,0,86.1732,36168,0,0,1.40305e-05,2.83341e-08,0,0,0,0,36168,0,packed
n-body-simulation,tight,cell2d,13vf,vf,8977302,2.15281,26.4406,21.5385,5.33596,0,0,8968991,0,177.138,8311,0,0,6.48621e-06,3.22673e-08,0,0,0,0,8311,0,packed
n-body-simulation,tight,cell2d,14vf,vf,8976046,6.91861,22.9682,21.6175,6.53087,0,0,8967449,0,167.322,8597,0,0,1.42534e-05,3.24606e-08,0,0,0,0,8597,0,packed
n-body-simulation,tight,cell2d,16ee,ee,21501251,7.10078,166.885,55.5821,21.1853,0,0,21460925,0,81.4938,40320,0,0,3.92892e-06,2.81936e-08,0,0,0,0,40326,0,packed
n-body-simulation,tight,cell2d,17ee,ee,21072787,7.15275,132.653,54.7535,19.7255,0,0,21036408,0,78.1685,36379,0,0,3.01818e-05,3.08691e-08,0,0,0,0,36379,0,packed
n-body-simulation,tight,cell2d,18vf,vf,9396388,5.21392,32.2603,22.5133,5.63438,0,0,9386928,0,154.345,9459,0,0,9.34296e-06,3.18984e-08,0,0,0,0,9460,0,packed
n-body-simulation,tight,cell2d,19vf,vf,8838371,7.02072,26.1127,21.1565,6.70117,0,0,8831147,0,167.576,7222,0,0,9.65345e-06,3.48595e-08,0,0,0,0,7224,0,packed
n-body-simulation,tight,cell2d,1vf,vf,14769418,7.75385,45.6186,35.2974,12.7079,0,0,14743057,0,230.338,26359,0,0,6.25085e-06,4.11763e-08,0,0,0,0,26361,0,packed
n-body-simulation,tight,cell2d,21ee,ee,22805851,7.6183,77.6964,58.8788,17.8987,0,0,22774883,0,81.3072,30968,0,0,4.4361e-06,2.72679e-08,0,0,0,0,30968,0,packed
n-body-simulation,tight,cell2d,22ee,ee,21795408,14.4672,79.6808,56.7007,17.5095,0,0,21767930,0,83.3375,27478,0,0,3.13674e-05,3.01778e-08,0,0,0,0,27478,0,packed
n-body-simulation,tight,cell2d,23vf,vf,9019194,6.43568,17.6225,21.6973,7.04005,0,0,9013211,0,177.894,5983,0,0,2.50244e-06,3.37651e-08,0,0,0,0,5983,0,packed
n-body-simulation,tight,cell2d,24vf,vf,9328031,7.21188,19.8951,22.4756,5.9378,0,0,9321657,0,187.812,6374,0,0,2.05591e-06,2.71669e-08,0,0,0,0,6374,0,packed
n-body-simulation,tight,cell2d,26ee,ee,21507979,7.47185,96.8736,55.5706,21.3405,0,0,21476960,0,79.7776,31018,0,0,9.35575e-06,2.90536e-08,0,0,0,0,31019,0,packed
n-body-simulation,tight,cell2d,27ee,ee,19098371,6.05706,75.2156,49.8083,18.9931,0,0,19071875,0,68.7626,26493,0,0,9.3041e-06,2.83666e-08,0,0,0,0,26496,0,packed
n-body-simulation,tight,cell2d,28ee,ee,21732776,6.49462,115.315,56.1875,18.7034,0,0,21699656,0,79.6924,33120,0,0,5.49151e-06,2.68913e-08,0,0,0,0,33120,0,packed
n-body-simulation,tight,cell2d,29vf,vf,8541779,5.55298,37.3207,20.5291,7.3785,0,0,8535454,0,166.256,6324,0,0,2.10291e-06,3.32709e-08,0,0,0,0,6325,0,packed
n-body-simulation,tight,cell2d,2vf,vf,11120346,7.18808,33.3674,26.704,9.77009,2,0,11104323,0,197.946,16021,0,0,6.89914e-06,4.55741e-08,0,0,0,0,16023,0,packed
n-body-simulation,tight,cell2d,31ee,ee,22031508,7.26782,132.307,56.8361,19.2903,0,0,21996124,0,80.5467,35382,0,0,1.59505e-05,3.03864e-08,0,0,0,0,35384,0,packed
n-body-simulation,tight,cell2d,32ee,ee,21843046,5.78581,95.6908,61.471,18.7937,0,0,21806508,0,85.3065,36538,0,0,1.04363e-05,2.93862e-08,0,0,0,0,36538,0,packed
n-body-simulation,tight,cell2d,33vf,vf,8722574,5.70645,24.3564,21.0547,5.64639,0,0,8714933,0,138.929,7641,0,0,2.84272e-05,3.04841e-08,0,0,0,0,7641,0,packed
n-body-simulation,tight,cell2d,34vf,vf,9175016,6.51065,26.7221,22.1272,8.91869,0,0,9167097,0,158.904,7917,0,0,7.55402e-06,2.60306e-08,0,0,0,0,7919,0,packed
n-body-simulation,tight,cell2d,35vf,vf,8874710,6.52851,20.7407,21.3932,5.24765,0,0,8867449,0,159.693,7260,0,0,3.47101e-06,3.12235e-08,0,0,0,0,7261,0,packed
n-body-simulation,tight,cell2d,37ee,ee,19185062,7.0164,68.257,50.0095,15.965,0,0,19159490,0,67.1419,25572,0,0,4.56371e-06,3.25069e-08,0,0,0,0,25572,0,packed
n-body-simulation,tight,cell2d,38ee,ee,18927005,5.93137,74.4804,49.4491,20.0517,0,0,18905310,0,65.2519,21695,0,0,8.20268e-05,4.04764e-08,0,0,0,0,21695,0,packed
n-body-simulation,tight,cell2d,39vf,vf,8840342,5.44543,34.6063,21.2193,5.64399,0,0,8833159,0,144.637,7183,0,0,2.81318e-06,3.46672e-08,0,0,0,0,7183,0,packed
n-body-simulation,tight,cell2d,3vf,vf,10207136,7.37105,26.4481,24.679,8.43179,0,0,10194018,0,172.844,13117,0,0,4.9644e-06,4.39886e-08,0,0,0,0,13118,0,packed
n-body-simulation,tight,cell2d,41ee,ee,20836908,6.93,97.6226,53.882,20.6744,0,0,20798733,0,78.8217,38175,0,0,6.73718e-06,2.98072e-08,0,0,0,0,38175,0,packed
n-body-simulation,tight,cell2d,42ee,ee,20468804,7.04267,84.0208,57.1888,21.4087,3,0,20431487,0,90.0059,37314,0,0,6.48609e-06,2.79582e-08,0,0,0,0,37317,0,packed
n-body-simulation,tight,cell2d,43vf,vf,8527805,5.60213,21.6664,20.5765,4.857,0,0,8521009,0,162.057,6796,0,0,3.22549e-06,3.155e-08,0,0,0,0,6796,0,packed
n-body-simulation,tight,cell2d,44vf,vf,9115458,7.20852,23.9436,21.7745,5.81742,0,0,9109222,0,182.957,6236,0,0,3.8566e-06,3.30256e-08,0,0,0,0,6236,0,packed
n-body-simulation,tight,cell2d,45vf,vf,8471066,7.27825,25.1531,20.3386,5.73102,0,0,8465023,0,172.798,6043,0,0,1.64565e-06,2.85895e-08,0,0,0,0,6043,0,packed
n-body-simulation,tight,cell2d,47ee,ee,20578694,7.21048,99.0206,52.9443,17.0961,0,0,20550457,0,72.0042,28237,0,0,1.07412e-05,2.84272e-08,0,0,0,0,28237,0,packed
n-body-simulation,tight,cell2d,48ee,ee,20064276,6.33012,121.138,51.7562,12.5567,0,0,20041739,0,67.9868,22537,0,0,1.00659e-05,2.54928e-08,0,0,0,0,22537,0,packed
n-body-simulation,tight,cell2d,49vf,vf,8114795,5.69365,22.5268,19.5291,6.10958,0,0,8109142,0,155.779,5653,0,0,1.15774e-05,3.11965e-08,0,0,0,0,5653,0,packed
n-body-simulation,tight,cell2d,4vf,vf,9205265,6.76892,40.932,22.2241,5.97899,0,0,9196043,0,164.168,9222,0,0,4.75078e-06,4.71856e-08,0,0,0,0,9222,0,packed
n-body-simulation,tight,cell2d,51ee,ee,21999613,4.72123,93.0326,57.0256,20.0705,0,0,21962575,0,81.2232,37038,0,0,0.000240146,2.68971e-08,0,0,0,0,37038,0,packed
n-body-simulation,tight,cell2d,52ee,ee,21162535,4.02636,95.5643,55.0846,17.2787,0,0,21134023,0,74.6939,28512,0,0,3.54128e-06,2.87329e-08,0,0,0,0,28512,0,packed
n-body-simulation,tight,cell2d,53ee,ee,21449627,4.09449,86.571,60.4109,18.6234,0,0,21417653,0,82.7669,31970,0,0,2.1678e-05,2.68819e-08,0,0,0,0,31974,0,packed
n-body-simulation,tight,cell2d,55ee,ee,21344145,3.98598,133.022,55.4162,18.7038,0,0,21318170,0,74.8262,25975,0,0,6.81358e-06,2.6977e-08,0,0,0,0,25975,0,packed
n-body-simulation,tight,cell2d,56ee,ee,20093033,3.92861,90.3615,52.2683,18.1131,0,0,20058300,0,75.4118,34730,0,0,3.78754e-06,2.66699e-08,0,0,0,0,34733,0,packed
n-body-simulation,tight,cell2d,58ee,ee,19764368,3.94976,121.693,51.2824,17.7876,0,0,19732881,0,71.4332,31487,0,0,1.42286e-05,2.4435e-08,0,0,0,0,31487,0,packed
n-body-simulation,tight,cell2d,59ee,ee,21693056,3.88074,93.6446,60.7079,17.628,0,0,21659617,0,91.2566,33439,0,0,3.02714e-06,2.45289e-08,0,0,0,0,33439,0,packed
n-body-simulation,tight,cell2d,5vf,vf,8299022,3.85725,33.4595,20.1248,5.50338,0,0,8290821,0,140.527,8200,0,0,8.53552e-06,4.83476e-08,0,0,0,0,8201,0,packed
n-body-simulation,tight,cell2d,60vf,vf,9287198,4.32543,38.1165,22.1881,5.89361,0,0,9280053,0,176.932,7145,0,0,2.06948e-05,2.88345e-08,0,0,0,0,7145,0,packed
n-body-simulation,tight,cell2d,61vf,vf,9088217,4.00582,27.6395,21.8235,5.43154,0,0,9081906,0,178.31,6311,0,0,1.41357e-06,3.23426e-08,0,0,0,0,6311,0,packed
n-body-simulation,tight,cell2d,63ee,ee,21198177,4.04355,88.6064,54.5819,21.2482,0,0,21164629,0,77.2274,33548,0,0,1.61789e-05,2.78072e-08,0,0,0,0,33548,0,packed
n-body-simulation,tight,cell2d,64ee,ee,21753582,4.09369,129.742,56.3804,16.0943,0,0,21727174,0,74.7043,26406,0,0,3.40448e-06,2.9683e-08,0,0,0,0,26408,0,packed
n-body-simulation,tight,cell2d,65vf,vf,9729635,4.07107,38.9084,23.2883,5.14614,0,0,9722283,0,169.082,7352,0,0,2.71169e-06,2.88221e-08,0,0,0,0,7352,0,packed
n-body-simulation,tight,cell2d,66vf,vf,9651524,4.28383,45.8784,23.0352,6.09457,0,0,9645684,0,190.541,5840,0,0,1.79996e-06,3.1575e-08,0,0,0,0,5840,0,packed
n-body-simulation,tight,cell2d,68ee,ee,23647355,4.1365,111.498,61.1595,21.2268,0,0,23616234,0,84.8665,31121,0,0,3.16385e-05,2.53747e-08,0,0,0,0,31121,0,packed
n-body-simulation,tight,cell2d,69ee,ee,22352960,3.92614,99.8453,57.7233,15.8297,0,0,22326088,0,76.3621,26869,0,0,4.62005e-06,2.73999e-08,0,0,0,0,26872,0,packed
n-body-simulation,tight,cell2d,6ee,ee,23124800,4.33692,172.766,59.5501,17.2684,0,0,23087850,0,82.482,36950,0,0,3.96008e-06,3.62169e-08,0,0,0,0,36950,0,packed
n-body-simulation,tight,cell2d,70vf,vf,9460310,3.84166,33.951,22.8408,5.87211,0,0,9454392,0,203.471,5918,0,0,1.50854e-06,2.99507e-08,0,0,0,0,5918,0,packed
n-body-simulation,tight,cell2d,71vf,vf,9131146,4.35448,33.9052,22.0638,6.73119,1,0,9125704,0,187.998,5440,0,0,1.0513e-05,2.91278e-08,0,0,0,0,5442,0,packed
n-body-simulation,tight,cell2d,73ee,ee,21478783,4.28441,117.652,55.3214,21.2487,0,0,21453145,0,75.2827,25638,0,0,1.39284e-05,2.69071e-08,0,0,0,0,25638,0,packed
n-body-simulation,tight,cell2d,74ee,ee,22454354,4.03465,82.7666,58.003,16.5699,0,0,22430218,0,77.681,24136,0,0,4.62182e-06,2.56338e-08,0,0,0,0,24136,0,packed
n-body-simulation,tight,cell2d,7vf,vf,8850202,3.84173,40.0285,21.1392,5.77071,0,0,8842934,0,152.366,7268,0,0,1.17126e-05,3.85387e-08,0,0,0,0,7268,0,packed
n-body-simulation,tight,cell2d,8vf,vf,9010201,4.37298,43.6274,21.5905,5.87333,0,0,9004164,0,182.759,6037,0,0,2.91516e-06,3.25432e-08,0,0,0,0,6037,0,packed
n-body-simulation,tight,cell2d,10ee,ee,20233111,1.71135,149.744,52.2853,16.911,0,0,20206463,0,70.193,26646,0,0,7.47009e-06,3.37942e-08,0,0,0,0,26648,0,packed
n-body-simulation,tight,cell2d,11ee,ee,22712558,6.97394,149.541,59.9596,17.0936,0,0,22684742,0,80.5252,27816,0,0,5.98176e-06,3.19064e-08,0,0,0,0,27816,0,packed
n-body-simulation,tight,cell2d,12ee,ee,23298885,6.28896,100.137,60.0357,21.5931,0,0,23262717,0,86.577,36168,0,0,1.40305e-05,2.83341e-08,0,0,0,0,36168,0,packed
n-body-simulation,tight,cell2d,13vf,vf,8977302,2.04309,26.1984,21.4044,5.32182,0,0,8968991,0,154.82,8311,0,0,6.48621e-06,3.22673e-08,0,0,0,0,8311,0,packed
n-body-simulation,tight,cell2d,14vf,vf,8976046,6.946,23.193,21.5112,6.55724,0,0,8967449,0,149.836,8597,0,0,1.42534e-05,3.24606e-08,0,0,0,0,8597,0,packed
n-body-simulation,tight,cell2d,16ee,ee,21501251,6.93746,157.56,55.5631,21.242,0,0,21460925,0,82.2797,40320,0,0,3.92892e-06,2.81936e-08,0,0,0,0,40326,0,packed
n-body-simulation,tight,cell2d,17ee,ee,21072787,7.02027,132.607,54.6294,19.6998,0,0,21036408,0,78.5941,36379,0,0,3.01818e-05,3.08691e-08,0,0,0,0,36379,0,packed
n-body-simulation,tight,cell2d,18vf,vf,9396388,5.30931,32.1037,22.5,5.66456,0,0,9386928,0,163.274,9459,0,0,9.34296e-06,3.18984e-08,0,0,0,0,9460,0,packed
n-body-simulation,tight,cell2d,19vf,vf,8838371,7.1251,26.2069,21.1769,6.80293,0,0,8831147,0,173.308,7222,0,0,9.65345e-06,3.48595e-08,0,0,0,0,7224,0,packed
n-body-simulation,tight,cell2d,1vf,vf,14769418,7.61011,45.2855,35.178,12.735,0,0,14743057,0,197.382,26359,0,0,6.25085e-06,4.11763e-08,0,0,0,0,26361,0,packed
n-body-simulation,tight,cell2d,21ee,ee,22805851,7.28296,73.9704,58.8433,17.8731,0,0,22774883,0,82.4929,30968,0,0,4.4361e-06,2.72679e-08,0,0,0,0,30968,0,packed
n-body-simulation,tight,cell2d,22ee,ee,21795408,5.914,87.3328,56.3159,17.5526,0,0,21767930,0,83.1131,27478,0,0,3.13674e-05,3.01778e-08,0,0,0,0,27478,0,packed
n-body-simulation,tight,cell2d,23vf,vf,9019194,7.19099,17.9114,21.7991,6.99701,0,0,9013211,0,167.416,5983,0,0,2.50244e-06,3.37651e-08,0,0,0,0,5983,0,packed
n-body-simulation,tight,cell2d,24vf,vf,9328031,7.32148,19.695,22.5118,5.95742,0,0,9321657,0,186.39,6374,0,0,2.05591e-06,2.71669e-08,0,0,0,0,6374,0,packed
n-body-simulation,tight,cell2d,26ee,ee,21507979,7.31121,95.3911,55.4006,21.2621,0,0,21476960,0,80.2895,31018,0,0,9.35575e-06,2.90536e-08,0,0,0,0,31019,0,packed
n-body-simulation,tight,cell2d,27ee,ee,19098371,6.61967,75.3408,49.7406,19.0499,0,0,19071875,0,72.5352,26493,0,0,9.3041e-06,2.83666e-08,0,0,0,0,26496,0,packed
n-body-simulation,tight,cell2d,28ee,ee,21732776,6.95122,124.612,56.1121,18.6991,0,0,21699656,0,79.6874,33120,0,0,5.49151e-06,2.68913e-08,0,0,0,0,33120,0,packed
n-body-simulation,tight,cell2d,29vf,vf,8541779,5.61125,37.6397,20.5667,7.39982,0,0,8535454,0,142.65,6324,0,0,2.10291e-06,3.32709e-08,0,0,0,0,6325,0,packed
n-body-simulation,tight,cell2d,2vf,vf,11120346,7.55396,33.0836,26.6795,9.77153,2,0,11104323,0,182.38,16021,0,0,6.89914e-06,4.55741e-08,0,0,0,0,16023,0,packed
n-body-simulation,tight,cell2d,31ee,ee,22031508,7.45575,132.041,56.7966,19.1962,0,0,21996124,0,81.6561,35382,0,0,1.59505e-05,3.03864e-08,0,0,0,0,35384,0,packed
n-body-simulation,tight,cell2d,32ee,ee,21843046,5.80392,89.5299,61.5712,18.8231,0,0,21806508,0,85.9582,36538,0,0,1.04363e-05,2.93862e-08,0,0,0,0,36538,0,packed
n-body-simulation,tight,cell2d,33vf,vf,8722574,5.60159,24.5465,20.9594,5.61944,0,0,8714933,0,122.506,7641,0,0,2.84272e-05,3.04841e-08,0,0,0,0,7641,0,packed
n-body-simulation,tight,cell2d,34vf,vf,9175016,7.09186,26.8201,22.0915,8.95363,0,0,9167097,0,167.871,7917,0,0,7.55402e-06,2.60306e-08,0,0,0,0,7919,0,packed
n-body-simulation,tight,cell2d,35vf,vf,8874710,6.54403,20.7045,21.4182,5.24371,0,0,8867449,0,160.324,7260,0,0,3.47101e-06,3.12235e-08,0,0,0,0,7261,0,packed
n-body-simulation,tight,cell2d,37ee,ee,19185062,7.54253,70.0989,49.9036,16.0095,0,0,19159490,0,68.1229,25572,0,0,4.56371e-06,3.25069e-08,0,0,0,0,25572,0,packed
n-body-simulation,tight,cell2d,38ee,ee,18927005,6.19463,78.6407,49.2558,20.1518,0,0,18905310,0,66.2016,21695,0,0,8.20268e-05,4.04764e-08,0,0,0,0,21695,0,packed
n-body-simulation,tight,cell2d,39vf,vf,8840342,5.89352,33.7586,21.2466,5.62172,0,0,8833159,0,165.766,7183,0,0,2.81318e-06,3.46672e-08,0,0,0,0,7183,0,packed
n-body-simulation,tight,cell2d,3vf,vf,10207136,7.44129,26.2756,24.4731,8.43934,0,0,10194018,0,158.786,13117,0,0,4.9644e-06,4.39886e-08,0,0,0,0,13118,0,packed
n-body-simulation,tight,cell2d,41ee,ee,20836908,7.39697,98.6307,53.7671,20.6228,0,0,20798733,0,79.4876,38175,0,0,6.73718e-06,2.98072e-08,0,0,0,0,38175,0,packed
n-body-simulation,tight,cell2d,42ee,ee,20468804,6.59523,82.7578,57.5443,21.31,3,0,20431487,0,82.3786,37314,0,0,6.48609e-06,2.79582e-08,0,0,0,0,37317,0,packed
n-body-simulation,tight,cell2d,43vf,vf,8527805,5.09872,21.4691,20.4662,4.85044,0,0,8521009,0,144.028,6796,0,0,3.22549e-06,3.155e-08,0,0,0,0,6796,0,packed
n-body-simulation,tight,cell2d,44vf,vf,9115458,6.81426,23.8995,21.8083,5.82514,0,0,9109222,0,175.36,6236,0,0,3.8566e-06,3.30256e-08,0,0,0,0,6236,0,packed
n-body-simulation,tight,cell2d,45vf,vf,8471066,6.96831,24.9673,20.2782,5.72299,0,0,8465023,0,168.145,6043,0,0,1.64565e-06,2.85895e-08,0,0,0,0,6043,0,packed
n-body-simulation,tight,cell2d,47ee,ee,20578694,7.31387,106.95,52.9603,16.8623,0,0,20550457,0,72.9153,28237,0,0,1.07412e-05,2.84272e-08,0,0,0,0,28237,0,packed
n-body-simulation,tight,cell2d,48ee,ee,20064276,7.64535,119.896,51.6276,12.7469,0,0,20041739,0,68.4923,22537,0,0,1.00659e-05,2.54928e-08,0,0,0,0,22537,0,packed
n-body-simulation,tight,cell2d,49vf,vf,8114795,5.30348,23.2692,19.4617,6.17994,0,0,8109142,0,147.573,5653,0,0,1.15774e-05,3.11965e-08,0,0,0,0,5653,0,packed
n-body-simulation,tight,cell2d,4vf,vf,9205265,7.62848,41.7513,22.2061,6.06919,0,0,9196043,0,158.802,9222,0,0,4.75078e-06,4.71856e-08,0,0,0,0,9222,0,packed
n-body-simulation,tight,cell2d,51ee,ee,21999613,4.63521,95.1824,56.9837,20.1082,0,0,21962575,0,81.3353,37038,0,0,0.000240146,2.68971e-08,0,0,0,0,37038,0,packed
n-body-simulation,tight,cell2d,52ee,ee,21162535,3.89302,95.8812,55.1135,17.2762,0,0,21134023,0,75.8308,28512,0,0,3.54128e-06,2.87329e-08,0,0,0,0,28512,0,packed
n-body-simulation,tight,cell2d,53ee,ee,21449627,4.18934,85.1547,60.2749,18.7724,0,0,21417653,0,83.1019,31970,0,0,2.1678e-05,2.68819e-08,0,0,0,0,31974,0,packed
n-body-simulation,tight,cell2d,55ee,ee,21344145,3.94352,151.273,55.242,18.5931,0,0,21318170,0,75.0301,25975,0,0,6.81358e-06,2.6977e-08,0,0,0,0,25975,0,packed
n-body-simulation,tight,cell2d,56ee,ee,20093033,3.74679,90.0028,52.2581,18.054,0,0,20058300,0,76.2973,34730,0,0,3.78754e-06,2.66699e-08,0,0,0,0,34733,0,packed
n-body-simulation,tight,cell2d,58ee,ee,19764368,3.75738,108.622,51.2647,17.7797,0,0,19732881,0,71.3962,31487,0,0,1.42286e-05,2.4435e-08,0,0,0,0,31487,0,packed
n-body-simulation,tight,cell2d,59ee,ee,21693056,4.17807,102.364,61.0667,17.6151,0,0,21659617,0,83.9613,33439,0,0,3.02714e-06,2.45289e-08,0,0,0,0,33439,0,packed
n-body-simulation,tight,cell2d,5vf,vf,8299022,3.90614,33.7236,19.9355,5.50021,0,0,8290821,0,122.425,8200,0,0,8.53552e-06,4.83476e-08,0,0,0,0,8201,0,packed
n-body-simulation,tight,cell2d,60vf,vf,9287198,4.11244,36.7272,22.1002,5.8572,0,0,9280053,0,170.53,7145,0,0,2.06948e-05,2.88345e-08,0,0,0,0,7145,0,packed
n-body-simulation,tight,cell2d,61vf,vf,9088217,4.2134,27.5444,21.7182,5.40582,0,0,9081906,0,177.162,6311,0,0,1.41357e-06,3.23426e-08,0,0,0,0,6311,0,packed
n-body-simulation,tight,cell2d,63ee,ee,21198177,4.34232,96.9814,54.5211,21.0812,0,0,21164629,0,77.7951,33548,0,0,1.61789e-05,2.78072e-08,0,0,0,0,33548,0,packed
n-body-simulation,tight,cell2d,64ee,ee,21753582,4.09907,126.653,56.2743,16.1628,0,0,21727174,0,75.2575,26406,0,0,3.40448e-06,2.9683e-08,0,0,0,0,26408,0,packed
n-body-simulation,tight,cell2d,65vf,vf,9729635,4.08937,38.9559,23.2245,5.10378,0,0,9722283,0,157.21,7352,0,0,2.71169e-06,2.88221e-08,0,0,0,0,7352,0,packed
n-body-simulation,tight,cell2d,66vf,vf,9651524,4.22351,45.4247,23.092,6.10023,0,0,9645684,0,189.108,5840,0,0,1.79996e-06,3.1575e-08,0,0,0,0,5840,0,packed
n-body-simulation,tight,cell2d,68ee,ee,23647355,4.02892,108.376,61.0911,21.3612,0,0,23616234,0,86.7569,31121,0,0,3.16385e-05,2.53747e-08,0,0,0,0,31121,0,packed
n-body-simulation,tight,cell2d,69ee,ee,22352960,4.04582,106.142,57.4682,15.7134,0,0,22326088,0,76.4783,26869,0,0,4.62005e-06,2.73999e-08,0,0,0,0,26872,0,packed
n-body-simulation,tight,cell2d,6ee,ee,23124800,4.29336,151.498,59.4902,17.2826,0,0,23087850,0,84.2243,36950,0,0,3.96008e-06,3.62169e-08,0,0,0,0,36950,0,packed
n-body-simulation,tight,cell2d,70vf,vf,9460310,3.94912,33.7095,22.6284,5.87774,0,0,9454392,0,177.464,5918,0,0,1.50854e-06,2.99507e-08,0,0,0,0,5918,0,packed
n-body-simulation,tight,cell2d,71vf,vf,9131146,4.12006,34.1569,21.9196,6.73285,1,0,9125704,0,169.722,5440,0,0,1.0513e-05,2.91278e-08,0,0,0,0,5442,0,packed
n-body-simulation,tight,cell2d,73ee,ee,21478783,4.03737,116.346,55.2102,21.1528,0,0,21453145,0,75.9195,25638,0,0,1.39284e-05,2.69071e-08,0,0,0,0,25638,0,packed
n-body-simulation,tight,cell2d,74ee,ee,22454354,3.97523,78.997,57.9157,16.5258,0,0,22430218,0,78.2905,24136,0,0,4.62182e-06,2.56338e-08,0,0,0,0,24136,0,packed
n-body-simulation,tight,cell2d,7vf,vf,8850202,4.20479,39.5358,21.1919,5.81003,0,0,8842934,0,167.689,7268,0,0,1.17126e-05,3.85387e-08,0,0,0,0,7268,0,packed
n-body-simulation,tight,cell2d,8vf,vf,9010201,4.38165,42.9421,21.5541,5.87816,0,0,9004164,0,165.878,6037,0,0,2.91516e-06,3.25432e-08,0,0,0,0,6037,0,packed
n-body-simulation,tight,cell2d,10ee,ee,20233111,1.67826,142.23,52.3757,16.8195,0,0,20206463,0,68.5213,26646,0,0,7.47009e-06,3.37942e-08,0,0,0,0,26648,0,packed
n-body-simulation,tight,cell2d,11ee,ee,22712558,5.58293,152.348,58.513,17.2101,0,0,22684742,0,78.1988,27816,0,0,5.98176e-06,3.19064e-08,0,0,0,0,27816,0,packed
n-body-simulation,tight,cell2d,12ee,ee,23298885,5.92843,101.94,60.0133,21.7291,0,0,23262717,0,86.2652,36168,0,0,1.40305e-05,2.83341e-08,0,0,0,0,36168,0,packed
n-body-simulation,tight,cell2d,13vf,vf,8977302,2.18075,26.9082,21.4541,5.35184,0,0,8968991,0,135.041,8311,0,0,6.48621e-06,3.22673e-08,0,0,0,0,8311,0,packed
n-body-simulation,tight,cell2d,14vf,vf,8976046,7.17061,23.0437,21.54,6.54476,0,0,8967449,0,158.368,8597,0,0,1.42534e-05,3.24606e-08,0,0,0,0,8597,0,packed
n-body-simulation,tight,cell2d,16ee,ee,21501251,6.99915,161.945,55.6228,21.2583,0,0,21460925,0,81.6927,40320,0,0,3.92892e-06,2.81936e-08,0,0,0,0,40326,0,packed
n-body-simulation,tight,cell2d,17ee,ee,21072787,6.78978,127.467,54.799,19.6145,0,0,21036408,0,77.9937,36379,0,0,3.01818e-05,3.08691e-08,0,0,0,0,36379,0,packed
n-body-simulation,tight,cell2d,18vf,vf,9396388,5.54091,32.7036,22.5029,5.62194,0,0,9386928,0,149.065,9459,0,0,9.34296e-06,3.18984e-08,0,0,0,0,9460,0,packed
n-body-simulation,tight,cell2d,19vf,vf,8838371,7.07035,25.797,21.1757,6.78293,0,0,8831147,0,159.44,7222,0,0,9.65345e-06,3.48595e-08,0,0,0,0,7224,0,packed
n-body-simulation,tight,cell2d,1vf,vf,14769418,7.61712,45.5359,35.3466,12.725,0,0,14743057,0,180.115,26359,0,0,6.25085e-06,4.11763e-08,0,0,0,0,26361,0,packed
n-body-simulation,tight,cell2d,21ee,ee,22805851,7.49373,74.2811,58.8527,17.8492,0,0,22774883,0,82.0432,30968,0,0,4.4361e-06,2.72679e-08,0,0,0,0,30968,0,packed
n-body-simulation,tight,cell2d,22ee,ee,21795408,6.02519,92.2125,56.4116,17.5066,0,0,21767930,0,82.1027,27478,0,0,3.13674e-05,3.01778e-08,0,0,0,0,27478,0,packed
n-body-simulation,tight,cell2d,23vf,vf,9019194,6.11379,17.9007,21.8649,7.00907,0,0,9013211,0,190.634,5983,0,0,2.50244e-06,3.37651e-08,0,0,0,0,5983,0,packed
n-body-simulation,tight,cell2d,24vf,vf,9328031,7.19572,19.9309,22.5323,5.94282,0,0,9321657,0,181.126,6374,0,0,2.05591e-06,2.71669e-08,0,0,0,0,6374,0,packed
n-body-simulation,tight,cell2d,26ee,ee,21507979,7.14279,91.2454,55.5144,21.5323,0,0,21476960,0,79.6037,31018,0,0,9.35575e-06,2.90536e-08,0,0,0,0,31019,0,packed
n-body-simulation,tight,cell2d,27ee,ee,19098371,6.01437,75.2533,49.8575,19.0579,0,0,19071875,0,68.3535,26493,0,0,9.3041e-06,2.83666e-08,0,0,0,0,26496,0,packed
n-body-simulation,tight,cell2d,28ee,ee,21732776,6.20266,124.84,56.223,18.7246,0,0,21699656,0,79.9897,33120,0,0,5.49151e-06,2.68913e-08,0,0,0,0,33120,0,packed
n-body-simulation,tight,cell2d,29vf,vf,8541779,5.39289,36.8576,20.452,7.46538,0,0,8535454,0,152.314,6324,0,0,2.10291e-06,3.32709e-08,0,0,0,0,6325,0,packed
n-body-simulation,tight,cell2d,2vf,vf,11120346,7.40323,33.3814,26.7207,9.83552,2,0,11104323,0,183.601,16021,0,0,6.89914e-06,4.55741e-08,0,0,0,0,16023,0,packed
n-body-simulation,tight,cell2d,31ee,ee,22031508,7.24154,116.344,56.8296,19.228,0,0,21996124,0,81.2482,35382,0,0,1.59505e-05,3.03864e-08,0,0,0,0,35384,0,packed
n-body-simulation,tight,cell2d,32ee,ee,21843046,6.2208,85.71,61.0652,18.7921,0,0,21806508,0,84.7828,36538,0,0,1.04363e-05,2.93862e-08,0,0,0,0,36538,0,packed
n-body-simulation,tight,cell2d,33vf,vf,8722574,5.22745,24.5524,21.1221,5.6196,0,0,8714933,0,140.194,7641,0,0,2.84272e-05,3.04841e-08,0,0,0,0,7641,0,packed
n-body-simulation,tight,cell2d,34vf,vf,9175016,7.1306,26.5936,22.1204,8.93065,0,0,9167097,0,170.698,7917,0,0,7.55402e-06,2.60306e-08,0,0,0,0,7919,0,packed
n-body-simulation,tight,cell2d,35vf,vf,8874710,6.75183,20.8233,21.4701,5.26287,0,0,8867449,0,174.083,7260,0,0,3.47101e-06,3.12235e-08,0,0,0,0,7261,0,packed
n-body-simulation,tight,cell2d,37ee,ee,19185062,7.26218,69.8578,49.955,16.0703,0,0,19159490,0,67.3628,25572,0,0,4.56371e-06,3.25069e-08,0,0,0,0,25572,0,packed
n-body-simulation,tight,cell2d,38ee,ee,18927005,6.10458,76.8935,49.2732,20.0482,0,0,18905310,0,64.979,21695,0,0,8.20268e-05,4.04764e-08,0,0,0,0,21695,0,packed
n-body-simulation,tight,cell2d,39vf,vf,8840342,5.77896,33.1874,21.3018,5.60798,0,0,8833159,0,167.558,7183,0,0,2.81318e-06,3.46672e-08,0,0,0,0,7183,0,packed
n-body-simulation,tight,cell2d,3vf,vf,10207136,7.38291,26.2644,24.5767,8.42593,0,0,10194018,0,177.983,13117,0,0,4.9644e-06,4.39886e-08,0,0,0,0,13118,0,packed
n-body-simulation,tight,cell2d,41ee,ee,20836908,7.34416,98.784,53.7812,20.7958,0,0,20798733,0,79.0677,38175,0,0,6.73718e-06,2.98072e-08,0,0,0,0,38175,0,packed
n-body-simulation,tight,cell2d,42ee,ee,20468804,7.03368,78.7812,57.4613,21.4121,3,0,20431487,0,81.8792,37314,0,0,6.48609e-06,2.79582e-08,0,0,0,0,37317,0,packed
n-body-simulation,tight,cell2d,43vf,vf,8527805,5.46546,21.35,20.4233,4.89037,0,0,8521009,0,136.221,6796,0,0,3.22549e-06,3.155e-08,0,0,0,0,6796,0,packed
n-body-simulation,tight,cell2d,44vf,vf,9115458,6.58313,23.8459,21.7592,5.80532,0,0,9109222,0,176.611,6236,0,0,3.8566e-06,3.30256e-08,0,0,0,0,6236,0,packed
n-body-simulation,tight,cell2d,45vf,vf,8471066,7.35543,24.7968,20.3113,5.72661,0,0,8465023,0,172.914,6043,0,0,1.64565e-06,2.85895e-08,0,0,0,0,6043,0,packed
n-body-simulation,tight,cell2d,47ee,ee,20578694,7.2425,105.591,52.974,16.9184,0,0,20550457,0,72.9147,28237,0,0,1.07412e-05,2.84272e-08,0,0,0,0,28237,0,packed
n-body-simulation,tight,cell2d,48ee,ee,20064276,6.87822,122.737,51.6228,12.5506,0,0,20041739,0,67.92,22537,0,0,1.00659e-05,2.54928e-08,0,0,0,0,22537,0,packed
n-body-simulation,tight,cell2d,49vf,vf,8114795,6.62725,22.8837,19.4217,6.12624,0,0,8109142,0,145.405,5653,0,0,1.15774e-05,3.11965e-08,0,0,0,0,5653,0,packed
n-body-simulation,tight,cell2d,4vf,vf,9205265,6.71378,41.8748,22.2303,6.01044,0,0,9196043,0,174.614,9222,0,0,4.75078e-06,4.71856e-08,0,0,0,0,9222,0,packed
n-body-simulation,tight,cell2d,51ee,ee,21999613,4.66593,94.4294,57.0086,20.0725,0,0,21962575,0,81.3389,37038,0,0,0.000240146,2.68971e-08,0,0,0,0,37038,0,packed
n-body-simulation,tight,cell2d,52ee,ee,21162535,3.91884,101.946,55.164,17.2366,0,0,21134023,0,75.4391,28512,0,0,3.54128e-06,2.87329e-08,0,0,0,0,28512,0,packed
n-body-simulation,tight,cell2d,53ee,ee,21449627,3.96927,94.7463,60.5297,18.8109,0,0,21417653,0,83.8366,31970,0,0,2.1678e-05,2.68819e-08,0,0,0,0,31974,0,packed
n-body-simulation,tight,cell2d,55ee,ee,21344145,3.82189,144.077,55.3958,18.8083,0,0,21318170,0,75.023,25975,0,0,6.81358e-06,2.6977e-08,0,0,0,0,25975,0,packed
n-body-simulation,tight,cell2d,56ee,ee,20093033,3.96284,98.8981,52.2426,17.9484,0,0,20058300,0,75.8553,34730,0,0,3.78754e-06,2.66699e-08,0,0,0,0,34733,0,packed
n-body-simulation,tight,cell2d,58ee,ee,19764368,6.12807,115.063,51.2984,17.8575,0,0,19732881,0,71.4843,31487,0,0,1.42286e-05,2.4435e-08,0,0,0,0,31487,0,packed
n-body-simulation,tight,cell2d,59ee,ee,21693056,4.31515,93.6686,61.5666,17.5605,0,0,21659617,0,93.7851,33439,0,0,3.02714e-06,2.45289e-08,0,0,0,0,33439,0,packed
n-body-simulation,tight,cell2d,5vf,vf,8299022,3.96719,33.3077,20.038,5.51452,0,0,8290821,0,158.417,8200,0,0,8.53552e-06,4.83476e-08,0,0,0,0,8201,0,packed
n-body-simulation,tight,cell2d,60vf,vf,9287198,4.36792,38.9721,22.1495,5.85863,0,0,9280053,0,164.421,7145,0,0,2.06948e-05,2.88345e-08,0,0,0,0,7145,0,packed
n-body-simulation,tight,cell2d,61vf,vf,9088217,4.16812,27.5597,21.8232,5.43388,0,0,9081906,0,184.061,6311,0,0,1.41357e-06,3.23426e-08,0,0,0,0,6311,0,packed
n-body-simulation,tight,cell2d,63ee,ee,21198177,4.16517,96.7353,54.472,21.3119,0,0,21164629,0,77.2798,33548,0,0,1.61789e-05,2.78072e-08,0,0,0,0,33548,0,packed
n-body-simulation,tight,cell2d,64ee,ee,21753582,4.2725,129.61,56.5446,16.1144,0,0,21727174,0,75.63,26406,0,0,3.40448e-06,2.9683e-08,0,0,0,0,26408,0,packed
n-body-simulation,tight,cell2d,65vf,vf,9729635,3.79888,38.7539,23.1195,5.13273,0,0,9722283,0,147.112,7352,0,0,2.71169e-06,2.88221e-08,0,0,0,0,7352,0,packed
n-body-simulation,tight,cell2d,66vf,vf,9651524,4.19874,45.7333,23.0085,6.11751,0,0,9645684,0,194.694,5840,0,0,1.79996e-06,3.1575e-08,0,0,0,0,5840,0,packed
n-body-simulation,tight,cell2d,68ee,ee,23647355,4.0694,111.089,61.1243,21.3281,0,0,23616234,0,85.7942,31121,0,0,3.16385e-05,2.53747e-08,0,0,0,0,31121,0,packed
n-body-simulation,tight,cell2d,69ee,ee,22352960,3.94777,92.3345,57.6769,15.7847,0,0,22326088,0,76.6376,26869,0,0,4.62005e-06,2.73999e-08,0,0,0,0,26872,0,packed
n-body-simulation,tight,cell2d,6ee,ee,23124800,4.45771,154.428,59.4412,17.3277,0,0,23087850,0,83.1808,36950,0,0,3.96008e-06,3.62169e-08,0,0,0,0,36950,0,packed
n-body-simulation,tight,cell2d,70vf,vf,9460310,3.61104,34.3253,22.5228,5.85675,0,0,9454392,0,147.785,5918,0,0,1.50854e-06,2.99507e-08,0,0,0,0,5918,0,packed
n-body-simulation,tight,cell2d,71vf,vf,9131146,4.22639,33.8694,22.0866,6.74972,1,0,9125704,0,187.34,5440,0,0,1.0513e-05,2.91278e-08,0,0,0,0,5442,0,packed
n-body-simulation,tight,cell2d,73ee,ee,21478783,4.04665,112.088,55.2949,21.1029,0,0,21453145,0,75.4816,25638,0,0,1.39284e-05,2.69071e-08,0,0,0,0,25638,0,packed
n-body-simulation,tight,cell2d,74ee,ee,22454354,3.90828,77.9545,57.9474,16.576,0,0,22430218,0,77.6195,24136,0,0,4.62182e-06,2.56338e-08,0,0,0,0,24136,0,packed
n-body-simulation,tight,cell2d,7vf,vf,8850202,3.7191,40.0899,21.2874,5.79448,0,0,8842934,0,161.851,7268,0,0,1.17126e-05,3.85387e-08,0,0,0,0,7268,0,packed
n-body-simulation,tight,cell2d,8vf,vf,9010201,4.43134,42.6296,21.6194,5.85716,0,0,9004164,0,181.773,6037,0,0,2.91516e-06,3.25432e-08,0,0,0,0,6037,0,packed
n-body-simulation,tight,cell2d,10ee,ee,20233111,1.57458,134.105,52.0757,16.6556,0,0,20206463,0,69.0022,26646,0,0,7.47009e-06,3.37942e-08,0,0,0,0,26648,0,gather
n-body-simulation,tight,cell2d,11ee,ee,22712558,2.2497,111.345,58.191,16.9354,0,0,22684742,0,78.1411,27816,0,0,5.98176e-06,3.19064e-08,0,0,0,0,27816,0,gather
n-body-simulation,tight,cell2d,12ee,ee,23298885,2.35415,131.767,59.8391,21.6832,0,0,23262717,0,85.7858,36168,0,0,1.40305e-05,2.83341e-08,0,0,0,0,36168,0,gather
n-body-simulation,tight,cell2d,13vf,vf,8977302,1.76482,38.944,21.6351,5.32044,0,0,8968991,0,153.462,8311,0,0,6.48621e-06,3.22673e-08,0,0,0,0,8311,0,gather
n-body-simulation,tight,cell2d,14vf,vf,8976046,2.07326,35.0425,21.7391,6.52681,0,0,8967449,0,181.21,8597,0,0,1.42534e-05,3.24606e-08,0,0,0,0,8597,0,gather
n-body-simulation,tight,cell2d,16ee,ee,21501251,1.98657,117.804,55.286,21.1452,0,0,21460925,0,81.2192,40320,0,0,3.92892e-06,2.81936e-08,0,0,0,0,40326,0,gather
n-body-simulation,tight,cell2d,17ee,ee,21072787,1.9435,102.717,54.4356,19.6865,0,0,21036408,0,78.0324,36379,0,0,3.01818e-05,3.08691e-08,0,0,0,0,36379,0,gather
n-body-simulation,tight,cell2d,18vf,vf,9396388,1.86462,48.5193,22.7014,5.67295,0,0,9386928,0,164.037,9459,0,0,9.34296e-06,3.18984e-08,0,0,0,0,9460,0,gather
n-body-simulation,tight,cell2d,19vf,vf,8838371,2.0532,33.0205,21.2111,6.78895,0,0,8831147,0,163.294,7222,0,0,9.65345e-06,3.48595e-08,0,0,0,0,7224,0,gather
n-body-simulation,tight,cell2d,1vf,vf,14769418,2.29828,65.022,35.3275,12.6843,0,0,14743057,0,222.638,26359,0,0,6.25085e-06,4.11763e-08,0,0,0,0,26361,0,gather
n-body-simulation,tight,cell2d,21ee,ee,22805851,3.28232,85.8895,58.6096,17.5267,0,0,22774883,0,81.523,30968,0,0,4.4361e-06,2.72679e-08,0,0,0,0,30968,0,gather
n-body-simulation,tight,cell2d,22ee,ee,21795408,1.7461,80.8363,56.147,17.5491,0,0,21767930,0,81.8189,27478,0,0,3.13674e-05,3.01778e-08,0,0,0,0,27478,0,gather
n-body-simulation,tight,cell2d,23vf,vf,9019194,1.74268,28.0381,21.9082,7.00485,0,0,9013211,0,165.614,5983,0,0,2.50244e-06,3.37651e-08,0,0,0,0,5983,0,gather
n-body-simulation,tight,cell2d,24vf,vf,9328031,2.00846,27.9049,22.6895,5.97758,0,0,9321657,0,194.193,6374,0,0,2.05591e-06,2.71669e-08,0,0,0,0,6374,0,gather
n-body-simulation,tight,cell2d,26ee,ee,21507979,1.9964,101.165,55.2052,21.5337,0,0,21476960,0,78.9836,31018,0,0,9.35575e-06,2.90536e-08,0,0,0,0,31019,0,gather
n-body-simulation,tight,cell2d,27ee,ee,19098371,1.92053,75.2869,49.4968,18.9341,0,0,19071875,0,68.4793,26493,0,0,9.3041e-06,2.83666e-08,0,0,0,0,26496,0,gather
n-body-simulation,tight,cell2d,28ee,ee,21732776,1.79362,143.818,55.9237,18.7032,0,0,21699656,0,79.499,33120,0,0,5.49151e-06,2.68913e-08,0,0,0,0,33120,0,gather
n-body-simulation,tight,cell2d,29vf,vf,8541779,1.83858,50.7929,20.5788,7.41927,0,0,8535454,0,169.501,6324,0,0,2.10291e-06,3.32709e-08,0,0,0,0,6325,0,gather
n-body-simulation,tight,cell2d,2vf,vf,11120346,2.20798,45.7458,26.8131,9.85652,2,0,11104323,0,185.678,16021,0,0,6.89914e-06,4.55741e-08,0,0,0,0,16023,0,gather
n-body-simulation,tight,cell2d,31ee,ee,22031508,1.95966,135.602,56.5788,19.1425,0,0,21996124,0,80.752,35382,0,0,1.59505e-05,3.03864e-08,0,0,0,0,35384,0,gather
n-body-simulation,tight,cell2d,32ee,ee,21843046,1.98577,96.8355,56.311,18.7757,0,0,21806508,0,81.5752,36538,0,0,1.04363e-05,2.93862e-08,0,0,0,0,36538,0,gather
n-body-simulation,tight,cell2d,33vf,vf,8722574,1.83832,35.6472,21.3222,5.63871,0,0,8714933,0,157.335,7641,0,0,2.84272e-05,3.04841e-08,0,0,0,0,7641,0,gather
n-body-simulation,tight,cell2d,34vf,vf,9175016,1.99784,39.5919,22.1352,8.95421,0,0,9167097,0,161.465,7917,0,0,7.55402e-06,2.60306e-08,0,0,0,0,7919,0,gather
n-body-simulation,tight,cell2d,35vf,vf,8874710,2.06577,29.3526,21.532,5.27376,0,0,8867449,0,179.761,7260,0,0,3.47101e-06,3.12235e-08,0,0,0,0,7261,0,gather
n-body-simulation,tight,cell2d,37ee,ee,19185062,2.05605,72.4221,49.6783,16.0293,0,0,19159490,0,67.18,25572,0,0,4.56371e-06,3.25069e-08,0,0,0,0,25572,0,gather
n-body-simulation,tight,cell2d,38ee,ee,18927005,1.85211,87.1786,49.0952,20.0145,0,0,18905310,0,65.0204,21695,0,0,8.20268e-05,4.04764e-08,0,0,0,0,21695,0,gather
n-body-simulation,tight,cell2d,39vf,vf,8840342,1.88901,45.2201,21.3582,5.63435,0,0,8833159,0,158.33,7183,0,0,2.81318e-06,3.46672e-08,0,0,0,0,7183,0,gather
n-body-simulation,tight,cell2d,3vf,vf,10207136,2.30583,35.7692,24.6945,8.44068,0,0,10194018,0,170.722,13117,0,0,4.9644e-06,4.39886e-08,0,0,0,0,13118,0,gather
n-body-simulation,tight,cell2d,41ee,ee,20836908,1.95611,83.1452,53.6333,20.7116,0,0,20798733,0,78.6859,38175,0,0,6.73718e-06,2.98072e-08,0,0,0,0,38175,0,gather
n-body-simulation,tight,cell2d,42ee,ee,20468804,1.93662,78.1602,52.4963,21.7819,3,0,20431487,0,77.3217,37314,0,0,6.48609e-06,2.79582e-08,0,0,0,0,37317,0,gather
n-body-simulation,tight,cell2d,43vf,vf,8527805,1.84114,34.5783,20.5896,4.86097,0,0,8521009,0,153.485,6796,0,0,3.22549e-06,3.155e-08,0,0,0,0,6796,0,gather
n-body-simulation,tight,cell2d,44vf,vf,9115458,2.16292,38.1005,21.9142,5.82475,0,0,9109222,0,180.557,6236,0,0,3.8566e-06,3.30256e-08,0,0,0,0,6236,0,gather
n-body-simulation,tight,cell2d,45vf,vf,8471066,2.18846,41.657,20.4519,5.75106,0,0,8465023,0,166.41,6043,0,0,1.64565e-06,2.85895e-08,0,0,0,0,6043,0,gather
n-body-simulation,tight,cell2d,47ee,ee,20578694,1.99086,97.0357,57.2347,16.8815,0,0,20550457,0,75.7506,28237,0,0,1.07412e-05,2.84272e-08,0,0,0,0,28237,0,gather
n-body-simulation,tight,cell2d,48ee,ee,20064276,1.90616,166.352,51.4,12.6081,0,0,20041739,0,67.5303,22537,0,0,1.00659e-05,2.54928e-08,0,0,0,0,22537,0,gather
n-body-simulation,tight,cell2d,49vf,vf,8114795,1.86117,37.3849,19.4436,6.17821,0,0,8109142,0,143.611,5653,0,0,1.15774e-05,3.11965e-08,0,0,0,0,5653,0,gather
n-body-simulation,tight,cell2d,4vf,vf,9205265,2.27098,54.1016,22.3541,6.03902,0,0,9196043,0,174.029,9222,0,0,4.75078e-06,4.71856e-08,0,0,0,0,9222,0,gather
n-body-simulation,tight,cell2d,51ee,ee,21999613,1.87816,87.1548,56.7342,20.0255,0,0,21962575,0,81.149,37038,0,0,0.000240146,2.68971e-08,0,0,0,0,37038,0,gather
n-body-simulation,tight,cell2d,52ee,ee,21162535,2.07585,97.8027,54.8765,17.0814,0,0,21134023,0,74.9497,28512,0,0,3.54128e-06,2.87329e-08,0,0,0,0,28512,0,gather
n-body-simulation,tight,cell2d,53ee,ee,21449627,1.86389,82.7954,59.3932,18.6632,0,0,21417653,0,81.7266,31970,0,0,2.1678e-05,2.68819e-08,0,0,0,0,31974,0,gather
n-body-simulation,tight,cell2d,55ee,ee,21344145,1.9683,164.399,54.9946,18.5179,0,0,21318170,0,74.6148,25975,0,0,6.81358e-06,2.6977e-08,0,0,0,0,25975,0,gather
n-body-simulation,tight,cell2d,56ee,ee,20093033,1.7934,110.8,51.8714,17.9346,0,0,20058300,0,74.8273,34730,0,0,3.78754e-06,2.66699e-08,0,0,0,0,34733,0,gather
n-body-simulation,tight,cell2d,58ee,ee,19764368,1.96078,141.836,51.0124,17.813,0,0,19732881,0,71.293,31487,0,0,1.42286e-05,2.4435e-08,0,0,0,0,31487,0,gather
n-body-simulation,tight,cell2d,59ee,ee,21693056,1.89842,120.708,55.7512,17.5143,0,0,21659617,0,78.5627,33439,0,0,3.02714e-06,2.45289e-08,0,0,0,0,33439,0,gather
n-body-simulation,tight,cell2d,5vf,vf,8299022,1.95397,43.864,20.1186,5.50412,0,0,8290821,0,126.896,8200,0,0,8.53552e-06,4.83476e-08,0,0,0,0,8201,0,gather
n-body-simulation,tight,cell2d,60vf,vf,9287198,2.04609,43.6949,22.166,5.86545,0,0,9280053,0,171.491,7145,0,0,2.06948e-05,2.88345e-08,0,0,0,0,7145,0,gather
n-body-simulation,tight,cell2d,61vf,vf,9088217,2.09982,34.4466,21.9538,5.42447,0,0,9081906,0,180.755,6311,0,0,1.41357e-06,3.23426e-08,0,0,0,0,6311,0,gather
n-body-simulation,tight,cell2d,63ee,ee,21198177,2.2202,114.542,54.3472,21.1942,0,0,21164629,0,76.8958,33548,0,0,1.61789e-05,2.78072e-08,0,0,0,0,33548,0,gather
n-body-simulation,tight,cell2d,64ee,ee,21753582,1.93166,166.626,56.1884,15.9855,0,0,21727174,0,75.1851,26406,0,0,3.40448e-06,2.9683e-08,0,0,0,0,26408,0,gather
n-body-simulation,tight,cell2d,65vf,vf,9729635,2.06993,48.769,23.4145,5.1193,0,0,9722283,0,190.627,7352,0,0,2.71169e-06,2.88221e-08,0,0,0,0,7352,0,gather
n-body-simulation,tight,cell2d,66vf,vf,9651524,2.09963,55.0002,23.0994,6.11652,0,0,9645684,0,183.741,5840,0,0,1.79996e-06,3.1575e-08,0,0,0,0,5840,0,gather
n-body-simulation,tight,cell2d,68ee,ee,23647355,2.05876,109.341,60.8471,21.1303,0,0,23616234,0,85.8676,31121,0,0,3.16385e-05,2.53747e-08,0,0,0,0,31121,0,gather
n-body-simulation,tight,cell2d,69ee,ee,22352960,2.05076,100.93,57.6309,15.7719,0,0,22326088,0,76.3287,26869,0,0,4.62005e-06,2.73999e-08,0,0,0,0,26872,0,gather
n-body-simulation,tight,cell2d,6ee,ee,23124800,2.01284,147.757,59.308,17.1427,0,0,23087850,0,83.1416,36950,0,0,3.96008e-06,3.62169e-08,0,0,0,0,36950,0,gather
n-body-simulation,tight,cell2d,70vf,vf,9460310,1.95048,43.7467,22.663,5.91179,0,0,9454392,0,179.869,5918,0,0,1.50854e-06,2.99507e-08,0,0,0,0,5918,0,gather
n-body-simulation,tight,cell2d,71vf,vf,9131146,3.28936,41.0918,22.0736,6.77804,1,0,9125704,0,184.111,5440,0,0,1.0513e-05,2.91278e-08,0,0,0,0,5442,0,gather
n-body-simulation,tight,cell2d,73ee,ee,21478783,2.09553,110.352,54.9765,21.0969,0,0,21453145,0,75.0549,25638,0,0,1.39284e-05,2.69071e-08,0,0,0,0,25638,0,gather
n-body-simulation,tight,cell2d,74ee,ee,22454354,1.87311,80.1893,57.6612,16.7595,0,0,22430218,0,76.8064,24136,0,0,4.62182e-06,2.56338e-08,0,0,0,0,24136,0,gather
n-body-simulation,tight,cell2d,7vf,vf,8850202,2.21924,49.9933,21.3583,5.86654,0,0,8842934,0,183.121,7268,0,0,1.17126e-05,3.85387e-08,0,0,0,0,7268,0,gather
n-body-simulation,tight,cell2d,8vf,vf,9010201,2.32884,51.6261,21.7388,5.83214,0,0,9004164,0,194.338,6037,0,0,2.91516e-06,3.25432e-08,0,0,0,0,6037,0,gather
n-body-simulation,tight,cell2d,10ee,ee,20233111,1.3017,136.406,52.1372,16.7946,0,0,20206463,0,68.854,26646,0,0,7.47009e-06,3.37942e-08,0,0,0,0,26648,0,gather
n-body-simulation,tight,cell2d,11ee,ee,22712558,2.45107,111.839,58.1615,16.8144,0,0,22684742,0,77.7275,27816,0,0,5.98176e-06,3.19064e-08,0,0,0,0,27816,0,gather
n-body-simulation,tight,cell2d,12ee,ee,23298885,2.34263,130.065,59.9204,21.5477,0,0,23262717,0,86.1639,36168,0,0,1.40305e-05,2.83341e-08,0,0,0,0,36168,0,gather
n-body-simulation,tight,cell2d,13vf,vf,8977302,2.03441,39.5878,21.6162,5.34575,0,0,8968991,0,188.641,8311,0,0,6.48621e-06,3.22673e-08,0,0,0,0,8311,0,gather
n-body-simulation,tight,cell2d,14vf,vf,8976046,1.9771,35.1766,21.6437,6.5166,0,0,8967449,0,153.497,8597,0,0,1.42534e-05,3.24606e-08,0,0,0,0,8597,0,gather
n-body-simulation,tight,cell2d,16ee,ee,21501251,2.13182,117.571,55.3646,21.0204,0,0,21460925,0,81.1428,40320,0,0,3.92892e-06,2.81936e-08,0,0,0,0,40326,0,gather
n-body-simulation,tight,cell2d,17ee,ee,21072787,1.81938,103.25,54.6259,19.6739,0,0,21036408,0,78.456,36379,0,0,3.01818e-05,3.08691e-08,0,0,0,0,36379,0,gather
n-body-simulation,tight,cell2d,18vf,vf,9396388,1.88859,48.9866,22.5903,5.61618,0,0,9386928,0,175.084,9459,0,0,9.34296e-06,3.18984e-08,0,0,0,0,9460,0,gather
n-body-simulation,tight,cell2d,19vf,vf,8838371,2.01467,32.9033,21.1804,6.75781,0,0,8831147,0,167.027,7222,0,0,9.65345e-06,3.48595e-08,0,0,0,0,7224,0,gather
n-body-simulation,tight,cell2d,1vf,vf,14769418,2.24465,64.8677,35.2173,12.8044,0,0,14743057,0,243.901,26359,0,0,6.25085e-06,4.11763e-08,0,0,0,0,26361,0,gather
n-body-simulation,tight,cell2d,21ee,ee,22805851,2.68012,86.2033,58.798,17.7333,0,0,22774883,0,82.1053,30968,0,0,4.4361e-06,2.72679e-08,0,0,0,0,30968,0,gather
n-body-simulation,tight,cell2d,22ee,ee,21795408,2.09012,80.8374,56.0378,17.5523,0,0,21767930,0,81.6836,27478,0,0,3.13674e-05,3.01778e-08,0,0,0,0,27478,0,gather
n-body-simulation,tight,cell2d,23vf,vf,9019194,1.78744,28.0623,21.8984,6.98178,0,0,9013211,0,162.684,5983,0,0,2.50244e-06,3.37651e-08,0,0,0,0,5983,0,gather
n-body-simulation,tight,cell2d,24vf,vf,9328031,1.97963,27.6929,22.5206,5.97697,0,0,9321657,0,183.193,6374,0,0,2.05591e-06,2.71669e-08,0,0,0,0,6374,0,gather
n-body-simulation,tight,cell2d,26ee,ee,21507979,2.07086,102.995,55.2697,21.3356,0,0,21476960,0,79.851,31018,0,0,9.35575e-06,2.90536e-08,0,0,0,0,31019,0,gather
n-body-simulation,tight,cell2d,27ee,ee,19098371,1.87925,76.025,49.4355,18.928,0,0,19071875,0,68.516,26493,0,0,9.3041e-06,2.83666e-08,0,0,0,0,26496,0,gather
n-body-simulation,tight,cell2d,28ee,ee,21732776,1.90696,141.945,55.882,18.6143,0,0,21699656,0,79.4396,33120,0,0,5.49151e-06,2.68913e-08,0,0,0,0,33120,0,gather
n-body-simulation,tight,cell2d,29vf,vf,8541779,1.80859,51.2137,20.5558,7.47034,0,0,8535454,0,156.441,6324,0,0,2.10291e-06,3.32709e-08,0,0,0,0,6325,0,gather
n-body-simulation,tight,cell2d,2vf,vf,11120346,2.27175,45.5217,26.7617,9.83063,2,0,11104323,0,186.3,16021,0,0,6.89914e-06,4.55741e-08,0,0,0,0,16023,0,gather
n-body-simulation,tight,cell2d,31ee,ee,22031508,1.91925,132.566,56.7026,19.1085,0,0,21996124,0,80.7061,35382,0,0,1.59505e-05,3.03864e-08,0,0,0,0,35384,0,gather
n-body-simulation,tight,cell2d,32ee,ee,21843046,2.05697,96.7899,56.4317,18.8049,0,0,21806508,0,81.5502,36538,0,0,1.04363e-05,2.93862e-08,0,0,0,0,36538,0,gather
n-body-simulation,tight,cell2d,33vf,vf,8722574,1.84837,36.4423,21.1898,5.61656,0,0,8714933,0,147.657,7641,0,0,2.84272e-05,3.04841e-08,0,0,0,0,7641,0,gather
n-body-simulation,tight,cell2d,34vf,vf,9175016,1.98686,39.5421,22.1951,8.89657,0,0,9167097,0,174.479,7917,0,0,7.55402e-06,2.60306e-08,0,0,0,0,7919,0,gather
n-body-simulation,tight,cell2d,35vf,vf,8874710,1.92814,29.4792,21.506,5.23996,0,0,8867449,0,169.121,7260,0,0,3.47101e-06,3.12235e-08,0,0,0,0,7261,0,gather
n-body-simulation,tight,cell2d,37ee,ee,19185062,2.02782,73.028,49.6196,15.8788,0,0,19159490,0,67.041,25572,0,0,4.56371e-06,3.25069e-08,0,0,0,0,25572,0,gather
n-body-simulation,tight,cell2d,38ee,ee,18927005,1.82459,86.6308,49.0932,19.9392,0,0,18905310,0,65.2328,21695,0,0,8.20268e-05,4.04764e-08,0,0,0,0,21695,0,gather
n-body-simulation,tight,cell2d,39vf,vf,8840342,1.81832,44.99,21.3647,5.6315,0,0,8833159,0,154.189,7183,0,0,2.81318e-06,3.46672e-08,0,0,0,0,7183,0,gather
n-body-simulation,tight,cell2d,3vf,vf,10207136,2.34279,35.7201,24.7286,8.46814,0,0,10194018,0,191.551,13117,0,0,4.9644e-06,4.39886e-08,0,0,0,0,13118,0,gather
n-body-simulation,tight,cell2d,41ee,ee,20836908,1.81611,83.1751,53.6433,20.6492,0,0,20798733,0,78.8653,38175,0,0,6.73718e-06,2.98072e-08,0,0,0,0,38175,0,gather
n-body-simulation,tight,cell2d,42ee,ee,20468804,1.85467,77.9059,52.635,21.2487,3,0,20431487,0,77.4719,37314,0,0,6.48609e-06,2.79582e-08,0,0,0,0,37317,0,gather
n-body-simulation,tight,cell2d,43vf,vf,8527805,1.72044,34.6075,20.4934,4.86589,0,0,8521009,0,141.411,6796,0,0,3.22549e-06,3.155e-08,0,0,0,0,6796,0,gather
n-body-simulation,tight,cell2d,44vf,vf,9115458,2.11387,38.4247,21.8379,5.81732,0,0,9109222,0,185.32,6236,0,0,3.8566e-06,3.30256e-08,0,0,0,0,6236,0,gather
n-body-simulation,tight,cell2d,45vf,vf,8471066,2.17774,41.5251,20.3792,5.71301,0,0,8465023,0,159,6043,0,0,1.64565e-06,2.85895e-08,0,0,0,0,6043,0,gather
n-body-simulation,tight,cell2d,47ee,ee,20578694,2.02721,96.6733,57.1015,16.8774,0,0,20550457,0,75.4489,28237,0,0,1.07412e-05,2.84272e-08,0,0,0,0,28237,0,gather
n-body-simulation,tight,cell2d,48ee,ee,20064276,1.8397,162.983,51.3583,12.6612,0,0,20041739,0,67.5298,22537,0,0,1.00659e-05,2.54928e-08,0,0,0,0,22537,0,gather
n-body-simulation,tight,cell2d,49vf,vf,8114795,1.84143,37.234,19.5029,6.14183,0,0,8109142,0,135.112,5653,0,0,1.15774e-05,3.11965e-08,0,0,0,0,5653,0,gather
n-body-simulation,tight,cell2d,4vf,vf,9205265,2.26839,54.6673,22.2677,6.01089,0,0,9196043,0,167.615,9222,0,0,4.75078e-06,4.71856e-08,0,0,0,0,9222,0,gather
n-body-simulation,tight,cell2d,51ee,ee,21999613,1.93368,86.332,56.8388,20.026,0,0,21962575,0,81.1299,37038,0,0,0.000240146,2.68971e-08,0,0,0,0,37038,0,gather
n-body-simulation,tight,cell2d,52ee,ee,21162535,2.02484,98.6484,54.7397,17.2183,0,0,21134023,0,74.1208,28512,0,0,3.54128e-06,2.87329e-08,0,0,0,0,28512,0,gather
n-body-simulation,tight,cell2d,53ee,ee,21449627,1.81538,83.4549,59.6065,18.5965,0,0,21417653,0,81.8599,31970,0,0,2.1678e-05,2.68819e-08,0,0,0,0,31974,0,gather
n-body-simulation,tight,cell2d,55ee,ee,21344145,1.95659,163.7,54.9342,18.6181,0,0,21318170,0,74.451,25975,0,0,6.81358e-06,2.6977e-08,0,0,0,0,25975,0,gather
n-body-simulation,tight,cell2d,56ee,ee,20093033,1.8452,110.253,51.9428,17.9323,0,0,20058300,0,75.2997,34730,0,0,3.78754e-06,2.66699e-08,0,0,0,0,34733,0,gather
n-body-simulation,tight,cell2d,58ee,ee,19764368,1.85778,143.105,50.911,17.7554,0,0,19732881,0,71.3307,31487,0,0,1.42286e-05,2.4435e-08,0,0,0,0,31487,0,gather
n-body-simulation,tight,cell2d,59ee,ee,21693056,2.01524,120.818,55.8238,17.5519,0,0,21659617,0,79.7325,33439,0,0,3.02714e-06,2.45289e-08,0,0,0,0,33439,0,gather
n-body-simulation,tight,cell2d,5vf,vf,8299022,1.97166,43.9422,20.1284,5.54546,0,0,8290821,0,156.918,8200,0,0,8.53552e-06,4.83476e-08,0,0,0,0,8201,0,gather
n-body-simulation,tight,cell2d,60vf,vf,9287198,2.1243,43.5654,22.2223,5.89604,0,0,9280053,0,168.531,7145,0,0,2.06948e-05,2.88345e-08,0,0,0,0,7145,0,gather
n-body-simulation,tight,cell2d,61vf,vf,9088217,2.10603,34.0506,21.8548,5.43404,0,0,9081906,0,181.888,6311,0,0,1.41357e-06,3.23426e-08,0,0,0,0,6311,0,gather
n-body-simulation,tight,cell2d,63ee,ee,21198177,2.25431,114.957,54.2683,21.1366,0,0,21164629,0,77.0518,33548,0,0,1.61789e-05,2.78072e-08,0,0,0,0,33548,0,gather
n-body-simulation,tight,cell2d,64ee,ee,21753582,1.99672,164.231,56.1214,16.1453,0,0,21727174,0,74.8261,26406,0,0,3.40448e-06,2.9683e-08,0,0,0,0,26408,0,gather
n-body-simulation,tight,cell2d,65vf,vf,9729635,1.86197,49.8527,23.3025,5.1262,0,0,9722283,0,162.845,7352,0,0,2.71169e-06,2.88221e-08,0,0,0,0,7352,0,gather
n-body-simulation,tight,cell2d,66vf,vf,9651524,2.12449,54.8139,23.092,6.14128,0,0,9645684,0,184.351,5840,0,0,1.79996e-06,3.1575e-08,0,0,0,0,5840,0,gather
n-body-simulation,tight,cell2d,68ee,ee,23647355,2.01316,109.321,60.7904,21.3644,0,0,23616234,0,85.5431,31121,0,0,3.16385e-05,2.53747e-08,0,0,0,0,31121,0,gather
n-body-simulation,tight,cell2d,69ee,ee,22352960,1.81992,100.163,57.2757,15.7511,0,0,22326088,0,76.144,26869,0,0,4.62005e-06,2.73999e-08,0,0,0,0,26872,0,gather
n-body-simulation,tight,cell2d,6ee,ee,23124800,2.1723,149.938,59.2321,17.2208,0,0,23087850,0,83.0523,36950,0,0,3.96008e-06,3.62169e-08,0,0,0,0,36950,0,gather
n-body-simulation,tight,cell2d,70vf,vf,9460310,1.88552,43.5734,22.6332,5.87124,0,0,9454392,0,179.671,5918,0,0,1.50854e-06,2.99507e-08,0,0,0,0,5918,0,gather
n-body-simulation,tight,cell2d,71vf,vf,9131146,2.09131,41.1313,22.0558,6.76229,1,0,9125704,0,188.138,5440,0,0,1.0513e-05,2.91278e-08,0,0,0,0,5442,0,gather
n-body-simulation,tight,cell2d,73ee,ee,21478783,2.22654,109.703,54.9766,21.3433,0,0,21453145,0,74.5489,25638,0,0,1.39284e-05,2.69071e-08,0,0,0,0,25638,0,gather
n-body-simulation,tight,cell2d,74ee,ee,22454354,1.93518,79.6643,57.7039,16.2616,0,0,22430218,0,78.0008,24136,0,0,4.62182e-06,2.56338e-08,0,0,0,0,24136,0,gather
n-body-simulation,tight,cell2d,7vf,vf,8850202,1.89682,50.5694,21.2824,5.78273,0,0,8842934,0,160.677,7268,0,0,1.17126e-05,3.85387e-08,0,0,0,0,7268,0,gather
n-body-simulation,tight,cell2d,8vf,vf,9010201,2.16638,51.2166,21.6526,5.85511,0,0,9004164,0,183.118,6037,0,0,2.91516e-06,3.25432e-08,0,0,0,0,6037,0,gather
n-body-simulation,tight,cell2d,10ee,ee,20233111,1.27818,132.416,52.0702,16.6519,0,0,20206463,0,69.5087,26646,0,0,7.47009e-06,3.37942e-08,0,0,0,0,26648,0,gather
n-body-simulation,tight,cell2d,11ee,ee,22712558,2.39559,111.396,58.1227,16.9147,0,0,22684742,0,77.0675,27816,0,0,5.98176e-06,3.19064e-08,0,0,0,0,27816,0,gather
n-body-simulation,tight,cell2d,12ee,ee,23298885,2.50026,131.359,59.8522,21.5029,0,0,23262717,0,85.4001,36168,0,0,1.40305e-05,2.83341e-08,0,0,0,0,36168,0,gather
n-body-simulation,tight,cell2d,13vf,vf,8977302,1.9259,39.237,21.6768,5.34972,0,0,8968991,0,178.786,8311,0,0,6.48621e-06,3.22673e-08,0,0,0,0,8311,0,gather
n-body-simulation,tight,cell2d,14vf,vf,8976046,2.11364,35.3073,21.8281,6.51487,0,0,8967449,0,163.344,8597,0,0,1.42534e-05,3.24606e-08,0,0,0,0,8597,0,gather
n-body-simulation,tight,cell2d,16ee,ee,21501251,2.08401,117.461,55.2872,21.2913,0,0,21460925,0,80.4275,40320,0,0,3.92892e-06,2.81936e-08,0,0,0,0,40326,0,gather
n-body-simulation,tight,cell2d,17ee,ee,21072787,1.98993,103.305,54.4752,19.6865,0,0,21036408,0,77.1933,36379,0,0,3.01818e-05,3.08691e-08,0,0,0,0,36379,0,gather
n-body-simulation,tight,cell2d,18vf,vf,9396388,1.82491,48.7637,22.5744,5.62306,0,0,9386928,0,163.285,9459,0,0,9.34296e-06,3.18984e-08,0,0,0,0,9460,0,gather
n-body-simulation,tight,cell2d,19vf,vf,8838371,1.89621,32.7656,21.1605,6.7622,0,0,8831147,0,160.228,7222,0,0,9.65345e-06,3.48595e-08,0,0,0,0,7224,0,gather
n-body-simulation,tight,cell2d,1vf,vf,14769418,2.25997,64.4999,35.2308,12.7365,0,0,14743057,0,156.315,26359,0,0,6.25085e-06,4.11763e-08,0,0,0,0,26361,0,gather
n-body-simulation,tight,cell2d,21ee,ee,22805851,1.85195,85.2641,58.5402,17.7631,0,0,22774883,0,80.6731,30968,0,0,4.4361e-06,2.72679e-08,0,0,0,0,30968,0,gather
n-body-simulation,tight,cell2d,22ee,ee,21795408,1.84987,80.7819,56.0266,17.4793,0,0,21767930,0,80.9941,27478,0,0,3.13674e-05,3.01778e-08,0,0,0,0,27478,0,gather
n-body-simulation,tight,cell2d,23vf,vf,9019194,1.80136,28.2884,21.9582,7.04699,0,0,9013211,0,192.623,5983,0,0,2.50244e-06,3.37651e-08,0,0,0,0,5983,0,gather
n-body-simulation,tight,cell2d,24vf,vf,9328031,2.14084,27.7942,22.7007,5.9595,0,0,9321657,0,186.867,6374,0,0,2.05591e-06,2.71669e-08,0,0,0,0,6374,0,gather
n-body-simulation,tight,cell2d,26ee,ee,21507979,1.93633,102.358,55.3083,21.5343,0,0,21476960,0,78.8033,31018,0,0,9.35575e-06,2.90536e-08,0,0,0,0,31019,0,gather
n-body-simulation,tight,cell2d,27ee,ee,19098371,1.82584,76.9013,49.5467,19.0159,0,0,19071875,0,68.4322,26493,0,0,9.3041e-06,2.83666e-08,0,0,0,0,26496,0,gather
n-body-simulation,tight,cell2d,28ee,ee,21732776,1.89198,141.596,55.8778,18.6012,0,0,21699656,0,78.9884,33120,0,0,5.49151e-06,2.68913e-08,0,0,0,0,33120,0,gather
n-body-simulation,tight,cell2d,29vf,vf,8541779,1.82357,50.8227,20.5924,7.42477,0,0,8535454,0,158.07,6324,0,0,2.10291e-06,3.32709e-08,0,0,0,0,6325,0,gather
n-body-simulation,tight,cell2d,2vf,vf,11120346,2.22516,45.727,26.8908,9.85917,2,0,11104323,0,206.217,16021,0,0,6.89914e-06,4.55741e-08,0,0,0,0,16023,0,gather
n-body-simulation,tight,cell2d,31ee,ee,22031508,1.88811,134.876,56.5571,19.0892,0,0,21996124,0,80.0009,35382,0,0,1.59505e-05,3.03864e-08,0,0,0,0,35384,0,gather
n-body-simulation,tight,cell2d,32ee,ee,21843046,1.84834,98.1259,56.187,18.6952,0,0,21806508,0,80.723,36538,0,0,1.04363e-05,2.93862e-08,0,0,0,0,36538,0,gather
n-body-simulation,tight,cell2d,33vf,vf,8722574,1.82738,35.5385,21.0052,5.62341,0,0,8714933,0,143.069,7641,0,0,2.84272e-05,3.04841e-08,0,0,0,0,7641,0,gather
n-body-simulation,tight,cell2d,34vf,vf,9175016,1.92417,39.6348,22.2916,8.91008,0,0,9167097,0,172.499,7917,0,0,7.55402e-06,2.60306e-08,0,0,0,0,7919,0,gather
n-body-simulation,tight,cell2d,35vf,vf,8874710,1.91826,29.3518,21.5175,5.255,0,0,8867449,0,163.615,7260,0,0,3.47101e-06,3.12235e-08,0,0,0,0,7261,0,gather
n-body-simulation,tight,cell2d,37ee,ee,19185062,2.07972,71.9439,49.6861,15.9393,0,0,19159490,0,67.2613,25572,0,0,4.56371e-06,3.25069e-08,0,0,0,0,25572,0,gather
n-body-simulation,tight,cell2d,38ee,ee,18927005,1.77877,87.0751,49.0819,19.9982,0,0,18905310,0,64.8932,21695,0,0,8.20268e-05,4.04764e-08,0,0,0,0,21695,0,gather
n-body-simulation,tight,cell2d,39vf,vf,8840342,1.88763,45.1628,21.3684,5.63253,0,0,8833159,0,150.474,7183,0,0,2.81318e-06,3.46672e-08,0,0,0,0,7183,0,gather
n-body-simulation,tight,cell2d,3vf,vf,10207136,2.32705,35.9393,24.8594,8.49066,0,0,10194018,0,172.75,13117,0,0,4.9644e-06,4.39886e-08,0,0,0,0,13118,0,gather
n-body-simulation,tight,cell2d,41ee,ee,20836908,1.9523,83.1892,53.6595,20.5052,0,0,20798733,0,77.7919,38175,0,0,6.73718e-06,2.98072e-08,0,0,0,0,38175,0,gather
n-body-simulation,tight,cell2d,42ee,ee,20468804,1.97665,78.119,52.5098,21.2199,3,0,20431487,0,76.7865,37314,0,0,6.48609e-06,2.79582e-08,0,0,0,0,37317,0,gather
n-body-simulation,tight,cell2d,43vf,vf,8527805,1.84718,34.5633,20.5278,4.85508,0,0,8521009,0,155.592,6796,0,0,3.22549e-06,3.155e-08,0,0,0,0,6796,0,gather
n-body-simulation,tight,cell2d,44vf,vf,9115458,2.15134,38.2709,21.9368,5.80795,0,0,9109222,0,171.726,6236,0,0,3.8566e-06,3.30256e-08,0,0,0,0,6236,0,gather
n-body-simulation,tight,cell2d,45vf,vf,8471066,2.14625,41.7353,20.4082,5.71553,0,0,8465023,0,174.577,6043,0,0,1.64565e-06,2.85895e-08,0,0,0,0,6043,0,gather
n-body-simulation,tight,cell2d,47ee,ee,20578694,1.98113,97.8242,68.015,16.7306,0,0,20550457,0,82.4521,28237,0,0,1.07412e-05,2.84272e-08,0,0,0,0,28237,0,gather
n-body-simulation,tight,cell2d,48ee,ee,20064276,1.85413,163.066,51.432,12.8394,0,0,20041739,0,67.1701,22537,0,0,1.00659e-05,2.54928e-08,0,0,0,0,22537,0,gather
n-body-simulation,tight,cell2d,49vf,vf,8114795,1.85832,37.1965,19.6153,6.18295,0,0,8109142,0,154.505,5653,0,0,1.15774e-05,3.11965e-08,0,0,0,0,5653,0,gather
n-body-simulation,tight,cell2d,4vf,vf,9205265,2.32055,54.1763,22.3519,6.01786,0,0,9196043,0,172.452,9222,0,0,4.75078e-06,4.71856e-08,0,0,0,0,9222,0,gather
n-body-simulation,tight,cell2d,51ee,ee,21999613,1.87083,86.4313,56.7569,19.9905,0,0,21962575,0,80.6114,37038,0,0,0.000240146,2.68971e-08,0,0,0,0,37038,0,gather
n-body-simulation,tight,cell2d,52ee,ee,21162535,1.85538,97.7083,54.6787,17.1949,0,0,21134023,0,73.7466,28512,0,0,3.54128e-06,2.87329e-08,0,0,0,0,28512,0,gather
n-body-simulation,tight,cell2d,53ee,ee,21449627,2.13329,83.0329,59.7942,18.5174,0,0,21417653,0,81.5286,31970,0,0,2.1678e-05,2.68819e-08,0,0,0,0,31974,0,gather
n-body-simulation,tight,cell2d,55ee,ee,21344145,1.89765,162.438,54.9543,18.5599,0,0,21318170,0,73.1067,25975,0,0,6.81358e-06,2.6977e-08,0,0,0,0,25975,0,gather
n-body-simulation,tight,cell2d,56ee,ee,20093033,1.84824,109.798,51.8329,17.9231,0,0,20058300,0,74.6096,34730,0,0,3.78754e-06,2.66699e-08,0,0,0,0,34733,0,gather
n-body-simulation,tight,cell2d,58ee,ee,19764368,1.84965,141.27,50.9807,17.7871,0,0,19732881,0,70.4861,31487,0,0,1.42286e-05,2.4435e-08,0,0,0,0,31487,0,gather
n-body-simulation,tight,cell2d,59ee,ee,21693056,1.92219,120.944,55.7795,17.5652,0,0,21659617,0,77.7895,33439,0,0,3.02714e-06,2.45289e-08,0,0,0,0,33439,0,gather
n-body-simulation,tight,cell2d,5vf,vf,8299022,1.96238,44.083,20.1923,5.50056,0,0,8290821,0,134.575,8200,0,0,8.53552e-06,4.83476e-08,0,0,0,0,8201,0,gather
n-body-simulation,tight,cell2d,60vf,vf,9287198,1.96785,43.5994,22.2181,5.88107,0,0,9280053,0,172.814,7145,0,0,2.06948e-05,2.88345e-08,0,0,0,0,7145,0,gather
n-body-simulation,tight,cell2d,61vf,vf,9088217,2.11099,34.0574,21.8714,5.45474,0,0,9081906,0,175.894,6311,0,0,1.41357e-06,3.23426e-08,0,0,0,0,6311,0,gather
n-body-simulation,tight,cell2d,63ee,ee,21198177,1.99409,114.391,54.2576,21.1193,0,0,21164629,0,75.9562,33548,0,0,1.61789e-05,2.78072e-08,0,0,0,0,33548,0,gather
n-body-simulation,tight,cell2d,64ee,ee,21753582,1.85013,163.745,56.1097,16.0412,0,0,21727174,0,74.1884,26406,0,0,3.40448e-06,2.9683e-08,0,0,0,0,26408,0,gather
n-body-simulation,tight,cell2d,65vf,vf,9729635,1.87541,48.8224,23.4595,5.11337,0,0,9722283,0,173.913,7352,0,0,2.71169e-06,2.88221e-08,0,0,0,0,7352,0,gather
n-body-simulation,tight,cell2d,66vf,vf,9651524,2.02344,55.2104,23.1679,6.11184,0,0,9645684,0,192.927,5840,0,0,1.79996e-06,3.1575e-08,0,0,0,0,5840,0,gather
n-body-simulation,tight,cell2d,68ee,ee,23647355,1.91605,109.332,60.9461,21.118,0,0,23616234,0,84.9893,31121,0,0,3.16385e-05,2.53747e-08,0,0,0,0,31121,0,gather
n-body-simulation,tight,cell2d,69ee,ee,22352960,1.97995,100.467,57.3649,15.8171,0,0,22326088,0,75.85,26869,0,0,4.62005e-06,2.73999e-08,0,0,0,0,26872,0,gather
n-body-simulation,tight,cell2d,6ee,ee,23124800,2.04702,148.378,59.3907,17.1796,0,0,23087850,0,83.1969,36950,0,0,3.96008e-06,3.62169e-08,0,0,0,0,36950,0,gather
n-body-simulation,tight,cell2d,70vf,vf,9460310,1.87669,43.6899,22.8041,5.89591,0,0,9454392,0,171.748,5918,0,0,1.50854e-06,2.99507e-08,0,0,0,0,5918,0,gather
n-body-simulation,tight,cell2d,71vf,vf,9131146,2.10807,41.357,22.1455,6.76136,1,0,9125704,0,165.045,5440,0,0,1.0513e-05,2.91278e-08,0,0,0,0,5442,0,gather
n-body-simulation,tight,cell2d,73ee,ee,21478783,2.04347,109.365,55.0354,21.029,0,0,21453145,0,74.4619,25638,0,0,1.39284e-05,2.69071e-08,0,0,0,0,25638,0,gather
n-body-simulation,tight,cell2d,74ee,ee,22454354,1.83115,80.4116,57.6733,16.4535,0,0,22430218,0,77.0677,24136,0,0,4.62182e-06,2.56338e-08,0,0,0,0,24136,0,gather
n-body-simulation,tight,cell2d,7vf,vf,8850202,1.81646,50.3582,21.2263,5.79953,0,0,8842934,0,153.286,7268,0,0,1.17126e-05,3.85387e-08,0,0,0,0,7268,0,gather
n-body-simulation,tight,cell2d,8vf,vf,9010201,2.13575,51.1366,21.8005,5.85995,0,0,9004164,0,180.754,6037,0,0,2.91516e-06,3.25432e-08,0,0,0,0,6037,0,gather
n-body-simulation,tight,cell2dmin,10ee,ee,20233111,0.953671,10.5828,52.8728,16.7788,0,0,20206463,0,69.7054,26646,0,0,7.47009e-06,3.37942e-08,0,0,0,0,26648,0,packed
n-body-simulation,tight,cell2dmin,11ee,ee,22712558,3.20312,15.2979,59.5066,16.9547,0,0,22684742,0,78.9397,27816,0,0,5.98176e-06,3.19064e-08,0,0,0,0,27816,0,packed
n-body-simulation,tight,cell2dmin,12ee,ee,23298885,2.6662,16.8947,61.0605,21.7889,0,0,23262717,0,87.9788,36168,0,0,1.40305e-05,2.83341e-08,0,0,0,0,36168,0,packed
n-body-simulation,tight,cell2dmin,13vf,vf,8977302,1.61813,26.6619,21.6109,5.31186,0,0,8968991,0,159.882,8311,0,0,6.48621e-06,3.22673e-08,0,0,0,0,8311,0,packed
n-body-simulation,tight,cell2dmin,14vf,vf,8976046,2.97883,23.2411,21.6394,6.52092,0,0,8967449,0,145.255,8597,0,0,1.42534e-05,3.24606e-08,0,0,0,0,8597,0,packed
n-body-simulation,tight,cell2dmin,16ee,ee,21501251,3.53287,18.1279,56.5943,21.1806,0,0,21460925,0,83.4695,40320,0,0,3.92892e-06,2.81936e-08,0,0,0,0,40326,0,packed
n-body-simulation,tight,cell2dmin,17ee,ee,21072787,3.15124,17.8228,55.9637,19.657,0,0,21036408,0,80.5898,36379,0,0,3.01818e-05,3.08691e-08,0,0,0,0,36379,0,packed
n-body-simulation,tight,cell2dmin,18vf,vf,9396388,2.54326,34.2407,22.4918,5.6444,0,0,9386928,0,139.041,9459,0,0,9.34296e-06,3.18984e-08,0,0,0,0,9460,0,packed
n-body-simulation,tight,cell2dmin,19vf,vf,8838371,2.99576,26.3657,21.1749,6.72011,0,0,8831147,0,165.978,7222,0,0,9.65345e-06,3.48595e-08,0,0,0,0,7224,0,packed
n-body-simulation,tight,cell2dmin,1vf,vf,14769418,3.41354,45.7615,35.1563,12.7662,0,0,14743057,0,187.961,26359,0,0,6.25085e-06,4.11763e-08,0,0,0,0,26361,0,packed
n-body-simulation,tight,cell2dmin,21ee,ee,22805851,2.92296,16.5314,60.0707,17.8803,0,0,22774883,0,83.231,30968,0,0,4.4361e-06,2.72679e-08,0,0,0,0,30968,0,packed
n-body-simulation,tight,cell2dmin,22ee,ee,21795408,3.08741,16.7609,57.4586,17.5953,0,0,21767930,0,78.5878,27478,0,0,3.13674e-05,3.01778e-08,0,0,0,0,27478,0,packed
n-body-simulation,tight,cell2dmin,23vf,vf,9019194,4.50046,17.9852,21.743,6.99316,0,0,9013211,0,155.887,5983,0,0,2.50244e-06,3.37651e-08,0,0,0,0,5983,0,packed
n-body-simulation,tight,cell2dmin,24vf,vf,9328031,2.99762,19.58,22.5355,5.93527,0,0,9321657,0,178.173,6374,0,0,2.05591e-06,2.71669e-08,0,0,0,0,6374,0,packed
n-body-simulation,tight,cell2dmin,26ee,ee,21507979,3.33572,17.802,56.6803,21.3594,0,0,21476960,0,81.8066,31018,0,0,9.35575e-06,2.90536e-08,0,0,0,0,31019,0,packed
n-body-simulation,tight,cell2dmin,27ee,ee,19098371,3.18417,18.1669,50.7281,18.9837,0,0,19071875,0,69.9727,26493,0,0,9.3041e-06,2.83666e-08,0,0,0,0,26496,0,packed
n-body-simulation,tight,cell2dmin,28ee,ee,21732776,3.25057,17.5733,57.2733,18.7134,0,0,21699656,0,81.477,33120,0,0,5.49151e-06,2.68913e-08,0,0,0,0,33120,0,packed
n-body-simulation,tight,cell2dmin,29vf,vf,8541779,2.50877,38.0839,20.535,7.40726,0,0,8535454,0,147.098,6324,0,0,2.10291e-06,3.32709e-08,0,0,0,0,6325,0,packed
n-body-simulation,tight,cell2dmin,2vf,vf,11120346,3.24292,32.7211,26.7471,9.84195,2,0,11104323,0,163.06,16021,0,0,6.89914e-06,4.55741e-08,0,0,0,0,16023,0,packed
n-body-simulation,tight,cell2dmin,31ee,ee,22031508,3.15822,17.1821,58.1608,19.1152,0,0,21996124,0,82.7032,35382,0,0,1.59505e-05,3.03864e-08,0,0,0,0,35384,0,packed
n-body-simulation,tight,cell2dmin,32ee,ee,21843046,3.25111,17.3076,58.7358,18.7396,0,0,21806508,0,83.4438,36538,0,0,1.04363e-05,2.93862e-08,0,0,0,0,36538,0,packed
n-body-simulation,tight,cell2dmin,33vf,vf,8722574,2.41635,24.96,21.0984,5.59723,0,0,8714933,0,139.456,7641,0,0,2.84272e-05,3.04841e-08,0,0,0,0,7641,0,packed
n-body-simulation,tight,cell2dmin,34vf,vf,9175016,2.92703,27.1193,22.1809,8.92908,0,0,9167097,0,165.3,7917,0,0,7.55402e-06,2.60306e-08,0,0,0,0,7919,0,packed
n-body-simulation,tight,cell2dmin,35vf,vf,8874710,2.98943,20.7743,21.4098,5.24575,0,0,8867449,0,156.129,7260,0,0,3.47101e-06,3.12235e-08,0,0,0,0,7261,0,packed
n-body-simulation,tight,cell2dmin,37ee,ee,19185062,3.2379,19.1125,51.0844,15.9804,0,0,19159490,0,69.1685,25572,0,0,4.56371e-06,3.25069e-08,0,0,0,0,25572,0,packed
n-body-simulation,tight,cell2dmin,38ee,ee,18927005,2.40455,18.7995,50.5189,19.9316,0,0,18905310,0,66.7464,21695,0,0,8.20268e-05,4.04764e-08,0,0,0,0,21695,0,packed
n-body-simulation,tight,cell2dmin,39vf,vf,8840342,2.57932,33.2009,21.3165,5.67483,0,0,8833159,0,149.927,7183,0,0,2.81318e-06,3.46672e-08,0,0,0,0,7183,0,packed
n-body-simulation,tight,cell2dmin,3vf,vf,10207136,3.11803,26.4658,24.6643,8.47645,0,0,10194018,0,139.673,13117,0,0,4.9644e-06,4.39886e-08,0,0,0,0,13118,0,packed
n-body-simulation,tight,cell2dmin,41ee,ee,20836908,2.94219,17.6158,55.0227,20.617,0,0,20798733,0,80.8261,38175,0,0,6.73718e-06,2.98072e-08,0,0,0,0,38175,0,packed
n-body-simulation,tight,cell2dmin,42ee,ee,20468804,3.10504,17.6434,53.8606,21.56,3,0,20431487,0,79.4991,37314,0,0,6.48609e-06,2.79582e-08,0,0,0,0,37317,0,packed
n-body-simulation,tight,cell2dmin,43vf,vf,8527805,2.53785,21.4562,20.5763,4.86451,0,0,8521009,0,150.871,6796,0,0,3.22549e-06,3.155e-08,0,0,0,0,6796,0,packed
n-body-simulation,tight,cell2dmin,44vf,vf,9115458,3.03352,23.9971,21.7926,5.83482,0,0,9109222,0,170.632,6236,0,0,3.8566e-06,3.30256e-08,0,0,0,0,6236,0,packed
n-body-simulation,tight,cell2dmin,45vf,vf,8471066,3.07544,24.7988,20.3155,5.72881,0,0,8465023,0,166.68,6043,0,0,1.64565e-06,2.85895e-08,0,0,0,0,6043,0,packed
n-body-simulation,tight,cell2dmin,47ee,ee,20578694,3.35431,19.1686,54.1023,16.9482,0,0,20550457,0,73.7035,28237,0,0,1.07412e-05,2.84272e-08,0,0,0,0,28237,0,packed
n-body-simulation,tight,cell2dmin,48ee,ee,20064276,3.04187,18.8814,52.5762,12.6308,0,0,20041739,0,69.3315,22537,0,0,1.00659e-05,2.54928e-08,0,0,0,0,22537,0,packed
n-body-simulation,tight,cell2dmin,49vf,vf,8114795,2.67766,22.54,19.5319,6.1615,0,0,8109142,0,158.235,5653,0,0,1.15774e-05,3.11965e-08,0,0,0,0,5653,0,packed
n-body-simulation,tight,cell2dmin,4vf,vf,9205265,3.36846,41.1978,22.0751,6.03008,0,0,9196043,0,136.386,9222,0,0,4.75078e-06,4.71856e-08,0,0,0,0,9222,0,packed
n-body-simulation,tight,cell2dmin,51ee,ee,21999613,3.28536,17.0931,58.1856,20.1832,0,0,21962575,0,82.9884,37038,0,0,0.000240146,2.68971e-08,0,0,0,0,37038,0,packed
n-body-simulation,tight,cell2dmin,52ee,ee,21162535,2.4569,18.386,56.1211,17.1493,0,0,21134023,0,75.8438,28512,0,0,3.54128e-06,2.87329e-08,0,0,0,0,28512,0,packed
n-body-simulation,tight,cell2dmin,53ee,ee,21449627,2.36999,17.96,61.4715,18.6692,0,0,21417653,0,90.5867,31970,0,0,2.1678e-05,2.68819e-08,0,0,0,0,31974,0,packed
n-body-simulation,tight,cell2dmin,55ee,ee,21344145,2.36861,17.3429,56.3818,18.8059,0,0,21318170,0,76.6698,25975,0,0,6.81358e-06,2.6977e-08,0,0,0,0,25975,0,packed
n-body-simulation,tight,cell2dmin,56ee,ee,20093033,2.37786,18.5445,53.4432,17.8958,0,0,20058300,0,77.4059,34730,0,0,3.78754e-06,2.66699e-08,0,0,0,0,34733,0,packed
n-body-simulation,tight,cell2dmin,58ee,ee,19764368,2.49609,20.5233,52.4037,17.7127,0,0,19732881,0,73.4618,31487,0,0,1.42286e-05,2.4435e-08,0,0,0,0,31487,0,packed
n-body-simulation,tight,cell2dmin,59ee,ee,21693056,2.37031,18.0236,57.3249,17.4914,0,0,21659617,0,81.2712,33439,0,0,3.02714e-06,2.45289e-08,0,0,0,0,33439,0,packed
n-body-simulation,tight,cell2dmin,5vf,vf,8299022,2.596,33.7591,19.9915,5.47787,0,0,8290821,0,137.901,8200,0,0,8.53552e-06,4.83476e-08,0,0,0,0,8201,0,packed
n-body-simulation,tight,cell2dmin,60vf,vf,9287198,2.9933,36.6886,22.1881,5.87853,0,0,9280053,0,157.579,7145,0,0,2.06948e-05,2.88345e-08,0,0,0,0,7145,0,packed
n-body-simulation,tight,cell2dmin,61vf,vf,9088217,3.02578,28.4329,21.786,5.45442,0,0,9081906,0,177.62,6311,0,0,1.41357e-06,3.23426e-08,0,0,0,0,6311,0,packed
n-body-simulation,tight,cell2dmin,63ee,ee,21198177,2.95496,18.1597,55.5707,21.2671,0,0,21164629,0,78.2072,33548,0,0,1.61789e-05,2.78072e-08,0,0,0,0,33548,0,packed
n-body-simulation,tight,cell2dmin,64ee,ee,21753582,2.40282,16.9198,57.4626,16.046,0,0,21727174,0,76.3282,26406,0,0,3.40448e-06,2.9683e-08,0,0,0,0,26408,0,packed
n-body-simulation,tight,cell2dmin,65vf,vf,9729635,3.75625,39.0005,23.2922,5.13094,0,0,9722283,0,153.285,7352,0,0,2.71169e-06,2.88221e-08,0,0,0,0,7352,0,packed
n-body-simulation,tight,cell2dmin,66vf,vf,9651524,3.03819,45.2017,23.0471,6.11814,0,0,9645684,0,177.049,5840,0,0,1.79996e-06,3.1575e-08,0,0,0,0,5840,0,packed
n-body-simulation,tight,cell2dmin,68ee,ee,23647355,2.78834,18.5109,62.2842,21.141,0,0,23616234,0,88.3754,31121,0,0,3.16385e-05,2.53747e-08,0,0,0,0,31121,0,packed
n-body-simulation,tight,cell2dmin,69ee,ee,22352960,2.39722,16.8104,58.8802,15.6026,0,0,22326088,0,77.4498,26869,0,0,4.62005e-06,2.73999e-08,0,0,0,0,26872,0,packed
n-body-simulation,tight,cell2dmin,6ee,ee,23124800,2.42726,17.0116,60.4765,17.2215,0,0,23087850,0,84.3878,36950,0,0,3.96008e-06,3.62169e-08,0,0,0,0,36950,0,packed
n-body-simulation,tight,cell2dmin,70vf,vf,9460310,2.37367,33.5134,22.7265,5.90573,0,0,9454392,0,167.787,5918,0,0,1.50854e-06,2.99507e-08,0,0,0,0,5918,0,packed
n-body-simulation,tight,cell2dmin,71vf,vf,9131146,3.1117,33.7402,22.1,6.77134,1,0,9125704,0,176.828,5440,0,0,1.0513e-05,2.91278e-08,0,0,0,0,5442,0,packed
n-body-simulation,tight,cell2dmin,73ee,ee,21478783,2.98591,18.0925,56.1854,21.2144,0,0,21453145,0,76.3482,25638,0,0,1.39284e-05,2.69071e-08,0,0,0,0,25638,0,packed
n-body-simulation,tight,cell2dmin,74ee,ee,22454354,2.40477,17.4497,64.5205,16.6311,0,0,22430218,0,83.8741,24136,0,0,4.62182e-06,2.56338e-08,0,0,0,0,24136,0,packed
n-body-simulation,tight,cell2dmin,7vf,vf,8850202,3.16798,39.9664,21.1827,5.81774,0,0,8842934,0,166.786,7268,0,0,1.17126e-05,3.85387e-08,0,0,0,0,7268,0,packed
n-body-simulation,tight,cell2dmin,8vf,vf,9010201,3.0925,43.5478,21.5428,5.8649,0,0,9004164,0,173.141,6037,0,0,2.91516e-06,3.25432e-08,0,0,0,0,6037,0,packed
n-body-simulation,tight,cell2dmin,10ee,ee,20233111,0.890568,10.7429,52.8509,16.8581,0,0,20206463,0,69.3478,26646,0,0,7.47009e-06,3.37942e-08,0,0,0,0,26648,0,packed
n-body-simulation,tight,cell2dmin,11ee,ee,22712558,3.12184,12.9897,59.3484,17.0138,0,0,22684742,0,78.7697,27816,0,0,5.98176e-06,3.19064e-08,0,0,0,0,27816,0,packed
n-body-simulation,tight,cell2dmin,12ee,ee,23298885,2.65046,13.3554,61.077,21.5706,0,0,23262717,0,87.6644,36168,0,0,1.40305e-05,2.83341e-08,0,0,0,0,36168,0,packed
n-body-simulation,tight,cell2dmin,13vf,vf,8977302,1.69042,26.2183,21.498,5.40834,0,0,8968991,0,185.35,8311,0,0,6.48621e-06,3.22673e-08,0,0,0,0,8311,0,packed
n-body-simulation,tight,cell2dmin,14vf,vf,8976046,2.98792,23.0238,21.569,6.56332,0,0,8967449,0,152.963,8597,0,0,1.42534e-05,3.24606e-08,0,0,0,0,8597,0,packed
n-body-simulation,tight,cell2dmin,16ee,ee,21501251,3.63027,13.9833,56.5767,21.1563,0,0,21460925,0,83.1849,40320,0,0,3.92892e-06,2.81936e-08,0,0,0,0,40326,0,packed
n-body-simulation,tight,cell2dmin,17ee,ee,21072787,3.10171,14.287,55.8704,19.7534,0,0,21036408,0,80.5066,36379,0,0,3.01818e-05,3.08691e-08,0,0,0,0,36379,0,packed
n-body-simulation,tight,cell2dmin,18vf,vf,9396388,2.54909,33.8853,22.5016,5.67083,0,0,9386928,0,171.715,9459,0,0,9.34296e-06,3.18984e-08,0,0,0,0,9460,0,packed
n-body-simulation,tight,cell2dmin,19vf,vf,8838371,3.14481,26.1451,21.1707,6.74501,0,0,8831147,0,165.138,7222,0,0,9.65345e-06,3.48595e-08,0,0,0,0,7224,0,packed
n-body-simulation,tight,cell2dmin,1vf,vf,14769418,3.5121,45.7887,35.0525,12.8202,0,0,14743057,0,240.898,26359,0,0,6.25085e-06,4.11763e-08,0,0,0,0,26361,0,packed
n-body-simulation,tight,cell2dmin,21ee,ee,22805851,3.44775,13.07,60.1537,17.8836,0,0,22774883,0,83.3528,30968,0,0,4.4361e-06,2.72679e-08,0,0,0,0,30968,0,packed
n-body-simulation,tight,cell2dmin,22ee,ee,21795408,3.01762,13.1905,57.4509,17.5637,0,0,21767930,0,78.6021,27478,0,0,3.13674e-05,3.01778e-08,0,0,0,0,27478,0,packed
n-body-simulation,tight,cell2dmin,23vf,vf,9019194,2.5464,18.0727,21.8247,7.01745,0,0,9013211,0,171.155,5983,0,0,2.50244e-06,3.37651e-08,0,0,0,0,5983,0,packed
n-body-simulation,tight,cell2dmin,24vf,vf,9328031,3.16622,19.7769,22.4649,5.94897,0,0,9321657,0,197.026,6374,0,0,2.05591e-06,2.71669e-08,0,0,0,0,6374,0,packed
n-body-simulation,tight,cell2dmin,26ee,ee,21507979,3.4825,13.7649,56.6228,21.5295,0,0,21476960,0,81.238,31018,0,0,9.35575e-06,2.90536e-08,0,0,0,0,31019,0,packed
n-body-simulation,tight,cell2dmin,27ee,ee,19098371,3.08754,13.8935,50.6174,19.0451,0,0,19071875,0,69.6734,26493,0,0,9.3041e-06,2.83666e-08,0,0,0,0,26496,0,packed
n-body-simulation,tight,cell2dmin,28ee,ee,21732776,3.27662,13.2498,57.2166,18.7002,0,0,21699656,0,81.6297,33120,0,0,5.49151e-06,2.68913e-08,0,0,0,0,33120,0,packed
n-body-simulation,tight,cell2dmin,29vf,vf,8541779,2.5806,37.1819,20.561,7.42016,0,0,8535454,0,153.693,6324,0,0,2.10291e-06,3.32709e-08,0,0,0,0,6325,0,packed
n-body-simulation,tight,cell2dmin,2vf,vf,11120346,3.35441,32.8434,26.6398,9.83766,2,0,11104323,0,192.997,16021,0,0,6.89914e-06,4.55741e-08,0,0,0,0,16023,0,packed
n-body-simulation,tight,cell2dmin,31ee,ee,22031508,3.20596,13.3961,57.9205,19.2375,0,0,21996124,0,82.3124,35382,0,0,1.59505e-05,3.03864e-08,0,0,0,0,35384,0,packed
n-body-simulation,tight,cell2dmin,32ee,ee,21843046,3.19876,13.4609,57.5691,18.9659,0,0,21806508,0,82.4696,36538,0,0,1.04363e-05,2.93862e-08,0,0,0,0,36538,0,packed
n-body-simulation,tight,cell2dmin,33vf,vf,8722574,2.46723,24.6473,21.0105,5.61092,0,0,8714933,0,147.764,7641,0,0,2.84272e-05,3.04841e-08,0,0,0,0,7641,0,packed
n-body-simulation,tight,cell2dmin,34vf,vf,9175016,3.07493,27.1082,22.0946,8.90898,0,0,9167097,0,170.321,7917,0,0,7.55402e-06,2.60306e-08,0,0,0,0,7919,0,packed
n-body-simulation,tight,cell2dmin,35vf,vf,8874710,3.12421,21.2908,21.4461,5.28306,0,0,8867449,0,178.343,7260,0,0,3.47101e-06,3.12235e-08,0,0,0,0,7261,0,packed
n-body-simulation,tight,cell2dmin,37ee,ee,19185062,3.31899,14.2702,51.0091,16.1042,0,0,19159490,0,68.6976,25572,0,0,4.56371e-06,3.25069e-08,0,0,0,0,25572,0,packed
n-body-simulation,tight,cell2dmin,38ee,ee,18927005,2.56064,14.7101,50.3721,20.3189,0,0,18905310,0,67.0083,21695,0,0,8.20268e-05,4.04764e-08,0,0,0,0,21695,0,packed
n-body-simulation,tight,cell2dmin,39vf,vf,8840342,2.44848,33.6379,21.2679,5.64692,0,0,8833159,0,144.1,7183,0,0,2.81318e-06,3.46672e-08,0,0,0,0,7183,0,packed
n-body-simulation,tight,cell2dmin,3vf,vf,10207136,2.97551,26.7119,24.4564,8.44954,0,0,10194018,0,144.098,13117,0,0,4.9644e-06,4.39886e-08,0,0,0,0,13118,0,packed
n-body-simulation,tight,cell2dmin,41ee,ee,20836908,2.94735,13.3999,55.0323,20.8604,0,0,20798733,0,80.426,38175,0,0,6.73718e-06,2.98072e-08,0,0,0,0,38175,0,packed
n-body-simulation,tight,cell2dmin,42ee,ee,20468804,4.32149,13.7945,53.8756,21.5628,3,0,20431487,0,79.7931,37314,0,0,6.48609e-06,2.79582e-08,0,0,0,0,37317,0,packed
n-body-simulation,tight,cell2dmin,43vf,vf,8527805,2.59718,21.6594,20.5185,4.91177,0,0,8521009,0,165.144,6796,0,0,3.22549e-06,3.155e-08,0,0,0,0,6796,0,packed
n-body-simulation,tight,cell2dmin,44vf,vf,9115458,3.29726,23.6384,21.7639,5.82186,0,0,9109222,0,173.409,6236,0,0,3.8566e-06,3.30256e-08,0,0,0,0,6236,0,packed
n-body-simulation,tight,cell2dmin,45vf,vf,8471066,3.13816,25.6726,20.2931,5.73364,0,0,8465023,0,169.658,6043,0,0,1.64565e-06,2.85895e-08,0,0,0,0,6043,0,packed
n-body-simulation,tight,cell2dmin,47ee,ee,20578694,3.29601,15.2402,54.0036,16.9504,0,0,20550457,0,74.3255,28237,0,0,1.07412e-05,2.84272e-08,0,0,0,0,28237,0,packed
n-body-simulation,tight,cell2dmin,48ee,ee,20064276,3.38666,15.563,52.7108,12.7962,0,0,20041739,0,69.6416,22537,0,0,1.00659e-05,2.54928e-08,0,0,0,0,22537,0,packed
n-body-simulation,tight,cell2dmin,49vf,vf,8114795,2.76386,22.6417,19.5695,6.15878,0,0,8109142,0,160.436,5653,0,0,1.15774e-05,3.11965e-08,0,0,0,0,5653,0,packed
n-body-simulation,tight,cell2dmin,4vf,vf,9205265,3.36254,43.2715,22.1771,6.03914,0,0,9196043,0,167.405,9222,0,0,4.75078e-06,4.71856e-08,0,0,0,0,9222,0,packed
n-body-simulation,tight,cell2dmin,51ee,ee,21999613,3.24817,13.4275,58.3843,20.015,0,0,21962575,0,83.2162,37038,0,0,0.000240146,2.68971e-08,0,0,0,0,37038,0,packed
n-body-simulation,tight,cell2dmin,52ee,ee,21162535,2.34538,13.1829,56.0107,17.3703,0,0,21134023,0,76.1231,28512,0,0,3.54128e-06,2.87329e-08,0,0,0,0,28512,0,packed
n-body-simulation,tight,cell2dmin,53ee,ee,21449627,2.46672,14.2511,61.1451,18.8629,0,0,21417653,0,84.0746,31970,0,0,2.1678e-05,2.68819e-08,0,0,0,0,31974,0,packed
n-body-simulation,tight,cell2dmin,55ee,ee,21344145,2.3936,13.8242,56.3729,18.781,0,0,21318170,0,76.7807,25975,0,0,6.81358e-06,2.6977e-08,0,0,0,0,25975,0,packed
n-body-simulation,tight,cell2dmin,56ee,ee,20093033,2.40151,13.8821,53.438,17.923,0,0,20058300,0,77.515,34730,0,0,3.78754e-06,2.66699e-08,0,0,0,0,34733,0,packed
n-body-simulation,tight,cell2dmin,58ee,ee,19764368,2.4535,13.5936,52.2424,17.7937,0,0,19732881,0,72.8102,31487,0,0,1.42286e-05,2.4435e-08,0,0,0,0,31487,0,packed
n-body-simulation,tight,cell2dmin,59ee,ee,21693056,2.33923,13.349,57.2273,17.5422,0,0,21659617,0,81.1344,33439,0,0,3.02714e-06,2.45289e-08,0,0,0,0,33439,0,packed
n-body-simulation,tight,cell2dmin,5vf,vf,8299022,2.44035,33.5428,19.9033,5.54142,0,0,8290821,0,125.89,8200,0,0,8.53552e-06,4.83476e-08,0,0,0,0,8201,0,packed
n-body-simulation,tight,cell2dmin,60vf,vf,9287198,3.12955,36.7452,22.1922,5.86708,0,0,9280053,0,182.875,7145,0,0,2.06948e-05,2.88345e-08,0,0,0,0,7145,0,packed
n-body-simulation,tight,cell2dmin,61vf,vf,9088217,3.10261,27.2802,21.7387,5.4685,0,0,9081906,0,181.608,6311,0,0,1.41357e-06,3.23426e-08,0,0,0,0,6311,0,packed
n-body-simulation,tight,cell2dmin,63ee,ee,21198177,3.04274,14.6746,55.5314,21.3298,0,0,21164629,0,79.2391,33548,0,0,1.61789e-05,2.78072e-08,0,0,0,0,33548,0,packed
n-body-simulation,tight,cell2dmin,64ee,ee,21753582,2.50246,14.4193,57.556,16.3197,0,0,21727174,0,77.1898,26406,0,0,3.40448e-06,2.9683e-08,0,0,0,0,26408,0,packed
n-body-simulation,tight,cell2dmin,65vf,vf,9729635,2.54761,38.5973,23.1429,5.14303,0,0,9722283,0,165.594,7352,0,0,2.71169e-06,2.88221e-08,0,0,0,0,7352,0,packed
n-body-simulation,tight,cell2dmin,66vf,vf,9651524,2.97202,45.0873,22.9642,6.09085,0,0,9645684,0,186.595,5840,0,0,1.79996e-06,3.1575e-08,0,0,0,0,5840,0,packed
n-body-simulation,tight,cell2dmin,68ee,ee,23647355,2.91413,15.7486,62.2848,21.2591,0,0,23616234,0,88.265,31121,0,0,3.16385e-05,2.53747e-08,0,0,0,0,31121,0,packed
n-body-simulation,tight,cell2dmin,69ee,ee,22352960,2.4953,14.6712,58.7658,15.8195,0,0,22326088,0,78.2536,26869,0,0,4.62005e-06,2.73999e-08,0,0,0,0,26872,0,packed
n-body-simulation,tight,cell2dmin,6ee,ee,23124800,2.47715,13.1317,60.5298,17.4012,0,0,23087850,0,86.1848,36950,0,0,3.96008e-06,3.62169e-08,0,0,0,0,36950,0,packed
n-body-simulation,tight,cell2dmin,70vf,vf,9460310,2.45229,34.0948,22.7799,5.94042,0,0,9454392,0,185.888,5918,0,0,1.50854e-06,2.99507e-08,0,0,0,0,5918,0,packed
n-body-simulation,tight,cell2dmin,71vf,vf,9131146,3.68858,33.532,22.03,6.73634,1,0,9125704,0,184.375,5440,0,0,1.0513e-05,2.91278e-08,0,0,0,0,5442,0,packed
n-body-simulation,tight,cell2dmin,73ee,ee,21478783,3.32292,14.6344,56.2117,21.3301,0,0,21453145,0,77.6963,25638,0,0,1.39284e-05,2.69071e-08,0,0,0,0,25638,0,packed
n-body-simulation,tight,cell2dmin,74ee,ee,22454354,2.52173,13.9921,64.5097,16.6209,0,0,22430218,0,84.1361,24136,0,0,4.62182e-06,2.56338e-08,0,0,0,0,24136,0,packed
n-body-simulation,tight,cell2dmin,7vf,vf,8850202,2.56096,40.1505,21.2387,5.82743,0,0,8842934,0,175.171,7268,0,0,1.17126e-05,3.85387e-08,0,0,0,0,7268,0,packed
n-body-simulation,tight,cell2dmin,8vf,vf,9010201,3.13361,42.9159,21.5747,5.88302,0,0,9004164,0,179.445,6037,0,0,2.91516e-06,3.25432e-08,0,0,0,0,6037,0,packed
n-body-simulation,tight,cell2dmin,10ee,ee,20233111,1.13802,13.2848,52.9254,16.7575,0,0,20206463,0,70.7515,26646,0,0,7.47009e-06,3.37942e-08,0,0,0,0,26648,0,packed
n-body-simulation,tight,cell2dmin,11ee,ee,22712558,3.20414,21.1023,59.449,17.0105,0,0,22684742,0,79.3936,27816,0,0,5.98176e-06,3.19064e-08,0,0,0,0,27816,0,packed
n-body-simulation,tight,cell2dmin,12ee,ee,23298885,2.57737,20.3831,61.1707,21.5886,0,0,23262717,0,86.7415,36168,0,0,1.40305e-05,2.83341e-08,0,0,0,0,36168,0,packed
n-body-simulation,tight,cell2dmin,13vf,vf,8977302,1.69199,26.144,21.5526,5.36108,0,0,8968991,0,188.594,8311,0,0,6.48621e-06,3.22673e-08,0,0,0,0,8311,0,packed
n-body-simulation,tight,cell2dmin,14vf,vf,8976046,3.04312,23.1365,21.6577,6.51538,0,0,8967449,0,163.287,8597,0,0,1.42534e-05,3.24606e-08,0,0,0,0,8597,0,packed
n-body-simulation,tight,cell2dmin,16ee,ee,21501251,3.47485,22.0022,56.7215,21.1353,0,0,21460925,0,82.796,40320,0,0,3.92892e-06,2.81936e-08,0,0,0,0,40326,0,packed
n-body-simulation,tight,cell2dmin,17ee,ee,21072787,3.11032,21.3196,56.0861,19.9138,0,0,21036408,0,79.2614,36379,0,0,3.01818e-05,3.08691e-08,0,0,0,0,36379,0,packed
n-body-simulation,tight,cell2dmin,18vf,vf,9396388,2.43082,32.6965,22.6132,5.62014,0,0,9386928,0,148.477,9459,0,0,9.34296e-06,3.18984e-08,0,0,0,0,9460,0,packed
n-body-simulation,tight,cell2dmin,19vf,vf,8838371,2.92834,26.8335,21.2804,6.72747,0,0,8831147,0,161.23,7222,0,0,9.65345e-06,3.48595e-08,0,0,0,0,7224,0,packed
n-body-simulation,tight,cell2dmin,1vf,vf,14769418,3.81676,45.685,35.2993,12.7031,0,0,14743057,0,215.158,26359,0,0,6.25085e-06,4.11763e-08,0,0,0,0,26361,0,packed
n-body-simulation,tight,cell2dmin,21ee,ee,22805851,2.97275,20.7816,60.2021,17.7726,0,0,22774883,0,82.7189,30968,0,0,4.4361e-06,2.72679e-08,0,0,0,0,30968,0,packed
n-body-simulation,tight,cell2dmin,22ee,ee,21795408,2.95845,21.8711,57.5459,17.4855,0,0,21767930,0,78.0814,27478,0,0,3.13674e-05,3.01778e-08,0,0,0,0,27478,0,packed
n-body-simulation,tight,cell2dmin,23vf,vf,9019194,2.50771,18.1867,21.8511,7.0602,0,0,9013211,0,178.132,5983,0,0,2.50244e-06,3.37651e-08,0,0,0,0,5983,0,packed
n-body-simulation,tight,cell2dmin,24vf,vf,9328031,3.32321,19.6782,22.5287,5.93588,0,0,9321657,0,170.986,6374,0,0,2.05591e-06,2.71669e-08,0,0,0,0,6374,0,packed
n-body-simulation,tight,cell2dmin,26ee,ee,21507979,3.5233,22.2543,56.8497,21.4948,0,0,21476960,0,80.7512,31018,0,0,9.35575e-06,2.90536e-08,0,0,0,0,31019,0,packed
n-body-simulation,tight,cell2dmin,27ee,ee,19098371,3.12721,19.8248,50.8854,18.8532,0,0,19071875,0,69.3332,26493,0,0,9.3041e-06,2.83666e-08,0,0,0,0,26496,0,packed
n-body-simulation,tight,cell2dmin,28ee,ee,21732776,3.27457,20.5092,57.3573,18.677,0,0,21699656,0,80.0363,33120,0,0,5.49151e-06,2.68913e-08,0,0,0,0,33120,0,packed
n-body-simulation,tight,cell2dmin,29vf,vf,8541779,4.28782,38.1908,20.6506,7.39337,0,0,8535454,0,147.236,6324,0,0,2.10291e-06,3.32709e-08,0,0,0,0,6325,0,packed
n-body-simulation,tight,cell2dmin,2vf,vf,11120346,3.27444,32.9648,26.9105,9.86163,2,0,11104323,0,186.959,16021,0,0,6.89914e-06,4.55741e-08,0,0,0,0,16023,0,packed
n-body-simulation,tight,cell2dmin,31ee,ee,22031508,3.20782,20.6267,58.162,19.1198,0,0,21996124,0,81.9606,35382,0,0,1.59505e-05,3.03864e-08,0,0,0,0,35384,0,packed
n-body-simulation,tight,cell2dmin,32ee,ee,21843046,3.09112,20.4757,57.7103,18.8036,0,0,21806508,0,82.2612,36538,0,0,1.04363e-05,2.93862e-08,0,0,0,0,36538,0,packed
n-body-simulation,tight,cell2dmin,33vf,vf,8722574,2.54937,24.8172,21.1331,5.5964,0,0,8714933,0,160.966,7641,0,0,2.84272e-05,3.04841e-08,0,0,0,0,7641,0,packed
n-body-simulation,tight,cell2dmin,34vf,vf,9175016,3.14008,26.7451,22.1642,8.93695,0,0,9167097,0,166.283,7917,0,0,7.55402e-06,2.60306e-08,0,0,0,0,7919,0,packed
n-body-simulation,tight,cell2dmin,35vf,vf,8874710,2.98018,20.9053,21.4765,5.2384,0,0,8867449,0,169.691,7260,0,0,3.47101e-06,3.12235e-08,0,0,0,0,7261,0,packed
n-body-simulation,tight,cell2dmin,37ee,ee,19185062,3.37742,21.0862,51.1163,16.0622,0,0,19159490,0,67.8675,25572,0,0,4.56371e-06,3.25069e-08,0,0,0,0,25572,0,packed
n-body-simulation,tight,cell2dmin,38ee,ee,18927005,2.44352,21.1487,50.6117,20.0878,0,0,18905310,0,65.832,21695,0,0,8.20268e-05,4.04764e-08,0,0,0,0,21695,0,packed
n-body-simulation,tight,cell2dmin,39vf,vf,8840342,2.67116,33.0374,21.4566,5.64011,0,0,8833159,0,185.6,7183,0,0,2.81318e-06,3.46672e-08,0,0,0,0,7183,0,packed
n-body-simulation,tight,cell2dmin,3vf,vf,10207136,3.26475,26.5467,24.6833,8.45851,0,0,10194018,0,182.244,13117,0,0,4.9644e-06,4.39886e-08,0,0,0,0,13118,0,packed
n-body-simulation,tight,cell2dmin,41ee,ee,20836908,3.01813,20.9307,55.0796,20.7529,0,0,20798733,0,79.8938,38175,0,0,6.73718e-06,2.98072e-08,0,0,0,0,38175,0,packed
n-body-simulation,tight,cell2dmin,42ee,ee,20468804,3.05093,21.7193,54.1026,21.2263,3,0,20431487,0,79.6666,37314,0,0,6.48609e-06,2.79582e-08,0,0,0,0,37317,0,packed
n-body-simulation,tight,cell2dmin,43vf,vf,8527805,2.78361,21.4746,20.6127,4.83898,0,0,8521009,0,182.446,6796,0,0,3.22549e-06,3.155e-08,0,0,0,0,6796,0,packed
n-body-simulation,tight,cell2dmin,44vf,vf,9115458,3.14226,23.9413,21.8085,5.82155,0,0,9109222,0,176.016,6236,0,0,3.8566e-06,3.30256e-08,0,0,0,0,6236,0,packed
n-body-simulation,tight,cell2dmin,45vf,vf,8471066,3.04159,24.6038,20.453,5.71659,0,0,8465023,0,174.624,6043,0,0,1.64565e-06,2.85895e-08,0,0,0,0,6043,0,packed
n-body-simulation,tight,cell2dmin,47ee,ee,20578694,3.33832,22.0462,54.1529,16.851,0,0,20550457,0,72.6994,28237,0,0,1.07412e-05,2.84272e-08,0,0,0,0,28237,0,packed
n-body-simulation,tight,cell2dmin,48ee,ee,20064276,3.17704,21.4729,52.7277,12.5215,0,0,20041739,0,68.4132,22537,0,0,1.00659e-05,2.54928e-08,0,0,0,0,22537,0,packed
n-body-simulation,tight,cell2dmin,49vf,vf,8114795,2.54963,23.6428,19.5921,6.21271,0,0,8109142,0,148.379,5653,0,0,1.15774e-05,3.11965e-08,0,0,0,0,5653,0,packed
n-body-simulation,tight,cell2dmin,4vf,vf,9205265,3.30542,41.4125,22.264,5.96398,0,0,9196043,0,154.463,9222,0,0,4.75078e-06,4.71856e-08,0,0,0,0,9222,0,packed
n-body-simulation,tight,cell2dmin,51ee,ee,21999613,3.33755,21.7922,58.3331,20.1085,0,0,21962575,0,82.2844,37038,0,0,0.000240146,2.68971e-08,0,0,0,0,37038,0,packed
n-body-simulation,tight,cell2dmin,52ee,ee,21162535,2.35002,20.9997,56.0794,17.2605,0,0,21134023,0,75.1064,28512,0,0,3.54128e-06,2.87329e-08,0,0,0,0,28512,0,packed
n-body-simulation,tight,cell2dmin,53ee,ee,21449627,2.33037,20.4083,60.7612,18.5598,0,0,21417653,0,87.0961,31970,0,0,2.1678e-05,2.68819e-08,0,0,0,0,31974,0,packed
n-body-simulation,tight,cell2dmin,55ee,ee,21344145,2.33968,21.4648,56.5411,18.5772,0,0,21318170,0,75.7457,25975,0,0,6.81358e-06,2.6977e-08,0,0,0,0,25975,0,packed
n-body-simulation,tight,cell2dmin,56ee,ee,20093033,2.46147,22.2038,53.4807,18.1837,0,0,20058300,0,76.5683,34730,0,0,3.78754e-06,2.66699e-08,0,0,0,0,34733,0,packed
n-body-simulation,tight,cell2dmin,58ee,ee,19764368,2.52275,21.7964,52.5398,17.8448,0,0,19732881,0,72.7003,31487,0,0,1.42286e-05,2.4435e-08,0,0,0,0,31487,0,packed
n-body-simulation,tight,cell2dmin,59ee,ee,21693056,2.3858,20.1076,57.3029,17.5322,0,0,21659617,0,79.9584,33439,0,0,3.02714e-06,2.45289e-08,0,0,0,0,33439,0,packed
n-body-simulation,tight,cell2dmin,5vf,vf,8299022,2.47824,34.0126,20.1327,5.51637,0,0,8290821,0,150.852,8200,0,0,8.53552e-06,4.83476e-08,0,0,0,0,8201,0,packed
n-body-simulation,tight,cell2dmin,60vf,vf,9287198,3.05445,37.7149,22.3276,5.84302,0,0,9280053,0,179.127,7145,0,0,2.06948e-05,2.88345e-08,0,0,0,0,7145,0,packed
n-body-simulation,tight,cell2dmin,61vf,vf,9088217,3.21288,27.547,21.9201,5.43542,0,0,9081906,0,181.236,6311,0,0,1.41357e-06,3.23426e-08,0,0,0,0,6311,0,packed
n-body-simulation,tight,cell2dmin,63ee,ee,21198177,2.8198,21.2002,55.5489,21.1717,0,0,21164629,0,77.8836,33548,0,0,1.61789e-05,2.78072e-08,0,0,0,0,33548,0,packed
n-body-simulation,tight,cell2dmin,64ee,ee,21753582,2.39744,21.2818,57.6702,16.1869,0,0,21727174,0,75.768,26406,0,0,3.40448e-06,2.9683e-08,0,0,0,0,26408,0,packed
n-body-simulation,tight,cell2dmin,65vf,vf,9729635,2.33568,39.2662,23.354,5.10954,0,0,9722283,0,170.496,7352,0,0,2.71169e-06,2.88221e-08,0,0,0,0,7352,0,packed
n-body-simulation,tight,cell2dmin,66vf,vf,9651524,3.05317,45.4199,23.3235,6.11882,0,0,9645684,0,190.381,5840,0,0,1.79996e-06,3.1575e-08,0,0,0,0,5840,0,packed
n-body-simulation,tight,cell2dmin,68ee,ee,23647355,2.84902,23.2747,62.5172,21.3304,0,0,23616234,0,87.5212,31121,0,0,3.16385e-05,2.53747e-08,0,0,0,0,31121,0,packed
n-body-simulation,tight,cell2dmin,69ee,ee,22352960,2.43104,21.683,58.9623,15.7937,0,0,22326088,0,77.3704,26869,0,0,4.62005e-06,2.73999e-08,0,0,0,0,26872,0,packed
n-body-simulation,tight,cell2dmin,6ee,ee,23124800,2.52493,20.3854,60.5875,17.2522,0,0,23087850,0,84.1969,36950,0,0,3.96008e-06,3.62169e-08,0,0,0,0,36950,0,packed
n-body-simulation,tight,cell2dmin,70vf,vf,9460310,2.35812,33.9976,22.7957,5.90046,0,0,9454392,0,175.016,5918,0,0,1.50854e-06,2.99507e-08,0,0,0,0,5918,0,packed
n-body-simulation,tight,cell2dmin,71vf,vf,9131146,3.10293,33.9485,22.0787,6.7389,1,0,9125704,0,173.884,5440,0,0,1.0513e-05,2.91278e-08,0,0,0,0,5442,0,packed
n-body-simulation,tight,cell2dmin,73ee,ee,21478783,3.02588,21.913,56.3388,21.0221,0,0,21453145,0,75.9675,25638,0,0,1.39284e-05,2.69071e-08,0,0,0,0,25638,0,packed
n-body-simulation,tight,cell2dmin,74ee,ee,22454354,2.45347,21.6369,70.676,16.4289,0,0,22430218,0,89.9972,24136,0,0,4.62182e-06,2.56338e-08,0,0,0,0,24136,0,packed
n-body-simulation,tight,cell2dmin,7vf,vf,8850202,2.42074,39.6195,21.3009,5.78229,0,0,8842934,0,175.544,7268,0,0,1.17126e-05,3.85387e-08,0,0,0,0,7268,0,packed
n-body-simulation,tight,cell2dmin,8vf,vf,9010201,3.05122,42.5758,21.6656,5.85617,0,0,9004164,0,175.673,6037,0,0,2.91516e-06,3.25432e-08,0,0,0,0,6037,0,packed
n-body-simulation,tight,cell2dmin,10ee,ee,20233111,0.85921,18.0326,52.5109,19.2159,0,0,20206463,0,70.1777,26646,0,0,7.47009e-06,3.37942e-08,0,0,0,0,26648,0,gather
n-body-simulation,tight,cell2dmin,11ee,ee,22712558,1.84923,18.8269,59.218,16.9861,0,0,22684742,0,77.7642,27816,0,0,5.98176e-06,3.19064e-08,0,0,0,0,27816,0,gather
n-body-simulation,tight,cell2dmin,12ee,ee,23298885,1.90683,19.96,61.0126,21.4348,0,0,23262717,0,86.5487,36168,0,0,1.40305e-05,2.83341e-08,0,0,0,0,36168,0,gather
n-body-simulation,tight,cell2dmin,13vf,vf,8977302,1.47356,39.0589,21.6417,5.31762,0,0,8968991,0,165.312,8311,0,0,6.48621e-06,3.22673e-08,0,0,0,0,8311,0,gather
n-body-simulation,tight,cell2dmin,14vf,vf,8976046,1.79371,35.0421,21.7092,6.49007,0,0,8967449,0,166.955,8597,0,0,1.42534e-05,3.24606e-08,0,0,0,0,8597,0,gather
n-body-simulation,tight,cell2dmin,16ee,ee,21501251,1.80821,18.0565,60.9634,21.203,0,0,21460925,0,85.6646,40320,0,0,3.92892e-06,2.81936e-08,0,0,0,0,40326,0,gather
n-body-simulation,tight,cell2dmin,17ee,ee,21072787,1.70869,16.3223,55.7388,19.7008,0,0,21036408,0,78.615,36379,0,0,3.01818e-05,3.08691e-08,0,0,0,0,36379,0,gather
n-body-simulation,tight,cell2dmin,18vf,vf,9396388,1.62729,48.7866,22.5749,5.70977,0,0,9386928,0,156.702,9459,0,0,9.34296e-06,3.18984e-08,0,0,0,0,9460,0,gather
n-body-simulation,tight,cell2dmin,19vf,vf,8838371,1.75871,32.8168,21.1952,6.74875,0,0,8831147,0,157.591,7222,0,0,9.65345e-06,3.48595e-08,0,0,0,0,7224,0,gather
n-body-simulation,tight,cell2dmin,1vf,vf,14769418,2.01783,65.2284,35.3651,12.7223,0,0,14743057,0,189.231,26359,0,0,6.25085e-06,4.11763e-08,0,0,0,0,26361,0,gather
n-body-simulation,tight,cell2dmin,21ee,ee,22805851,1.72687,16.797,61.9905,17.7322,0,0,22774883,0,81.9549,30968,0,0,4.4361e-06,2.72679e-08,0,0,0,0,30968,0,gather
n-body-simulation,tight,cell2dmin,22ee,ee,21795408,1.60185,16.954,57.351,17.534,0,0,21767930,0,77.5988,27478,0,0,3.13674e-05,3.01778e-08,0,0,0,0,27478,0,gather
n-body-simulation,tight,cell2dmin,23vf,vf,9019194,1.62428,27.9272,21.909,6.96817,0,0,9013211,0,187.157,5983,0,0,2.50244e-06,3.37651e-08,0,0,0,0,5983,0,gather
n-body-simulation,tight,cell2dmin,24vf,vf,9328031,1.89061,27.7054,22.6064,5.9594,0,0,9321657,0,176.048,6374,0,0,2.05591e-06,2.71669e-08,0,0,0,0,6374,0,gather
n-body-simulation,tight,cell2dmin,26ee,ee,21507979,1.72728,16.3687,56.6444,21.3755,0,0,21476960,0,79.8909,31018,0,0,9.35575e-06,2.90536e-08,0,0,0,0,31019,0,gather
n-body-simulation,tight,cell2dmin,27ee,ee,19098371,1.61183,16.2404,50.5948,18.9831,0,0,19071875,0,68.3656,26493,0,0,9.3041e-06,2.83666e-08,0,0,0,0,26496,0,gather
n-body-simulation,tight,cell2dmin,28ee,ee,21732776,1.63417,18.9157,57.1847,18.6943,0,0,21699656,0,80.5222,33120,0,0,5.49151e-06,2.68913e-08,0,0,0,0,33120,0,gather
n-body-simulation,tight,cell2dmin,29vf,vf,8541779,1.74066,51.1116,20.6385,7.39606,0,0,8535454,0,170.354,6324,0,0,2.10291e-06,3.32709e-08,0,0,0,0,6325,0,gather
n-body-simulation,tight,cell2dmin,2vf,vf,11120346,1.89275,45.4606,26.7259,9.78214,2,0,11104323,0,169.199,16021,0,0,6.89914e-06,4.55741e-08,0,0,0,0,16023,0,gather
n-body-simulation,tight,cell2dmin,31ee,ee,22031508,1.66527,17.4208,57.8316,19.1125,0,0,21996124,0,81.0367,35382,0,0,1.59505e-05,3.03864e-08,0,0,0,0,35384,0,gather
n-body-simulation,tight,cell2dmin,32ee,ee,21843046,1.59234,17.3688,57.5967,18.7251,0,0,21806508,0,81.649,36538,0,0,1.04363e-05,2.93862e-08,0,0,0,0,36538,0,gather
n-body-simulation,tight,cell2dmin,33vf,vf,8722574,1.61564,35.3518,21.1165,5.63044,0,0,8714933,0,129.909,7641,0,0,2.84272e-05,3.04841e-08,0,0,0,0,7641,0,gather
n-body-simulation,tight,cell2dmin,34vf,vf,9175016,1.82648,39.576,22.1538,8.88076,0,0,9167097,0,161.068,7917,0,0,7.55402e-06,2.60306e-08,0,0,0,0,7919,0,gather
n-body-simulation,tight,cell2dmin,35vf,vf,8874710,1.75867,29.4907,21.4452,5.26642,0,0,8867449,0,149.648,7260,0,0,3.47101e-06,3.12235e-08,0,0,0,0,7261,0,gather
n-body-simulation,tight,cell2dmin,37ee,ee,19185062,1.78507,16.394,50.7768,15.9052,0,0,19159490,0,67.4977,25572,0,0,4.56371e-06,3.25069e-08,0,0,0,0,25572,0,gather
n-body-simulation,tight,cell2dmin,38ee,ee,18927005,1.69506,16.6625,50.2202,19.8462,0,0,18905310,0,65.1849,21695,0,0,8.20268e-05,4.04764e-08,0,0,0,0,21695,0,gather
n-body-simulation,tight,cell2dmin,39vf,vf,8840342,1.6454,44.8198,21.3565,5.6204,0,0,8833159,0,163.31,7183,0,0,2.81318e-06,3.46672e-08,0,0,0,0,7183,0,gather
n-body-simulation,tight,cell2dmin,3vf,vf,10207136,1.89214,35.7749,24.6465,8.47939,0,0,10194018,0,165.639,13117,0,0,4.9644e-06,4.39886e-08,0,0,0,0,13118,0,gather
n-body-simulation,tight,cell2dmin,41ee,ee,20836908,1.57705,17.1119,54.8647,20.4433,0,0,20798733,0,79.3682,38175,0,0,6.73718e-06,2.98072e-08,0,0,0,0,38175,0,gather
n-body-simulation,tight,cell2dmin,42ee,ee,20468804,1.64514,16.3143,53.7439,21.509,3,0,20431487,0,78.3948,37314,0,0,6.48609e-06,2.79582e-08,0,0,0,0,37317,0,gather
n-body-simulation,tight,cell2dmin,43vf,vf,8527805,1.59913,34.563,21.9786,4.88793,0,0,8521009,0,162.467,6796,0,0,3.22549e-06,3.155e-08,0,0,0,0,6796,0,gather
n-body-simulation,tight,cell2dmin,44vf,vf,9115458,1.85733,38.2925,21.8811,5.81236,0,0,9109222,0,189.781,6236,0,0,3.8566e-06,3.30256e-08,0,0,0,0,6236,0,gather
n-body-simulation,tight,cell2dmin,45vf,vf,8471066,1.80453,41.89,20.5738,5.75095,0,0,8465023,0,178.818,6043,0,0,1.64565e-06,2.85895e-08,0,0,0,0,6043,0,gather
n-body-simulation,tight,cell2dmin,47ee,ee,20578694,1.80872,17.514,53.8403,16.8918,0,0,20550457,0,72.7291,28237,0,0,1.07412e-05,2.84272e-08,0,0,0,0,28237,0,gather
n-body-simulation,tight,cell2dmin,48ee,ee,20064276,1.69154,18.051,52.4148,12.6663,0,0,20041739,0,67.6084,22537,0,0,1.00659e-05,2.54928e-08,0,0,0,0,22537,0,gather
n-body-simulation,tight,cell2dmin,49vf,vf,8114795,1.5518,37.2582,19.5317,6.15885,0,0,8109142,0,152.752,5653,0,0,1.15774e-05,3.11965e-08,0,0,0,0,5653,0,gather
n-body-simulation,tight,cell2dmin,4vf,vf,9205265,1.89195,54.2836,22.3536,6.0497,0,0,9196043,0,141.825,9222,0,0,4.75078e-06,4.71856e-08,0,0,0,0,9222,0,gather
n-body-simulation,tight,cell2dmin,51ee,ee,21999613,1.95998,16.8585,58.0255,19.9767,0,0,21962575,0,81.3891,37038,0,0,0.000240146,2.68971e-08,0,0,0,0,37038,0,gather
n-body-simulation,tight,cell2dmin,52ee,ee,21162535,1.57807,17.2798,55.84,17.2762,0,0,21134023,0,74.571,28512,0,0,3.54128e-06,2.87329e-08,0,0,0,0,28512,0,gather
n-body-simulation,tight,cell2dmin,53ee,ee,21449627,1.67573,17.583,56.383,18.4181,0,0,21417653,0,78.5543,31970,0,0,2.1678e-05,2.68819e-08,0,0,0,0,31974,0,gather
n-body-simulation,tight,cell2dmin,55ee,ee,21344145,1.55746,16.1168,56.3335,18.5639,0,0,21318170,0,75.5691,25975,0,0,6.81358e-06,2.6977e-08,0,0,0,0,25975,0,gather
n-body-simulation,tight,cell2dmin,56ee,ee,20093033,1.59077,15.7459,53.1587,17.7238,0,0,20058300,0,76.1957,34730,0,0,3.78754e-06,2.66699e-08,0,0,0,0,34733,0,gather
n-body-simulation,tight,cell2dmin,58ee,ee,19764368,1.60325,17.548,52.2266,17.6204,0,0,19732881,0,72.0847,31487,0,0,1.42286e-05,2.4435e-08,0,0,0,0,31487,0,gather
n-body-simulation,tight,cell2dmin,59ee,ee,21693056,1.57004,16.9875,61.6363,17.4385,0,0,21659617,0,92.38,33439,0,0,3.02714e-06,2.45289e-08,0,0,0,0,33439,0,gather
n-body-simulation,tight,cell2dmin,5vf,vf,8299022,1.65673,43.9416,20.0804,5.50984,0,0,8290821,0,144.819,8200,0,0,8.53552e-06,4.83476e-08,0,0,0,0,8201,0,gather
n-body-simulation,tight,cell2dmin,60vf,vf,9287198,1.87429,43.6561,22.1884,5.86074,0,0,9280053,0,165.72,7145,0,0,2.06948e-05,2.88345e-08,0,0,0,0,7145,0,gather
n-body-simulation,tight,cell2dmin,61vf,vf,9088217,1.86241,33.9512,21.905,5.43039,0,0,9081906,0,180.983,6311,0,0,1.41357e-06,3.23426e-08,0,0,0,0,6311,0,gather
n-body-simulation,tight,cell2dmin,63ee,ee,21198177,1.77378,18.7476,60.2577,21.1884,0,0,21164629,0,86.0705,33548,0,0,1.61789e-05,2.78072e-08,0,0,0,0,33548,0,gather
n-body-simulation,tight,cell2dmin,64ee,ee,21753582,1.57333,18.1121,57.428,16.0611,0,0,21727174,0,75.769,26406,0,0,3.40448e-06,2.9683e-08,0,0,0,0,26408,0,gather
n-body-simulation,tight,cell2dmin,65vf,vf,9729635,1.57375,48.7069,23.3117,5.12182,0,0,9722283,0,168.28,7352,0,0,2.71169e-06,2.88221e-08,0,0,0,0,7352,0,gather
n-body-simulation,tight,cell2dmin,66vf,vf,9651524,1.85435,54.9611,23.1021,6.12922,0,0,9645684,0,184.358,5840,0,0,1.79996e-06,3.1575e-08,0,0,0,0,5840,0,gather
n-body-simulation,tight,cell2dmin,68ee,ee,23647355,1.79803,19.0179,62.1528,21.179,0,0,23616234,0,86.3965,31121,0,0,3.16385e-05,2.53747e-08,0,0,0,0,31121,0,gather
n-body-simulation,tight,cell2dmin,69ee,ee,22352960,1.64028,19.1185,58.6894,15.811,0,0,22326088,0,77.3153,26869,0,0,4.62005e-06,2.73999e-08,0,0,0,0,26872,0,gather
n-body-simulation,tight,cell2dmin,6ee,ee,23124800,1.95524,19.2659,60.1935,17.1727,0,0,23087850,0,83.8437,36950,0,0,3.96008e-06,3.62169e-08,0,0,0,0,36950,0,gather
n-body-simulation,tight,cell2dmin,70vf,vf,9460310,1.48255,43.6712,22.5163,5.87242,0,0,9454392,0,145.364,5918,0,0,1.50854e-06,2.99507e-08,0,0,0,0,5918,0,gather
n-body-simulation,tight,cell2dmin,71vf,vf,9131146,1.8093,41.1407,22.0644,6.73166,1,0,9125704,0,178.073,5440,0,0,1.0513e-05,2.91278e-08,0,0,0,0,5442,0,gather
n-body-simulation,tight,cell2dmin,73ee,ee,21478783,1.89653,17.7178,56.0291,21.057,0,0,21453145,0,75.5422,25638,0,0,1.39284e-05,2.69071e-08,0,0,0,0,25638,0,gather
n-body-simulation,tight,cell2dmin,74ee,ee,22454354,1.61967,18.7985,58.7912,16.342,0,0,22430218,0,78.4549,24136,0,0,4.62182e-06,2.56338e-08,0,0,0,0,24136,0,gather
n-body-simulation,tight,cell2dmin,7vf,vf,8850202,1.68549,49.9109,21.2416,5.79694,0,0,8842934,0,174.844,7268,0,0,1.17126e-05,3.85387e-08,0,0,0,0,7268,0,gather
n-body-simulation,tight,cell2dmin,8vf,vf,9010201,1.88843,51.2703,21.7465,5.86186,0,0,9004164,0,177.21,6037,0,0,2.91516e-06,3.25432e-08,0,0,0,0,6037,0,gather
n-body-simulation,tight,cell2dmin,10ee,ee,20233111,0.811786,18.5073,52.6246,16.847,0,0,20206463,0,69.0741,26646,0,0,7.47009e-06,3.37942e-08,0,0,0,0,26648,0,gather
n-body-simulation,tight,cell2dmin,11ee,ee,22712558,1.8724,23.764,59.2576,16.935,0,0,22684742,0,79.0853,27816,0,0,5.98176e-06,3.19064e-08,0,0,0,0,27816,0,gather
n-body-simulation,tight,cell2dmin,12ee,ee,23298885,1.7997,25.248,60.9771,21.6291,0,0,23262717,0,86.904,36168,0,0,1.40305e-05,2.83341e-08,0,0,0,0,36168,0,gather
n-body-simulation,tight,cell2dmin,13vf,vf,8977302,1.5878,38.9794,21.6947,5.33394,0,0,8968991,0,184.478,8311,0,0,6.48621e-06,3.22673e-08,0,0,0,0,8311,0,gather
n-body-simulation,tight,cell2dmin,14vf,vf,8976046,1.85777,34.9929,21.7231,6.57884,0,0,8967449,0,179.829,8597,0,0,1.42534e-05,3.24606e-08,0,0,0,0,8597,0,gather
n-body-simulation,tight,cell2dmin,16ee,ee,21501251,1.87377,25.7082,60.8648,21.1424,0,0,21460925,0,86.4619,40320,0,0,3.92892e-06,2.81936e-08,0,0,0,0,40326,0,gather
n-body-simulation,tight,cell2dmin,17ee,ee,21072787,1.71643,24.2757,55.6693,19.625,0,0,21036408,0,79.3126,36379,0,0,3.01818e-05,3.08691e-08,0,0,0,0,36379,0,gather
n-body-simulation,tight,cell2dmin,18vf,vf,9396388,1.75381,48.7486,22.5882,5.62958,0,0,9386928,0,168.701,9459,0,0,9.34296e-06,3.18984e-08,0,0,0,0,9460,0,gather
n-body-simulation,tight,cell2dmin,19vf,vf,8838371,1.69218,32.8966,21.2607,6.76155,0,0,8831147,0,168.496,7222,0,0,9.65345e-06,3.48595e-08,0,0,0,0,7224,0,gather
n-body-simulation,tight,cell2dmin,1vf,vf,14769418,1.94392,64.7151,35.3156,12.7429,0,0,14743057,0,195.644,26359,0,0,6.25085e-06,4.11763e-08,0,0,0,0,26361,0,gather
n-body-simulation,tight,cell2dmin,21ee,ee,22805851,1.80968,24.0774,59.9377,17.6534,0,0,22774883,0,83.027,30968,0,0,4.4361e-06,2.72679e-08,0,0,0,0,30968,0,gather
n-body-simulation,tight,cell2dmin,22ee,ee,21795408,1.59068,23.9384,57.7257,17.4815,0,0,21767930,0,78.625,27478,0,0,3.13674e-05,3.01778e-08,0,0,0,0,27478,0,gather
n-body-simulation,tight,cell2dmin,23vf,vf,9019194,1.58002,27.9139,21.9339,6.99633,0,0,9013211,0,174.348,5983,0,0,2.50244e-06,3.37651e-08,0,0,0,0,5983,0,gather
n-body-simulation,tight,cell2dmin,24vf,vf,9328031,1.91464,27.6231,22.6068,5.91197,0,0,9321657,0,182.048,6374,0,0,2.05591e-06,2.71669e-08,0,0,0,0,6374,0,gather
n-body-simulation,tight,cell2dmin,26ee,ee,21507979,1.77371,24.7042,56.6829,21.2395,0,0,21476960,0,81.8489,31018,0,0,9.35575e-06,2.90536e-08,0,0,0,0,31019,0,gather
n-body-simulation,tight,cell2dmin,27ee,ee,19098371,1.50335,22.3049,50.481,18.8956,0,0,19071875,0,69.2131,26493,0,0,9.3041e-06,2.83666e-08,0,0,0,0,26496,0,gather
n-body-simulation,tight,cell2dmin,28ee,ee,21732776,1.63464,25.3582,57.1338,18.5271,0,0,21699656,0,80.943,33120,0,0,5.49151e-06,2.68913e-08,0,0,0,0,33120,0,gather
n-body-simulation,tight,cell2dmin,29vf,vf,8541779,1.58159,50.7166,20.6963,7.4287,0,0,8535454,0,164.512,6324,0,0,2.10291e-06,3.32709e-08,0,0,0,0,6325,0,gather
n-body-simulation,tight,cell2dmin,2vf,vf,11120346,1.89918,45.265,26.8233,9.79801,2,0,11104323,0,189.174,16021,0,0,6.89914e-06,4.55741e-08,0,0,0,0,16023,0,gather
n-body-simulation,tight,cell2dmin,31ee,ee,22031508,1.61781,23.8369,57.8214,19.0818,0,0,21996124,0,81.8455,35382,0,0,1.59505e-05,3.03864e-08,0,0,0,0,35384,0,gather
n-body-simulation,tight,cell2dmin,32ee,ee,21843046,1.69804,24.6074,57.4358,18.6214,0,0,21806508,0,82.6374,36538,0,0,1.04363e-05,2.93862e-08,0,0,0,0,36538,0,gather
n-body-simulation,tight,cell2dmin,33vf,vf,8722574,1.63359,35.4189,21.1515,5.61966,0,0,8714933,0,139.383,7641,0,0,2.84272e-05,3.04841e-08,0,0,0,0,7641,0,gather
n-body-simulation,tight,cell2dmin,34vf,vf,9175016,1.8245,39.5133,22.2194,8.91238,0,0,9167097,0,166.977,7917,0,0,7.55402e-06,2.60306e-08,0,0,0,0,7919,0,gather
n-body-simulation,tight,cell2dmin,35vf,vf,8874710,1.87755,29.3722,21.485,5.24585,0,0,8867449,0,168.15,7260,0,0,3.47101e-06,3.12235e-08,0,0,0,0,7261,0,gather
n-body-simulation,tight,cell2dmin,37ee,ee,19185062,1.78485,24.1396,50.8193,15.9958,0,0,19159490,0,68.3246,25572,0,0,4.56371e-06,3.25069e-08,0,0,0,0,25572,0,gather
n-body-simulation,tight,cell2dmin,38ee,ee,18927005,1.66248,22.4288,50.2085,20.2103,0,0,18905310,0,66.1909,21695,0,0,8.20268e-05,4.04764e-08,0,0,0,0,21695,0,gather
n-body-simulation,tight,cell2dmin,39vf,vf,8840342,1.58706,45.7239,21.4936,5.62984,0,0,8833159,0,163.541,7183,0,0,2.81318e-06,3.46672e-08,0,0,0,0,7183,0,gather
n-body-simulation,tight,cell2dmin,3vf,vf,10207136,1.81442,35.7892,24.8105,8.44371,0,0,10194018,0,171.132,13117,0,0,4.9644e-06,4.39886e-08,0,0,0,0,13118,0,gather
n-body-simulation,tight,cell2dmin,41ee,ee,20836908,1.58117,23.0131,54.7598,20.491,0,0,20798733,0,80.0852,38175,0,0,6.73718e-06,2.98072e-08,0,0,0,0,38175,0,gather
n-body-simulation,tight,cell2dmin,42ee,ee,20468804,1.57887,23.7321,53.6543,21.2511,3,0,20431487,0,79.5939,37314,0,0,6.48609e-06,2.79582e-08,0,0,0,0,37317,0,gather
n-body-simulation,tight,cell2dmin,43vf,vf,8527805,1.61308,34.4255,20.6209,4.8584,0,0,8521009,0,165.21,6796,0,0,3.22549e-06,3.155e-08,0,0,0,0,6796,0,gather
n-body-simulation,tight,cell2dmin,44vf,vf,9115458,1.76363,38.2442,21.8878,5.82833,0,0,9109222,0,179.669,6236,0,0,3.8566e-06,3.30256e-08,0,0,0,0,6236,0,gather
n-body-simulation,tight,cell2dmin,45vf,vf,8471066,1.71682,41.9729,20.4971,5.74369,0,0,8465023,0,163.047,6043,0,0,1.64565e-06,2.85895e-08,0,0,0,0,6043,0,gather
n-body-simulation,tight,cell2dmin,47ee,ee,20578694,1.77352,26.591,53.8156,16.8914,0,0,20550457,0,73.8396,28237,0,0,1.07412e-05,2.84272e-08,0,0,0,0,28237,0,gather
n-body-simulation,tight,cell2dmin,48ee,ee,20064276,1.57535,23.9344,52.4758,12.6018,0,0,20041739,0,68.5801,22537,0,0,1.00659e-05,2.54928e-08,0,0,0,0,22537,0,gather
n-body-simulation,tight,cell2dmin,49vf,vf,8114795,1.5621,37.5075,19.6304,6.15414,0,0,8109142,0,164.964,5653,0,0,1.15774e-05,3.11965e-08,0,0,0,0,5653,0,gather
n-body-simulation,tight,cell2dmin,4vf,vf,9205265,2.00344,54.3365,22.2922,6.02938,0,0,9196043,0,167.908,9222,0,0,4.75078e-06,4.71856e-08,0,0,0,0,9222,0,gather
n-body-simulation,tight,cell2dmin,51ee,ee,21999613,1.6509,24.2892,57.9074,20.0334,0,0,21962575,0,82.2748,37038,0,0,0.000240146,2.68971e-08,0,0,0,0,37038,0,gather
n-body-simulation,tight,cell2dmin,52ee,ee,21162535,1.58869,25.2349,55.8888,17.227,0,0,21134023,0,76.0879,28512,0,0,3.54128e-06,2.87329e-08,0,0,0,0,28512,0,gather
n-body-simulation,tight,cell2dmin,53ee,ee,21449627,1.57743,24.0305,56.386,18.391,0,0,21417653,0,79.4637,31970,0,0,2.1678e-05,2.68819e-08,0,0,0,0,31974,0,gather
n-body-simulation,tight,cell2dmin,55ee,ee,21344145,1.64111,22.9697,56.2685,18.455,0,0,21318170,0,76.0295,25975,0,0,6.81358e-06,2.6977e-08,0,0,0,0,25975,0,gather
n-body-simulation,tight,cell2dmin,56ee,ee,20093033,1.63576,24.022,53.1948,17.8208,0,0,20058300,0,77.4535,34730,0,0,3.78754e-06,2.66699e-08,0,0,0,0,34733,0,gather
n-body-simulation,tight,cell2dmin,58ee,ee,19764368,1.63458,24.7277,52.156,17.63,0,0,19732881,0,72.4715,31487,0,0,1.42286e-05,2.4435e-08,0,0,0,0,31487,0,gather
n-body-simulation,tight,cell2dmin,59ee,ee,21693056,1.57986,23.9764,61.4169,17.5133,0,0,21659617,0,83.7446,33439,0,0,3.02714e-06,2.45289e-08,0,0,0,0,33439,0,gather
n-body-simulation,tight,cell2dmin,5vf,vf,8299022,1.70674,44.529,20.0801,5.49566,0,0,8290821,0,142.538,8200,0,0,8.53552e-06,4.83476e-08,0,0,0,0,8201,0,gather
n-body-simulation,tight,cell2dmin,60vf,vf,9287198,1.85669,43.6704,22.232,5.85652,0,0,9280053,0,176.646,7145,0,0,2.06948e-05,2.88345e-08,0,0,0,0,7145,0,gather
n-body-simulation,tight,cell2dmin,61vf,vf,9088217,1.80683,34.0013,21.8603,5.42351,0,0,9081906,0,185.056,6311,0,0,1.41357e-06,3.23426e-08,0,0,0,0,6311,0,gather
n-body-simulation,tight,cell2dmin,63ee,ee,21198177,1.87336,24.6569,60.3478,20.9726,0,0,21164629,0,81.8992,33548,0,0,1.61789e-05,2.78072e-08,0,0,0,0,33548,0,gather
n-body-simulation,tight,cell2dmin,64ee,ee,21753582,1.60367,25.5805,57.489,16.0785,0,0,21727174,0,76.6304,26406,0,0,3.40448e-06,2.9683e-08,0,0,0,0,26408,0,gather
n-body-simulation,tight,cell2dmin,65vf,vf,9729635,1.63516,48.7294,23.3067,5.12956,0,0,9722283,0,187.922,7352,0,0,2.71169e-06,2.88221e-08,0,0,0,0,7352,0,gather
n-body-simulation,tight,cell2dmin,66vf,vf,9651524,1.7956,54.8164,23.0627,6.1199,0,0,9645684,0,186.103,5840,0,0,1.79996e-06,3.1575e-08,0,0,0,0,5840,0,gather
n-body-simulation,tight,cell2dmin,68ee,ee,23647355,1.7836,26.6397,62.1115,20.9275,0,0,23616234,0,87.6971,31121,0,0,3.16385e-05,2.53747e-08,0,0,0,0,31121,0,gather
n-body-simulation,tight,cell2dmin,69ee,ee,22352960,1.66741,25.7558,58.5458,15.7188,0,0,22326088,0,77.5702,26869,0,0,4.62005e-06,2.73999e-08,0,0,0,0,26872,0,gather
n-body-simulation,tight,cell2dmin,6ee,ee,23124800,1.88933,25.765,60.3357,17.1705,0,0,23087850,0,84.5279,36950,0,0,3.96008e-06,3.62169e-08,0,0,0,0,36950,0,gather
n-body-simulation,tight,cell2dmin,70vf,vf,9460310,1.58607,43.7305,22.7892,5.89377,0,0,9454392,0,160.14,5918,0,0,1.50854e-06,2.99507e-08,0,0,0,0,5918,0,gather
n-body-simulation,tight,cell2dmin,71vf,vf,9131146,1.8891,41.1997,22.1501,6.73637,1,0,9125704,0,180.569,5440,0,0,1.0513e-05,2.91278e-08,0,0,0,0,5442,0,gather
n-body-simulation,tight,cell2dmin,73ee,ee,21478783,1.83944,25.2058,55.991,20.9306,0,0,21453145,0,76.2909,25638,0,0,1.39284e-05,2.69071e-08,0,0,0,0,25638,0,gather
n-body-simulation,tight,cell2dmin,74ee,ee,22454354,2.13166,24.6456,58.8178,16.467,0,0,22430218,0,79.1557,24136,0,0,4.62182e-06,2.56338e-08,0,0,0,0,24136,0,gather
n-body-simulation,tight,cell2dmin,7vf,vf,8850202,2.41856,50.5442,21.3163,5.78222,0,0,8842934,0,180.391,7268,0,0,1.17126e-05,3.85387e-08,0,0,0,0,7268,0,gather
n-body-simulation,tight,cell2dmin,8vf,vf,9010201,1.83618,51.9885,21.7558,5.86541,0,0,9004164,0,181.517,6037,0,0,2.91516e-06,3.25432e-08,0,0,0,0,6037,0,gather
n-body-simulation,tight,cell2dmin,10ee,ee,20233111,1.04016,19.0112,52.685,16.6781,0,0,20206463,0,69.4567,26646,0,0,7.47009e-06,3.37942e-08,0,0,0,0,26648,0,gather
n-body-simulation,tight,cell2dmin,11ee,ee,22712558,1.86949,23.3688,59.3271,16.9499,0,0,22684742,0,78.7764,27816,0,0,5.98176e-06,3.19064e-08,0,0,0,0,27816,0,gather
n-body-simulation,tight,cell2dmin,12ee,ee,23298885,1.81432,24.7092,60.92,21.5267,0,0,23262717,0,87.3206,36168,0,0,1.40305e-05,2.83341e-08,0,0,0,0,36168,0,gather
n-body-simulation,tight,cell2dmin,13vf,vf,8977302,1.53753,38.894,21.6415,5.3221,0,0,8968991,0,166.382,8311,0,0,6.48621e-06,3.22673e-08,0,0,0,0,8311,0,gather
n-body-simulation,tight,cell2dmin,14vf,vf,8976046,3.86214,34.9683,21.705,6.52764,0,0,8967449,0,149.458,8597,0,0,1.42534e-05,3.24606e-08,0,0,0,0,8597,0,gather
n-body-simulation,tight,cell2dmin,16ee,ee,21501251,1.85774,24.6052,61.0911,21.0868,0,0,21460925,0,86.1404,40320,0,0,3.92892e-06,2.81936e-08,0,0,0,0,40326,0,gather
n-body-simulation,tight,cell2dmin,17ee,ee,21072787,1.70882,24.4394,55.7102,19.6392,0,0,21036408,0,79.1579,36379,0,0,3.01818e-05,3.08691e-08,0,0,0,0,36379,0,gather
n-body-simulation,tight,cell2dmin,18vf,vf,9396388,1.53922,48.8041,22.8158,5.71505,0,0,9386928,0,135.238,9459,0,0,9.34296e-06,3.18984e-08,0,0,0,0,9460,0,gather
n-body-simulation,tight,cell2dmin,19vf,vf,8838371,1.72802,32.9617,21.2658,6.78715,0,0,8831147,0,163.733,7222,0,0,9.65345e-06,3.48595e-08,0,0,0,0,7224,0,gather
n-body-simulation,tight,cell2dmin,1vf,vf,14769418,2.13252,64.5466,35.3737,12.7895,0,0,14743057,0,231.757,26359,0,0,6.25085e-06,4.11763e-08,0,0,0,0,26361,0,gather
n-body-simulation,tight,cell2dmin,21ee,ee,22805851,2.47296,23.8342,59.9907,17.6507,0,0,22774883,0,83.0425,30968,0,0,4.4361e-06,2.72679e-08,0,0,0,0,30968,0,gather
n-body-simulation,tight,cell2dmin,22ee,ee,21795408,1.56601,22.923,57.3208,17.6142,0,0,21767930,0,78.3267,27478,0,0,3.13674e-05,3.01778e-08,0,0,0,0,27478,0,gather
n-body-simulation,tight,cell2dmin,23vf,vf,9019194,1.63861,27.8986,21.8733,6.97911,0,0,9013211,0,178.818,5983,0,0,2.50244e-06,3.37651e-08,0,0,0,0,5983,0,gather
n-body-simulation,tight,cell2dmin,24vf,vf,9328031,2.99122,27.6175,22.5833,5.96352,0,0,9321657,0,178.357,6374,0,0,2.05591e-06,2.71669e-08,0,0,0,0,6374,0,gather
n-body-simulation,tight,cell2dmin,26ee,ee,21507979,1.77563,24.385,56.5075,21.3145,0,0,21476960,0,80.5023,31018,0,0,9.35575e-06,2.90536e-08,0,0,0,0,31019,0,gather
n-body-simulation,tight,cell2dmin,27ee,ee,19098371,1.72312,24.4992,50.5159,19.0045,0,0,19071875,0,70.335,26493,0,0,9.3041e-06,2.83666e-08,0,0,0,0,26496,0,gather
n-body-simulation,tight,cell2dmin,28ee,ee,21732776,1.55606,22.7653,57.7664,18.5719,0,0,21699656,0,81.0055,33120,0,0,5.49151e-06,2.68913e-08,0,0,0,0,33120,0,gather
n-body-simulation,tight,cell2dmin,29vf,vf,8541779,1.59586,50.8886,20.6145,7.38218,0,0,8535454,0,142.093,6324,0,0,2.10291e-06,3.32709e-08,0,0,0,0,6325,0,gather
n-body-simulation,tight,cell2dmin,2vf,vf,11120346,1.89483,45.7538,26.7773,9.75917,2,0,11104323,0,166.495,16021,0,0,6.89914e-06,4.55741e-08,0,0,0,0,16023,0,gather
n-body-simulation,tight,cell2dmin,31ee,ee,22031508,1.61881,23.4391,57.7295,18.9863,0,0,21996124,0,82.0145,35382,0,0,1.59505e-05,3.03864e-08,0,0,0,0,35384,0,gather
n-body-simulation,tight,cell2dmin,32ee,ee,21843046,1.65596,22.6491,57.4972,18.7259,0,0,21806508,0,81.7693,36538,0,0,1.04363e-05,2.93862e-08,0,0,0,0,36538,0,gather
n-body-simulation,tight,cell2dmin,33vf,vf,8722574,1.64569,35.6171,21.2354,5.63083,0,0,8714933,0,137.655,7641,0,0,2.84272e-05,3.04841e-08,0,0,0,0,7641,0,gather
n-body-simulation,tight,cell2dmin,34vf,vf,9175016,1.79886,39.5619,22.1714,8.92908,0,0,9167097,0,163.148,7917,0,0,7.55402e-06,2.60306e-08,0,0,0,0,7919,0,gather
n-body-simulation,tight,cell2dmin,35vf,vf,8874710,1.83317,29.5821,21.5916,5.25087,0,0,8867449,0,173.824,7260,0,0,3.47101e-06,3.12235e-08,0,0,0,0,7261,0,gather
n-body-simulation,tight,cell2dmin,37ee,ee,19185062,1.77512,24.3492,50.777,15.9604,0,0,19159490,0,68.1878,25572,0,0,4.56371e-06,3.25069e-08,0,0,0,0,25572,0,gather
n-body-simulation,tight,cell2dmin,38ee,ee,18927005,1.65826,25.3282,50.3511,19.7561,0,0,18905310,0,66.8541,21695,0,0,8.20268e-05,4.04764e-08,0,0,0,0,21695,0,gather
n-body-simulation,tight,cell2dmin,39vf,vf,8840342,1.60655,45.3549,21.5201,5.71793,0,0,8833159,0,169.476,7183,0,0,2.81318e-06,3.46672e-08,0,0,0,0,7183,0,gather
n-body-simulation,tight,cell2dmin,3vf,vf,10207136,1.80271,36.0026,24.7029,8.45396,0,0,10194018,0,165.618,13117,0,0,4.9644e-06,4.39886e-08,0,0,0,0,13118,0,gather
n-body-simulation,tight,cell2dmin,41ee,ee,20836908,1.57097,23.2712,54.8226,20.73,0,0,20798733,0,79.9874,38175,0,0,6.73718e-06,2.98072e-08,0,0,0,0,38175,0,gather
n-body-simulation,tight,cell2dmin,42ee,ee,20468804,1.60354,24.096,53.7345,21.2679,3,0,20431487,0,79.1067,37314,0,0,6.48609e-06,2.79582e-08,0,0,0,0,37317,0,gather
n-body-simulation,tight,cell2dmin,43vf,vf,8527805,2.36605,34.6424,20.6099,4.84579,0,0,8521009,0,156.608,6796,0,0,3.22549e-06,3.155e-08,0,0,0,0,6796,0,gather
n-body-simulation,tight,cell2dmin,44vf,vf,9115458,1.83083,38.1502,21.8477,5.85172,0,0,9109222,0,175.988,6236,0,0,3.8566e-06,3.30256e-08,0,0,0,0,6236,0,gather
n-body-simulation,tight,cell2dmin,45vf,vf,8471066,1.9699,41.6281,20.4805,5.7466,0,0,8465023,0,173.293,6043,0,0,1.64565e-06,2.85895e-08,0,0,0,0,6043,0,gather
n-body-simulation,tight,cell2dmin,47ee,ee,20578694,1.74488,24.9043,53.7774,16.9183,0,0,20550457,0,73.39,28237,0,0,1.07412e-05,2.84272e-08,0,0,0,0,28237,0,gather
n-body-simulation,tight,cell2dmin,48ee,ee,20064276,1.70872,25.3361,52.5081,12.585,0,0,20041739,0,68.7207,22537,0,0,1.00659e-05,2.54928e-08,0,0,0,0,22537,0,gather
n-body-simulation,tight,cell2dmin,49vf,vf,8114795,1.59746,37.4075,19.6408,6.21648,0,0,8109142,0,160.187,5653,0,0,1.15774e-05,3.11965e-08,0,0,0,0,5653,0,gather
n-body-simulation,tight,cell2dmin,4vf,vf,9205265,1.94987,54.2029,22.1705,6.04035,0,0,9196043,0,144.964,9222,0,0,4.75078e-06,4.71856e-08,0,0,0,0,9222,0,gather
n-body-simulation,tight,cell2dmin,51ee,ee,21999613,1.68501,24.3918,58.0507,19.9966,0,0,21962575,0,82.2608,37038,0,0,0.000240146,2.68971e-08,0,0,0,0,37038,0,gather
n-body-simulation,tight,cell2dmin,52ee,ee,21162535,1.73423,24.362,55.8328,17.0771,0,0,21134023,0,75.2845,28512,0,0,3.54128e-06,2.87329e-08,0,0,0,0,28512,0,gather
n-body-simulation,tight,cell2dmin,53ee,ee,21449627,1.53196,23.5072,56.3783,18.5378,0,0,21417653,0,79.8048,31970,0,0,2.1678e-05,2.68819e-08,0,0,0,0,31974,0,gather
n-body-simulation,tight,cell2dmin,55ee,ee,21344145,1.59522,22.6754,56.1856,18.551,0,0,21318170,0,75.6948,25975,0,0,6.81358e-06,2.6977e-08,0,0,0,0,25975,0,gather
n-body-simulation,tight,cell2dmin,56ee,ee,20093033,1.61154,23.487,53.1787,18.0206,0,0,20058300,0,77.1451,34730,0,0,3.78754e-06,2.66699e-08,0,0,0,0,34733,0,gather
n-body-simulation,tight,cell2dmin,58ee,ee,19764368,1.57654,25.3551,52.1674,17.6416,0,0,19732881,0,72.8512,31487,0,0,1.42286e-05,2.4435e-08,0,0,0,0,31487,0,gather
n-body-simulation,tight,cell2dmin,59ee,ee,21693056,1.6397,23.8105,61.6001,17.4885,0,0,21659617,0,83.7271,33439,0,0,3.02714e-06,2.45289e-08,0,0,0,0,33439,0,gather
n-body-simulation,tight,cell2dmin,5vf,vf,8299022,1.7164,44.0113,20.1064,5.50693,0,0,8290821,0,137.487,8200,0,0,8.53552e-06,4.83476e-08,0,0,0,0,8201,0,gather
n-body-simulation,tight,cell2dmin,60vf,vf,9287198,1.75535,43.7266,22.3331,5.88346,0,0,9280053,0,176.183,7145,0,0,2.06948e-05,2.88345e-08,0,0,0,0,7145,0,gather
n-body-simulation,tight,cell2dmin,61vf,vf,9088217,1.88129,33.8872,21.8684,5.43163,0,0,9081906,0,189.567,6311,0,0,1.41357e-06,3.23426e-08,0,0,0,0,6311,0,gather
n-body-simulation,tight,cell2dmin,63ee,ee,21198177,1.77464,25.523,60.6939,21.0392,0,0,21164629,0,81.7818,33548,0,0,1.61789e-05,2.78072e-08,0,0,0,0,33548,0,gather
n-body-simulation,tight,cell2dmin,64ee,ee,21753582,1.61532,25.3491,57.4841,16.0604,0,0,21727174,0,76.2633,26406,0,0,3.40448e-06,2.9683e-08,0,0,0,0,26408,0,gather
n-body-simulation,tight,cell2dmin,65vf,vf,9729635,1.63807,48.5537,23.3248,5.09468,0,0,9722283,0,166.572,7352,0,0,2.71169e-06,2.88221e-08,0,0,0,0,7352,0,gather
n-body-simulation,tight,cell2dmin,66vf,vf,9651524,1.76837,55.6055,23.0785,6.0903,0,0,9645684,0,183.699,5840,0,0,1.79996e-06,3.1575e-08,0,0,0,0,5840,0,gather
n-body-simulation,tight,cell2dmin,68ee,ee,23647355,1.82046,26.0852,62.1368,21.1937,0,0,23616234,0,87.2709,31121,0,0,3.16385e-05,2.53747e-08,0,0,0,0,31121,0,gather
n-body-simulation,tight,cell2dmin,69ee,ee,22352960,1.70469,25.1335,58.8375,15.7157,0,0,22326088,0,77.574,26869,0,0,4.62005e-06,2.73999e-08,0,0,0,0,26872,0,gather
n-body-simulation,tight,cell2dmin,6ee,ee,23124800,1.8477,25.0198,60.2388,17.2964,0,0,23087850,0,84.4316,36950,0,0,3.96008e-06,3.62169e-08,0,0,0,0,36950,0,gather
n-body-simulation,tight,cell2dmin,70vf,vf,9460310,1.62969,43.8127,22.7191,5.93834,0,0,9454392,0,196.574,5918,0,0,1.50854e-06,2.99507e-08,0,0,0,0,5918,0,gather
n-body-simulation,tight,cell2dmin,71vf,vf,9131146,1.93534,41.1409,22.0484,6.75909,1,0,9125704,0,159.885,5440,0,0,1.0513e-05,2.91278e-08,0,0,0,0,5442,0,gather
n-body-simulation,tight,cell2dmin,73ee,ee,21478783,1.80898,25.1463,56.0522,20.9691,0,0,21453145,0,75.9413,25638,0,0,1.39284e-05,2.69071e-08,0,0,0,0,25638,0,gather
n-body-simulation,tight,cell2dmin,74ee,ee,22454354,2.07086,24.5441,58.6805,16.2648,0,0,22430218,0,78.8178,24136,0,0,4.62182e-06,2.56338e-08,0,0,0,0,24136,0,gather
n-body-simulation,tight,cell2dmin,7vf,vf,8850202,1.679,49.903,21.3589,5.7626,0,0,8842934,0,171.953,7268,0,0,1.17126e-05,3.85387e-08,0,0,0,0,7268,0,gather
n-body-simulation,tight,cell2dmin,8vf,vf,9010201,1.8908,50.9677,21.7898,5.89831,0,0,9004164,0,176.598,6037,0,0,2.91516e-06,3.25432e-08,0,0,0,0,6037,0,gather
puffer-ball,tight,cell2d,100ee,ee,28919455,16.0621,340.731,85.4624,9.38451,0,0,28919246,0,91.7621,203,0,0,0.00153916,3.2745e-05,0,1.88605e-05,0.0676813,0.0677002,209,0.067688,packed
puffer-ball,tight,cell2d,102ee,ee,28946829,38.9146,344.301,85.5827,10.3683,0,0,28946542,0,91.1132,260,0,0,0.00258564,2.1682e-05,0,1.13239e-05,0.112273,0.112285,287,0.112274,packed
puffer-ball,tight,cell2d,104ee,ee,28228899,39.5173,116.953,83.5555,13.5922,0,0,28228554,0,89.69,340,0,0,0.000616906,5.12403e-05,0,2.46074e-05,0.109902,0.109927,345,0.109909,packed
puffer-ball,tight,cell2d,106ee,ee,26895346,39.0953,118.783,79.6884,5.17959,0,0,26895248,0,85.4859,96,0,0,0.000598434,3.9413e-05,0,1.29961e-05,0.138346,0.138359,98,0.138351,packed
puffer-ball,tight,cell2d,108ee,ee,25305097,39.5857,111.581,75.5671,1.65487,0,0,25305039,0,81.1684,56,0,0,8.35378e-05,2.63881e-05,0,6.12724e-05,0.173819,0.17388,58,0.173813,packed
puffer-ball,tight,cell2d,10ee,ee,70608441,39.3593,560.088,212.806,24.0635,7,0,70584169,0,249.195,23878,0,0,0.00879849,1.79802e-05,0,5.7261e-06,0.0156783,0.0156841,24272,0.0156784,packed
puffer-ball,tight,cell2d,112ee,ee,21884978,39.3612,100.567,65.9014,5.14384,0,0,21884898,0,69.6032,80,0,0,0.000290373,0.000125135,0,0.000110839,0.351342,0.351453,80,0.351334,packed
puffer-ball,tight,cell2d,115ee,ee,19542341,39.407,97.5808,59.0967,1.09175,0,0,19542330,0,63.0782,11,0,0,0.00059213,7.19629e-05,0,4.66298e-05,0.311446,0.311493,11,0.311447,packed
puffer-ball,tight,cell2d,118ee,ee,17299191,40.7192,89.2675,52.7442,0.483764,0,0,17299185,0,56.0321,6,0,0,0.00020184,6.93317e-05,0,6.93317e-05,0.130615,0.130685,6,0.130615,packed
puffer-ball,tight,cell2d,11ee,ee,21521802,37.4884,186.476,69.5659,13.7549,0,0,21520998,0,75.8242,765,0,0,0.0021401,5.21488e-05,0,2.7179e-05,0.0623493,0.0623765,804,0.0623474,packed
puffer-ball,tight,cell2d,122ee,ee,14435994,41.0525,71.5569,46.7674,1.38857,0,0,14435973,0,49.9637,21,0,0,0.00020586,5.41317e-05,0,0.000195062,0.226222,0.226417,21,0.226212,packed
puffer-ball,tight,cell2d,124ee,ee,13157962,41.0696,68.7689,40.9145,0.405623,0,0,13157956,0,43.6023,6,0,0,8.05703e-05,4.34825e-05,0,8.05703e-05,0.603271,0.603352,6,0.603271,packed
puffer-ball,tight,cell2d,127ee,ee,11696160,40.12,82.2227,36.6065,0.783853,0,0,11696154,0,39.3742,6,0,0,0.000320208,0.000132942,0,0.000315111,0.385681,0.385996,6,0.385681,packed
puffer-ball,tight,cell2d,129ee,ee,11020201,40.5295,83.0101,34.5778,1.37453,0,0,11020174,0,37.1273,27,0,0,0.000329519,4.45959e-05,0,3.90051e-05,0.141983,0.142022,27,0.141983,packed
puffer-ball,tight,cell2d,13ee,ee,30747851,37.457,145.401,97.0398,45.6597,15,0,30669697,0,160.007,77347,0,0,0.00633841,7.65945e-06,0,5.1123e-06,0.00343394,0.00343905,78154,0.00343704,packed
puffer-ball,tight,cell2d,15ee,ee,31527232,37.7328,154.308,98.8616,31.6739,3,0,31490864,0,138.886,35860,0,0,0.00588109,1.36231e-05,0,2.80279e-06,0.00827949,0.0082823,36368,0.00827789,packed
puffer-ball,tight,cell2d,17ee,ee,73267220,38.0565,359.684,214.961,23.8625,2,0,73247897,0,247.082,18950,0,0,0.261332,1.71165e-05,0,1.09423e-06,0.00283538,0.00283648,19323,0.00283432,packed
puffer-ball,tight,cell2d,19ee,ee,130922990,38.2403,819.956,364.485,25.9575,13,0,130890272,0,426.812,32255,0,0,0.0053676,9.74121e-06,0,8.46917e-06,0.00504331,0.00505178,32718,0.00504303,packed
puffer-ball,tight,cell2d,21ee,ee,220630674,37.8575,1541,609.998,83.4607,23,0,220455231,0,774.593,173531,0,0,0.0237497,8.72229e-06,0,2.9086e-06,0.00433533,0.00433824,175443,0.0043335,packed
puffer-ball,tight,cell2d,23ee,ee,116223315,38.3655,582.589,335.273,53.3315,39,0,116146276,0,451.429,75730,0,0,0.0058187,1.5581e-05,0,7.17721e-06,0.0102457,0.0102529,77039,0.0102463,packed
puffer-ball,tight,cell2d,25ee,ee,69689795,39.0284,404.821,208.234,30.7914,12,0,69653764,0,263.14,35355,0,0,0.0042135,2.01526e-05,0,3.4266e-06,0.0110773,0.0110807,36031,0.0110779,packed
puffer-ball,tight,cell2d,27ee,ee,82136185,36.3647,892.525,241.096,16.4427,9,0,82120927,0,275.815,14915,0,0,0.00643386,2.31245e-05,0,1.29849e-06,0.0129285,0.0129298,15258,0.012928,packed
puffer-ball,tight,cell2d,29ee,ee,94887797,38.1115,947.032,272.899,16.8296,1,0,94874413,0,333.748,13132,0,0,0.00567064,1.688e-05,0,6.42395e-06,0.0105389,0.0105453,13384,0.01054,packed
puffer-ball,tight,cell2d,31ee,ee,97686793,35.6611,995.848,295.391,18.5713,4,0,97676261,0,382.557,10284,0,0,0.00242025,1.88559e-05,0,1.29282e-06,0.00608089,0.00608218,10532,0.00608063,packed
puffer-ball,tight,cell2d,33ee,ee,88606642,36.5237,1004.54,252.778,22.4575,10,0,88594244,0,313.769,12033,0,0,0.00600899,2.371e-05,0,2.22509e-05,0.036583,0.0366052,12398,0.0365829,packed
puffer-ball,tight,cell2d,35ee,ee,79093772,38.2418,966.413,226.048,21.4307,12,0,79083607,0,255.428,9885,0,0,0.00316752,2.43489e-05,0,2.88261e-06,0.0100769,0.0100798,10165,0.0100746,packed
puffer-ball,tight,cell2d,37ee,ee,70064572,37.3781,899.21,242.852,17.9315,1,0,70055145,0,264.077,9193,0,0,0.00561203,1.71164e-05,0,5.65064e-06,0.00987319,0.00987885,9427,0.00987625,packed
puffer-ball,tight,cell2d,39ee,ee,62734605,37.5256,811.804,193.911,17.4376,4,0,62725637,0,210.554,8810,0,0,0.00327777,1.85082e-05,0,3.77042e-06,0.0152497,0.0152534,8968,0.0152512,packed
puffer-ball,tight,cell2d,41ee,ee,55054730,37.9355,666.705,159.371,17.265,0,0,55049267,0,175.142,5328,0,0,0.00158261,2.67006e-05,0,3.79994e-06,0.0238708,0.0238746,5463,0.0238647,packed
puffer-ball,tight,cell2d,43ee,ee,50359254,36.3998,579.025,145.908,15.7547,9,0,50355877,0,161.026,3258,0,0,0.00379388,4.09019e-05,0,8.20195e-06,0.015124,0.0151322,3377,0.0151291,packed
puffer-ball,tight,cell2d,45ee,ee,48533084,36.0495,578.988,141.12,15.5249,3,0,48531286,0,151.803,1721,0,0,0.00203423,4.03688e-05,0,1.54618e-05,0.026089,0.0261045,1798,0.0260925,packed
puffer-ball,tight,cell2d,47ee,ee,48260533,36.9133,620.281,139.873,13.8641,3,0,48258910,0,151.645,1577,0,0,0.009421,4.02906e-05,0,1.86257e-05,0.0276013,0.0276199,1623,0.0276108,packed
puffer-ball,tight,cell2d,49ee,ee,48218909,36.9553,649.87,139.735,13.129,0,0,48217814,0,150.511,1071,0,0,0.00743878,2.91424e-05,0,2.98184e-05,0.0612234,0.0612532,1095,0.0612259,packed
puffer-ball,tight,cell2d,51ee,ee,46698477,36.5871,588.625,135.553,16.1173,0,0,46697110,0,146.968,1269,0,0,0.00191346,3.66456e-05,0,2.55383e-05,0.0547993,0.0548249,1367,0.0548019,packed
puffer-ball,tight,cell2d,53ee,ee,44423327,36.2167,564.715,129.462,12.3907,0,0,44422136,0,140.004,1166,0,0,0.00227521,3.82008e-05,0,2.64867e-05,0.0437413,0.0437678,1191,0.0437317,packed
puffer-ball,tight,cell2d,55ee,ee,43158807,36.2247,525.244,125.993,12.8053,0,0,43157213,0,136.361,1548,0,0,0.00402338,2.63597e-05,0,2.41148e-05,0.0359855,0.0360096,1594,0.0359879,packed
puffer-ball,tight,cell2d,57ee,ee,42527985,37.3971,518.017,124.421,15.6821,4,0,42527045,0,134.069,911,0,0,0.00236444,4.64358e-05,0,2.76229e-05,0.047692,0.0477196,940,0.047699,packed
puffer-ball,tight,cell2d,59ee,ee,42541037,36.8389,455.696,123.969,14.3416,0,0,42540006,0,134.096,992,0,0,0.000527347,3.47769e-05,0,4.69356e-05,0.0402465,0.0402934,1031,0.0402679,packed
puffer-ball,tight,cell2d,60ee,ee,42257282,37.5766,449.739,123.351,16.0071,1,0,42255882,0,133.313,1368,0,0,0.0514934,2.35226e-05,0,3.52918e-05,0.0682773,0.0683126,1400,0.0682831,packed
puffer-ball,tight,cell2d,62ee,ee,41024001,36.6855,428.96,119.89,13.8274,0,0,41022883,0,128.65,1082,0,0,0.00102237,2.72956e-05,0,1.40164e-05,0.0284431,0.0284571,1118,0.0284424,packed
puffer-ball,tight,cell2d,64ee,ee,39670269,36.1673,390.641,115.75,12.6638,5,0,39669552,0,123.905,694,0,0,0.00195332,2.82986e-05,0,4.86952e-06,0.0559836,0.0559885,717,0.0559845,packed
puffer-ball,tight,cell2d,66ee,ee,38349576,36.7942,377.288,111.932,14.0156,0,0,38349154,0,119.149,382,0,0,0.000923038,5.87754e-05,0,3.94862e-05,0.0979654,0.0980049,422,0.0979538,packed
puffer-ball,tight,cell2d,68ee,ee,36623286,37.1408,378.631,114.255,16.1782,0,0,36622722,0,120.236,514,0,0,0.00149035,5.11511e-05,0,1.92556e-05,0.0450837,0.045103,564,0.0450821,packed
puffer-ball,tight,cell2d,6ee,ee,17690467,50.3323,231.815,54.643,12.1633,0,0,17688666,0,59.5761,1770,0,0,0.00076282,3.69232e-06,0,9.93762e-06,0.097905,0.0979149,1801,0.0979042,packed
puffer-ball,tight,cell2d,71ee,ee,33473555,37.2436,371.554,98.3767,14.6536,1,0,33473086,0,104.833,462,0,0,0.0018759,4.18276e-05,0,5.75283e-05,0.0806881,0.0807456,469,0.0806885,packed
puffer-ball,tight,cell2d,73ee,ee,31360326,37.022,384.374,92.6763,14.3067,0,0,31359485,0,100.012,799,0,0,0.00142708,4.26181e-05,0,2.30316e-05,0.0433993,0.0434223,841,0.0434036,packed
puffer-ball,tight,cell2d,75ee,ee,29352738,37.55,372.772,87.0364,11.8301,0,0,29352137,0,93.4531,594,0,0,0.00123988,3.32435e-05,0,1.27149e-05,0.0299152,0.0299279,601,0.0299149,packed
puffer-ball,tight,cell2d,77ee,ee,27223852,39.5387,389.815,86.0797,11.8814,0,0,27223458,0,91.491,378,0,0,0.000888456,5.41633e-05,0,2.01447e-05,0.0689222,0.0689424,394,0.068924,packed
puffer-ball,tight,cell2d,79ee,ee,25110518,36.9255,383.211,92.1006,14.6086,0,0,25109388,0,91.8959,1083,0,0,0.000830189,3.9502e-05,0,3.52411e-05,0.0471361,0.0471713,1130,0.0471344,packed
puffer-ball,tight,cell2d,80ee,ee,24221710,37.1349,366.096,73.0499,14.3794,0,0,24221029,0,78.6318,652,0,0,0.00177399,5.22022e-05,0,4.07298e-05,0.0971171,0.0971579,681,0.0971069,packed
puffer-ball,tight,cell2d,82ee,ee,22850878,36.8595,355.671,83.3846,12.4245,0,0,22850213,0,77.6112,646,0,0,0.00556825,4.12694e-05,0,4.09942e-05,0.069254,0.0692949,665,0.0692596,packed
puffer-ball,tight,cell2d,84ee,ee,22087334,36.4807,346.081,70.7473,14.8785,0,0,22087088,0,84.2665,232,0,0,0.00163747,7.67597e-05,0,5.97396e-05,0.0923912,0.0924509,246,0.0924072,packed
puffer-ball,tight,cell2d,86ee,ee,21956131,36.7083,332.917,70.6443,6.65688,0,0,21955951,0,74.5641,178,0,0,0.000670304,1.83206e-05,0,1.06191e-05,0.0365376,0.0365483,180,0.0365372,packed
puffer-ball,tight,cell2d,88ee,ee,22300759,37.3169,341.999,71.4339,0.931079,0,0,22300744,0,75.0352,15,0,0,0.000363962,3.11942e-05,0,0.000126908,0.242758,0.242885,15,0.242783,packed
puffer-ball,tight,cell2d,8ee,ee,30324395,44.622,376.747,94.1197,24.2997,7,0,30300184,0,122.485,23906,0,0,0.00317809,8.69664e-06,0,3.26879e-06,0.0128442,0.0128474,24211,0.0128441,packed
puffer-ball,tight,cell2d,91ee,ee,23953633,37.2687,342.239,71.8102,1.62396,0,0,23953612,0,75.7479,16,0,0,0.000544084,0.000101841,0,0.000158788,0.285862,0.286021,21,0.285828,packed
puffer-ball,tight,cell2d,93ee,ee,25242225,37.34,346.821,75.52,3.4394,0,0,25242152,0,79.6904,73,0,0,0.000385169,6.59653e-05,0,7.78017e-05,0.157107,0.157184,73,0.157104,packed
puffer-ball,tight,cell2d,95ee,ee,26667445,38.0047,338.431,79.2905,9.94905,0,0,26667005,0,83.8019,419,0,0,0.000561267,3.5192e-05,0,1.02763e-05,0.085045,0.0850553,440,0.0850372,packed
puffer-ball,tight,cell2d,97ee,ee,27895701,36.4104,349.039,82.5525,13.446,0,0,27895457,0,87.9183,234,0,0,0.000496207,4.16035e-05,0,2.23589e-05,0.0799123,0.0799347,244,0.0799103,packed
puffer-ball,tight,cell2d,99ee,ee,28709263,37.4227,349.983,85.057,6.71589,0,0,28709109,0,90.205,149,0,0,0.000393385,4.8705e-05,0,3.53911e-05,0.114549,0.114585,154,0.114532,packed
puffer-ball,tight,cell2d,100ee,ee,28919455,13.4594,341.42,85.3779,9.40823,0,0,28919246,0,91.9701,203,0,0,0.00153916,3.2745e-05,0,1.88605e-05,0.0676813,0.0677002,209,0.067688,packed
puffer-ball,tight,cell2d,102ee,ee,28946829,37.6734,337.914,85.3631,10.3617,0,0,28946542,0,90.943,260,0,0,0.00258564,2.1682e-05,0,1.13239e-05,0.112273,0.112285,287,0.112274,packed
puffer-ball,tight,cell2d,104ee,ee,28228899,39.7951,125.761,83.6837,13.6365,0,0,28228554,0,89.1293,340,0,0,0.000616906,5.12403e-05,0,2.46074e-05,0.109902,0.109927,345,0.109909,packed
puffer-ball,tight,cell2d,106ee,ee,26895346,39.7097,124.482,80.015,5.09676,0,0,26895248,0,85.3394,96,0,0,0.000598434,3.9413e-05,0,1.29961e-05,0.138346,0.138359,98,0.138351,packed
puffer-ball,tight,cell2d,108ee,ee,25305097,39.5322,111.676,75.7116,1.63218,0,0,25305039,0,79.7092,56,0,0,8.35378e-05,2.63881e-05,0,6.12724e-05,0.173819,0.17388,58,0.173813,packed
puffer-ball,tight,cell2d,10ee,ee,70608441,42.4381,572.975,213.095,24.0425,7,0,70584169,0,250.078,23878,0,0,0.00879849,1.79802e-05,0,5.7261e-06,0.0156783,0.0156841,24272,0.0156784,packed
puffer-ball,tight,cell2d,112ee,ee,21884978,40.6525,104.831,65.957,5.18882,0,0,21884898,0,69.6105,80,0,0,0.000290373,0.000125135,0,0.000110839,0.351342,0.351453,80,0.351334,packed
puffer-ball,tight,cell2d,115ee,ee,19542341,41.2694,98.3039,59.1475,1.11501,0,0,19542330,0,63.3739,11,0,0,0.00059213,7.19629e-05,0,4.66298e-05,0.311446,0.311493,11,0.311447,packed
puffer-ball,tight,cell2d,118ee,ee,17299191,41.1365,87.8748,52.7334,0.483571,0,0,17299185,0,55.1031,6,0,0,0.00020184,6.93317e-05,0,6.93317e-05,0.130615,0.130685,6,0.130615,packed
puffer-ball,tight,cell2d,11ee,ee,21521802,38.7366,187.516,69.5856,13.7317,0,0,21520998,0,76.2335,765,0,0,0.0021401,5.21488e-05,0,2.74115e-05,0.0623491,0.0623765,804,0.0623474,packed
puffer-ball,tight,cell2d,122ee,ee,14435994,40.6268,71.991,47.083,1.4374,0,0,14435973,0,49.9543,21,0,0,0.00020586,5.41317e-05,0,0.000195062,0.226222,0.226417,21,0.226212,packed
puffer-ball,tight,cell2d,124ee,ee,13157962,41.3274,81.9074,40.901,0.490771,0,0,13157956,0,43.5521,6,0,0,8.05703e-05,4.34825e-05,0,8.05703e-05,0.603271,0.603352,6,0.603271,packed
puffer-ball,tight,cell2d,127ee,ee,11696160,40.1987,68.1179,36.5762,0.823434,0,0,11696154,0,38.8078,6,0,0,0.000320208,0.000132942,0,0.000315111,0.385681,0.385996,6,0.385681,packed
puffer-ball,tight,cell2d,129ee,ee,11020201,39.6604,67.3819,34.6415,1.47747,0,0,11020174,0,36.8761,27,0,0,0.000329519,4.45959e-05,0,3.90051e-05,0.141983,0.142022,27,0.141983,packed
puffer-ball,tight,cell2d,13ee,ee,30747851,38.3418,172.169,97.2963,45.6496,15,0,30669697,0,161.247,77347,0,0,0.00633841,7.65945e-06,0,5.10576e-06,0.00343395,0.00343905,78154,0.00343704,packed
puffer-ball,tight,cell2d,15ee,ee,31527232,37.4424,151.622,98.947,32.158,3,0,31490864,0,138.485,35860,0,0,0.00588109,1.36231e-05,0,3.53403e-06,0.00827876,0.0082823,36368,0.00827789,packed
puffer-ball,tight,cell2d,17ee,ee,73267220,38.0138,346.175,214.98,24.029,2,0,73247897,0,245.341,18950,0,0,0.261332,1.71165e-05,0,1.47021e-06,0.00283501,0.00283648,19323,0.00283432,packed
puffer-ball,tight,cell2d,19ee,ee,130922990,37.389,805.97,364.971,26.257,13,0,130890272,0,430.927,32255,0,0,0.0053676,9.74121e-06,0,8.46917e-06,0.00504331,0.00505178,32718,0.00504303,packed
puffer-ball,tight,cell2d,21ee,ee,220630674,37.5632,1530.09,610.169,85.2524,23,0,220455231,0,776.343,173531,0,0,0.0237497,8.72229e-06,0,3.09377e-06,0.00433514,0.00433824,175443,0.0043335,packed
puffer-ball,tight,cell2d,23ee,ee,116223315,38.1105,571.613,335.958,53.2974,39,0,116146276,0,455.81,75730,0,0,0.0058187,1.5581e-05,0,7.17721e-06,0.0102457,0.0102529,77039,0.0102463,packed
puffer-ball,tight,cell2d,25ee,ee,69689795,39.7525,395.819,208.811,30.7649,12,0,69653764,0,264.137,35355,0,0,0.0042135,2.01526e-05,0,3.4266e-06,0.0110773,0.0110807,36031,0.0110779,packed
puffer-ball,tight,cell2d,27ee,ee,82136185,36.3267,841.822,241.101,16.5965,9,0,82120927,0,278.387,14915,0,0,0.00643386,2.31245e-05,0,1.29849e-06,0.0129285,0.0129298,15258,0.012928,packed
puffer-ball,tight,cell2d,29ee,ee,94887797,36.3873,932.568,273.224,16.6878,1,0,94874413,0,332.694,13132,0,0,0.00567064,1.688e-05,0,6.93935e-06,0.0105384,0.0105453,13384,0.01054,packed
puffer-ball,tight,cell2d,31ee,ee,97686793,36.2129,999.761,298.962,18.5109,4,0,97676261,0,349.815,10284,0,0,0.00242025,1.88559e-05,0,2.64798e-06,0.00607953,0.00608218,10532,0.00608063,packed
puffer-ball,tight,cell2d,33ee,ee,88606642,36.097,1014.55,252.585,22.3553,10,0,88594244,0,312.691,12033,0,0,0.00600899,2.371e-05,0,2.22509e-05,0.036583,0.0366052,12398,0.0365829,packed
puffer-ball,tight,cell2d,35ee,ee,79093772,36.7693,957.797,226.633,21.2088,12,0,79083607,0,256.828,9885,0,0,0.00316752,2.43489e-05,0,2.88261e-06,0.0100769,0.0100798,10165,0.0100746,packed
puffer-ball,tight,cell2d,37ee,ee,70064572,36.7064,881.962,214.283,18.0176,1,0,70055145,0,237.365,9193,0,0,0.00561203,1.71164e-05,0,5.90243e-06,0.00987294,0.00987885,9427,0.00987625,packed
puffer-ball,tight,cell2d,39ee,ee,62734605,37.485,763.057,193.449,17.4127,4,0,62725637,0,234.095,8810,0,0,0.00327777,1.85082e-05,0,3.77042e-06,0.0152497,0.0152534,8968,0.0152512,packed
puffer-ball,tight,cell2d,41ee,ee,55054730,37.7044,651.653,159.458,17.2398,0,0,55049267,0,174.399,5328,0,0,0.00158261,2.67006e-05,0,4.2508e-06,0.0238703,0.0238746,5463,0.0238647,packed
puffer-ball,tight,cell2d,43ee,ee,50359254,37.7309,583.904,146.08,15.7458,9,0,50355877,0,161.104,3258,0,0,0.00379388,4.09019e-05,0,2.74666e-06,0.0151294,0.0151322,3377,0.0151291,packed
puffer-ball,tight,cell2d,45ee,ee,48533084,37.5977,566.406,141.381,15.4957,3,0,48531286,0,152.258,1721,0,0,0.00203423,4.03688e-05,0,1.59396e-05,0.0260886,0.0261045,1798,0.0260925,packed
puffer-ball,tight,cell2d,47ee,ee,48260533,37.3024,609.265,139.977,13.824,3,0,48258910,0,152.19,1577,0,0,0.009421,4.02906e-05,0,1.86257e-05,0.0276013,0.0276199,1623,0.0276108,packed
puffer-ball,tight,cell2d,49ee,ee,48218909,37.072,619.885,139.686,13.2079,0,0,48217814,0,150.043,1071,0,0,0.00743878,2.91424e-05,0,2.86426e-05,0.0612246,0.0612532,1095,0.0612259,packed
puffer-ball,tight,cell2d,51ee,ee,46698477,41.1175,637.776,135.627,16.0148,0,0,46697110,0,145.857,1269,0,0,0.00191346,3.66456e-05,0,2.67643e-05,0.0547981,0.0548249,1367,0.0548019,packed
puffer-ball,tight,cell2d,53ee,ee,44423327,37.4187,556.225,129.852,12.4064,0,0,44422136,0,140.009,1166,0,0,0.00227521,3.82008e-05,0,2.64867e-05,0.0437413,0.0437678,1191,0.0437317,packed
puffer-ball,tight,cell2d,55ee,ee,43158807,36.6228,511.908,125.806,12.7192,0,0,43157213,0,135.27,1548,0,0,0.00402338,2.63597e-05,0,2.41148e-05,0.0359855,0.0360096,1594,0.0359879,packed
puffer-ball,tight,cell2d,57ee,ee,42527985,35.895,516.906,124.365,15.6624,4,0,42527045,0,133.98,911,0,0,0.00236444,4.64358e-05,0,2.76035e-05,0.047692,0.0477196,940,0.047699,packed
puffer-ball,tight,cell2d,59ee,ee,42541037,37.2312,470.322,124.218,14.3184,0,0,42540006,0,133.052,992,0,0,0.000527347,3.47769e-05,0,4.69356e-05,0.0402465,0.0402934,1031,0.0402679,packed
puffer-ball,tight,cell2d,60ee,ee,42257282,36.8295,432.847,123.236,15.9549,1,0,42255882,0,132.687,1368,0,0,0.0514934,2.35226e-05,0,3.52918e-05,0.0682773,0.0683126,1400,0.0682831,packed
puffer-ball,tight,cell2d,62ee,ee,41024001,36.889,417.537,119.924,13.823,0,0,41022883,0,129.15,1082,0,0,0.00102237,2.72956e-05,0,1.40164e-05,0.0284431,0.0284571,1118,0.0284424,packed
puffer-ball,tight,cell2d,64ee,ee,39670269,36.444,387.727,116.108,12.6402,5,0,39669552,0,123.518,694,0,0,0.00195332,2.82986e-05,0,4.86952e-06,0.0559836,0.0559885,717,0.0559845,packed
puffer-ball,tight,cell2d,66ee,ee,38349576,36.9137,370.646,111.909,13.9477,0,0,38349154,0,119.457,382,0,0,0.000923038,5.87754e-05,0,3.97461e-05,0.0979651,0.0980049,422,0.0979538,packed
puffer-ball,tight,cell2d,68ee,ee,36623286,36.9019,377.116,113.698,16.172,0,0,36622722,0,120.379,514,0,0,0.00149035,5.11511e-05,0,1.92556e-05,0.0450837,0.045103,564,0.0450821,packed
puffer-ball,tight,cell2d,6ee,ee,17690467,51.5761,237.204,54.7452,12.1085,0,0,17688666,0,60.279,1770,0,0,0.00076282,3.69232e-06,0,9.7485e-06,0.0979052,0.0979149,1801,0.0979042,packed
puffer-ball,tight,cell2d,71ee,ee,33473555,37.1378,370.443,98.4956,14.6536,1,0,33473086,0,105.152,462,0,0,0.0018759,4.18276e-05,0,5.75283e-05,0.0806881,0.0807456,469,0.0806885,packed
puffer-ball,tight,cell2d,73ee,ee,31360326,37.3481,366.768,92.6777,14.2364,0,0,31359485,0,99.3916,799,0,0,0.00142708,4.26181e-05,0,2.30316e-05,0.0433993,0.0434223,841,0.0434036,packed
puffer-ball,tight,cell2d,75ee,ee,29352738,37.2803,391.564,87.2394,11.88,0,0,29352137,0,93.23,594,0,0,0.00123988,3.32435e-05,0,1.27149e-05,0.0299152,0.0299279,601,0.0299149,packed
puffer-ball,tight,cell2d,77ee,ee,27223852,37.5345,387.47,102.022,11.8268,0,0,27223458,0,106.372,378,0,0,0.000888456,5.41633e-05,0,2.01447e-05,0.0689222,0.0689424,394,0.068924,packed
puffer-ball,tight,cell2d,79ee,ee,25110518,37.828,370.237,80.8952,14.5788,0,0,25109388,0,86.1663,1083,0,0,0.000830189,3.9502e-05,0,3.52411e-05,0.0471361,0.0471713,1130,0.0471344,packed
puffer-ball,tight,cell2d,80ee,ee,24221710,38.0801,347.951,73.2825,14.3824,0,0,24221029,0,78.3451,652,0,0,0.00177399,5.22022e-05,0,4.07298e-05,0.0971171,0.0971579,681,0.0971069,packed
puffer-ball,tight,cell2d,82ee,ee,22850878,36.999,364.784,74.185,12.4061,0,0,22850213,0,78.6387,646,0,0,0.00556825,4.12694e-05,0,4.09942e-05,0.069254,0.0692949,665,0.0692596,packed
puffer-ball,tight,cell2d,84ee,ee,22087334,36.6602,335.315,71.8412,14.8825,0,0,22087088,0,86.2689,232,0,0,0.00163747,7.67597e-05,0,5.97396e-05,0.0923912,0.0924509,246,0.0924072,packed
puffer-ball,tight,cell2d,86ee,ee,21956131,37.7696,341.875,79.0164,6.61935,0,0,21955951,0,74.1571,178,0,0,0.000670304,1.83206e-05,0,1.06191e-05,0.0365376,0.0365483,180,0.0365372,packed
puffer-ball,tight,cell2d,88ee,ee,22300759,37.5878,341.018,72.0818,0.924904,0,0,22300744,0,75.8341,15,0,0,0.000363962,3.11942e-05,0,0.000126908,0.242758,0.242885,15,0.242783,packed
puffer-ball,tight,cell2d,8ee,ee,30324395,45.6293,383.088,94.1851,24.2857,7,0,30300184,0,122.635,23906,0,0,0.00317809,8.69664e-06,0,3.26879e-06,0.0128442,0.0128474,24211,0.0128441,packed
puffer-ball,tight,cell2d,91ee,ee,23953633,36.9678,331.074,71.9579,1.55526,0,0,23953612,0,76.3676,16,0,0,0.000544084,0.000101841,0,0.000158788,0.285862,0.286021,21,0.285828,packed
puffer-ball,tight,cell2d,93ee,ee,25242225,37.7017,328.186,75.6612,3.41802,0,0,25242152,0,79.7804,73,0,0,0.000385169,6.59653e-05,0,7.78017e-05,0.157107,0.157184,73,0.157104,packed
puffer-ball,tight,cell2d,95ee,ee,26667445,36.9428,335.827,79.7189,9.98812,0,0,26667005,0,85.1842,419,0,0,0.000561267,3.5192e-05,0,1.02763e-05,0.085045,0.0850553,440,0.0850372,packed
puffer-ball,tight,cell2d,97ee,ee,27895701,38.3682,343.968,82.6852,13.4624,0,0,27895457,0,87.7902,234,0,0,0.000496207,4.16035e-05,0,2.23589e-05,0.0799123,0.0799347,244,0.0799103,packed
puffer-ball,tight,cell2d,99ee,ee,28709263,37.4667,357.137,85.0458,6.79397,0,0,28709109,0,90.0466,149,0,0,0.000393385,4.8705e-05,0,3.53911e-05,0.114549,0.114585,154,0.114532,packed
puffer-ball,tight,cell2d,100ee,ee,28919455,15.4238,345.866,85.3002,9.40891,0,0,28919246,0,91.3492,203,0,0,0.00153916,3.2745e-05,0,1.88357e-05,0.0676813,0.0677002,209,0.067688,packed
puffer-ball,tight,cell2d,102ee,ee,28946829,38.814,345.02,85.4128,10.3724,0,0,28946542,0,90.5583,260,0,0,0.00258564,2.1682e-05,0,1.13239e-05,0.112273,0.112285,287,0.112274,packed
puffer-ball,tight,cell2d,104ee,ee,28228899,39.9801,124.674,83.7449,13.6192,0,0,28228554,0,89.4786,340,0,0,0.000616906,5.12403e-05,0,2.46074e-05,0.109902,0.109927,345,0.109909,packed
puffer-ball,tight,cell2d,106ee,ee,26895346,43.0928,127.744,79.9087,5.1343,0,0,26895248,0,85.3279,96,0,0,0.000598434,3.9413e-05,0,8.95789e-06,0.13835,0.138359,98,0.138351,packed
puffer-ball,tight,cell2d,108ee,ee,25305097,40.116,116.259,75.4924,1.63599,0,0,25305039,0,80.4053,56,0,0,8.35378e-05,2.63881e-05,0,6.12724e-05,0.173819,0.17388,58,0.173813,packed
puffer-ball,tight,cell2d,10ee,ee,70608441,40.4014,560.127,212.597,23.7501,7,0,70584169,0,250.69,23878,0,0,0.00879849,1.79802e-05,0,1.25882e-05,0.0156715,0.0156841,24272,0.0156784,packed
puffer-ball,tight,cell2d,112ee,ee,21884978,39.5941,96.9409,65.8027,5.20041,0,0,21884898,0,69.9652,80,0,0,0.000290373,0.000125135,0,0.000110839,0.351342,0.351453,80,0.351334,packed
puffer-ball,tight,cell2d,115ee,ee,19542341,39.4722,95.55,59.0787,1.08061,0,0,19542330,0,62.4672,11,0,0,0.00059213,7.19629e-05,0,4.66298e-05,0.311446,0.311493,11,0.311447,packed
puffer-ball,tight,cell2d,118ee,ee,17299191,40.4672,83.9902,52.7425,0.498835,0,0,17299185,0,56.2336,6,0,0,0.00020184,6.93317e-05,0,6.93317e-05,0.130615,0.130685,6,0.130615,packed
puffer-ball,tight,cell2d,11ee,ee,21521802,38.8617,166.032,69.391,13.7796,0,0,21520998,0,75.5599,765,0,0,0.0021401,5.21488e-05,0,2.7179e-05,0.0623493,0.0623765,804,0.0623474,packed
puffer-ball,tight,cell2d,122ee,ee,14435994,40.5841,81.5862,47.0123,1.39715,0,0,14435973,0,50.1269,21,0,0,0.00020586,5.41317e-05,0,0.000195062,0.226222,0.226417,21,0.226212,packed
puffer-ball,tight,cell2d,124ee,ee,13157962,42.4354,83.3776,40.9596,0.364407,0,0,13157956,0,43.6648,6,0,0,8.05703e-05,4.34825e-05,0,8.05703e-05,0.603271,0.603352,6,0.603271,packed
puffer-ball,tight,cell2d,127ee,ee,11696160,41.0501,73.0189,36.5702,0.830346,0,0,11696154,0,38.7027,6,0,0,0.000320208,0.000132942,0,0.000315111,0.385681,0.385996,6,0.385681,packed
puffer-ball,tight,cell2d,129ee,ee,11020201,40.2257,72.9414,34.4784,1.36672,0,0,11020174,0,36.912,27,0,0,0.000329519,4.45959e-05,0,3.90051e-05,0.141983,0.142022,27,0.141983,packed
puffer-ball,tight,cell2d,13ee,ee,30747851,37.6408,168.444,97.2141,45.9151,15,0,30669697,0,160.575,77347,0,0,0.00633841,7.65945e-06,0,5.10576e-06,0.00343395,0.00343905,78154,0.00343704,packed
puffer-ball,tight,cell2d,15ee,ee,31527232,37.4411,149.031,98.7917,31.6046,3,0,31490864,0,138.064,35860,0,0,0.00588109,1.36231e-05,0,2.40696e-06,0.00827989,0.0082823,36368,0.00827789,packed
puffer-ball,tight,cell2d,17ee,ee,73267220,37.5639,353.081,214.92,23.9564,2,0,73247897,0,246.482,18950,0,0,0.261332,1.71165e-05,0,1.47021e-06,0.00283501,0.00283648,19323,0.00283432,packed
puffer-ball,tight,cell2d,19ee,ee,130922990,37.6622,832.658,365.549,26.1162,13,0,130890272,0,427.471,32255,0,0,0.0053676,9.74121e-06,0,7.59738e-06,0.00504418,0.00505178,32718,0.00504303,packed
puffer-ball,tight,cell2d,21ee,ee,220630674,38.6745,1537.36,608.633,83.3577,23,0,220455231,0,782.456,173531,0,0,0.0237497,8.72229e-06,0,2.89032e-06,0.00433534,0.00433824,175443,0.0043335,packed
puffer-ball,tight,cell2d,23ee,ee,116223315,38.801,604.139,334.853,53.3132,39,0,116146276,0,458.569,75730,0,0,0.0058187,1.5581e-05,0,7.25581e-06,0.0102457,0.0102529,77039,0.0102463,packed
puffer-ball,tight,cell2d,25ee,ee,69689795,39.6303,402.127,208.636,30.6914,12,0,69653764,0,265.612,35355,0,0,0.0042135,2.01526e-05,0,3.4266e-06,0.0110773,0.0110807,36031,0.0110779,packed
puffer-ball,tight,cell2d,27ee,ee,82136185,36.7111,854.103,241.073,16.5079,9,0,82120927,0,273.784,14915,0,0,0.00643386,2.31245e-05,0,1.29849e-06,0.0129285,0.0129298,15258,0.012928,packed
puffer-ball,tight,cell2d,29ee,ee,94887797,36.0448,969.475,272.946,16.7675,1,0,94874413,0,300.409,13132,0,0,0.00567064,1.688e-05,0,6.42395e-06,0.0105389,0.0105453,13384,0.01054,packed
puffer-ball,tight,cell2d,31ee,ee,97686793,36.5221,1032.03,346.872,18.5497,4,0,97676261,0,321.408,10284,0,0,0.00242025,1.88559e-05,0,1.29282e-06,0.00608089,0.00608218,10532,0.00608063,packed
puffer-ball,tight,cell2d,33ee,ee,88606642,36.4147,983.226,253.197,22.4014,10,0,88594244,0,312.002,12033,0,0,0.00600899,2.371e-05,0,2.22509e-05,0.036583,0.0366052,12398,0.0365829,packed
puffer-ball,tight,cell2d,35ee,ee,79093772,37.2455,966.138,226.335,21.1199,12,0,79083607,0,255.534,9885,0,0,0.00316752,2.43489e-05,0,2.88261e-06,0.0100769,0.0100798,10165,0.0100746,packed
puffer-ball,tight,cell2d,37ee,ee,70064572,35.92,892.043,213.346,17.98,1,0,70055145,0,238.163,9193,0,0,0.00561203,1.71164e-05,0,5.90813e-06,0.00987294,0.00987885,9427,0.00987625,packed
puffer-ball,tight,cell2d,39ee,ee,62734605,36.6568,791.578,190.344,17.3022,4,0,62725637,0,212.55,8810,0,0,0.00327777,1.85082e-05,0,2.45e-06,0.015251,0.0152534,8968,0.0152512,packed
puffer-ball,tight,cell2d,41ee,ee,55054730,36.7211,653.218,159.334,17.5335,0,0,55049267,0,177.75,5328,0,0,0.00158261,2.67006e-05,0,3.79994e-06,0.0238708,0.0238746,5463,0.0238647,packed
puffer-ball,tight,cell2d,43ee,ee,50359254,36.0063,587.794,146.052,15.8614,9,0,50355877,0,161.531,3258,0,0,0.00379388,4.09019e-05,0,2.74666e-06,0.0151294,0.0151322,3377,0.0151291,packed
puffer-ball,tight,cell2d,45ee,ee,48533084,41.7906,646.605,140.789,15.5422,3,0,48531286,0,152.99,1721,0,0,0.00203423,4.03688e-05,0,1.54618e-05,0.026089,0.0261045,1798,0.0260925,packed
puffer-ball,tight,cell2d,47ee,ee,48260533,37.7999,632.51,139.923,13.8041,3,0,48258910,0,148.615,1577,0,0,0.009421,4.02906e-05,0,1.86257e-05,0.0276013,0.0276199,1623,0.0276108,packed
puffer-ball,tight,cell2d,49ee,ee,48218909,37.2721,632.284,139.74,13.0942,0,0,48217814,0,146.951,1071,0,0,0.00743878,2.91424e-05,0,2.86426e-05,0.0612246,0.0612532,1095,0.0612259,packed
puffer-ball,tight,cell2d,51ee,ee,46698477,36.6156,586.28,135.519,16.0757,0,0,46697110,0,143.591,1269,0,0,0.00191346,3.66456e-05,0,2.55383e-05,0.0547993,0.0548249,1367,0.0548019,packed
puffer-ball,tight,cell2d,53ee,ee,44423327,36.6551,556.602,129.561,12.4062,0,0,44422136,0,137.217,1166,0,0,0.00227521,3.82008e-05,0,2.64867e-05,0.0437413,0.0437678,1191,0.0437317,packed
puffer-ball,tight,cell2d,55ee,ee,43158807,39.5088,495.103,125.623,12.7306,0,0,43157213,0,134.043,1548,0,0,0.00402338,2.63597e-05,0,2.41148e-05,0.0359855,0.0360096,1594,0.0359879,packed
puffer-ball,tight,cell2d,57ee,ee,42527985,36.7007,473.204,124.173,15.6844,4,0,42527045,0,131.833,911,0,0,0.00236444,4.64358e-05,0,2.76035e-05,0.047692,0.0477196,940,0.047699,packed
puffer-ball,tight,cell2d,59ee,ee,42541037,36.5104,451.871,124.132,14.3382,0,0,42540006,0,131.561,992,0,0,0.000527347,3.47769e-05,0,4.69356e-05,0.0402465,0.0402934,1031,0.0402679,packed
puffer-ball,tight,cell2d,60ee,ee,42257282,39.3467,430.653,123.176,15.9974,1,0,42255882,0,130.155,1368,0,0,0.0514934,2.35226e-05,0,3.52918e-05,0.0682773,0.0683126,1400,0.0682831,packed
puffer-ball,tight,cell2d,62ee,ee,41024001,36.5112,415.64,119.771,13.828,0,0,41022883,0,126.637,1082,0,0,0.00102237,2.72956e-05,0,1.40164e-05,0.0284431,0.0284571,1118,0.0284424,packed
puffer-ball,tight,cell2d,64ee,ee,39670269,37.9354,373.839,115.901,12.6666,5,0,39669552,0,121.826,694,0,0,0.00195332,2.82986e-05,0,4.86952e-06,0.0559836,0.0559885,717,0.0559845,packed
puffer-ball,tight,cell2d,66ee,ee,38349576,37.523,374.015,112.031,14.0248,0,0,38349154,0,117.926,382,0,0,0.000923038,5.87754e-05,0,3.97461e-05,0.0979651,0.0980049,422,0.0979538,packed
puffer-ball,tight,cell2d,68ee,ee,36623286,37.1197,374.056,113.525,16.1564,0,0,36622722,0,119.842,514,0,0,0.00149035,5.11511e-05,0,1.92556e-05,0.0450837,0.045103,564,0.0450821,packed
puffer-ball,tight,cell2d,6ee,ee,17690467,51.7714,243.888,54.7623,12.1347,0,0,17688666,0,60.4922,1770,0,0,0.00076282,3.69232e-06,0,9.7485e-06,0.0979052,0.0979149,1801,0.0979042,packed
puffer-ball,tight,cell2d,71ee,ee,33473555,37.7468,379.52,98.3572,14.6928,1,0,33473086,0,103.964,462,0,0,0.0018759,4.18276e-05,0,5.75283e-05,0.0806881,0.0807456,469,0.0806885,packed
puffer-ball,tight,cell2d,73ee,ee,31360326,36.9064,376.417,92.6129,14.3185,0,0,31359485,0,98.3243,799,0,0,0.00142708,4.26181e-05,0,2.30316e-05,0.0433993,0.0434223,841,0.0434036,packed
puffer-ball,tight,cell2d,75ee,ee,29352738,38.2562,381.507,87.1616,11.8181,0,0,29352137,0,92.7963,594,0,0,0.00123988,3.32435e-05,0,1.27149e-05,0.0299152,0.0299279,601,0.0299149,packed
puffer-ball,tight,cell2d,77ee,ee,27223852,37.8633,404.927,86.9254,11.8248,0,0,27223458,0,91.9419,378,0,0,0.000888456,5.41633e-05,0,2.01447e-05,0.0689222,0.0689424,394,0.068924,packed
puffer-ball,tight,cell2d,79ee,ee,25110518,37.2011,377.24,80.5942,14.5976,0,0,25109388,0,86.8473,1083,0,0,0.000830189,3.9502e-05,0,3.52411e-05,0.0471361,0.0471713,1130,0.0471344,packed
puffer-ball,tight,cell2d,80ee,ee,24221710,37.1837,380.996,73.094,14.3693,0,0,24221029,0,77.4106,652,0,0,0.00177399,5.22022e-05,0,4.07298e-05,0.0971171,0.0971579,681,0.0971069,packed
puffer-ball,tight,cell2d,82ee,ee,22850878,37.8242,362.85,83.2254,12.4118,0,0,22850213,0,78.9087,646,0,0,0.00556825,4.12694e-05,0,4.81144e-05,0.0692468,0.0692949,665,0.0692596,packed
puffer-ball,tight,cell2d,84ee,ee,22087334,37.3492,342.185,71.7494,14.884,0,0,22087088,0,75.1325,232,0,0,0.00163747,7.67597e-05,0,5.97396e-05,0.0923912,0.0924509,246,0.0924072,packed
puffer-ball,tight,cell2d,86ee,ee,21956131,37.9026,330.414,70.7855,6.63032,0,0,21955951,0,73.9573,178,0,0,0.000670304,1.83206e-05,0,8.93513e-06,0.0365393,0.0365483,180,0.0365372,packed
puffer-ball,tight,cell2d,88ee,ee,22300759,38.4657,334.499,85.3876,0.963494,0,0,22300744,0,92.5335,15,0,0,0.000363962,3.11942e-05,0,0.000126908,0.242758,0.242885,15,0.242783,packed
puffer-ball,tight,cell2d,8ee,ee,30324395,45.5976,382.242,94.1242,24.3455,7,0,30300184,0,122.017,23906,0,0,0.00317809,8.69664e-06,0,3.26879e-06,0.0128442,0.0128474,24211,0.0128441,packed
puffer-ball,tight,cell2d,91ee,ee,23953633,37.1968,336.147,71.8807,1.56629,0,0,23953612,0,75.1593,16,0,0,0.000544084,0.000101841,0,0.000158788,0.285862,0.286021,21,0.285828,packed
puffer-ball,tight,cell2d,93ee,ee,25242225,37.893,348.529,75.8156,3.39191,0,0,25242152,0,80.2811,73,0,0,0.000385169,6.59653e-05,0,7.78017e-05,0.157107,0.157184,73,0.157104,packed
puffer-ball,tight,cell2d,95ee,ee,26667445,37.7546,348.086,79.4568,9.919,0,0,26667005,0,84.5893,419,0,0,0.000561267,3.5192e-05,0,1.02763e-05,0.085045,0.0850553,440,0.0850372,packed
puffer-ball,tight,cell2d,97ee,ee,27895701,36.7158,345.148,82.6512,13.5259,0,0,27895457,0,87.9315,234,0,0,0.000496207,4.16035e-05,0,2.23589e-05,0.0799123,0.0799347,244,0.0799103,packed
puffer-ball,tight,cell2d,99ee,ee,28709263,37.931,349.801,85.0785,6.72021,0,0,28709109,0,90.487,149,0,0,0.000393385,4.8705e-05,0,3.53911e-05,0.114549,0.114585,154,0.114532,packed
puffer-ball,tight,cell2d,100ee,ee,28919455,10.1698,372.778,84.7019,9.3124,0,0,28919246,0,91.5323,203,0,0,0.00153916,3.2745e-05,0,1.88605e-05,0.0676813,0.0677002,209,0.067688,gather
puffer-ball,tight,cell2d,102ee,ee,28946829,14.4355,367.481,84.4659,10.333,0,0,28946542,0,90.5808,260,0,0,0.00258564,2.1682e-05,0,1.13239e-05,0.112273,0.112285,287,0.112274,gather
puffer-ball,tight,cell2d,104ee,ee,28228899,13.6833,105.498,82.7516,13.4984,0,0,28228554,0,88.9734,340,0,0,0.000616906,5.12403e-05,0,2.89279e-05,0.109898,0.109927,345,0.109909,gather
puffer-ball,tight,cell2d,106ee,ee,26895346,13.8458,102.874,78.8381,5.11414,0,0,26895248,0,84.2229,96,0,0,0.000598434,3.9413e-05,0,8.95789e-06,0.13835,0.138359,98,0.138351,gather
puffer-ball,tight,cell2d,108ee,ee,25305097,14.0519,92.5015,74.5207,1.66127,0,0,25305039,0,80.3037,56,0,0,8.35378e-05,2.63881e-05,0,6.12724e-05,0.173819,0.17388,58,0.173813,gather
puffer-ball,tight,cell2d,10ee,ee,70608441,14.8192,578.222,211.01,23.7852,7,0,70584169,0,249.708,23878,0,0,0.00879849,1.79802e-05,0,5.7261e-06,0.0156783,0.0156841,24272,0.0156784,gather
puffer-ball,tight,cell2d,112ee,ee,21884978,13.4121,88.2007,65.0008,5.16934,0,0,21884898,0,69.6933,80,0,0,0.000290373,0.000125135,0,0.000110839,0.351342,0.351453,80,0.351334,gather
puffer-ball,tight,cell2d,115ee,ee,19542341,14.6231,80.9419,58.1839,1.11495,0,0,19542330,0,62.8747,11,0,0,0.00059213,7.19629e-05,0,4.66298e-05,0.311446,0.311493,11,0.311447,gather
puffer-ball,tight,cell2d,118ee,ee,17299191,14.8199,79.7472,51.8822,0.477427,0,0,17299185,0,55.5838,6,0,0,0.00020184,6.93317e-05,0,6.93317e-05,0.130615,0.130685,6,0.130615,gather
puffer-ball,tight,cell2d,11ee,ee,21521802,13.2029,206.674,68.5827,13.7192,0,0,21520998,0,75.9014,765,0,0,0.0021401,5.21488e-05,0,2.74115e-05,0.0623491,0.0623765,804,0.0623474,gather
puffer-ball,tight,cell2d,122ee,ee,14435994,14.9011,76.4811,43.7163,1.40886,0,0,14435973,0,47.0009,21,0,0,0.00020586,5.41317e-05,0,0.000195062,0.226222,0.226417,21,0.226212,gather
puffer-ball,tight,cell2d,124ee,ee,13157962,16.3054,76.7291,40.1157,0.379446,0,0,13157956,0,42.7102,6,0,0,8.05703e-05,4.34825e-05,0,8.05703e-05,0.603271,0.603352,6,0.603271,gather
puffer-ball,tight,cell2d,127ee,ee,11696160,15.0527,79.0991,35.9024,0.823818,0,0,11696154,0,38.2791,6,0,0,0.000320208,0.000132942,0,0.000315111,0.385681,0.385996,6,0.385681,gather
puffer-ball,tight,cell2d,129ee,ee,11020201,17.7979,72.5058,33.872,1.44479,0,0,11020174,0,35.8031,27,0,0,0.000329519,4.45959e-05,0,3.90051e-05,0.141983,0.142022,27,0.141983,gather
puffer-ball,tight,cell2d,13ee,ee,30747851,13.9471,182.54,96.1153,45.4302,15,0,30669697,0,159.253,77347,0,0,0.00633841,7.65945e-06,0,3.1566e-06,0.0034359,0.00343905,78154,0.00343704,gather
puffer-ball,tight,cell2d,15ee,ee,31527232,13.6967,151.36,97.4376,31.7302,3,0,31490864,0,136.314,35860,0,0,0.00588109,1.36231e-05,0,2.40696e-06,0.00827989,0.0082823,36368,0.00827789,gather
puffer-ball,tight,cell2d,17ee,ee,73267220,13.1279,330.253,212.922,23.9751,2,0,73247897,0,245.438,18950,0,0,0.261332,1.71165e-05,0,3.90124e-06,0.00283258,0.00283648,19323,0.00283432,gather
puffer-ball,tight,cell2d,19ee,ee,130922990,13.7793,757.286,363.454,26.0608,13,0,130890272,0,421.201,32255,0,0,0.0053676,9.74121e-06,0,8.55652e-06,0.00504322,0.00505178,32718,0.00504303,gather
puffer-ball,tight,cell2d,21ee,ee,220630674,13.3164,1400.64,605.496,82.8342,23,0,220455231,0,779.809,173531,0,0,0.0237497,8.72229e-06,0,2.9086e-06,0.00433533,0.00433824,175443,0.0043335,gather
puffer-ball,tight,cell2d,23ee,ee,116223315,13.7904,544.342,332.969,53.0775,39,0,116146276,0,450.46,75730,0,0,0.0058187,1.5581e-05,0,7.17721e-06,0.0102457,0.0102529,77039,0.0102463,gather
puffer-ball,tight,cell2d,25ee,ee,69689795,12.094,363.176,206.631,30.8809,12,0,69653764,0,264.512,35355,0,0,0.0042135,2.01526e-05,0,3.4266e-06,0.0110773,0.0110807,36031,0.0110779,gather
puffer-ball,tight,cell2d,27ee,ee,82136185,13.2304,981.13,239.636,16.4426,9,0,82120927,0,273.645,14915,0,0,0.00643386,2.31245e-05,0,1.29849e-06,0.0129285,0.0129298,15258,0.012928,gather
puffer-ball,tight,cell2d,29ee,ee,94887797,12.4805,1106.25,271.16,16.7791,1,0,94874413,0,299.505,13132,0,0,0.00567064,1.688e-05,0,6.42395e-06,0.0105389,0.0105453,13384,0.01054,gather
puffer-ball,tight,cell2d,31ee,ee,97686793,12.2745,1130.8,276.014,18.4847,4,0,97676261,0,302.654,10284,0,0,0.00242025,1.88559e-05,0,9.37123e-07,0.00608124,0.00608218,10532,0.00608063,gather
puffer-ball,tight,cell2d,33ee,ee,88606642,11.3692,1158.28,251.314,22.1908,10,0,88594244,0,280.716,12033,0,0,0.00600899,2.371e-05,0,2.22509e-05,0.036583,0.0366052,12398,0.0365829,gather
puffer-ball,tight,cell2d,35ee,ee,79093772,12.1497,1097.71,286.184,21.3605,12,0,79083607,0,269.65,9885,0,0,0.00316752,2.43489e-05,0,2.88261e-06,0.0100769,0.0100798,10165,0.0100746,gather
puffer-ball,tight,cell2d,37ee,ee,70064572,9.41831,1132.33,199.551,17.8681,1,0,70055145,0,225.742,9193,0,0,0.00561203,1.71164e-05,0,5.90813e-06,0.00987294,0.00987885,9427,0.00987625,gather
puffer-ball,tight,cell2d,39ee,ee,62734605,10.0134,947.558,179.372,17.2713,4,0,62725637,0,202.939,8810,0,0,0.00327777,1.85082e-05,0,3.77042e-06,0.0152497,0.0152534,8968,0.0152512,gather
puffer-ball,tight,cell2d,41ee,ee,55054730,9.84457,818.651,158.085,17.1178,0,0,55049267,0,178.307,5328,0,0,0.00158261,2.67006e-05,0,4.2508e-06,0.0238703,0.0238746,5463,0.0238647,gather
puffer-ball,tight,cell2d,43ee,ee,50359254,10.1462,553.538,144.621,15.6349,9,0,50355877,0,157.066,3258,0,0,0.00379388,4.09019e-05,0,2.74666e-06,0.0151294,0.0151322,3377,0.0151291,gather
puffer-ball,tight,cell2d,45ee,ee,48533084,10.228,558.278,139.557,15.4681,3,0,48531286,0,149.533,1721,0,0,0.00203423,4.03688e-05,0,1.59396e-05,0.0260886,0.0261045,1798,0.0260925,gather
puffer-ball,tight,cell2d,47ee,ee,48260533,10.8555,591.663,138.408,13.8175,3,0,48258910,0,148.012,1577,0,0,0.009421,4.02906e-05,0,1.86257e-05,0.0276013,0.0276199,1623,0.0276108,gather
puffer-ball,tight,cell2d,49ee,ee,48218909,13.0308,584.927,137.975,13.072,0,0,48217814,0,146.491,1071,0,0,0.00743878,2.91424e-05,0,2.98184e-05,0.0612234,0.0612532,1095,0.0612259,gather
puffer-ball,tight,cell2d,51ee,ee,46698477,13.448,531.003,134.086,16.0511,0,0,46697110,0,142.373,1269,0,0,0.00191346,3.66456e-05,0,2.55383e-05,0.0547993,0.0548249,1367,0.0548019,gather
puffer-ball,tight,cell2d,53ee,ee,44423327,8.97432,488.244,127.882,12.3116,0,0,44422136,0,135.95,1166,0,0,0.00227521,3.82008e-05,0,2.64867e-05,0.0437413,0.0437678,1191,0.0437317,gather
puffer-ball,tight,cell2d,55ee,ee,43158807,8.96268,455.659,124.341,12.6921,0,0,43157213,0,132.501,1548,0,0,0.00402338,2.63597e-05,0,2.41148e-05,0.0359855,0.0360096,1594,0.0359879,gather
puffer-ball,tight,cell2d,57ee,ee,42527985,13.3827,604.282,122.987,15.6225,4,0,42527045,0,131.439,911,0,0,0.00236444,4.64358e-05,0,2.76035e-05,0.047692,0.0477196,940,0.047699,gather
puffer-ball,tight,cell2d,59ee,ee,42541037,13.4743,535.64,122.758,14.2813,0,0,42540006,0,130.91,992,0,0,0.000527347,3.47769e-05,0,4.69356e-05,0.0402465,0.0402934,1031,0.0402679,gather
puffer-ball,tight,cell2d,60ee,ee,42257282,9.903,511.588,122.035,15.9537,1,0,42255882,0,130.667,1368,0,0,0.0514934,2.35226e-05,0,3.52918e-05,0.0682773,0.0683126,1400,0.0682831,gather
puffer-ball,tight,cell2d,62ee,ee,41024001,11.7014,477.46,118.643,13.7725,0,0,41022883,0,126.19,1082,0,0,0.00102237,2.72956e-05,0,1.40164e-05,0.0284431,0.0284571,1118,0.0284424,gather
puffer-ball,tight,cell2d,64ee,ee,39670269,13.1226,421.295,114.475,12.6012,5,0,39669552,0,121.466,694,0,0,0.00195332,2.82986e-05,0,4.86952e-06,0.0559836,0.0559885,717,0.0559845,gather
puffer-ball,tight,cell2d,66ee,ee,38349576,13.1665,394.206,110.521,13.9542,0,0,38349154,0,117.431,382,0,0,0.000923038,5.87754e-05,0,3.94862e-05,0.0979654,0.0980049,422,0.0979538,gather
puffer-ball,tight,cell2d,68ee,ee,36623286,11.3513,394.062,105.608,16.1098,0,0,36622722,0,112.316,514,0,0,0.00149035,5.11511e-05,0,1.8259e-05,0.0450847,0.045103,564,0.0450821,gather
puffer-ball,tight,cell2d,6ee,ee,17690467,13.8573,192.643,54.0935,12.0289,0,0,17688666,0,59.7444,1770,0,0,0.00076282,3.69232e-06,0,9.59611e-06,0.0979053,0.0979149,1801,0.0979042,gather
puffer-ball,tight,cell2d,71ee,ee,33473555,12.3268,395.422,97.2957,14.6666,1,0,33473086,0,103.1,462,0,0,0.0018759,4.18276e-05,0,5.75283e-05,0.0806881,0.0807456,469,0.0806885,gather
puffer-ball,tight,cell2d,73ee,ee,31360326,9.53809,408.088,91.3771,14.2145,0,0,31359485,0,97.6853,799,0,0,0.00142708,4.26181e-05,0,2.30316e-05,0.0433993,0.0434223,841,0.0434036,gather
puffer-ball,tight,cell2d,75ee,ee,29352738,9.77002,411.064,85.9333,11.7591,0,0,29352137,0,92.1667,594,0,0,0.00123988,3.32435e-05,0,1.27149e-05,0.0299152,0.0299279,601,0.0299149,gather
puffer-ball,tight,cell2d,77ee,ee,27223852,13.0644,400.998,80.1511,11.8037,0,0,27223458,0,86.7543,378,0,0,0.000888456,5.41633e-05,0,2.01447e-05,0.0689222,0.0689424,394,0.068924,gather
puffer-ball,tight,cell2d,79ee,ee,25110518,12.597,375.164,74.2075,14.5734,0,0,25109388,0,80.9216,1083,0,0,0.000830189,3.9502e-05,0,3.52411e-05,0.0471361,0.0471713,1130,0.0471344,gather
puffer-ball,tight,cell2d,80ee,ee,24221710,13.5308,374.713,71.9112,14.3132,0,0,24221029,0,78.0942,652,0,0,0.00177399,5.22022e-05,0,4.07298e-05,0.0971171,0.0971579,681,0.0971069,gather
puffer-ball,tight,cell2d,82ee,ee,22850878,10.0119,362.332,68.0148,12.3696,0,0,22850213,0,74.3783,646,0,0,0.00556825,4.12694e-05,0,4.09942e-05,0.069254,0.0692949,665,0.0692596,gather
puffer-ball,tight,cell2d,84ee,ee,22087334,10.3958,361.012,65.8827,14.8363,0,0,22087088,0,71.0313,232,0,0,0.00163747,7.67597e-05,0,5.97396e-05,0.0923912,0.0924509,246,0.0924072,gather
puffer-ball,tight,cell2d,86ee,ee,21956131,9.34203,348.627,65.2558,6.58859,0,0,21955951,0,70.187,178,0,0,0.000670304,1.83206e-05,0,8.93513e-06,0.0365393,0.0365483,180,0.0365372,gather
puffer-ball,tight,cell2d,88ee,ee,22300759,9.86825,351.718,66.3504,0.927816,0,0,22300744,0,71.4103,15,0,0,0.000363962,3.11942e-05,0,0.000126908,0.242758,0.242885,15,0.242783,gather
puffer-ball,tight,cell2d,8ee,ee,30324395,15.1143,335.936,93.063,24.2351,7,0,30300184,0,121.309,23906,0,0,0.00317809,8.69664e-06,0,3.26879e-06,0.0128442,0.0128474,24211,0.0128441,gather
puffer-ball,tight,cell2d,91ee,ee,23953633,11.5629,352.387,70.8089,1.62575,0,0,23953612,0,75.7126,16,0,0,0.000544084,0.000101841,0,0.000158788,0.285862,0.286021,21,0.285828,gather
puffer-ball,tight,cell2d,93ee,ee,25242225,10.0659,361.896,74.6455,3.41617,0,0,25242152,0,79.9725,73,0,0,0.000385169,6.59653e-05,0,7.78017e-05,0.157107,0.157184,73,0.157104,gather
puffer-ball,tight,cell2d,95ee,ee,26667445,10.3298,355.86,78.4683,9.83225,0,0,26667005,0,84.0427,419,0,0,0.000561267,3.5192e-05,0,1.02763e-05,0.085045,0.0850553,440,0.0850372,gather
puffer-ball,tight,cell2d,97ee,ee,27895701,9.05896,362.046,81.6384,13.4635,0,0,27895457,0,87.1344,234,0,0,0.000496207,4.16035e-05,0,1.10193e-05,0.0799237,0.0799347,244,0.0799103,gather
puffer-ball,tight,cell2d,99ee,ee,28709263,11.4138,369.528,83.9874,6.69144,0,0,28709109,0,88.8557,149,0,0,0.000393385,4.8705e-05,0,3.53911e-05,0.114549,0.114585,154,0.114532,gather
puffer-ball,tight,cell2d,100ee,ee,28919455,8.50154,383.201,84.8166,9.37352,0,0,28919246,0,90.6806,203,0,0,0.00153916,3.2745e-05,0,1.88605e-05,0.0676813,0.0677002,209,0.067688,gather
puffer-ball,tight,cell2d,102ee,ee,28946829,14.0477,371.255,84.5378,10.3496,0,0,28946542,0,89.8509,260,0,0,0.00258564,2.1682e-05,0,1.13239e-05,0.112273,0.112285,287,0.112274,gather
puffer-ball,tight,cell2d,104ee,ee,28228899,14.0869,106.119,82.7901,13.5612,0,0,28228554,0,89.2635,340,0,0,0.000616906,5.12403e-05,0,2.46074e-05,0.109902,0.109927,345,0.109909,gather
puffer-ball,tight,cell2d,106ee,ee,26895346,13.8315,101.208,78.915,5.18977,0,0,26895248,0,84.3932,96,0,0,0.000598434,3.9413e-05,0,1.29961e-05,0.138346,0.138359,98,0.138351,gather
puffer-ball,tight,cell2d,108ee,ee,25305097,14.2343,93.7332,74.4479,1.58987,0,0,25305039,0,80.0435,56,0,0,8.35378e-05,2.63881e-05,0,6.12724e-05,0.173819,0.17388,58,0.173813,gather
puffer-ball,tight,cell2d,10ee,ee,70608441,14.0269,581.978,211.059,23.6,7,0,70584169,0,250.617,23878,0,0,0.00879849,1.79802e-05,0,5.7261e-06,0.0156783,0.0156841,24272,0.0156784,gather
puffer-ball,tight,cell2d,112ee,ee,21884978,14.4752,86.6248,65.2205,5.17431,0,0,21884898,0,69.2845,80,0,0,0.000290373,0.000125135,0,0.000110839,0.351342,0.351453,80,0.351334,gather
puffer-ball,tight,cell2d,115ee,ee,19542341,15.8383,82.7606,58.4134,1.05552,0,0,19542330,0,62.1381,11,0,0,0.00059213,7.19629e-05,0,4.66298e-05,0.311446,0.311493,11,0.311447,gather
puffer-ball,tight,cell2d,118ee,ee,17299191,15.1993,78.1718,51.9572,0.488498,0,0,17299185,0,55.3544,6,0,0,0.00020184,6.93317e-05,0,6.93317e-05,0.130615,0.130685,6,0.130615,gather
puffer-ball,tight,cell2d,11ee,ee,21521802,14.0924,201.985,68.6775,13.7222,0,0,21520998,0,75.5478,765,0,0,0.0021401,5.21488e-05,0,2.92594e-05,0.0623472,0.0623765,804,0.0623474,gather
puffer-ball,tight,cell2d,122ee,ee,14435994,15.8598,75.6073,43.7101,1.41231,0,0,14435973,0,46.5153,21,0,0,0.00020586,5.41317e-05,0,0.000195062,0.226222,0.226417,21,0.226212,gather
puffer-ball,tight,cell2d,124ee,ee,13157962,16.8932,75.5837,40.2521,0.400213,0,0,13157956,0,42.9007,6,0,0,8.05703e-05,4.34825e-05,0,8.05703e-05,0.603271,0.603352,6,0.603271,gather
puffer-ball,tight,cell2d,127ee,ee,11696160,16.7119,74.1944,36.0489,0.803563,0,0,11696154,0,38.7133,6,0,0,0.000320208,0.000132942,0,0.000315111,0.385681,0.385996,6,0.385681,gather
puffer-ball,tight,cell2d,129ee,ee,11020201,16.3836,76.4738,34.0382,1.43151,0,0,11020174,0,36.5836,27,0,0,0.000329519,4.45959e-05,0,3.90051e-05,0.141983,0.142022,27,0.141983,gather
puffer-ball,tight,cell2d,13ee,ee,30747851,13.2174,188.459,96.1497,45.4064,15,0,30669697,0,159.677,77347,0,0,0.00633841,7.65945e-06,0,5.10576e-06,0.00343395,0.00343905,78154,0.00343704,gather
puffer-ball,tight,cell2d,15ee,ee,31527232,12.5873,156.224,97.6988,31.7726,3,0,31490864,0,136.821,35860,0,0,0.00588109,1.36231e-05,0,2.40696e-06,0.00827989,0.0082823,36368,0.00827789,gather
puffer-ball,tight,cell2d,17ee,ee,73267220,13.8006,328.486,213.727,23.9913,2,0,73247897,0,283.619,18950,0,0,0.261332,1.71165e-05,0,1.47021e-06,0.00283501,0.00283648,19323,0.00283432,gather
puffer-ball,tight,cell2d,19ee,ee,130922990,13.7527,765.661,363.55,25.7926,13,0,130890272,0,430.818,32255,0,0,0.0053676,9.74121e-06,0,8.55652e-06,0.00504322,0.00505178,32718,0.00504303,gather
puffer-ball,tight,cell2d,21ee,ee,220630674,12.5705,1442.03,608.09,83.0543,23,0,220455231,0,763.027,173531,0,0,0.0237497,8.72229e-06,0,2.9086e-06,0.00433533,0.00433824,175443,0.0043335,gather
puffer-ball,tight,cell2d,23ee,ee,116223315,11.9343,555.779,332.766,53.3243,39,0,116146276,0,427.988,75730,0,0,0.0058187,1.5581e-05,0,7.17721e-06,0.0102457,0.0102529,77039,0.0102463,gather
puffer-ball,tight,cell2d,25ee,ee,69689795,12.6939,361.622,206.828,30.7076,12,0,69653764,0,264.25,35355,0,0,0.0042135,2.01526e-05,0,3.4266e-06,0.0110773,0.0110807,36031,0.0110779,gather
puffer-ball,tight,cell2d,27ee,ee,82136185,10.8295,1034.35,240.039,16.6193,9,0,82120927,0,304.49,14915,0,0,0.00643386,2.31245e-05,0,1.29849e-06,0.0129285,0.0129298,15258,0.012928,gather
puffer-ball,tight,cell2d,29ee,ee,94887797,10.7733,1075.17,271.132,16.4367,1,0,94874413,0,301.285,13132,0,0,0.00567064,1.688e-05,0,6.42395e-06,0.0105389,0.0105453,13384,0.01054,gather
puffer-ball,tight,cell2d,31ee,ee,97686793,12.8049,1180.44,276.799,18.4385,4,0,97676261,0,329.92,10284,0,0,0.00242025,1.88559e-05,0,2.64798e-06,0.00607953,0.00608218,10532,0.00608063,gather
puffer-ball,tight,cell2d,33ee,ee,88606642,9.82998,1187.5,251.702,22.2579,10,0,88594244,0,282.773,12033,0,0,0.00600899,2.371e-05,0,2.22509e-05,0.036583,0.0366052,12398,0.0365829,gather
puffer-ball,tight,cell2d,35ee,ee,79093772,9.6207,1176.11,241.155,21.1374,12,0,79083607,0,331.155,9885,0,0,0.00316752,2.43489e-05,0,2.88261e-06,0.0100769,0.0100798,10165,0.0100746,gather
puffer-ball,tight,cell2d,37ee,ee,70064572,11.6484,1082.52,200.529,17.9255,1,0,70055145,0,227.659,9193,0,0,0.00561203,1.71164e-05,0,6.31585e-06,0.00987253,0.00987885,9427,0.00987625,gather
puffer-ball,tight,cell2d,39ee,ee,62734605,11.7492,976.323,179.787,17.3556,4,0,62725637,0,202.834,8810,0,0,0.00327777,1.85082e-05,0,3.77042e-06,0.0152497,0.0152534,8968,0.0152512,gather
puffer-ball,tight,cell2d,41ee,ee,55054730,11.2058,845.363,158.498,17.29,0,0,55049267,0,176.626,5328,0,0,0.00158261,2.67006e-05,0,4.2508e-06,0.0238703,0.0238746,5463,0.0238647,gather
puffer-ball,tight,cell2d,43ee,ee,50359254,12.1147,546.035,144.73,15.7371,9,0,50355877,0,159.173,3258,0,0,0.00379388,4.09019e-05,0,2.74666e-06,0.0151294,0.0151322,3377,0.0151291,gather
puffer-ball,tight,cell2d,45ee,ee,48533084,12.5713,564.078,139.757,15.4994,3,0,48531286,0,150.266,1721,0,0,0.00203423,4.03688e-05,0,1.59396e-05,0.0260886,0.0261045,1798,0.0260925,gather
puffer-ball,tight,cell2d,47ee,ee,48260533,13.6431,592.646,138.775,13.789,3,0,48258910,0,148.767,1577,0,0,0.009421,4.02906e-05,0,1.86257e-05,0.0276013,0.0276199,1623,0.0276108,gather
puffer-ball,tight,cell2d,49ee,ee,48218909,11.8558,578.148,138.277,13.0693,0,0,48217814,0,147.622,1071,0,0,0.00743878,2.91424e-05,0,2.86426e-05,0.0612246,0.0612532,1095,0.0612259,gather
puffer-ball,tight,cell2d,51ee,ee,46698477,11.0491,559.821,134.542,16.0034,0,0,46697110,0,145.904,1269,0,0,0.00191346,3.66456e-05,0,2.55383e-05,0.0547993,0.0548249,1367,0.0548019,gather
puffer-ball,tight,cell2d,53ee,ee,44423327,11.5481,486.19,128.667,12.3999,0,0,44422136,0,138.404,1166,0,0,0.00227521,3.82008e-05,0,3.40178e-05,0.0437338,0.0437678,1191,0.0437317,gather
puffer-ball,tight,cell2d,55ee,ee,43158807,11.0058,457.21,124.324,12.6905,0,0,43157213,0,135.5,1548,0,0,0.00402338,2.63597e-05,0,2.41148e-05,0.0359855,0.0360096,1594,0.0359879,gather
puffer-ball,tight,cell2d,57ee,ee,42527985,11.6879,589.07,123.186,15.6372,4,0,42527045,0,133.785,911,0,0,0.00236444,4.64358e-05,0,2.76229e-05,0.047692,0.0477196,940,0.047699,gather
puffer-ball,tight,cell2d,59ee,ee,42541037,11.5035,521.639,123.025,14.2856,0,0,42540006,0,133.3,992,0,0,0.000527347,3.47769e-05,0,4.69356e-05,0.0402465,0.0402934,1031,0.0402679,gather
puffer-ball,tight,cell2d,60ee,ee,42257282,11.5937,518.188,122.504,15.9522,1,0,42255882,0,133.589,1368,0,0,0.0514934,2.35226e-05,0,3.52918e-05,0.0682773,0.0683126,1400,0.0682831,gather
puffer-ball,tight,cell2d,62ee,ee,41024001,11.8998,482.524,118.937,13.7365,0,0,41022883,0,128.722,1082,0,0,0.00102237,2.72956e-05,0,1.40164e-05,0.0284431,0.0284571,1118,0.0284424,gather
puffer-ball,tight,cell2d,64ee,ee,39670269,11.9312,424.008,114.706,12.6595,5,0,39669552,0,123.833,694,0,0,0.00195332,2.82986e-05,0,4.86952e-06,0.0559836,0.0559885,717,0.0559845,gather
puffer-ball,tight,cell2d,66ee,ee,38349576,11.7589,394.867,110.65,13.9086,0,0,38349154,0,118.715,382,0,0,0.000923038,5.87754e-05,0,3.97461e-05,0.0979651,0.0980049,422,0.0979538,gather
puffer-ball,tight,cell2d,68ee,ee,36623286,12.2406,395.02,105.638,16.0923,0,0,36622722,0,112.968,514,0,0,0.00149035,5.11511e-05,0,1.8259e-05,0.0450847,0.045103,564,0.0450821,gather
puffer-ball,tight,cell2d,6ee,ee,17690467,17.0759,191.616,54.333,12.0624,0,0,17688666,0,60.0031,1770,0,0,0.00076282,3.69232e-06,0,9.7485e-06,0.0979052,0.0979149,1801,0.0979042,gather
puffer-ball,tight,cell2d,71ee,ee,33473555,11.1249,394.469,97.1512,14.6085,1,0,33473086,0,104.14,462,0,0,0.0018759,4.18276e-05,0,5.75283e-05,0.0806881,0.0807456,469,0.0806885,gather
puffer-ball,tight,cell2d,73ee,ee,31360326,12.9274,402.671,91.4298,14.2256,0,0,31359485,0,98.2533,799,0,0,0.00142708,4.26181e-05,0,2.30316e-05,0.0433993,0.0434223,841,0.0434036,gather
puffer-ball,tight,cell2d,75ee,ee,29352738,11.649,424.317,85.9935,11.7936,0,0,29352137,0,93.1042,594,0,0,0.00123988,3.32435e-05,0,1.27149e-05,0.0299152,0.0299279,601,0.0299149,gather
puffer-ball,tight,cell2d,77ee,ee,27223852,11.9975,399.578,80.3191,11.7701,0,0,27223458,0,86.8014,378,0,0,0.000888456,5.41633e-05,0,2.01447e-05,0.0689222,0.0689424,394,0.068924,gather
puffer-ball,tight,cell2d,79ee,ee,25110518,12.4003,377.146,74.5353,14.5508,0,0,25109388,0,80.6062,1083,0,0,0.000830189,3.9502e-05,0,3.52411e-05,0.0471361,0.0471713,1130,0.0471344,gather
puffer-ball,tight,cell2d,80ee,ee,24221710,12.1787,379.959,72.019,14.3569,0,0,24221029,0,77.5912,652,0,0,0.00177399,5.22022e-05,0,4.07298e-05,0.0971171,0.0971579,681,0.0971069,gather
puffer-ball,tight,cell2d,82ee,ee,22850878,12.5086,367.359,68.0434,12.3965,0,0,22850213,0,72.6443,646,0,0,0.00556825,4.12694e-05,0,4.09942e-05,0.069254,0.0692949,665,0.0692596,gather
puffer-ball,tight,cell2d,84ee,ee,22087334,12.709,345.479,66.4089,14.8111,0,0,22087088,0,70.442,232,0,0,0.00163747,7.67597e-05,0,5.97396e-05,0.0923912,0.0924509,246,0.0924072,gather
puffer-ball,tight,cell2d,86ee,ee,21956131,11.0411,345.229,65.4311,6.62981,0,0,21955951,0,69.5371,178,0,0,0.000670304,1.83206e-05,0,8.93513e-06,0.0365393,0.0365483,180,0.0365372,gather
puffer-ball,tight,cell2d,88ee,ee,22300759,10.9586,347.009,66.3617,0.946727,0,0,22300744,0,70.5078,15,0,0,0.000363962,3.11942e-05,0,0.000126908,0.242758,0.242885,15,0.242783,gather
puffer-ball,tight,cell2d,8ee,ee,30324395,13.8729,337.466,93.3285,24.0857,7,0,30300184,0,122.062,23906,0,0,0.00317809,8.69664e-06,0,3.26879e-06,0.0128442,0.0128474,24211,0.0128441,gather
puffer-ball,tight,cell2d,91ee,ee,23953633,12.2528,347.57,70.9454,1.64383,0,0,23953612,0,75.6014,16,0,0,0.000544084,0.000101841,0,0.000158788,0.285862,0.286021,21,0.285828,gather
puffer-ball,tight,cell2d,93ee,ee,25242225,12.3258,351.411,74.8049,3.35578,0,0,25242152,0,79.5862,73,0,0,0.000385169,6.59653e-05,0,7.78017e-05,0.157107,0.157184,73,0.157104,gather
puffer-ball,tight,cell2d,95ee,ee,26667445,12.3973,363.257,78.5539,9.90578,0,0,26667005,0,86.2087,419,0,0,0.000561267,3.5192e-05,0,1.02763e-05,0.085045,0.0850553,440,0.0850372,gather
puffer-ball,tight,cell2d,97ee,ee,27895701,12.3836,364.932,81.709,13.5338,0,0,27895457,0,87.7872,234,0,0,0.000496207,4.16035e-05,0,2.23589e-05,0.0799123,0.0799347,244,0.0799103,gather
puffer-ball,tight,cell2d,99ee,ee,28709263,12.2667,366.311,84.2759,6.67269,0,0,28709109,0,90.1217,149,0,0,0.000393385,4.8705e-05,0,3.53911e-05,0.114549,0.114585,154,0.114532,gather
puffer-ball,tight,cell2d,100ee,ee,28919455,8.53917,387.093,84.6816,9.3666,0,0,28919246,0,90.9888,203,0,0,0.00153916,3.2745e-05,0,1.88605e-05,0.0676813,0.0677002,209,0.067688,gather
puffer-ball,tight,cell2d,102ee,ee,28946829,14.1102,370.579,84.2911,10.3678,0,0,28946542,0,90.7454,260,0,0,0.00258564,2.1682e-05,0,1.13239e-05,0.112273,0.112285,287,0.112274,gather
puffer-ball,tight,cell2d,104ee,ee,28228899,13.7025,105.786,82.5903,13.5212,0,0,28228554,0,89.4515,340,0,0,0.000616906,5.12403e-05,0,2.46074e-05,0.109902,0.109927,345,0.109909,gather
puffer-ball,tight,cell2d,106ee,ee,26895346,13.8417,103.27,78.9835,5.1246,0,0,26895248,0,85.0209,96,0,0,0.000598434,3.9413e-05,0,8.95789e-06,0.13835,0.138359,98,0.138351,gather
puffer-ball,tight,cell2d,108ee,ee,25305097,14.6764,93.8877,74.5988,1.62184,0,0,25305039,0,79.9753,56,0,0,8.35378e-05,2.63881e-05,0,6.12724e-05,0.173819,0.17388,58,0.173813,gather
puffer-ball,tight,cell2d,10ee,ee,70608441,14.3346,580.66,211.049,23.7353,7,0,70584169,0,249.695,23878,0,0,0.00879849,1.79802e-05,0,5.7261e-06,0.0156783,0.0156841,24272,0.0156784,gather
puffer-ball,tight,cell2d,112ee,ee,21884978,14.4584,87.0364,65.1406,5.12505,0,0,21884898,0,69.3503,80,0,0,0.000290373,0.000125135,0,0.000110839,0.351342,0.351453,80,0.351334,gather
puffer-ball,tight,cell2d,115ee,ee,19542341,14.2431,82.9513,58.3299,1.15562,0,0,19542330,0,62.2982,11,0,0,0.00059213,7.19629e-05,0,4.66298e-05,0.311446,0.311493,11,0.311447,gather
puffer-ball,tight,cell2d,118ee,ee,17299191,14.8335,77.9326,51.9469,0.502482,0,0,17299185,0,55.4845,6,0,0,0.00020184,6.93317e-05,0,6.93317e-05,0.130615,0.130685,6,0.130615,gather
puffer-ball,tight,cell2d,11ee,ee,21521802,14.5659,208.106,68.513,13.6953,0,0,21520998,0,75.0177,765,0,0,0.0021401,5.21488e-05,0,2.74115e-05,0.0623491,0.0623765,804,0.0623474,gather
puffer-ball,tight,cell2d,122ee,ee,14435994,15.458,80.9884,43.801,1.37958,0,0,14435973,0,46.3009,21,0,0,0.00020586,5.41317e-05,0,0.000195062,0.226222,0.226417,21,0.226212,gather
puffer-ball,tight,cell2d,124ee,ee,13157962,16.1836,75.2624,40.2987,0.430997,0,0,13157956,0,42.874,6,0,0,8.05703e-05,4.34825e-05,0,8.05703e-05,0.603271,0.603352,6,0.603271,gather
puffer-ball,tight,cell2d,127ee,ee,11696160,16.0694,73.7143,36.0312,0.783979,0,0,11696154,0,38.543,6,0,0,0.000320208,0.000132942,0,0.000315111,0.385681,0.385996,6,0.385681,gather
puffer-ball,tight,cell2d,129ee,ee,11020201,15.424,75.9419,33.8332,1.43455,0,0,11020174,0,36.1145,27,0,0,0.000329519,4.45959e-05,0,3.90051e-05,0.141983,0.142022,27,0.141983,gather
puffer-ball,tight,cell2d,13ee,ee,30747851,13.2603,183.947,96.2491,45.3985,15,0,30669697,0,160.765,77347,0,0,0.00633841,7.65945e-06,0,5.10576e-06,0.00343395,0.00343905,78154,0.00343704,gather
puffer-ball,tight,cell2d,15ee,ee,31527232,13.4265,154.099,97.7236,31.6596,3,0,31490864,0,137.926,35860,0,0,0.00588109,1.36231e-05,0,3.53403e-06,0.00827876,0.0082823,36368,0.00827789,gather
puffer-ball,tight,cell2d,17ee,ee,73267220,13.4919,331.383,213.495,23.6335,2,0,73247897,0,246.148,18950,0,0,0.261332,1.71165e-05,0,1.09423e-06,0.00283538,0.00283648,19323,0.00283432,gather
puffer-ball,tight,cell2d,19ee,ee,130922990,13.3567,765.874,363.586,25.718,13,0,130890272,0,425.761,32255,0,0,0.0053676,9.74121e-06,0,8.46857e-06,0.00504331,0.00505178,32718,0.00504303,gather
puffer-ball,tight,cell2d,21ee,ee,220630674,13.0111,1419.33,606.269,83.1985,23,0,220455231,0,770.602,173531,0,0,0.0237497,8.72229e-06,0,2.87344e-06,0.00433536,0.00433824,175443,0.0043335,gather
puffer-ball,tight,cell2d,23ee,ee,116223315,11.6378,551.21,332.774,53.2303,39,0,116146276,0,444.814,75730,0,0,0.0058187,1.5581e-05,0,7.17721e-06,0.0102457,0.0102529,77039,0.0102463,gather
puffer-ball,tight,cell2d,25ee,ee,69689795,10.8375,368.474,206.397,30.9503,12,0,69653764,0,262.285,35355,0,0,0.0042135,2.01526e-05,0,3.4266e-06,0.0110773,0.0110807,36031,0.0110779,gather
puffer-ball,tight,cell2d,27ee,ee,82136185,11.5106,1008.32,240.091,16.4619,9,0,82120927,0,306.388,14915,0,0,0.00643386,2.31245e-05,0,1.29849e-06,0.0129285,0.0129298,15258,0.012928,gather
puffer-ball,tight,cell2d,29ee,ee,94887797,9.6935,1097.42,271.822,16.4506,1,0,94874413,0,327.712,13132,0,0,0.00567064,1.688e-05,0,6.42395e-06,0.0105389,0.0105453,13384,0.01054,gather
puffer-ball,tight,cell2d,31ee,ee,97686793,10.2901,1152.25,276.447,18.4908,4,0,97676261,0,339.013,10284,0,0,0.00242025,1.88559e-05,0,2.64798e-06,0.00607953,0.00608218,10532,0.00608063,gather
puffer-ball,tight,cell2d,33ee,ee,88606642,12.3034,1187.51,251.582,21.9528,10,0,88594244,0,314.751,12033,0,0,0.00600899,2.371e-05,0,2.22509e-05,0.036583,0.0366052,12398,0.0365829,gather
puffer-ball,tight,cell2d,35ee,ee,79093772,9.36228,1132.84,277.776,21.1517,12,0,79083607,0,301.084,9885,0,0,0.00316752,2.43489e-05,0,2.88261e-06,0.0100769,0.0100798,10165,0.0100746,gather
puffer-ball,tight,cell2d,37ee,ee,70064572,12.8348,1080.06,200.13,17.9411,1,0,70055145,0,225.86,9193,0,0,0.00561203,1.71164e-05,0,5.90243e-06,0.00987294,0.00987885,9427,0.00987625,gather
puffer-ball,tight,cell2d,39ee,ee,62734605,10.2209,934.67,179.672,17.3398,4,0,62725637,0,201.165,8810,0,0,0.00327777,1.85082e-05,0,3.77042e-06,0.0152497,0.0152534,8968,0.0152512,gather
puffer-ball,tight,cell2d,41ee,ee,55054730,10.2623,824.6,158.141,17.1962,0,0,55049267,0,173.911,5328,0,0,0.00158261,2.67006e-05,0,4.2508e-06,0.0238703,0.0238746,5463,0.0238647,gather
puffer-ball,tight,cell2d,43ee,ee,50359254,9.61533,545.951,144.778,15.7154,9,0,50355877,0,157.408,3258,0,0,0.00379388,4.09019e-05,0,2.74666e-06,0.0151294,0.0151322,3377,0.0151291,gather
puffer-ball,tight,cell2d,45ee,ee,48533084,11.0482,593.991,139.801,15.4767,3,0,48531286,0,150.634,1721,0,0,0.00203423,4.03688e-05,0,1.59396e-05,0.0260886,0.0261045,1798,0.0260925,gather
puffer-ball,tight,cell2d,47ee,ee,48260533,13.1605,624.276,138.601,13.7923,3,0,48258910,0,148.07,1577,0,0,0.009421,4.02906e-05,0,1.86257e-05,0.0276013,0.0276199,1623,0.0276108,gather
puffer-ball,tight,cell2d,49ee,ee,48218909,13.6219,577.243,138.418,13.0417,0,0,48217814,0,146.958,1071,0,0,0.00743878,2.91424e-05,0,2.86426e-05,0.0612246,0.0612532,1095,0.0612259,gather
puffer-ball,tight,cell2d,51ee,ee,46698477,12.8635,543.086,134.449,16.113,0,0,46697110,0,145.337,1269,0,0,0.00191346,3.66456e-05,0,2.55383e-05,0.0547993,0.0548249,1367,0.0548019,gather
puffer-ball,tight,cell2d,53ee,ee,44423327,13.0542,484.152,127.951,12.3606,0,0,44422136,0,138.897,1166,0,0,0.00227521,3.82008e-05,0,2.64867e-05,0.0437413,0.0437678,1191,0.0437317,gather
puffer-ball,tight,cell2d,55ee,ee,43158807,13.2771,446.491,124.429,12.7412,0,0,43157213,0,135.738,1548,0,0,0.00402338,2.63597e-05,0,2.41148e-05,0.0359855,0.0360096,1594,0.0359879,gather
puffer-ball,tight,cell2d,57ee,ee,42527985,13.501,604.03,123.389,15.6389,4,0,42527045,0,133.91,911,0,0,0.00236444,4.64358e-05,0,2.78971e-05,0.0476917,0.0477196,940,0.047699,gather
puffer-ball,tight,cell2d,59ee,ee,42541037,13.0464,528.945,123.054,14.2914,0,0,42540006,0,133.349,992,0,0,0.000527347,3.47769e-05,0,4.69356e-05,0.0402465,0.0402934,1031,0.0402679,gather
puffer-ball,tight,cell2d,60ee,ee,42257282,13.2393,518.906,122.487,15.9333,1,0,42255882,0,132.595,1368,0,0,0.0514934,2.35226e-05,0,3.52918e-05,0.0682773,0.0683126,1400,0.0682831,gather
puffer-ball,tight,cell2d,62ee,ee,41024001,13.5675,484.187,118.795,13.7534,0,0,41022883,0,129.34,1082,0,0,0.00102237,2.72956e-05,0,1.40164e-05,0.0284431,0.0284571,1118,0.0284424,gather
puffer-ball,tight,cell2d,64ee,ee,39670269,10.944,424.31,114.509,12.6231,5,0,39669552,0,122.834,694,0,0,0.00195332,2.82986e-05,0,4.86952e-06,0.0559836,0.0559885,717,0.0559845,gather
puffer-ball,tight,cell2d,66ee,ee,38349576,13.2396,392.527,110.613,13.9153,0,0,38349154,0,118.924,382,0,0,0.000923038,5.87754e-05,0,3.94862e-05,0.0979654,0.0980049,422,0.0979538,gather
puffer-ball,tight,cell2d,68ee,ee,36623286,10.6964,399.132,105.552,16.1599,0,0,36622722,0,113.611,514,0,0,0.00149035,5.11511e-05,0,1.8259e-05,0.0450847,0.045103,564,0.0450821,gather
puffer-ball,tight,cell2d,6ee,ee,17690467,14.0228,190.905,54.3299,12.0956,0,0,17688666,0,59.102,1770,0,0,0.00076282,3.69232e-06,0,9.59611e-06,0.0979053,0.0979149,1801,0.0979042,gather
puffer-ball,tight,cell2d,71ee,ee,33473555,12.5501,404.904,97.2106,14.6186,1,0,33473086,0,104.1,462,0,0,0.0018759,4.18276e-05,0,5.75283e-05,0.0806881,0.0807456,469,0.0806885,gather
puffer-ball,tight,cell2d,73ee,ee,31360326,10.5159,418.182,91.6596,14.226,0,0,31359485,0,99.5392,799,0,0,0.00142708,4.26181e-05,0,2.30316e-05,0.0433993,0.0434223,841,0.0434036,gather
puffer-ball,tight,cell2d,75ee,ee,29352738,11.7318,401.932,85.9153,11.813,0,0,29352137,0,92.9289,594,0,0,0.00123988,3.32435e-05,0,1.27149e-05,0.0299152,0.0299279,601,0.0299149,gather
puffer-ball,tight,cell2d,77ee,ee,27223852,11.8668,400.653,80.1871,11.9195,0,0,27223458,0,86.4962,378,0,0,0.000888456,5.41633e-05,0,2.01447e-05,0.0689222,0.0689424,394,0.068924,gather
puffer-ball,tight,cell2d,79ee,ee,25110518,10.6017,376.569,74.4287,14.5419,0,0,25109388,0,81.4005,1083,0,0,0.000830189,3.9502e-05,0,3.52411e-05,0.0471361,0.0471713,1130,0.0471344,gather
puffer-ball,tight,cell2d,80ee,ee,24221710,10.5472,377.305,72.0091,14.3429,0,0,24221029,0,78.697,652,0,0,0.00177399,5.22022e-05,0,4.07298e-05,0.0971171,0.0971579,681,0.0971069,gather
puffer-ball,tight,cell2d,82ee,ee,22850878,13.1248,351.112,67.9844,12.3501,0,0,22850213,0,73.2796,646,0,0,0.00556825,4.12694e-05,0,4.09942e-05,0.069254,0.0692949,665,0.0692596,gather
puffer-ball,tight,cell2d,84ee,ee,22087334,10.8736,347.527,66.003,14.8002,0,0,22087088,0,70.4862,232,0,0,0.00163747,7.67597e-05,0,5.97396e-05,0.0923912,0.0924509,246,0.0924072,gather
puffer-ball,tight,cell2d,86ee,ee,21956131,10.4461,342.496,65.4281,6.58422,0,0,21955951,0,69.5685,178,0,0,0.000670304,1.83206e-05,0,8.93513e-06,0.0365393,0.0365483,180,0.0365372,gather
puffer-ball,tight,cell2d,88ee,ee,22300759,9.78876,342.481,66.3232,0.931369,0,0,22300744,0,70.4308,15,0,0,0.000363962,3.11942e-05,0,0.000126908,0.242758,0.242885,15,0.242783,gather
puffer-ball,tight,cell2d,8ee,ee,30324395,15.5279,337.039,93.2937,24.5339,7,0,30300184,0,122.087,23906,0,0,0.00317809,8.69664e-06,0,3.26879e-06,0.0128442,0.0128474,24211,0.0128441,gather
puffer-ball,tight,cell2d,91ee,ee,23953633,9.11812,355.018,70.8464,1.56883,0,0,23953612,0,75.8164,16,0,0,0.000544084,0.000101841,0,0.000158788,0.285862,0.286021,21,0.285828,gather
puffer-ball,tight,cell2d,93ee,ee,25242225,12.1974,358.025,74.6941,3.43937,0,0,25242152,0,79.4471,73,0,0,0.000385169,6.59653e-05,0,7.78017e-05,0.157107,0.157184,73,0.157104,gather
puffer-ball,tight,cell2d,95ee,ee,26667445,12.9591,357.738,78.4562,9.8389,0,0,26667005,0,84.1712,419,0,0,0.000561267,3.5192e-05,0,1.02763e-05,0.085045,0.0850553,440,0.0850372,gather
puffer-ball,tight,cell2d,97ee,ee,27895701,11.0078,363.48,81.6766,13.4363,0,0,27895457,0,87.7328,234,0,0,0.000496207,4.16035e-05,0,2.23589e-05,0.0799123,0.0799347,244,0.0799103,gather
puffer-ball,tight,cell2d,99ee,ee,28709263,13.7405,370.182,84.1887,6.7031,0,0,28709109,0,90.8325,149,0,0,0.000393385,4.8705e-05,0,3.53911e-05,0.114549,0.114585,154,0.114532,gather
puffer-ball,tight,cell2dmin,100ee,ee,28919455,8.5759,91.0108,87.0024,9.36308,0,0,28919246,0,92.7567,203,0,0,0.00153916,3.2745e-05,0,1.39244e-05,0.0676862,0.0677002,209,0.067688,packed
puffer-ball,tight,cell2dmin,102ee,ee,28946829,23.1901,96.1598,86.8477,10.4115,0,0,28946542,0,92.2022,260,0,0,0.00258564,2.1682e-05,0,7.04379e-06,0.112277,0.112285,287,0.112274,packed
puffer-ball,tight,cell2dmin,104ee,ee,28228899,23.8509,84.9589,86.1158,13.6076,0,0,28228554,0,91.8655,340,0,0,0.000616906,5.12403e-05,0,2.58572e-05,0.109901,0.109927,345,0.109909,packed
puffer-ball,tight,cell2dmin,106ee,ee,26895346,23.9478,77.6375,82.5952,5.17116,0,0,26895248,0,87.1093,96,0,0,0.000598434,3.9413e-05,0,1.73941e-05,0.138342,0.138359,98,0.138351,packed
puffer-ball,tight,cell2dmin,108ee,ee,25305097,24.1038,79.4429,77.4605,1.66319,0,0,25305039,0,81.9907,56,0,0,8.35378e-05,2.63881e-05,0,7.2707e-05,0.173807,0.17388,58,0.173813,packed
puffer-ball,tight,cell2dmin,10ee,ee,70608441,23.9112,88.214,218.354,23.828,7,0,70584169,0,257.593,23878,0,0,0.00879849,1.79802e-05,0,1.04932e-05,0.0156736,0.0156841,24272,0.0156784,packed
puffer-ball,tight,cell2dmin,112ee,ee,21884978,23.6048,99.1183,67.785,5.18738,0,0,21884898,0,71.2122,80,0,0,0.000290373,0.000125135,0,0.000124456,0.351329,0.351453,80,0.351334,packed
puffer-ball,tight,cell2dmin,115ee,ee,19542341,24.8278,96.5092,60.6722,1.11469,0,0,19542330,0,64.0574,11,0,0,0.00059213,7.19629e-05,0,4.66298e-05,0.311446,0.311493,11,0.311447,packed
puffer-ball,tight,cell2dmin,118ee,ee,17299191,25.8987,117.692,54.0402,0.486932,0,0,17299185,0,56.9788,6,0,0,0.00020184,6.93317e-05,0,7.20139e-05,0.130613,0.130685,6,0.130615,packed
puffer-ball,tight,cell2dmin,11ee,ee,21521802,22.7875,88.3349,70.6616,13.8331,0,0,21520998,0,77.1918,765,0,0,0.0021401,5.21488e-05,0,2.62743e-05,0.0623502,0.0623765,804,0.0623474,packed
puffer-ball,tight,cell2dmin,122ee,ee,14435994,26.184,127.747,54.6791,1.43225,0,0,14435973,0,56.0759,21,0,0,0.00020586,5.41317e-05,0,0.000298305,0.226119,0.226417,21,0.226212,packed
puffer-ball,tight,cell2dmin,124ee,ee,13157962,27.036,146.146,42.0091,0.425717,0,0,13157956,0,44.0629,6,0,0,8.05703e-05,4.34825e-05,0,7.45875e-05,0.603277,0.603352,6,0.603271,packed
puffer-ball,tight,cell2dmin,127ee,ee,11696160,25.589,144.229,37.7103,0.503283,0,0,11696154,0,39.5529,6,0,0,0.000320208,0.000132942,0,0.000315111,0.385681,0.385996,6,0.385681,packed
puffer-ball,tight,cell2dmin,129ee,ee,11020201,26.3366,144.37,35.5562,1.39561,0,0,11020174,0,37.3514,27,0,0,0.000329519,4.45959e-05,0,3.89232e-05,0.141983,0.142022,27,0.141983,packed
puffer-ball,tight,cell2dmin,13ee,ee,30747851,25.7433,89.3422,99.297,45.5195,15,0,30669697,0,164.543,77347,0,0,0.00633841,7.65945e-06,0,5.04137e-06,0.00343401,0.00343905,78154,0.00343704,packed
puffer-ball,tight,cell2dmin,15ee,ee,31527232,22.7654,92.1487,101.07,31.308,3,0,31490864,0,141.372,35860,0,0,0.00588109,1.36231e-05,0,4.05673e-06,0.00827824,0.0082823,36368,0.00827789,packed
puffer-ball,tight,cell2dmin,17ee,ee,73267220,22.5324,90.3355,219.463,23.9577,2,0,73247897,0,288.973,18950,0,0,0.261332,1.71165e-05,0,1.0679e-06,0.00283541,0.00283648,19323,0.00283432,packed
puffer-ball,tight,cell2dmin,19ee,ee,130922990,22.7176,110.958,371.535,25.8938,13,0,130890272,0,435.581,32255,0,0,0.0053676,9.74121e-06,0,8.50322e-06,0.00504327,0.00505178,32718,0.00504303,packed
puffer-ball,tight,cell2dmin,21ee,ee,220630674,21.8703,168.065,621.397,83.4843,23,0,220455231,0,782.912,173531,0,0,0.0237497,8.72229e-06,0,2.13307e-06,0.0043361,0.00433824,175443,0.0043335,packed
puffer-ball,tight,cell2dmin,23ee,ee,116223315,20.3352,106.789,343.561,53.3335,39,0,116146276,0,440.798,75730,0,0,0.0058187,1.5581e-05,0,5.19289e-06,0.0102477,0.0102529,77039,0.0102463,packed
puffer-ball,tight,cell2dmin,25ee,ee,69689795,23.2132,99.4631,213.512,31.0326,12,0,69653764,0,272.152,35355,0,0,0.0042135,2.01526e-05,0,4.1015e-06,0.0110766,0.0110807,36031,0.0110779,packed
puffer-ball,tight,cell2dmin,27ee,ee,82136185,23.3639,121.515,246.557,16.2048,9,0,82120927,0,310.994,14915,0,0,0.00643386,2.31245e-05,0,1.21372e-06,0.0129286,0.0129298,15258,0.012928,packed
puffer-ball,tight,cell2dmin,29ee,ee,94887797,21.3092,132.876,278.397,16.5107,1,0,94874413,0,334.257,13132,0,0,0.00567064,1.688e-05,0,6.29599e-06,0.0105391,0.0105453,13384,0.01054,packed
puffer-ball,tight,cell2dmin,31ee,ee,97686793,21.4377,129.161,283.614,18.8919,4,0,97676261,0,339.716,10284,0,0,0.00242025,1.88559e-05,0,1.88065e-06,0.0060803,0.00608218,10532,0.00608063,packed
puffer-ball,tight,cell2dmin,33ee,ee,88606642,22.167,122.742,258.08,22.4033,10,0,88594244,0,291.596,12033,0,0,0.00600899,2.371e-05,0,1.87079e-05,0.0365865,0.0366052,12398,0.0365829,packed
puffer-ball,tight,cell2dmin,35ee,ee,79093772,22.3927,116.373,231.311,21.2726,12,0,79083607,0,294.44,9885,0,0,0.00316752,2.43489e-05,0,2.65571e-06,0.0100771,0.0100798,10165,0.0100746,packed
puffer-ball,tight,cell2dmin,37ee,ee,70064572,22.8417,111.364,205.531,18.1013,1,0,70055145,0,232.518,9193,0,0,0.00561203,1.71164e-05,0,5.00149e-06,0.00987384,0.00987885,9427,0.00987625,packed
puffer-ball,tight,cell2dmin,39ee,ee,62734605,22.5753,105.796,185.375,17.3802,4,0,62725637,0,207.76,8810,0,0,0.00327777,1.85082e-05,0,3.81753e-06,0.0152496,0.0152534,8968,0.0152512,packed
puffer-ball,tight,cell2dmin,41ee,ee,55054730,22.6904,101.9,162.878,17.2793,0,0,55049267,0,180.295,5328,0,0,0.00158261,2.67006e-05,0,5.90252e-06,0.0238687,0.0238746,5463,0.0238647,packed
puffer-ball,tight,cell2dmin,43ee,ee,50359254,22.7483,103.584,149.13,15.778,9,0,50355877,0,162.449,3258,0,0,0.00379388,4.09019e-05,0,4.91378e-06,0.0151273,0.0151322,3377,0.0151291,packed
puffer-ball,tight,cell2dmin,45ee,ee,48533084,22.1733,99.3672,143.839,15.5133,3,0,48531286,0,154.412,1721,0,0,0.00203423,4.03688e-05,0,1.38227e-05,0.0260907,0.0261045,1798,0.0260925,packed
puffer-ball,tight,cell2dmin,47ee,ee,48260533,21.4907,92.4912,142.485,13.873,3,0,48258910,0,152.533,1577,0,0,0.009421,4.02906e-05,0,1.84966e-05,0.0276014,0.0276199,1623,0.0276108,packed
puffer-ball,tight,cell2dmin,49ee,ee,48218909,21.4717,93.5287,142.198,13.1436,0,0,48217814,0,151.274,1071,0,0,0.00743878,2.91424e-05,0,2.82098e-05,0.061225,0.0612532,1095,0.0612259,packed
puffer-ball,tight,cell2dmin,51ee,ee,46698477,22.9604,95.7746,138.274,16.0987,0,0,46697110,0,146.334,1269,0,0,0.00191346,3.66456e-05,0,2.51307e-05,0.0547997,0.0548249,1367,0.0548019,packed
puffer-ball,tight,cell2dmin,53ee,ee,44423327,22.102,123.383,131.802,12.4017,0,0,44422136,0,142.27,1166,0,0,0.00227521,3.82008e-05,0,2.34026e-05,0.0437444,0.0437678,1191,0.0437317,packed
puffer-ball,tight,cell2dmin,55ee,ee,43158807,22.5145,117.161,128.135,12.7206,0,0,43157213,0,138.717,1548,0,0,0.00402338,2.63597e-05,0,2.07038e-05,0.0359889,0.0360096,1594,0.0359879,packed
puffer-ball,tight,cell2dmin,57ee,ee,42527985,22.586,115.657,126.49,15.7275,4,0,42527045,0,137.206,911,0,0,0.00236444,4.64358e-05,0,2.8829e-05,0.0476907,0.0477196,940,0.047699,packed
puffer-ball,tight,cell2dmin,59ee,ee,42541037,23.1408,121.615,126.377,14.3471,0,0,42540006,0,135.943,992,0,0,0.000527347,3.47769e-05,0,4.58215e-05,0.0402476,0.0402934,1031,0.0402679,packed
puffer-ball,tight,cell2dmin,60ee,ee,42257282,22.5162,113.717,125.572,16.0305,1,0,42255882,0,135.813,1368,0,0,0.0514934,2.35226e-05,0,2.88884e-05,0.0682837,0.0683126,1400,0.0682831,packed
puffer-ball,tight,cell2dmin,62ee,ee,41024001,22.5462,115.049,122.504,13.8596,0,0,41022883,0,132.091,1082,0,0,0.00102237,2.72956e-05,0,1.29083e-05,0.0284442,0.0284571,1118,0.0284424,packed
puffer-ball,tight,cell2dmin,64ee,ee,39670269,22.6091,111.669,118.187,12.6761,5,0,39669552,0,126.799,694,0,0,0.00195332,2.82986e-05,0,7.05306e-06,0.0559814,0.0559885,717,0.0559845,packed
puffer-ball,tight,cell2dmin,66ee,ee,38349576,22.6584,107.138,114.052,13.9932,0,0,38349154,0,121.889,382,0,0,0.000923038,5.87754e-05,0,4.00417e-05,0.0979649,0.0980049,422,0.0979538,packed
puffer-ball,tight,cell2dmin,68ee,ee,36623286,22.3063,106.601,108.86,16.1876,0,0,36622722,0,117.002,514,0,0,0.00149035,5.11511e-05,0,2.08143e-05,0.0450822,0.045103,564,0.0450821,packed
puffer-ball,tight,cell2dmin,6ee,ee,17690467,34.5507,130.162,56.5932,12.104,0,0,17688666,0,61.817,1770,0,0,0.00076282,3.69232e-06,0,1.27878e-05,0.0979021,0.0979149,1801,0.0979042,packed
puffer-ball,tight,cell2dmin,71ee,ee,33473555,21.9403,104.421,100.415,14.6357,1,0,33473086,0,107.609,462,0,0,0.0018759,4.18276e-05,0,4.88545e-05,0.0806968,0.0807456,469,0.0806885,packed
puffer-ball,tight,cell2dmin,73ee,ee,31360326,23.1166,106.233,94.3787,14.3036,0,0,31359485,0,100.985,799,0,0,0.00142708,4.26181e-05,0,1.71183e-05,0.0434052,0.0434223,841,0.0434036,packed
puffer-ball,tight,cell2dmin,75ee,ee,29352738,22.7673,105.812,88.662,11.8297,0,0,29352137,0,94.811,594,0,0,0.00123988,3.32435e-05,0,1.32726e-05,0.0299146,0.0299279,601,0.0299149,packed
puffer-ball,tight,cell2dmin,77ee,ee,27223852,23.3106,93.0229,82.7591,11.8286,0,0,27223458,0,88.8646,378,0,0,0.000888456,5.41633e-05,0,1.69362e-05,0.0689254,0.0689424,394,0.068924,packed
puffer-ball,tight,cell2dmin,79ee,ee,25110518,23.1378,94.3006,76.9254,14.6589,0,0,25109388,0,83.2428,1083,0,0,0.000830189,3.9502e-05,0,2.80979e-05,0.0471433,0.0471713,1130,0.0471344,packed
puffer-ball,tight,cell2dmin,80ee,ee,24221710,23.0268,92.0398,74.4968,14.3907,0,0,24221029,0,79.8212,652,0,0,0.00177399,5.22022e-05,0,4.24303e-05,0.0971154,0.0971579,681,0.0971069,packed
puffer-ball,tight,cell2dmin,82ee,ee,22850878,24.5395,105.006,70.5569,12.4336,0,0,22850213,0,75.7044,646,0,0,0.00556825,4.12694e-05,0,4.26987e-05,0.0692522,0.0692949,665,0.0692596,packed
puffer-ball,tight,cell2dmin,84ee,ee,22087334,23.1168,107.127,68.355,14.9336,0,0,22087088,0,72.4487,232,0,0,0.00163747,7.67597e-05,0,4.30663e-05,0.0924079,0.0924509,246,0.0924072,packed
puffer-ball,tight,cell2dmin,86ee,ee,21956131,22.2609,97.5999,67.6553,6.68434,0,0,21955951,0,71.5941,178,0,0,0.000670304,1.83206e-05,0,1.39841e-05,0.0365343,0.0365483,180,0.0365372,packed
puffer-ball,tight,cell2dmin,88ee,ee,22300759,23.4339,97.7748,68.6834,0.95735,0,0,22300744,0,72.5055,15,0,0,0.000363962,3.11942e-05,0,0.000124295,0.242761,0.242885,15,0.242783,packed
puffer-ball,tight,cell2dmin,8ee,ee,30324395,29.0128,88.6562,96.9936,24.2902,7,0,30300184,0,126.018,23906,0,0,0.00317809,8.69664e-06,0,2.80811e-06,0.0128446,0.0128474,24211,0.0128441,packed
puffer-ball,tight,cell2dmin,91ee,ee,23953633,21.5877,98.3323,73.4185,1.66936,0,0,23953612,0,78.0536,16,0,0,0.000544084,0.000101841,0,0.000172461,0.285849,0.286021,21,0.285828,packed
puffer-ball,tight,cell2dmin,93ee,ee,25242225,22.9396,98.2038,77.1066,3.48816,0,0,25242152,0,81.6791,73,0,0,0.000385169,6.59653e-05,0,8.89106e-05,0.157095,0.157184,73,0.157104,packed
puffer-ball,tight,cell2dmin,95ee,ee,26667445,22.8549,94.6974,81.124,9.88713,0,0,26667005,0,86.6577,419,0,0,0.000561267,3.5192e-05,0,1.78424e-05,0.0850374,0.0850553,440,0.0850372,packed
puffer-ball,tight,cell2dmin,97ee,ee,27895701,22.6776,98.9212,84.3226,13.5197,0,0,27895457,0,89.3318,234,0,0,0.000496207,4.16035e-05,0,9.46135e-06,0.0799252,0.0799347,244,0.0799103,packed
puffer-ball,tight,cell2dmin,99ee,ee,28709263,23.034,96.6735,86.8262,6.73099,0,0,28709109,0,92.1783,149,0,0,0.000393385,4.8705e-05,0,3.55309e-05,0.114549,0.114585,154,0.114532,packed
puffer-ball,tight,cell2dmin,100ee,ee,28919455,12.0707,96.5709,86.9091,9.40228,0,0,28919246,0,92.8724,203,0,0,0.00153916,3.2745e-05,0,2.00572e-05,0.0676801,0.0677002,209,0.067688,packed
puffer-ball,tight,cell2dmin,102ee,ee,28946829,22.1067,97.0113,86.7143,10.413,0,0,28946542,0,92.5675,260,0,0,0.00258564,2.1682e-05,0,1.22373e-05,0.112272,0.112285,287,0.112274,packed
puffer-ball,tight,cell2dmin,104ee,ee,28228899,24.5366,83.1757,85.7148,13.6172,0,0,28228554,0,91.7582,340,0,0,0.000616906,5.12403e-05,0,2.58572e-05,0.109901,0.109927,345,0.109909,packed
puffer-ball,tight,cell2dmin,106ee,ee,26895346,24.4628,102.455,81.6902,5.16946,0,0,26895248,0,87.2589,96,0,0,0.000598434,3.9413e-05,0,1.73941e-05,0.138342,0.138359,98,0.138351,packed
puffer-ball,tight,cell2dmin,108ee,ee,25305097,25.2213,86.3403,77.5915,1.70005,0,0,25305039,0,82.0658,56,0,0,8.35378e-05,2.63881e-05,0,7.2707e-05,0.173807,0.17388,58,0.173813,packed
puffer-ball,tight,cell2dmin,10ee,ee,70608441,24.7153,91.528,217.975,23.6053,7,0,70584169,0,258.859,23878,0,0,0.00879849,1.79802e-05,0,1.04932e-05,0.0156736,0.0156841,24272,0.0156784,packed
puffer-ball,tight,cell2dmin,112ee,ee,21884978,23.8564,101.378,67.5005,5.1909,0,0,21884898,0,70.9917,80,0,0,0.000290373,0.000125135,0,0.000124456,0.351329,0.351453,80,0.351334,packed
puffer-ball,tight,cell2dmin,115ee,ee,19542341,25.4919,111.919,60.5849,1.10756,0,0,19542330,0,63.6655,11,0,0,0.00059213,7.19629e-05,0,4.66298e-05,0.311446,0.311493,11,0.311447,packed
puffer-ball,tight,cell2dmin,118ee,ee,17299191,26.5847,124.399,54.4316,0.484883,0,0,17299185,0,57.061,6,0,0,0.00020184,6.93317e-05,0,7.20139e-05,0.130613,0.130685,6,0.130615,packed
puffer-ball,tight,cell2dmin,11ee,ee,21521802,23.3316,88.4496,70.8086,13.7952,0,0,21520998,0,76.7663,765,0,0,0.0021401,5.21488e-05,0,2.62743e-05,0.0623502,0.0623765,804,0.0623474,packed
puffer-ball,tight,cell2dmin,122ee,ee,14435994,26.0891,139.346,48.1177,1.43673,0,0,14435973,0,50.5981,21,0,0,0.00020586,5.41317e-05,0,0.000298305,0.226119,0.226417,21,0.226212,packed
puffer-ball,tight,cell2dmin,124ee,ee,13157962,28.7093,142.628,42.1099,0.434581,0,0,13157956,0,44.3739,6,0,0,8.05703e-05,4.34825e-05,0,7.45875e-05,0.603277,0.603352,6,0.603271,packed
puffer-ball,tight,cell2dmin,127ee,ee,11696160,26.2346,150.336,37.8048,0.841258,0,0,11696154,0,39.3402,6,0,0,0.000320208,0.000132942,0,0.000315111,0.385681,0.385996,6,0.385681,packed
puffer-ball,tight,cell2dmin,129ee,ee,11020201,25.7692,151.052,35.6538,1.50834,0,0,11020174,0,37.4976,27,0,0,0.000329519,4.45959e-05,0,3.89232e-05,0.141983,0.142022,27,0.141983,packed
puffer-ball,tight,cell2dmin,13ee,ee,30747851,25.2479,97.3487,99.2192,45.4625,15,0,30669697,0,164.494,77347,0,0,0.00633841,7.65945e-06,0,5.04137e-06,0.00343401,0.00343905,78154,0.00343704,packed
puffer-ball,tight,cell2dmin,15ee,ee,31527232,24.0586,93.6729,101.109,31.0943,3,0,31490864,0,141.695,35860,0,0,0.00588109,1.36231e-05,0,4.05673e-06,0.00827824,0.0082823,36368,0.00827789,packed
puffer-ball,tight,cell2dmin,17ee,ee,73267220,22.1408,88.6526,219.433,24.0332,2,0,73247897,0,253.52,18950,0,0,0.261332,1.71165e-05,0,1.0679e-06,0.00283541,0.00283648,19323,0.00283432,packed
puffer-ball,tight,cell2dmin,19ee,ee,130922990,23.3404,108.556,370.945,25.8944,13,0,130890272,0,439.1,32255,0,0,0.0053676,9.74121e-06,0,8.50322e-06,0.00504327,0.00505178,32718,0.00504303,packed
puffer-ball,tight,cell2dmin,21ee,ee,220630674,21.8114,171.791,621.294,83.385,23,0,220455231,0,798.34,173531,0,0,0.0237497,8.72229e-06,0,3.50907e-06,0.00433473,0.00433824,175443,0.0043335,packed
puffer-ball,tight,cell2dmin,23ee,ee,116223315,22.0167,108.312,343.654,53.2159,39,0,116146276,0,442.598,75730,0,0,0.0058187,1.5581e-05,0,5.19289e-06,0.0102477,0.0102529,77039,0.0102463,packed
puffer-ball,tight,cell2dmin,25ee,ee,69689795,21.3694,95.6357,213.537,30.8174,12,0,69653764,0,273.021,35355,0,0,0.0042135,2.01526e-05,0,4.1015e-06,0.0110766,0.0110807,36031,0.0110779,packed
puffer-ball,tight,cell2dmin,27ee,ee,82136185,21.6275,119.469,246.58,16.5032,9,0,82120927,0,282.556,14915,0,0,0.00643386,2.31245e-05,0,2.68627e-06,0.0129271,0.0129298,15258,0.012928,packed
puffer-ball,tight,cell2dmin,29ee,ee,94887797,20.7731,137.856,278.383,16.6599,1,0,94874413,0,334.479,13132,0,0,0.00567064,1.688e-05,0,5.36218e-06,0.01054,0.0105453,13384,0.01054,packed
puffer-ball,tight,cell2dmin,31ee,ee,97686793,21.7037,143.481,283.419,18.4413,4,0,97676261,0,338.048,10284,0,0,0.00242025,1.88559e-05,0,1.44148e-06,0.00608074,0.00608218,10532,0.00608063,packed
puffer-ball,tight,cell2dmin,33ee,ee,88606642,21.6808,124.256,257.913,21.9509,10,0,88594244,0,289.297,12033,0,0,0.00600899,2.371e-05,0,1.87079e-05,0.0365865,0.0366052,12398,0.0365829,packed
puffer-ball,tight,cell2dmin,35ee,ee,79093772,22.4109,115.163,231.016,21.0915,12,0,79083607,0,262.011,9885,0,0,0.00316752,2.43489e-05,0,2.65571e-06,0.0100771,0.0100798,10165,0.0100746,packed
puffer-ball,tight,cell2dmin,37ee,ee,70064572,21.5486,111.03,205.655,17.9095,1,0,70055145,0,232.395,9193,0,0,0.00561203,1.71164e-05,0,5.00149e-06,0.00987384,0.00987885,9427,0.00987625,packed
puffer-ball,tight,cell2dmin,39ee,ee,62734605,22.2927,105.118,185.153,17.3331,4,0,62725637,0,210.142,8810,0,0,0.00327777,1.85082e-05,0,3.81753e-06,0.0152496,0.0152534,8968,0.0152512,packed
puffer-ball,tight,cell2dmin,41ee,ee,55054730,22.0146,105.043,162.736,17.3003,0,0,55049267,0,180.598,5328,0,0,0.00158261,2.67006e-05,0,5.90252e-06,0.0238687,0.0238746,5463,0.0238647,packed
puffer-ball,tight,cell2dmin,43ee,ee,50359254,22.6825,103.542,149.201,15.7354,9,0,50355877,0,163.583,3258,0,0,0.00379388,4.09019e-05,0,4.91378e-06,0.0151273,0.0151322,3377,0.0151291,packed
puffer-ball,tight,cell2dmin,45ee,ee,48533084,21.8764,98.868,143.927,15.5896,3,0,48531286,0,156.115,1721,0,0,0.00203423,4.03688e-05,0,1.38227e-05,0.0260907,0.0261045,1798,0.0260925,packed
puffer-ball,tight,cell2dmin,47ee,ee,48260533,24.7259,94.4605,142.424,13.8897,3,0,48258910,0,153.183,1577,0,0,0.009421,4.02906e-05,0,1.84966e-05,0.0276014,0.0276199,1623,0.0276108,packed
puffer-ball,tight,cell2dmin,49ee,ee,48218909,22.6351,97.335,142.026,13.1462,0,0,48217814,0,152.535,1071,0,0,0.00743878,2.91424e-05,0,2.82098e-05,0.061225,0.0612532,1095,0.0612259,packed
puffer-ball,tight,cell2dmin,51ee,ee,46698477,21.9198,95.2476,138.188,16.0123,0,0,46697110,0,149.026,1269,0,0,0.00191346,3.66456e-05,0,2.51307e-05,0.0547997,0.0548249,1367,0.0548019,packed
puffer-ball,tight,cell2dmin,53ee,ee,44423327,21.8278,116.295,131.672,12.4227,0,0,44422136,0,141.498,1166,0,0,0.00227521,3.82008e-05,0,2.34026e-05,0.0437444,0.0437678,1191,0.0437317,packed
puffer-ball,tight,cell2dmin,55ee,ee,43158807,23.2038,125.216,128.079,12.7698,0,0,43157213,0,137.551,1548,0,0,0.00402338,2.63597e-05,0,2.07038e-05,0.0359889,0.0360096,1594,0.0359879,packed
puffer-ball,tight,cell2dmin,57ee,ee,42527985,22.9121,119.833,126.641,15.6893,4,0,42527045,0,135.747,911,0,0,0.00236444,4.64358e-05,0,2.8829e-05,0.0476907,0.0477196,940,0.047699,packed
puffer-ball,tight,cell2dmin,59ee,ee,42541037,22.9,117.835,126.391,14.2923,0,0,42540006,0,135.366,992,0,0,0.000527347,3.47769e-05,0,4.58215e-05,0.0402476,0.0402934,1031,0.0402679,packed
puffer-ball,tight,cell2dmin,60ee,ee,42257282,22.6251,117.046,125.62,15.969,1,0,42255882,0,135.173,1368,0,0,0.0514934,2.35226e-05,0,2.88884e-05,0.0682837,0.0683126,1400,0.0682831,packed
puffer-ball,tight,cell2dmin,62ee,ee,41024001,23.1976,112.471,122.031,13.794,0,0,41022883,0,130.925,1082,0,0,0.00102237,2.72956e-05,0,1.29083e-05,0.0284442,0.0284571,1118,0.0284424,packed
puffer-ball,tight,cell2dmin,64ee,ee,39670269,22.7736,118.091,117.992,12.6433,5,0,39669552,0,126.527,694,0,0,0.00195332,2.82986e-05,0,7.05306e-06,0.0559814,0.0559885,717,0.0559845,packed
puffer-ball,tight,cell2dmin,66ee,ee,38349576,22.6508,118.458,114.09,13.9849,0,0,38349154,0,121.321,382,0,0,0.000923038,5.87754e-05,0,4.00417e-05,0.0979649,0.0980049,422,0.0979538,packed
puffer-ball,tight,cell2dmin,68ee,ee,36623286,22.0324,101.319,108.968,16.165,0,0,36622722,0,115.992,514,0,0,0.00149035,5.11511e-05,0,2.08143e-05,0.0450822,0.045103,564,0.0450821,packed
puffer-ball,tight,cell2dmin,6ee,ee,17690467,35.0322,129.043,56.3474,12.1146,0,0,17688666,0,61.4627,1770,0,0,0.00076282,3.69232e-06,0,1.3112e-05,0.0979018,0.0979149,1801,0.0979042,packed
puffer-ball,tight,cell2dmin,71ee,ee,33473555,22.6712,105.244,100.122,14.6872,1,0,33473086,0,107.208,462,0,0,0.0018759,4.18276e-05,0,4.88545e-05,0.0806968,0.0807456,469,0.0806885,packed
puffer-ball,tight,cell2dmin,73ee,ee,31360326,22.8819,103.376,94.3952,14.2523,0,0,31359485,0,101.333,799,0,0,0.00142708,4.26181e-05,0,1.71183e-05,0.0434052,0.0434223,841,0.0434036,packed
puffer-ball,tight,cell2dmin,75ee,ee,29352738,22.7531,95.4892,88.686,11.8298,0,0,29352137,0,95.3263,594,0,0,0.00123988,3.32435e-05,0,1.32726e-05,0.0299146,0.0299279,601,0.0299149,packed
puffer-ball,tight,cell2dmin,77ee,ee,27223852,22.566,94.3916,82.6178,11.8321,0,0,27223458,0,88.7266,378,0,0,0.000888456,5.41633e-05,0,1.69362e-05,0.0689254,0.0689424,394,0.068924,packed
puffer-ball,tight,cell2dmin,79ee,ee,25110518,22.8566,93.6517,76.9306,14.6117,0,0,25109388,0,83.6337,1083,0,0,0.000830189,3.9502e-05,0,2.80979e-05,0.0471433,0.0471713,1130,0.0471344,packed
puffer-ball,tight,cell2dmin,80ee,ee,24221710,23.6045,98.9988,74.3401,14.3834,0,0,24221029,0,80.2005,652,0,0,0.00177399,5.22022e-05,0,4.24303e-05,0.0971154,0.0971579,681,0.0971069,packed
puffer-ball,tight,cell2dmin,82ee,ee,22850878,23.0543,105.974,70.316,12.4049,0,0,22850213,0,75.7935,646,0,0,0.00556825,4.12694e-05,0,4.26987e-05,0.0692522,0.0692949,665,0.0692596,packed
puffer-ball,tight,cell2dmin,84ee,ee,22087334,23.4867,106.521,68.4164,14.9068,0,0,22087088,0,72.7849,232,0,0,0.00163747,7.67597e-05,0,4.30663e-05,0.0924079,0.0924509,246,0.0924072,packed
puffer-ball,tight,cell2dmin,86ee,ee,21956131,23.5237,104.013,67.605,6.71096,0,0,21955951,0,72.0449,178,0,0,0.000670304,1.83206e-05,0,1.39841e-05,0.0365343,0.0365483,180,0.0365372,packed
puffer-ball,tight,cell2dmin,88ee,ee,22300759,23.2942,104.195,68.6358,0.966695,0,0,22300744,0,72.7466,15,0,0,0.000363962,3.11942e-05,0,0.000124295,0.242761,0.242885,15,0.242783,packed
puffer-ball,tight,cell2dmin,8ee,ee,30324395,28.0898,85.7796,96.8997,24.3266,7,0,30300184,0,124.086,23906,0,0,0.00317809,8.69664e-06,0,2.80811e-06,0.0128446,0.0128474,24211,0.0128441,packed
puffer-ball,tight,cell2dmin,91ee,ee,23953633,22.9726,98.5331,73.2103,1.59513,0,0,23953612,0,78.0243,16,0,0,0.000544084,0.000101841,0,0.000172461,0.285849,0.286021,21,0.285828,packed
puffer-ball,tight,cell2dmin,93ee,ee,25242225,22.3557,80.9046,77.1438,3.45716,0,0,25242152,0,81.5438,73,0,0,0.000385169,6.59653e-05,0,8.89106e-05,0.157095,0.157184,73,0.157104,packed
puffer-ball,tight,cell2dmin,95ee,ee,26667445,22.6839,95.7803,81.0705,9.89024,0,0,26667005,0,86.4328,419,0,0,0.000561267,3.5192e-05,0,1.78424e-05,0.0850374,0.0850553,440,0.0850372,packed
puffer-ball,tight,cell2dmin,97ee,ee,27895701,23.1461,95.864,84.0997,13.4988,0,0,27895457,0,89.5427,234,0,0,0.000496207,4.16035e-05,0,9.46135e-06,0.0799252,0.0799347,244,0.0799103,packed
puffer-ball,tight,cell2dmin,99ee,ee,28709263,22.655,99.3088,86.6876,6.69714,0,0,28709109,0,92.2634,149,0,0,0.000393385,4.8705e-05,0,3.55309e-05,0.114549,0.114585,154,0.114532,packed
puffer-ball,tight,cell2dmin,100ee,ee,28919455,15.1022,143.847,86.7574,9.42078,0,0,28919246,0,92.4573,203,0,0,0.00153916,3.2745e-05,0,2.00572e-05,0.0676801,0.0677002,209,0.067688,packed
puffer-ball,tight,cell2dmin,102ee,ee,28946829,23.6873,159.871,86.7539,10.3889,0,0,28946542,0,92.4403,260,0,0,0.00258564,2.1682e-05,0,1.22373e-05,0.112272,0.112285,287,0.112274,packed
puffer-ball,tight,cell2dmin,104ee,ee,28228899,26.6663,145.852,85.8328,13.6269,0,0,28228554,0,91.436,340,0,0,0.000616906,5.12403e-05,0,2.58572e-05,0.109901,0.109927,345,0.109909,packed
puffer-ball,tight,cell2dmin,106ee,ee,26895346,26.1896,141.16,82.0592,5.16924,0,0,26895248,0,86.5047,96,0,0,0.000598434,3.9413e-05,0,1.73941e-05,0.138342,0.138359,98,0.138351,packed
puffer-ball,tight,cell2dmin,108ee,ee,25305097,25.5029,143.798,77.7178,1.64255,0,0,25305039,0,81.2598,56,0,0,8.35378e-05,2.63881e-05,0,7.2707e-05,0.173807,0.17388,58,0.173813,packed
puffer-ball,tight,cell2dmin,10ee,ee,70608441,24.4452,90.0357,218.128,23.7235,7,0,70584169,0,255.321,23878,0,0,0.00879849,1.79802e-05,0,1.04932e-05,0.0156736,0.0156841,24272,0.0156784,packed
puffer-ball,tight,cell2dmin,112ee,ee,21884978,24.7219,152.082,67.6707,5.17446,0,0,21884898,0,71.7608,80,0,0,0.000290373,0.000125135,0,0.000124456,0.351329,0.351453,80,0.351334,packed
puffer-ball,tight,cell2dmin,115ee,ee,19542341,26.8883,140.134,60.4834,1.08647,0,0,19542330,0,65.1935,11,0,0,0.00059213,7.19629e-05,0,4.66298e-05,0.311446,0.311493,11,0.311447,packed
puffer-ball,tight,cell2dmin,118ee,ee,17299191,25.5196,154.101,54.5197,0.488276,0,0,17299185,0,57.2029,6,0,0,0.00020184,6.93317e-05,0,7.20139e-05,0.130613,0.130685,6,0.130615,packed
puffer-ball,tight,cell2dmin,11ee,ee,21521802,24.2648,140.211,70.7579,13.7736,0,0,21520998,0,76.6841,765,0,0,0.0021401,5.21488e-05,0,3.14268e-05,0.062345,0.0623765,804,0.0623474,packed
puffer-ball,tight,cell2dmin,122ee,ee,14435994,28.2996,145.448,53.6532,1.43193,0,0,14435973,0,56.2276,21,0,0,0.00020586,5.41317e-05,0,0.000298305,0.226119,0.226417,21,0.226212,packed
puffer-ball,tight,cell2dmin,124ee,ee,13157962,26.9663,149.081,42.2239,0.454036,0,0,13157956,0,44.0362,6,0,0,8.05703e-05,4.34825e-05,0,7.45875e-05,0.603277,0.603352,6,0.603271,packed
puffer-ball,tight,cell2dmin,127ee,ee,11696160,26.9319,92.7659,37.464,0.841034,0,0,11696154,0,39.4335,6,0,0,0.000320208,0.000132942,0,0.000315111,0.385681,0.385996,6,0.385681,packed
puffer-ball,tight,cell2dmin,129ee,ee,11020201,26.3143,95.805,35.5736,1.47283,0,0,11020174,0,37.7116,27,0,0,0.000329519,4.45959e-05,0,3.89232e-05,0.141983,0.142022,27,0.141983,packed
puffer-ball,tight,cell2dmin,13ee,ee,30747851,23.7739,137.812,99.1437,45.9319,15,0,30669697,0,163.847,77347,0,0,0.00633841,7.65945e-06,0,5.04137e-06,0.00343401,0.00343905,78154,0.00343704,packed
puffer-ball,tight,cell2dmin,15ee,ee,31527232,22.5509,144.887,101.337,31.4221,3,0,31490864,0,141.464,35860,0,0,0.00588109,1.36231e-05,0,4.05673e-06,0.00827824,0.0082823,36368,0.00827789,packed
puffer-ball,tight,cell2dmin,17ee,ee,73267220,25.3443,92.6834,219.389,24.0121,2,0,73247897,0,251.862,18950,0,0,0.261332,1.71165e-05,0,1.0679e-06,0.00283541,0.00283648,19323,0.00283432,packed
puffer-ball,tight,cell2dmin,19ee,ee,130922990,22.9161,107.153,371.164,25.7908,13,0,130890272,0,434.828,32255,0,0,0.0053676,9.74121e-06,0,9.04179e-06,0.00504274,0.00505178,32718,0.00504303,packed
puffer-ball,tight,cell2dmin,21ee,ee,220630674,22.1414,160.711,620.582,83.2964,23,0,220455231,0,783.835,173531,0,0,0.0237497,8.72229e-06,0,3.50907e-06,0.00433473,0.00433824,175443,0.0043335,packed
puffer-ball,tight,cell2dmin,23ee,ee,116223315,24.3036,109.719,343.229,53.4938,39,0,116146276,0,465.907,75730,0,0,0.0058187,1.5581e-05,0,5.19289e-06,0.0102477,0.0102529,77039,0.0102463,packed
puffer-ball,tight,cell2dmin,25ee,ee,69689795,22.3123,94.9028,213.62,30.9954,12,0,69653764,0,270.658,35355,0,0,0.0042135,2.01526e-05,0,4.1015e-06,0.0110766,0.0110807,36031,0.0110779,packed
puffer-ball,tight,cell2dmin,27ee,ee,82136185,20.5814,117.627,245.989,16.4379,9,0,82120927,0,321.067,14915,0,0,0.00643386,2.31245e-05,0,1.21372e-06,0.0129286,0.0129298,15258,0.012928,packed
puffer-ball,tight,cell2dmin,29ee,ee,94887797,21.0639,130.524,278.399,16.4884,1,0,94874413,0,340.05,13132,0,0,0.00567064,1.688e-05,0,6.29599e-06,0.0105391,0.0105453,13384,0.01054,packed
puffer-ball,tight,cell2dmin,31ee,ee,97686793,21.5508,127.879,283.728,18.5839,4,0,97676261,0,337.449,10284,0,0,0.00242025,1.88559e-05,0,1.44148e-06,0.00608074,0.00608218,10532,0.00608063,packed
puffer-ball,tight,cell2dmin,33ee,ee,88606642,20.792,118.962,258.23,22.3491,10,0,88594244,0,317.126,12033,0,0,0.00600899,2.371e-05,0,1.87079e-05,0.0365865,0.0366052,12398,0.0365829,packed
puffer-ball,tight,cell2dmin,35ee,ee,79093772,22.1734,117.365,231.189,20.9944,12,0,79083607,0,293.284,9885,0,0,0.00316752,2.43489e-05,0,2.65571e-06,0.0100771,0.0100798,10165,0.0100746,packed
puffer-ball,tight,cell2dmin,37ee,ee,70064572,21.7417,108.518,205.506,17.9928,1,0,70055145,0,231.941,9193,0,0,0.00561203,1.71164e-05,0,5.34351e-06,0.0098735,0.00987885,9427,0.00987625,packed
puffer-ball,tight,cell2dmin,39ee,ee,62734605,22.5891,110.513,185.097,17.3057,4,0,62725637,0,206.895,8810,0,0,0.00327777,1.85082e-05,0,3.81753e-06,0.0152496,0.0152534,8968,0.0152512,packed
puffer-ball,tight,cell2dmin,41ee,ee,55054730,23.3639,106.626,162.924,17.2727,0,0,55049267,0,178.572,5328,0,0,0.00158261,2.67006e-05,0,5.90252e-06,0.0238687,0.0238746,5463,0.0238647,packed
puffer-ball,tight,cell2dmin,43ee,ee,50359254,23.3856,100.499,148.983,15.7343,9,0,50355877,0,161.021,3258,0,0,0.00379388,4.09019e-05,0,4.91378e-06,0.0151273,0.0151322,3377,0.0151291,packed
puffer-ball,tight,cell2dmin,45ee,ee,48533084,22.3023,96.1711,143.779,15.5635,3,0,48531286,0,154.057,1721,0,0,0.00203423,4.03688e-05,0,1.38227e-05,0.0260907,0.0261045,1798,0.0260925,packed
puffer-ball,tight,cell2dmin,47ee,ee,48260533,22.4123,102.535,142.305,13.9129,3,0,48258910,0,151.765,1577,0,0,0.009421,4.02906e-05,0,1.84966e-05,0.0276014,0.0276199,1623,0.0276108,packed
puffer-ball,tight,cell2dmin,49ee,ee,48218909,22.6236,97.9532,142.06,13.0977,0,0,48217814,0,150.202,1071,0,0,0.00743878,2.91424e-05,0,2.82098e-05,0.061225,0.0612532,1095,0.0612259,packed
puffer-ball,tight,cell2dmin,51ee,ee,46698477,22.657,158.145,137.773,16.0612,0,0,46697110,0,148.865,1269,0,0,0.00191346,3.66456e-05,0,2.51307e-05,0.0547997,0.0548249,1367,0.0548019,packed
puffer-ball,tight,cell2dmin,53ee,ee,44423327,21.5486,146.593,131.721,12.3594,0,0,44422136,0,141.463,1166,0,0,0.00227521,3.82008e-05,0,2.34026e-05,0.0437444,0.0437678,1191,0.0437317,packed
puffer-ball,tight,cell2dmin,55ee,ee,43158807,22.2294,157.345,128.073,12.7384,0,0,43157213,0,138.613,1548,0,0,0.00402338,2.63597e-05,0,2.07038e-05,0.0359889,0.0360096,1594,0.0359879,packed
puffer-ball,tight,cell2dmin,57ee,ee,42527985,23.3508,160.767,126.487,15.6478,4,0,42527045,0,136.815,911,0,0,0.00236444,4.64358e-05,0,2.8829e-05,0.0476907,0.0477196,940,0.047699,packed
puffer-ball,tight,cell2dmin,59ee,ee,42541037,24.5231,152.288,126.469,14.3235,0,0,42540006,0,136.371,992,0,0,0.000527347,3.47769e-05,0,4.58215e-05,0.0402476,0.0402934,1031,0.0402679,packed
puffer-ball,tight,cell2dmin,60ee,ee,42257282,23.0831,151.101,125.583,15.954,1,0,42255882,0,135.871,1368,0,0,0.0514934,2.35226e-05,0,2.88884e-05,0.0682837,0.0683126,1400,0.0682831,packed
puffer-ball,tight,cell2dmin,62ee,ee,41024001,23.5993,144.118,121.963,13.8255,0,0,41022883,0,130.344,1082,0,0,0.00102237,2.72956e-05,0,1.29083e-05,0.0284442,0.0284571,1118,0.0284424,packed
puffer-ball,tight,cell2dmin,64ee,ee,39670269,23.0015,143.145,118.184,12.6399,5,0,39669552,0,127.415,694,0,0,0.00195332,2.82986e-05,0,7.05306e-06,0.0559814,0.0559885,717,0.0559845,packed
puffer-ball,tight,cell2dmin,66ee,ee,38349576,23.5639,161.573,114.083,13.9981,0,0,38349154,0,121.622,382,0,0,0.000923038,5.87754e-05,0,4.00417e-05,0.0979649,0.0980049,422,0.0979538,packed
puffer-ball,tight,cell2dmin,68ee,ee,36623286,23.1871,160.023,109.018,16.1817,0,0,36622722,0,117.127,514,0,0,0.00149035,5.11511e-05,0,2.08143e-05,0.0450822,0.045103,564,0.0450821,packed
puffer-ball,tight,cell2dmin,6ee,ee,17690467,36.8547,126.17,56.4422,12.1158,0,0,17688666,0,61.3455,1770,0,0,0.00076282,3.69232e-06,0,1.63728e-05,0.0978986,0.0979149,1801,0.0979042,packed
puffer-ball,tight,cell2dmin,71ee,ee,33473555,21.9433,155.241,100.184,14.6573,1,0,33473086,0,107.532,462,0,0,0.0018759,4.18276e-05,0,4.88545e-05,0.0806968,0.0807456,469,0.0806885,packed
puffer-ball,tight,cell2dmin,73ee,ee,31360326,22.8448,150.577,94.2637,14.341,0,0,31359485,0,101.026,799,0,0,0.00142708,4.26181e-05,0,1.71183e-05,0.0434052,0.0434223,841,0.0434036,packed
puffer-ball,tight,cell2dmin,75ee,ee,29352738,23.7205,168.582,88.5633,11.8187,0,0,29352137,0,95.0466,594,0,0,0.00123988,3.32435e-05,0,1.32726e-05,0.0299146,0.0299279,601,0.0299149,packed
puffer-ball,tight,cell2dmin,77ee,ee,27223852,22.337,158.459,82.7812,11.7545,0,0,27223458,0,89.1068,378,0,0,0.000888456,5.41633e-05,0,1.69362e-05,0.0689254,0.0689424,394,0.068924,packed
puffer-ball,tight,cell2dmin,79ee,ee,25110518,24.6208,156.904,77.0185,14.5887,0,0,25109388,0,82.8884,1083,0,0,0.000830189,3.9502e-05,0,2.80979e-05,0.0471433,0.0471713,1130,0.0471344,packed
puffer-ball,tight,cell2dmin,80ee,ee,24221710,22.7585,148.114,74.5436,14.4054,0,0,24221029,0,80.0715,652,0,0,0.00177399,5.22022e-05,0,4.24303e-05,0.0971154,0.0971579,681,0.0971069,packed
puffer-ball,tight,cell2dmin,82ee,ee,22850878,23.6,150.507,70.4651,12.4662,0,0,22850213,0,75.5316,646,0,0,0.00556825,4.12694e-05,0,4.44748e-05,0.0692505,0.0692949,665,0.0692596,packed
puffer-ball,tight,cell2dmin,84ee,ee,22087334,23.1493,163.272,68.3055,14.8607,0,0,22087088,0,72.9318,232,0,0,0.00163747,7.67597e-05,0,4.30663e-05,0.0924079,0.0924509,246,0.0924072,packed
puffer-ball,tight,cell2dmin,86ee,ee,21956131,23.777,161.902,67.8736,6.67365,0,0,21955951,0,71.638,178,0,0,0.000670304,1.83206e-05,0,1.39841e-05,0.0365343,0.0365483,180,0.0365372,packed
puffer-ball,tight,cell2dmin,88ee,ee,22300759,23.0775,145.203,68.6412,0.951911,0,0,22300744,0,72.3717,15,0,0,0.000363962,3.11942e-05,0,0.000124295,0.242761,0.242885,15,0.242783,packed
puffer-ball,tight,cell2dmin,8ee,ee,30324395,27.8,78.8379,97.1675,24.513,7,0,30300184,0,124.851,23906,0,0,0.00317809,8.69664e-06,0,2.80811e-06,0.0128446,0.0128474,24211,0.0128441,packed
puffer-ball,tight,cell2dmin,91ee,ee,23953633,22.439,150.861,73.2796,1.6429,0,0,23953612,0,77.8597,16,0,0,0.000544084,0.000101841,0,0.000172461,0.285849,0.286021,21,0.285828,packed
puffer-ball,tight,cell2dmin,93ee,ee,25242225,22.8808,150.094,77.2457,3.37847,0,0,25242152,0,81.7886,73,0,0,0.000385169,6.59653e-05,0,8.89106e-05,0.157095,0.157184,73,0.157104,packed
puffer-ball,tight,cell2dmin,95ee,ee,26667445,23.1645,147.23,80.9928,9.93385,0,0,26667005,0,86.217,419,0,0,0.000561267,3.5192e-05,0,1.78424e-05,0.0850374,0.0850553,440,0.0850372,packed
puffer-ball,tight,cell2dmin,97ee,ee,27895701,23.6524,154.14,84.367,13.4947,0,0,27895457,0,90.2144,234,0,0,0.000496207,4.16035e-05,0,9.46135e-06,0.0799252,0.0799347,244,0.0799103,packed
puffer-ball,tight,cell2dmin,99ee,ee,28709263,22.6198,153.289,86.6169,6.77825,0,0,28709109,0,91.565,149,0,0,0.000393385,4.8705e-05,0,3.80104e-05,0.114547,0.114585,154,0.114532,packed
puffer-ball,tight,cell2dmin,100ee,ee,28919455,12.12,144.387,85.7984,9.35736,0,0,28919246,0,91.561,203,0,0,0.00153916,3.2745e-05,0,2.00572e-05,0.0676801,0.0677002,209,0.067688,gather
puffer-ball,tight,cell2dmin,102ee,ee,28946829,11.8631,149.925,85.4482,10.3741,0,0,28946542,0,90.8427,260,0,0,0.00258564,2.1682e-05,0,1.12493e-05,0.112273,0.112285,287,0.112274,gather
puffer-ball,tight,cell2dmin,104ee,ee,28228899,11.6522,134.645,84.3596,13.5436,0,0,28228554,0,90.195,340,0,0,0.000616906,5.12403e-05,0,2.58572e-05,0.109901,0.109927,345,0.109909,gather
puffer-ball,tight,cell2dmin,106ee,ee,26895346,12.4681,120.633,80.4706,5.14963,0,0,26895248,0,85.673,96,0,0,0.000598434,3.9413e-05,0,1.73941e-05,0.138342,0.138359,98,0.138351,gather
puffer-ball,tight,cell2dmin,108ee,ee,25305097,12.1331,125.461,76.1785,1.63455,0,0,25305039,0,81.0166,56,0,0,8.35378e-05,2.63881e-05,0,7.2707e-05,0.173807,0.17388,58,0.173813,gather
puffer-ball,tight,cell2dmin,10ee,ee,70608441,12.007,119.595,215.029,23.7956,7,0,70584169,0,252.078,23878,0,0,0.00879849,1.79802e-05,0,1.04932e-05,0.0156736,0.0156841,24272,0.0156784,gather
puffer-ball,tight,cell2dmin,112ee,ee,21884978,11.7072,116.435,66.3651,5.18112,0,0,21884898,0,69.9156,80,0,0,0.000290373,0.000125135,0,0.000124456,0.351329,0.351453,80,0.351334,gather
puffer-ball,tight,cell2dmin,115ee,ee,19542341,12.7319,113.654,59.4853,1.09207,0,0,19542330,0,62.9688,11,0,0,0.00059213,7.19629e-05,0,4.66298e-05,0.311446,0.311493,11,0.311447,gather
puffer-ball,tight,cell2dmin,118ee,ee,17299191,12.4989,101.472,53.0518,0.471348,0,0,17299185,0,55.9705,6,0,0,0.00020184,6.93317e-05,0,7.20139e-05,0.130613,0.130685,6,0.130615,gather
puffer-ball,tight,cell2dmin,11ee,ee,21521802,12.0463,121.704,69.7551,13.7122,0,0,21520998,0,75.6571,765,0,0,0.0021401,5.21488e-05,0,2.62743e-05,0.0623502,0.0623765,804,0.0623474,gather
puffer-ball,tight,cell2dmin,122ee,ee,14435994,17.162,97.4267,44.6085,1.46838,0,0,14435973,0,47.4204,21,0,0,0.00020586,5.41317e-05,0,0.000298305,0.226119,0.226417,21,0.226212,gather
puffer-ball,tight,cell2dmin,124ee,ee,13157962,14.8924,97.9859,41.2064,0.407638,0,0,13157956,0,43.4323,6,0,0,8.05703e-05,4.34825e-05,0,7.45875e-05,0.603277,0.603352,6,0.603271,gather
puffer-ball,tight,cell2dmin,127ee,ee,11696160,13.9511,127.476,36.8611,0.526866,0,0,11696154,0,38.9928,6,0,0,0.000320208,0.000132942,0,0.000315111,0.385681,0.385996,6,0.385681,gather
puffer-ball,tight,cell2dmin,129ee,ee,11020201,14.707,120.511,34.628,1.41862,0,0,11020174,0,37.1723,27,0,0,0.000329519,4.45959e-05,0,3.89232e-05,0.141983,0.142022,27,0.141983,gather
puffer-ball,tight,cell2dmin,13ee,ee,30747851,11.0269,126.489,97.9027,45.4614,15,0,30669697,0,162.972,77347,0,0,0.00633841,7.65945e-06,0,5.04137e-06,0.00343401,0.00343905,78154,0.00343704,gather
puffer-ball,tight,cell2dmin,15ee,ee,31527232,11.167,137.521,99.4391,31.2938,3,0,31490864,0,138.967,35860,0,0,0.00588109,1.36231e-05,0,4.05673e-06,0.00827824,0.0082823,36368,0.00827789,gather
puffer-ball,tight,cell2dmin,17ee,ee,73267220,11.3964,110.394,216.239,23.879,2,0,73247897,0,248.601,18950,0,0,0.261332,1.71165e-05,0,1.0679e-06,0.00283541,0.00283648,19323,0.00283432,gather
puffer-ball,tight,cell2dmin,19ee,ee,130922990,11.3451,164.026,366.925,26.1779,13,0,130890272,0,434.132,32255,0,0,0.0053676,9.74121e-06,0,9.04179e-06,0.00504274,0.00505178,32718,0.00504303,gather
puffer-ball,tight,cell2dmin,21ee,ee,220630674,11.0794,285.42,614.628,82.9484,23,0,220455231,0,774.862,173531,0,0,0.0237497,8.72229e-06,0,3.50907e-06,0.00433473,0.00433824,175443,0.0043335,gather
puffer-ball,tight,cell2dmin,23ee,ee,116223315,9.66125,170.852,338.888,53.1108,39,0,116146276,0,457.835,75730,0,0,0.0058187,1.5581e-05,0,5.09917e-06,0.0102478,0.0102529,77039,0.0102463,gather
puffer-ball,tight,cell2dmin,25ee,ee,69689795,9.64926,128.577,210.96,30.6865,12,0,69653764,0,268.385,35355,0,0,0.0042135,2.01526e-05,0,4.1015e-06,0.0110766,0.0110807,36031,0.0110779,gather
puffer-ball,tight,cell2dmin,27ee,ee,82136185,8.02642,247.507,242.83,16.1811,9,0,82120927,0,308.561,14915,0,0,0.00643386,2.31245e-05,0,2.68627e-06,0.0129271,0.0129298,15258,0.012928,gather
puffer-ball,tight,cell2dmin,29ee,ee,94887797,7.83919,255.364,274.819,16.3928,1,0,94874413,0,332.35,13132,0,0,0.00567064,1.688e-05,0,5.36218e-06,0.01054,0.0105453,13384,0.01054,gather
puffer-ball,tight,cell2dmin,31ee,ee,97686793,8.58685,257.401,280.733,18.4522,4,0,97676261,0,335.47,10284,0,0,0.00242025,1.88559e-05,0,1.44148e-06,0.00608074,0.00608218,10532,0.00608063,gather
puffer-ball,tight,cell2dmin,33ee,ee,88606642,8.46826,246.99,255.038,21.9267,10,0,88594244,0,318.58,12033,0,0,0.00600899,2.371e-05,0,1.87079e-05,0.0365865,0.0366052,12398,0.0365829,gather
puffer-ball,tight,cell2dmin,35ee,ee,79093772,7.79196,237.414,227.882,21.1127,12,0,79083607,0,292.698,9885,0,0,0.00316752,2.43489e-05,0,2.65571e-06,0.0100771,0.0100798,10165,0.0100746,gather
puffer-ball,tight,cell2dmin,37ee,ee,70064572,9.17087,221.126,202.832,17.9857,1,0,70055145,0,228.704,9193,0,0,0.00561203,1.71164e-05,0,5.00149e-06,0.00987384,0.00987885,9427,0.00987625,gather
puffer-ball,tight,cell2dmin,39ee,ee,62734605,8.29934,206.489,215.372,17.3157,4,0,62725637,0,213.788,8810,0,0,0.00327777,1.85082e-05,0,3.81753e-06,0.0152496,0.0152534,8968,0.0152512,gather
puffer-ball,tight,cell2dmin,41ee,ee,55054730,11.3716,195.067,160.613,17.2166,0,0,55049267,0,175.795,5328,0,0,0.00158261,2.67006e-05,0,5.90252e-06,0.0238687,0.0238746,5463,0.0238647,gather
puffer-ball,tight,cell2dmin,43ee,ee,50359254,9.01158,184.702,147.013,15.6846,9,0,50355877,0,159.39,3258,0,0,0.00379388,4.09019e-05,0,4.91378e-06,0.0151273,0.0151322,3377,0.0151291,gather
puffer-ball,tight,cell2dmin,45ee,ee,48533084,8.94393,180.796,141.978,15.5007,3,0,48531286,0,152.374,1721,0,0,0.00203423,4.03688e-05,0,1.38227e-05,0.0260907,0.0261045,1798,0.0260925,gather
puffer-ball,tight,cell2dmin,47ee,ee,48260533,10.6699,176.63,140.747,13.795,3,0,48258910,0,148.928,1577,0,0,0.009421,4.02906e-05,0,1.84966e-05,0.0276014,0.0276199,1623,0.0276108,gather
puffer-ball,tight,cell2dmin,49ee,ee,48218909,8.03963,172.386,140.069,12.996,0,0,48217814,0,148.69,1071,0,0,0.00743878,2.91424e-05,0,2.90425e-05,0.0612242,0.0612532,1095,0.0612259,gather
puffer-ball,tight,cell2dmin,51ee,ee,46698477,8.9142,166.821,135.959,16.0339,0,0,46697110,0,145.295,1269,0,0,0.00191346,3.66456e-05,0,2.51307e-05,0.0547997,0.0548249,1367,0.0548019,gather
puffer-ball,tight,cell2dmin,53ee,ee,44423327,10.8696,184.621,129.862,12.3631,0,0,44422136,0,140.873,1166,0,0,0.00227521,3.82008e-05,0,2.34026e-05,0.0437444,0.0437678,1191,0.0437317,gather
puffer-ball,tight,cell2dmin,55ee,ee,43158807,10.806,176.018,126.295,12.6533,0,0,43157213,0,137.069,1548,0,0,0.00402338,2.63597e-05,0,2.07038e-05,0.0359889,0.0360096,1594,0.0359879,gather
puffer-ball,tight,cell2dmin,57ee,ee,42527985,9.66621,178.109,124.854,15.6403,4,0,42527045,0,134.422,911,0,0,0.00236444,4.64358e-05,0,2.8829e-05,0.0476907,0.0477196,940,0.047699,gather
puffer-ball,tight,cell2dmin,59ee,ee,42541037,10.7886,171.648,124.433,14.2941,0,0,42540006,0,134.102,992,0,0,0.000527347,3.47769e-05,0,4.58215e-05,0.0402476,0.0402934,1031,0.0402679,gather
puffer-ball,tight,cell2dmin,60ee,ee,42257282,11.7815,179.386,123.943,15.9029,1,0,42255882,0,135.16,1368,0,0,0.0514934,2.35226e-05,0,2.88884e-05,0.0682837,0.0683126,1400,0.0682831,gather
puffer-ball,tight,cell2dmin,62ee,ee,41024001,8.03707,167.731,120.42,13.8072,0,0,41022883,0,129.85,1082,0,0,0.00102237,2.72956e-05,0,1.29083e-05,0.0284442,0.0284571,1118,0.0284424,gather
puffer-ball,tight,cell2dmin,64ee,ee,39670269,11.4069,171.483,116.224,12.5975,5,0,39669552,0,124.723,694,0,0,0.00195332,2.82986e-05,0,7.05306e-06,0.0559814,0.0559885,717,0.0559845,gather
puffer-ball,tight,cell2dmin,66ee,ee,38349576,11.0017,159.884,112.475,13.9358,0,0,38349154,0,119.716,382,0,0,0.000923038,5.87754e-05,0,4.00417e-05,0.0979649,0.0980049,422,0.0979538,gather
puffer-ball,tight,cell2dmin,68ee,ee,36623286,10.6476,164.207,107.261,16.1236,0,0,36622722,0,116.177,514,0,0,0.00149035,5.11511e-05,0,2.08143e-05,0.0450822,0.045103,564,0.0450821,gather
puffer-ball,tight,cell2dmin,6ee,ee,17690467,16.0956,100.019,55.3367,12.0805,0,0,17688666,0,60.1584,1770,0,0,0.00076282,3.69232e-06,0,1.63728e-05,0.0978986,0.0979149,1801,0.0979042,gather
puffer-ball,tight,cell2dmin,71ee,ee,33473555,8.77062,151.694,98.8955,14.5869,1,0,33473086,0,106.059,462,0,0,0.0018759,4.18276e-05,0,4.88545e-05,0.0806968,0.0807456,469,0.0806885,gather
puffer-ball,tight,cell2dmin,73ee,ee,31360326,10.726,162.739,93.0166,14.2347,0,0,31359485,0,100.571,799,0,0,0.00142708,4.26181e-05,0,1.71183e-05,0.0434052,0.0434223,841,0.0434036,gather
puffer-ball,tight,cell2dmin,75ee,ee,29352738,10.3549,157.265,87.3247,11.7905,0,0,29352137,0,93.1324,594,0,0,0.00123988,3.32435e-05,0,1.32726e-05,0.0299146,0.0299279,601,0.0299149,gather
puffer-ball,tight,cell2dmin,77ee,ee,27223852,9.03474,145.397,81.3484,11.745,0,0,27223458,0,87.1005,378,0,0,0.000888456,5.41633e-05,0,1.69362e-05,0.0689254,0.0689424,394,0.068924,gather
puffer-ball,tight,cell2dmin,79ee,ee,25110518,8.28916,145.248,75.8421,14.578,0,0,25109388,0,82.1154,1083,0,0,0.000830189,3.9502e-05,0,2.80979e-05,0.0471433,0.0471713,1130,0.0471344,gather
puffer-ball,tight,cell2dmin,80ee,ee,24221710,10.6447,147.361,73.1368,14.3112,0,0,24221029,0,78.7553,652,0,0,0.00177399,5.22022e-05,0,4.24303e-05,0.0971154,0.0971579,681,0.0971069,gather
puffer-ball,tight,cell2dmin,82ee,ee,22850878,9.2803,145.739,69.282,12.4608,0,0,22850213,0,74.0355,646,0,0,0.00556825,4.12694e-05,0,4.44748e-05,0.0692505,0.0692949,665,0.0692596,gather
puffer-ball,tight,cell2dmin,84ee,ee,22087334,10.6707,137.206,67.2377,14.9073,0,0,22087088,0,71.3484,232,0,0,0.00163747,7.67597e-05,0,4.30663e-05,0.0924079,0.0924509,246,0.0924072,gather
puffer-ball,tight,cell2dmin,86ee,ee,21956131,7.84962,140.507,66.756,6.59883,0,0,21955951,0,70.1341,178,0,0,0.000670304,1.83206e-05,0,1.39841e-05,0.0365343,0.0365483,180,0.0365372,gather
puffer-ball,tight,cell2dmin,88ee,ee,22300759,10.5319,140.664,67.7635,0.958183,0,0,22300744,0,71.1468,15,0,0,0.000363962,3.11942e-05,0,0.000124295,0.242761,0.242885,15,0.242783,gather
puffer-ball,tight,cell2dmin,8ee,ee,30324395,11.9195,112.453,95.1663,24.2642,7,0,30300184,0,122.778,23906,0,0,0.00317809,8.69664e-06,0,2.80811e-06,0.0128446,0.0128474,24211,0.0128441,gather
puffer-ball,tight,cell2dmin,91ee,ee,23953633,9.14801,161.756,72.341,1.62696,0,0,23953612,0,76.7906,16,0,0,0.000544084,0.000101841,0,0.000172461,0.285849,0.286021,21,0.285828,gather
puffer-ball,tight,cell2dmin,93ee,ee,25242225,8.99474,155.464,76.0251,3.40308,0,0,25242152,0,80.3832,73,0,0,0.000385169,6.59653e-05,0,8.89106e-05,0.157095,0.157184,73,0.157104,gather
puffer-ball,tight,cell2dmin,95ee,ee,26667445,10.9146,162.302,79.8205,9.87334,0,0,26667005,0,85.2753,419,0,0,0.000561267,3.5192e-05,0,1.65202e-05,0.0850387,0.0850553,440,0.0850372,gather
puffer-ball,tight,cell2dmin,97ee,ee,27895701,10.6766,155.927,88.0395,13.507,0,0,27895457,0,93.8083,234,0,0,0.000496207,4.16035e-05,0,2.09839e-05,0.0799137,0.0799347,244,0.0799103,gather
puffer-ball,tight,cell2dmin,99ee,ee,28709263,11.0003,149.199,85.5462,6.71022,0,0,28709109,0,90.3944,149,0,0,0.000393385,4.8705e-05,0,3.55309e-05,0.114549,0.114585,154,0.114532,gather
puffer-ball,tight,cell2dmin,100ee,ee,28919455,12.8205,155.252,85.5502,9.32868,0,0,28919246,0,90.662,203,0,0,0.00153916,3.2745e-05,0,2.00572e-05,0.0676801,0.0677002,209,0.067688,gather
puffer-ball,tight,cell2dmin,102ee,ee,28946829,11.0359,142.364,85.741,10.3386,0,0,28946542,0,90.7151,260,0,0,0.00258564,2.1682e-05,0,1.12493e-05,0.112273,0.112285,287,0.112274,gather
puffer-ball,tight,cell2dmin,104ee,ee,28228899,11.4708,139.871,84.6425,13.4761,0,0,28228554,0,89.3362,340,0,0,0.000616906,5.12403e-05,0,2.58572e-05,0.109901,0.109927,345,0.109909,gather
puffer-ball,tight,cell2dmin,106ee,ee,26895346,11.0782,143.8,80.5409,5.16412,0,0,26895248,0,84.5824,96,0,0,0.000598434,3.9413e-05,0,1.73941e-05,0.138342,0.138359,98,0.138351,gather
puffer-ball,tight,cell2dmin,108ee,ee,25305097,12.5087,146.272,76.0788,1.65906,0,0,25305039,0,79.7485,56,0,0,8.35378e-05,2.63881e-05,0,7.2707e-05,0.173807,0.17388,58,0.173813,gather
puffer-ball,tight,cell2dmin,10ee,ee,70608441,11.4132,114.404,214.809,23.9773,7,0,70584169,0,249.699,23878,0,0,0.00879849,1.79802e-05,0,1.04932e-05,0.0156736,0.0156841,24272,0.0156784,gather
puffer-ball,tight,cell2dmin,112ee,ee,21884978,11.8708,133.684,66.4865,5.19829,0,0,21884898,0,69.6099,80,0,0,0.000290373,0.000125135,0,0.000124456,0.351329,0.351453,80,0.351334,gather
puffer-ball,tight,cell2dmin,115ee,ee,19542341,12.5425,136.566,59.5116,1.04928,0,0,19542330,0,62.6861,11,0,0,0.00059213,7.19629e-05,0,4.66298e-05,0.311446,0.311493,11,0.311447,gather
puffer-ball,tight,cell2dmin,118ee,ee,17299191,12.2563,132.518,53.2628,0.486771,0,0,17299185,0,55.8234,6,0,0,0.00020184,6.93317e-05,0,7.20139e-05,0.130613,0.130685,6,0.130615,gather
puffer-ball,tight,cell2dmin,11ee,ee,21521802,10.9599,146.803,69.7516,13.6992,0,0,21520998,0,75.4823,765,0,0,0.0021401,5.21488e-05,0,2.62743e-05,0.0623502,0.0623765,804,0.0623474,gather
puffer-ball,tight,cell2dmin,122ee,ee,14435994,13.5377,133.844,44.7218,1.45164,0,0,14435973,0,46.9996,21,0,0,0.00020586,5.41317e-05,0,0.000298305,0.226119,0.226417,21,0.226212,gather
puffer-ball,tight,cell2dmin,124ee,ee,13157962,13.6174,128.026,41.148,0.443669,0,0,13157956,0,43.3881,6,0,0,8.05703e-05,4.34825e-05,0,7.45875e-05,0.603277,0.603352,6,0.603271,gather
puffer-ball,tight,cell2dmin,127ee,ee,11696160,13.8978,78.0628,36.8176,0.879593,0,0,11696154,0,38.9506,6,0,0,0.000320208,0.000132942,0,0.000315111,0.385681,0.385996,6,0.385681,gather
puffer-ball,tight,cell2dmin,129ee,ee,11020201,13.7812,72.3734,34.6635,1.41295,0,0,11020174,0,36.9041,27,0,0,0.000329519,4.45959e-05,0,3.89232e-05,0.141983,0.142022,27,0.141983,gather
puffer-ball,tight,cell2dmin,13ee,ee,30747851,10.9524,142.168,97.8581,45.1872,15,0,30669697,0,161.58,77347,0,0,0.00633841,7.65945e-06,0,5.04137e-06,0.00343401,0.00343905,78154,0.00343704,gather
puffer-ball,tight,cell2dmin,15ee,ee,31527232,10.5072,152.04,99.4949,31.3388,3,0,31490864,0,138.221,35860,0,0,0.00588109,1.36231e-05,0,4.05673e-06,0.00827824,0.0082823,36368,0.00827789,gather
puffer-ball,tight,cell2dmin,17ee,ee,73267220,10.7029,110.561,216.223,23.8418,2,0,73247897,0,246.802,18950,0,0,0.261332,1.71165e-05,0,1.0679e-06,0.00283541,0.00283648,19323,0.00283432,gather
puffer-ball,tight,cell2dmin,19ee,ee,130922990,11.0898,164.935,367.281,25.6501,13,0,130890272,0,429.211,32255,0,0,0.0053676,9.74121e-06,0,8.50322e-06,0.00504327,0.00505178,32718,0.00504303,gather
puffer-ball,tight,cell2dmin,21ee,ee,220630674,10.6735,321.138,613.97,82.9309,23,0,220455231,0,771.126,173531,0,0,0.0237497,8.72229e-06,0,3.50907e-06,0.00433473,0.00433824,175443,0.0043335,gather
puffer-ball,tight,cell2dmin,23ee,ee,116223315,9.06907,177.932,339.02,53.1076,39,0,116146276,0,460.256,75730,0,0,0.0058187,1.5581e-05,0,5.19289e-06,0.0102477,0.0102529,77039,0.0102463,gather
puffer-ball,tight,cell2dmin,25ee,ee,69689795,9.3026,133.106,210.52,30.6932,12,0,69653764,0,266.87,35355,0,0,0.0042135,2.01526e-05,0,4.1015e-06,0.0110766,0.0110807,36031,0.0110779,gather
puffer-ball,tight,cell2dmin,27ee,ee,82136185,8.18503,246.839,242.983,16.4338,9,0,82120927,0,276.362,14915,0,0,0.00643386,2.31245e-05,0,2.68627e-06,0.0129271,0.0129298,15258,0.012928,gather
puffer-ball,tight,cell2dmin,29ee,ee,94887797,11.14,253.422,274.622,16.4389,1,0,94874413,0,306.266,13132,0,0,0.00567064,1.688e-05,0,6.29599e-06,0.0105391,0.0105453,13384,0.01054,gather
puffer-ball,tight,cell2dmin,31ee,ee,97686793,7.59561,255.295,280.176,18.4083,4,0,97676261,0,336.908,10284,0,0,0.00242025,1.88559e-05,0,2.17618e-06,0.00608001,0.00608218,10532,0.00608063,gather
puffer-ball,tight,cell2dmin,33ee,ee,88606642,8.28692,246.941,254.871,21.9408,10,0,88594244,0,285.642,12033,0,0,0.00600899,2.371e-05,0,1.87079e-05,0.0365865,0.0366052,12398,0.0365829,gather
puffer-ball,tight,cell2dmin,35ee,ee,79093772,9.04693,238.996,227.93,21.0494,12,0,79083607,0,255.662,9885,0,0,0.00316752,2.43489e-05,0,2.65571e-06,0.0100771,0.0100798,10165,0.0100746,gather
puffer-ball,tight,cell2dmin,37ee,ee,70064572,9.36702,220.996,202.763,17.8773,1,0,70055145,0,227.105,9193,0,0,0.00561203,1.71164e-05,0,5.00149e-06,0.00987384,0.00987885,9427,0.00987625,gather
puffer-ball,tight,cell2dmin,39ee,ee,62734605,8.08471,206.388,217.95,17.3148,4,0,62725637,0,214.913,8810,0,0,0.00327777,1.85082e-05,0,3.81753e-06,0.0152496,0.0152534,8968,0.0152512,gather
puffer-ball,tight,cell2dmin,41ee,ee,55054730,9.13714,195.405,160.623,17.2003,0,0,55049267,0,178.303,5328,0,0,0.00158261,2.67006e-05,0,5.90252e-06,0.0238687,0.0238746,5463,0.0238647,gather
puffer-ball,tight,cell2dmin,43ee,ee,50359254,8.29146,184.112,147.211,15.704,9,0,50355877,0,161.444,3258,0,0,0.00379388,4.09019e-05,0,4.91378e-06,0.0151273,0.0151322,3377,0.0151291,gather
puffer-ball,tight,cell2dmin,45ee,ee,48533084,8.81778,208.225,141.809,15.4608,3,0,48531286,0,153.596,1721,0,0,0.00203423,4.03688e-05,0,1.38227e-05,0.0260907,0.0261045,1798,0.0260925,gather
puffer-ball,tight,cell2dmin,47ee,ee,48260533,10.7848,205.159,140.736,13.793,3,0,48258910,0,152.568,1577,0,0,0.009421,4.02906e-05,0,1.84966e-05,0.0276014,0.0276199,1623,0.0276108,gather
puffer-ball,tight,cell2dmin,49ee,ee,48218909,8.68844,202.184,140.206,13.0689,0,0,48217814,0,150.335,1071,0,0,0.00743878,2.91424e-05,0,2.82098e-05,0.061225,0.0612532,1095,0.0612259,gather
puffer-ball,tight,cell2dmin,51ee,ee,46698477,9.64752,193.41,136.208,16.0109,0,0,46697110,0,146.655,1269,0,0,0.00191346,3.66456e-05,0,2.51307e-05,0.0547997,0.0548249,1367,0.0548019,gather
puffer-ball,tight,cell2dmin,53ee,ee,44423327,10.8609,186.701,130.005,12.3235,0,0,44422136,0,139.591,1166,0,0,0.00227521,3.82008e-05,0,2.34026e-05,0.0437444,0.0437678,1191,0.0437317,gather
puffer-ball,tight,cell2dmin,55ee,ee,43158807,11.3561,180.662,126.254,12.702,0,0,43157213,0,135.733,1548,0,0,0.00402338,2.63597e-05,0,2.07038e-05,0.0359889,0.0360096,1594,0.0359879,gather
puffer-ball,tight,cell2dmin,57ee,ee,42527985,11.5512,176.811,124.891,15.6199,4,0,42527045,0,133.874,911,0,0,0.00236444,4.64358e-05,0,2.95479e-05,0.04769,0.0477196,940,0.047699,gather
puffer-ball,tight,cell2dmin,59ee,ee,42541037,8.04007,175.398,124.935,14.2109,0,0,42540006,0,133.209,992,0,0,0.000527347,3.47769e-05,0,4.58215e-05,0.0402476,0.0402934,1031,0.0402679,gather
puffer-ball,tight,cell2dmin,60ee,ee,42257282,10.8298,175.493,123.799,15.9145,1,0,42255882,0,132.612,1368,0,0,0.0514934,2.35226e-05,0,2.88884e-05,0.0682837,0.0683126,1400,0.0682831,gather
puffer-ball,tight,cell2dmin,62ee,ee,41024001,10.9664,174.869,120.393,13.7092,0,0,41022883,0,128.778,1082,0,0,0.00102237,2.72956e-05,0,1.29083e-05,0.0284442,0.0284571,1118,0.0284424,gather
puffer-ball,tight,cell2dmin,64ee,ee,39670269,8.26247,166.595,116.626,12.6232,5,0,39669552,0,124.11,694,0,0,0.00195332,2.82986e-05,0,7.05306e-06,0.0559814,0.0559885,717,0.0559845,gather
puffer-ball,tight,cell2dmin,66ee,ee,38349576,10.8164,163.957,112.588,13.9656,0,0,38349154,0,119.13,382,0,0,0.000923038,5.87754e-05,0,4.00417e-05,0.0979649,0.0980049,422,0.0979538,gather
puffer-ball,tight,cell2dmin,68ee,ee,36623286,10.6685,162.121,107.331,16.13,0,0,36622722,0,113.194,514,0,0,0.00149035,5.11511e-05,0,2.08143e-05,0.0450822,0.045103,564,0.0450821,gather
puffer-ball,tight,cell2dmin,6ee,ee,17690467,15.449,123.871,55.5059,12.034,0,0,17688666,0,59.9465,1770,0,0,0.00076282,3.69232e-06,0,1.3112e-05,0.0979018,0.0979149,1801,0.0979042,gather
puffer-ball,tight,cell2dmin,71ee,ee,33473555,10.0473,174.714,98.7633,14.6075,1,0,33473086,0,104.627,462,0,0,0.0018759,4.18276e-05,0,4.88545e-05,0.0806968,0.0807456,469,0.0806885,gather
puffer-ball,tight,cell2dmin,73ee,ee,31360326,11.1139,163.225,92.8955,14.2354,0,0,31359485,0,98.4734,799,0,0,0.00142708,4.26181e-05,0,1.71183e-05,0.0434052,0.0434223,841,0.0434036,gather
puffer-ball,tight,cell2dmin,75ee,ee,29352738,10.6235,154.913,87.2672,11.7849,0,0,29352137,0,92.6847,594,0,0,0.00123988,3.32435e-05,0,1.32726e-05,0.0299146,0.0299279,601,0.0299149,gather
puffer-ball,tight,cell2dmin,77ee,ee,27223852,11.9681,155.224,81.5855,11.7986,0,0,27223458,0,87.0397,378,0,0,0.000888456,5.41633e-05,0,1.69362e-05,0.0689254,0.0689424,394,0.068924,gather
puffer-ball,tight,cell2dmin,79ee,ee,25110518,10.6261,169.057,75.6743,14.581,0,0,25109388,0,81.3285,1083,0,0,0.000830189,3.9502e-05,0,2.80979e-05,0.0471433,0.0471713,1130,0.0471344,gather
puffer-ball,tight,cell2dmin,80ee,ee,24221710,10.522,157.966,73.3513,14.3059,0,0,24221029,0,78.9333,652,0,0,0.00177399,5.22022e-05,0,4.24303e-05,0.0971154,0.0971579,681,0.0971069,gather
puffer-ball,tight,cell2dmin,82ee,ee,22850878,11.3202,156.524,69.3008,12.3572,0,0,22850213,0,74.3066,646,0,0,0.00556825,4.12694e-05,0,4.26987e-05,0.0692522,0.0692949,665,0.0692596,gather
puffer-ball,tight,cell2dmin,84ee,ee,22087334,10.5139,155.237,67.0555,14.8491,0,0,22087088,0,71.4454,232,0,0,0.00163747,7.67597e-05,0,4.30663e-05,0.0924079,0.0924509,246,0.0924072,gather
puffer-ball,tight,cell2dmin,86ee,ee,21956131,10.7157,160.542,66.6829,6.63397,0,0,21955951,0,70.2236,178,0,0,0.000670304,1.83206e-05,0,1.39841e-05,0.0365343,0.0365483,180,0.0365372,gather
puffer-ball,tight,cell2dmin,88ee,ee,22300759,10.4909,156.753,67.5655,0.897864,0,0,22300744,0,71.5407,15,0,0,0.000363962,3.11942e-05,0,0.000124295,0.242761,0.242885,15,0.242783,gather
puffer-ball,tight,cell2dmin,8ee,ee,30324395,9.6545,129.657,95.3031,24.4079,7,0,30300184,0,121.635,23906,0,0,0.00317809,8.69664e-06,0,2.80811e-06,0.0128446,0.0128474,24211,0.0128441,gather
puffer-ball,tight,cell2dmin,91ee,ee,23953633,9.04776,155.618,72.1064,1.63631,0,0,23953612,0,75.8365,16,0,0,0.000544084,0.000101841,0,0.000172461,0.285849,0.286021,21,0.285828,gather
puffer-ball,tight,cell2dmin,93ee,ee,25242225,8.85029,158.384,75.9538,3.4481,0,0,25242152,0,79.7234,73,0,0,0.000385169,6.59653e-05,0,8.89106e-05,0.157095,0.157184,73,0.157104,gather
puffer-ball,tight,cell2dmin,95ee,ee,26667445,10.7679,173.436,79.8093,9.85094,0,0,26667005,0,84.671,419,0,0,0.000561267,3.5192e-05,0,1.64996e-05,0.0850388,0.0850553,440,0.0850372,gather
puffer-ball,tight,cell2dmin,97ee,ee,27895701,10.9882,154.745,98.9951,13.431,0,0,27895457,0,104.273,234,0,0,0.000496207,4.16035e-05,0,9.46135e-06,0.0799252,0.0799347,244,0.0799103,gather
puffer-ball,tight,cell2dmin,99ee,ee,28709263,11.6037,163.074,85.608,6.74011,0,0,28709109,0,90.6088,149,0,0,0.000393385,4.8705e-05,0,3.55309e-05,0.114549,0.114585,154,0.114532,gather
puffer-ball,tight,cell2dmin,100ee,ee,28919455,11.526,156.505,85.6705,9.40673,0,0,28919246,0,91.2924,203,0,0,0.00153916,3.2745e-05,0,2.00572e-05,0.0676801,0.0677002,209,0.067688,gather
puffer-ball,tight,cell2dmin,102ee,ee,28946829,11.7496,183.381,85.8654,10.3602,0,0,28946542,0,91.0918,260,0,0,0.00258564,2.1682e-05,0,7.04379e-06,0.112277,0.112285,287,0.112274,gather
puffer-ball,tight,cell2dmin,104ee,ee,28228899,12.6168,139.263,84.3927,13.5806,0,0,28228554,0,89.6743,340,0,0,0.000616906,5.12403e-05,0,2.58572e-05,0.109901,0.109927,345,0.109909,gather
puffer-ball,tight,cell2dmin,106ee,ee,26895346,11.9139,150.087,80.6059,5.13542,0,0,26895248,0,85.3876,96,0,0,0.000598434,3.9413e-05,0,1.73941e-05,0.138342,0.138359,98,0.138351,gather
puffer-ball,tight,cell2dmin,108ee,ee,25305097,11.5283,149.366,76.1379,1.65359,0,0,25305039,0,80.2546,56,0,0,8.35378e-05,2.63881e-05,0,7.2707e-05,0.173807,0.17388,58,0.173813,gather
puffer-ball,tight,cell2dmin,10ee,ee,70608441,11.2944,117.128,214.754,23.7396,7,0,70584169,0,253.701,23878,0,0,0.00879849,1.79802e-05,0,1.04932e-05,0.0156736,0.0156841,24272,0.0156784,gather
puffer-ball,tight,cell2dmin,112ee,ee,21884978,12.0976,150.501,66.5809,5.16063,0,0,21884898,0,70.418,80,0,0,0.000290373,0.000125135,0,0.000124456,0.351329,0.351453,80,0.351334,gather
puffer-ball,tight,cell2dmin,115ee,ee,19542341,12.1859,146.63,59.6322,1.04372,0,0,19542330,0,63.5288,11,0,0,0.00059213,7.19629e-05,0,4.66298e-05,0.311446,0.311493,11,0.311447,gather
puffer-ball,tight,cell2dmin,118ee,ee,17299191,12.6584,132.553,53.0873,0.499058,0,0,17299185,0,55.5921,6,0,0,0.00020184,6.93317e-05,0,7.20139e-05,0.130613,0.130685,6,0.130615,gather
puffer-ball,tight,cell2dmin,11ee,ee,21521802,11.6009,152.364,69.6614,13.7371,0,0,21520998,0,75.7581,765,0,0,0.0021401,5.21488e-05,0,2.62743e-05,0.0623502,0.0623765,804,0.0623474,gather
puffer-ball,tight,cell2dmin,122ee,ee,14435994,12.9497,136.751,44.6006,1.44431,0,0,14435973,0,47.1367,21,0,0,0.00020586,5.41317e-05,0,0.000298305,0.226119,0.226417,21,0.226212,gather
puffer-ball,tight,cell2dmin,124ee,ee,13157962,14.0807,135.231,41.1969,0.453108,0,0,13157956,0,43.3838,6,0,0,8.05703e-05,4.34825e-05,0,7.45875e-05,0.603277,0.603352,6,0.603271,gather
puffer-ball,tight,cell2dmin,127ee,ee,11696160,14.2163,71.6613,36.5486,0.887881,0,0,11696154,0,38.929,6,0,0,0.000320208,0.000132942,0,0.000315111,0.385681,0.385996,6,0.385681,gather
puffer-ball,tight,cell2dmin,129ee,ee,11020201,13.8692,91.9428,34.7618,1.42758,0,0,11020174,0,36.5682,27,0,0,0.000329519,4.45959e-05,0,3.89232e-05,0.141983,0.142022,27,0.141983,gather
puffer-ball,tight,cell2dmin,13ee,ee,30747851,11.243,156.922,97.8978,45.4524,15,0,30669697,0,162.03,77347,0,0,0.00633841,7.65945e-06,0,5.04137e-06,0.00343401,0.00343905,78154,0.00343704,gather
puffer-ball,tight,cell2dmin,15ee,ee,31527232,11.3215,151.069,99.293,31.3306,3,0,31490864,0,139.076,35860,0,0,0.00588109,1.36231e-05,0,4.05673e-06,0.00827824,0.0082823,36368,0.00827789,gather
puffer-ball,tight,cell2dmin,17ee,ee,73267220,11.2085,107.325,216.324,23.8172,2,0,73247897,0,249.196,18950,0,0,0.261332,1.71165e-05,0,1.0679e-06,0.00283541,0.00283648,19323,0.00283432,gather
puffer-ball,tight,cell2dmin,19ee,ee,130922990,10.4278,163.508,367.216,25.86,13,0,130890272,0,433.375,32255,0,0,0.0053676,9.74121e-06,0,8.50322e-06,0.00504327,0.00505178,32718,0.00504303,gather
puffer-ball,tight,cell2dmin,21ee,ee,220630674,11.1349,287.145,614.457,83.094,23,0,220455231,0,788.722,173531,0,0,0.0237497,8.72229e-06,0,2.13307e-06,0.0043361,0.00433824,175443,0.0043335,gather
puffer-ball,tight,cell2dmin,23ee,ee,116223315,9.6593,178.99,339.553,53.1576,39,0,116146276,0,436.238,75730,0,0,0.0058187,1.5581e-05,0,5.09917e-06,0.0102478,0.0102529,77039,0.0102463,gather
puffer-ball,tight,cell2dmin,25ee,ee,69689795,9.37166,129.297,210.776,30.5819,12,0,69653764,0,268.962,35355,0,0,0.0042135,2.01526e-05,0,4.1015e-06,0.0110766,0.0110807,36031,0.0110779,gather
puffer-ball,tight,cell2dmin,27ee,ee,82136185,9.00658,246.319,242.922,16.4892,9,0,82120927,0,278.208,14915,0,0,0.00643386,2.31245e-05,0,2.68627e-06,0.0129271,0.0129298,15258,0.012928,gather
puffer-ball,tight,cell2dmin,29ee,ee,94887797,8.37543,253.439,274.951,16.3724,1,0,94874413,0,304.31,13132,0,0,0.00567064,1.688e-05,0,5.36218e-06,0.01054,0.0105453,13384,0.01054,gather
puffer-ball,tight,cell2dmin,31ee,ee,97686793,8.14938,263.223,280.765,18.4412,4,0,97676261,0,334.9,10284,0,0,0.00242025,1.88559e-05,0,2.17618e-06,0.00608001,0.00608218,10532,0.00608063,gather
puffer-ball,tight,cell2dmin,33ee,ee,88606642,11.0847,246.967,255.037,21.905,10,0,88594244,0,285.538,12033,0,0,0.00600899,2.371e-05,0,1.87079e-05,0.0365865,0.0366052,12398,0.0365829,gather
puffer-ball,tight,cell2dmin,35ee,ee,79093772,8.24493,238.799,228.071,21.0175,12,0,79083607,0,259.171,9885,0,0,0.00316752,2.43489e-05,0,2.65571e-06,0.0100771,0.0100798,10165,0.0100746,gather
puffer-ball,tight,cell2dmin,37ee,ee,70064572,8.25882,220.925,203.093,17.9302,1,0,70055145,0,229.351,9193,0,0,0.00561203,1.71164e-05,0,5.00149e-06,0.00987384,0.00987885,9427,0.00987625,gather
puffer-ball,tight,cell2dmin,39ee,ee,62734605,10.1559,206.995,192.824,17.3505,4,0,62725637,0,236.739,8810,0,0,0.00327777,1.85082e-05,0,3.81753e-06,0.0152496,0.0152534,8968,0.0152512,gather
puffer-ball,tight,cell2dmin,41ee,ee,55054730,9.66906,196.345,160.614,17.2141,0,0,55049267,0,178.107,5328,0,0,0.00158261,2.67006e-05,0,5.90252e-06,0.0238687,0.0238746,5463,0.0238647,gather
puffer-ball,tight,cell2dmin,43ee,ee,50359254,8.82447,184.066,147.124,15.6713,9,0,50355877,0,161.27,3258,0,0,0.00379388,4.09019e-05,0,4.91378e-06,0.0151273,0.0151322,3377,0.0151291,gather
puffer-ball,tight,cell2dmin,45ee,ee,48533084,10.8214,182.173,142.049,15.4823,3,0,48531286,0,153.291,1721,0,0,0.00203423,4.03688e-05,0,1.38227e-05,0.0260907,0.0261045,1798,0.0260925,gather
puffer-ball,tight,cell2dmin,47ee,ee,48260533,7.9707,177.236,140.513,13.7874,3,0,48258910,0,152.299,1577,0,0,0.009421,4.02906e-05,0,1.84966e-05,0.0276014,0.0276199,1623,0.0276108,gather
puffer-ball,tight,cell2dmin,49ee,ee,48218909,10.5136,172.359,140.025,13.0627,0,0,48217814,0,149.85,1071,0,0,0.00743878,2.91424e-05,0,2.82098e-05,0.061225,0.0612532,1095,0.0612259,gather
puffer-ball,tight,cell2dmin,51ee,ee,46698477,9.03014,197.335,136.154,15.9436,0,0,46697110,0,145.777,1269,0,0,0.00191346,3.66456e-05,0,2.51307e-05,0.0547997,0.0548249,1367,0.0548019,gather
puffer-ball,tight,cell2dmin,53ee,ee,44423327,8.93286,182.373,130.025,12.3023,0,0,44422136,0,139.519,1166,0,0,0.00227521,3.82008e-05,0,2.34026e-05,0.0437444,0.0437678,1191,0.0437317,gather
puffer-ball,tight,cell2dmin,55ee,ee,43158807,8.00738,176.547,126.073,12.831,0,0,43157213,0,135.577,1548,0,0,0.00402338,2.63597e-05,0,2.07038e-05,0.0359889,0.0360096,1594,0.0359879,gather
puffer-ball,tight,cell2dmin,57ee,ee,42527985,9.04345,182.794,124.869,15.5344,4,0,42527045,0,133.683,911,0,0,0.00236444,4.64358e-05,0,2.75489e-05,0.047692,0.0477196,940,0.047699,gather
puffer-ball,tight,cell2dmin,59ee,ee,42541037,11.3266,184.219,124.728,14.3032,0,0,42540006,0,133.341,992,0,0,0.000527347,3.47769e-05,0,4.58215e-05,0.0402476,0.0402934,1031,0.0402679,gather
puffer-ball,tight,cell2dmin,60ee,ee,42257282,10.8039,180.123,124.096,15.9205,1,0,42255882,0,132.69,1368,0,0,0.0514934,2.35226e-05,0,2.88884e-05,0.0682837,0.0683126,1400,0.0682831,gather
puffer-ball,tight,cell2dmin,62ee,ee,41024001,10.8897,180.828,120.437,13.7585,0,0,41022883,0,129.381,1082,0,0,0.00102237,2.72956e-05,0,1.29083e-05,0.0284442,0.0284571,1118,0.0284424,gather
puffer-ball,tight,cell2dmin,64ee,ee,39670269,11.0058,175.322,116.163,12.6699,5,0,39669552,0,123.898,694,0,0,0.00195332,2.82986e-05,0,7.05306e-06,0.0559814,0.0559885,717,0.0559845,gather
puffer-ball,tight,cell2dmin,66ee,ee,38349576,9.29029,176.187,112.431,13.9351,0,0,38349154,0,119.871,382,0,0,0.000923038,5.87754e-05,0,4.00417e-05,0.0979649,0.0980049,422,0.0979538,gather
puffer-ball,tight,cell2dmin,68ee,ee,36623286,8.0693,151.374,107.151,16.076,0,0,36622722,0,114.488,514,0,0,0.00149035,5.11511e-05,0,2.08143e-05,0.0450822,0.045103,564,0.0450821,gather
puffer-ball,tight,cell2dmin,6ee,ee,17690467,12.9737,117.41,55.4104,12.0741,0,0,17688666,0,60.1934,1770,0,0,0.00076282,3.69232e-06,0,1.64624e-05,0.0978985,0.0979149,1801,0.0979042,gather
puffer-ball,tight,cell2dmin,71ee,ee,33473555,10.8604,168.952,98.6685,14.6732,1,0,33473086,0,105.083,462,0,0,0.0018759,4.18276e-05,0,4.88545e-05,0.0806968,0.0807456,469,0.0806885,gather
puffer-ball,tight,cell2dmin,73ee,ee,31360326,8.6537,174.277,92.9638,14.8416,0,0,31359485,0,99.6125,799,0,0,0.00142708,4.26181e-05,0,1.71183e-05,0.0434052,0.0434223,841,0.0434036,gather
puffer-ball,tight,cell2dmin,75ee,ee,29352738,11.3244,169.692,87.4868,11.7827,0,0,29352137,0,93.2925,594,0,0,0.00123988,3.32435e-05,0,1.32726e-05,0.0299146,0.0299279,601,0.0299149,gather
puffer-ball,tight,cell2dmin,77ee,ee,27223852,9.19244,158.576,81.4457,11.7563,0,0,27223458,0,87.4856,378,0,0,0.000888456,5.41633e-05,0,1.69362e-05,0.0689254,0.0689424,394,0.068924,gather
puffer-ball,tight,cell2dmin,79ee,ee,25110518,9.98377,166.408,75.7697,14.6441,0,0,25109388,0,82.5252,1083,0,0,0.000830189,3.9502e-05,0,2.80979e-05,0.0471433,0.0471713,1130,0.0471344,gather
puffer-ball,tight,cell2dmin,80ee,ee,24221710,9.73025,152.197,73.1623,14.3499,0,0,24221029,0,78.4937,652,0,0,0.00177399,5.22022e-05,0,4.24303e-05,0.0971154,0.0971579,681,0.0971069,gather
puffer-ball,tight,cell2dmin,82ee,ee,22850878,10.5426,161.159,69.1272,12.3949,0,0,22850213,0,75.0521,646,0,0,0.00556825,4.12694e-05,0,4.58098e-05,0.0692491,0.0692949,665,0.0692596,gather
puffer-ball,tight,cell2dmin,84ee,ee,22087334,10.4299,153.452,67.1671,14.897,0,0,22087088,0,72.1811,232,0,0,0.00163747,7.67597e-05,0,4.30663e-05,0.0924079,0.0924509,246,0.0924072,gather
puffer-ball,tight,cell2dmin,86ee,ee,21956131,8.6744,166.51,66.5811,6.59229,0,0,21955951,0,70.3158,178,0,0,0.000670304,1.83206e-05,0,1.39841e-05,0.0365343,0.0365483,180,0.0365372,gather
puffer-ball,tight,cell2dmin,88ee,ee,22300759,10.5274,167.332,67.6972,0.935172,0,0,22300744,0,71.0378,15,0,0,0.000363962,3.11942e-05,0,0.000124295,0.242761,0.242885,15,0.242783,gather
puffer-ball,tight,cell2dmin,8ee,ee,30324395,12.0105,137.322,95.2591,24.2978,7,0,30300184,0,122.683,23906,0,0,0.00317809,8.69664e-06,0,2.80811e-06,0.0128446,0.0128474,24211,0.0128441,gather
puffer-ball,tight,cell2dmin,91ee,ee,23953633,11.2371,152.27,72.0108,1.66495,0,0,23953612,0,76.3087,16,0,0,0.000544084,0.000101841,0,0.000172461,0.285849,0.286021,21,0.285828,gather
puffer-ball,tight,cell2dmin,93ee,ee,25242225,10.4391,172.858,76.0972,3.44119,0,0,25242152,0,80.6111,73,0,0,0.000385169,6.59653e-05,0,8.89106e-05,0.157095,0.157184,73,0.157104,gather
puffer-ball,tight,cell2dmin,95ee,ee,26667445,10.9806,152.254,79.7584,9.93001,0,0,26667005,0,85.0722,419,0,0,0.000561267,3.5192e-05,0,1.6845e-05,0.0850384,0.0850553,440,0.0850372,gather
puffer-ball,tight,cell2dmin,97ee,ee,27895701,10.8606,178.809,99.229,13.4562,0,0,27895457,0,105.578,234,0,0,0.000496207,4.16035e-05,0,9.46135e-06,0.0799252,0.0799347,244,0.0799103,gather
puffer-ball,tight,cell2dmin,99ee,ee,28709263,10.9928,170.26,85.43,6.77809,0,0,28709109,0,90.7368,149,0,0,0.000393385,4.8705e-05,0,3.80104e-05,0.114547,0.114585,154,0.114532,gather
rod-twist,tight,cell2d,1022ee,ee,337396,1.67784,4.23138,2.43395,0.510611,0,0,337395,0,2.64118,1,0,0,0.000305632,0.000305632,0,0.000305632,0.313812,0.314118,1,0.313812,packed
rod-twist,tight,cell2d,1290ee,ee,495723,5.49989,5.00652,3.74902,0.173435,0,0,495722,0,4.42593,1,0,0,0.000125053,0.000125053,0,0.000125053,0.079689,0.0798141,1,0.079689,packed
rod-twist,tight,cell2d,1367ee,ee,502251,5.61726,4.57655,3.73712,1.39148,0,0,502248,0,4.14376,3,0,0,0.000886681,0.000231296,0,0.000116376,0.065979,0.0660954,3,0.065979,packed
rod-twist,tight,cell2d,1456ee,ee,491047,5.54523,4.76026,3.96047,0.354742,0,0,491046,0,4.45192,1,0,0,0.000529911,0.000529911,0,0.000529911,0.2173,0.21783,1,0.2173,packed
rod-twist,tight,cell2d,1544vf,vf,109233,1.64581,1.46278,0.818506,0.151804,0,0,109232,0,0.899401,1,0,0,5.26807e-05,5.26807e-05,0,5.26807e-05,0.162979,0.163032,1,0.162979,packed
rod-twist,tight,cell2d,1590vf,vf,220754,5.92391,2.52355,1.3174,0.472244,0,0,220753,0,1.3271,1,0,0,0.000285521,0.000285521,0,0.000285521,0.201515,0.201801,1,0.201515,packed
rod-twist,tight,cell2d,1690ee,ee,644553,5.38197,5.61102,5.10809,6.3918,0,0,644539,0,7.33485,14,0,0,0.00643887,0.000253517,0,1.9708e-05,0.0346317,0.0346515,14,0.0346298,packed
rod-twist,tight,cell2d,1738ee,ee,618215,5.45074,4.89255,5.24345,3.00907,0,0,618211,0,5.53502,4,0,0,0.00321571,0.000283576,0,0.000314738,0.125144,0.125459,4,0.125175,packed
rod-twist,tight,cell2d,1787ee,ee,632353,3.47741,4.86343,5.12108,1.782,0,0,632348,0,5.54149,5,0,0,0.000406559,6.08589e-05,0,3.68989e-05,0.0266113,0.0266482,5,0.0266113,packed
rod-twist,tight,cell2d,1831vf,vf,141719,3.45492,1.39756,1.07975,1.29712,0,0,141714,0,1.27075,5,0,0,0.000850767,0.000366366,0,3.25955e-05,0.0177283,0.0177609,5,0.0177269,packed
rod-twist,tight,cell2d,1882vf,vf,150626,3.0781,1.37302,1.14461,1.06452,0,0,150619,0,1.41574,7,0,0,0.00057371,4.72829e-05,0,4.72829e-05,0.0424232,0.0424705,7,0.0424232,packed
rod-twist,tight,cell2d,1939ee,ee,732298,2.92498,4.93174,6.02359,3.0828,0,0,732294,0,7.08212,4,0,0,0.00141614,0.000604473,0,9.87548e-05,0.0405297,0.0406285,4,0.0405426,packed
rod-twist,tight,cell2d,1985vf,vf,528252,3.53316,5.46546,2.44528,19.9068,0,0,528110,0,4.41172,140,0,0,0.0105962,4.93355e-05,0,5.93299e-06,0.006997,0.00700294,142,0.00699711,packed
rod-twist,tight,cell2d,2068vf,vf,146886,3.34772,1.36214,1.16487,0.520083,0,0,146885,0,1.14743,1,0,0,0.000618676,0.000618676,0,0.000618676,0.267899,0.268517,1,0.267899,packed
rod-twist,tight,cell2d,2122ee,ee,778699,3.07483,5.04422,6.88414,4.38385,0,0,778698,0,7.00449,1,0,0,0.00396053,0.00396053,0,0.00396053,0.41748,0.421441,1,0.41748,packed
rod-twist,tight,cell2d,2166vf,vf,180778,3.25393,1.5853,1.32045,1.28627,0,0,180773,0,1.63845,5,0,0,0.00289602,0.00026356,0,2.46068e-06,0.0145821,0.0145846,5,0.0145798,packed
rod-twist,tight,cell2d,2204vf,vf,190816,3.10555,1.51084,1.41686,16.6573,1,0,190760,0,3.31553,52,0,0,0.00680877,6.2121e-05,0,2.05468e-06,0.00215431,0.00215637,56,0.0021534,packed
rod-twist,tight,cell2d,2244ee,ee,974409,4.94803,5.75828,7.62588,118.049,0,0,974251,0,25.08,149,0,0,0.0127075,0.000147152,0,1.26941e-05,0.0024708,0.00248349,158,0.00247192,packed
rod-twist,tight,cell2d,2282vf,vf,192187,3.43255,1.56748,1.43174,24.9107,0,0,192121,0,6.40339,62,0,0,0.00342922,4.1375e-05,0,1.13194e-05,0.00264536,0.00265668,66,0.00264549,packed
rod-twist,tight,cell2d,2324ee,ee,875260,3.02958,5.51138,7.9645,40.533,0,0,875209,0,17.9692,39,0,0,0.00292621,9.91484e-05,0,4.83617e-06,0.0115598,0.0115647,51,0.0115585,packed
rod-twist,tight,cell2d,2365vf,vf,191261,3.0077,1.31593,1.53161,14.3738,0,0,191249,0,10.1178,8,0,0,0.00195635,0.000197723,0,5.10539e-05,0.0134706,0.0135216,12,0.013485,packed
rod-twist,tight,cell2d,2405vf,vf,189778,2.69769,1.38835,3.14993,5.80084,0,0,189764,0,3.15096,14,0,0,0.00201733,0.000165019,0,1.59127e-05,0.0241993,0.0242152,14,0.0241985,packed
rod-twist,tight,cell2d,2448vf,vf,183453,2.85612,1.52591,1.9396,1.69026,0,0,183450,0,1.96171,2,0,0,0.000498429,0.000498429,0,0.000468544,0.306717,0.307185,3,0.306717,packed
rod-twist,tight,cell2d,2487vf,vf,220205,2.77381,1.94715,1.6285,20.0409,0,0,220118,0,3.75405,84,0,0,0.00304991,2.91742e-05,0,2.3001e-06,0.00608629,0.00608859,87,0.00608635,packed
rod-twist,tight,cell2d,2526ee,ee,1073690,2.88444,6.91704,11.212,89.1557,2,0,1073588,0,37.7505,72,0,0,0.00620415,0.00053525,0,0.000146266,0.0110695,0.0112158,102,0.0110626,packed
rod-twist,tight,cell2d,2565vf,vf,194016,3.07176,1.40115,1.58985,5.96631,0,0,194009,0,4.86659,7,0,0,0.00140245,0.00059445,0,5.98269e-05,0.0225287,0.0225885,7,0.0225296,packed
rod-twist,tight,cell2d,2604ee,ee,1074139,2.83026,6.60472,9.69261,5.72974,0,0,1074115,0,13.4519,8,0,0,0.000312731,9.47648e-05,0,3.51293e-05,0.0232717,0.0233068,24,0.0232735,packed
rod-twist,tight,cell2d,2644vf,vf,269815,3.1212,1.7548,1.9988,12.308,0,0,269787,0,4.74701,22,0,0,0.013437,0.000147776,0,1.0194e-05,0.00251075,0.00252095,28,0.00251007,packed
rod-twist,tight,cell2d,2683ee,ee,1117812,2.81823,7.0987,10.3087,16.7503,0,0,1117764,0,14.0816,8,0,0,0.00423099,0.000508811,0,0.000103709,0.120114,0.120218,48,0.120132,packed
rod-twist,tight,cell2d,2722ee,ee,1106341,3.02895,6.66568,9.9392,21.1656,0,0,1106298,0,17.1749,6,0,0,0.00295335,0.00127198,0,7.84551e-05,0.0420787,0.0421571,43,0.0420837,packed
rod-twist,tight,cell2d,2761vf,vf,233358,3.08648,1.49196,1.7316,0.544178,0,0,233356,0,2.14823,1,0,0,2.05832e-05,2.05832e-05,0,2.05832e-05,0.0164108,0.0164314,2,0.0164108,packed
rod-twist,tight,cell2d,2800vf,vf,268716,2.82607,1.96257,2.0251,32.8477,1,0,268667,0,18.3158,43,0,0,0.00209898,0.000164799,0,8.18605e-06,0.00226787,0.00227606,49,0.00226784,packed
rod-twist,tight,cell2d,2840vf,vf,229844,2.83957,1.43507,1.88856,0.588529,0,0,229843,0,2.11425,1,0,0,5.13388e-05,5.13388e-05,0,5.13388e-05,0.00955391,0.00960525,1,0.00955391,packed
rod-twist,tight,cell2d,2881ee,ee,1472159,2.98907,8.37812,11.7997,117.058,0,0,1471795,0,32.1492,307,0,0,0.0243664,0.000135738,0,3.98499e-06,0.00150822,0.0015122,364,0.00150681,packed
rod-twist,tight,cell2d,2919ee,ee,1237994,3.68166,7.8254,13.5972,11.6286,0,0,1237929,0,13.7168,1,0,0,0.00359723,0.00359723,0,0.00359723,0.282043,0.285641,65,0.282043,packed
rod-twist,tight,cell2d,2957ee,ee,1559245,3.60061,8.41239,13.0638,169.916,1,0,1559007,0,42.971,127,0,0,0.0156277,0.00014583,0,6.27055e-06,0.00524778,0.00525405,238,0.00524902,packed
rod-twist,tight,cell2d,2995vf,vf,280405,4.22475,1.72376,3.56749,0.218331,0,0,280404,0,3.5224,0,0,0,0,0,0,0,1,1,1,1,packed
rod-twist,tight,cell2d,3033vf,vf,258915,5.26137,1.64837,1.95774,3.10177,0,0,258909,0,4.04869,2,0,0,5.50018e-05,5.50018e-05,0,5.15612e-05,0.0456348,0.0456864,6,0.0456314,packed
rod-twist,tight,cell2d,3092ee,ee,1462618,5.06435,8.45559,11.4069,20.1069,0,0,1462604,0,13.065,13,0,0,0.00104498,5.21634e-05,0,1.39988e-05,0.0141814,0.0141954,14,0.0141716,packed
rod-twist,tight,cell2d,3152vf,vf,262379,3.95007,1.6774,1.87262,1.95675,0,0,262377,0,2.80732,2,0,0,0.000949475,0.000949475,0,0.000772959,0.339592,0.340365,2,0.339592,packed
rod-twist,tight,cell2d,3205vf,vf,330376,3.16859,1.8347,2.44323,1.09904,0,0,330373,0,3.39812,3,0,0,0.00255296,0.00184082,0,0.00183852,0.257876,0.259714,3,0.257874,packed
rod-twist,tight,cell2d,3261ee,ee,1550044,3.41751,7.96293,11.7619,44.8282,0,0,1550022,0,21.2466,21,0,0,0.00547529,0.000577633,0,0.000377372,0.0578439,0.0582213,22,0.0577927,packed
rod-twist,tight,cell2d,3312ee,ee,1764051,3.85103,8.98069,12.6179,19.1081,0,0,1764033,0,15.9164,14,0,0,0.00243152,0.000793518,0,0.000452651,0.109291,0.109744,18,0.109291,packed
rod-twist,tight,cell2d,3361vf,vf,331873,4.00332,2.05927,2.08503,2.94773,0,0,331867,0,2.95275,6,0,0,0.000167527,4.53057e-05,0,1.40409e-05,0.0330276,0.0330417,6,0.0330276,packed
rod-twist,tight,cell2d,3413vf,vf,325179,3.39265,2.02788,2.37379,0.14422,0,0,325177,0,3.6583,2,0,0,0.000146077,0.000146077,0,0.000152985,0.139046,0.139199,2,0.139053,packed
rod-twist,tight,cell2d,3453ee,ee,2118419,3.56762,10.4932,16.251,337.834,2,0,2117045,0,79.8092,1051,0,0,0.0378941,0.000101615,0,7.2938e-07,3.41071e-05,3.48365e-05,1374,3.38554e-05,packed
rod-twist,tight,cell2d,3491ee,ee,1944955,4.40987,9.42065,20.8124,124.084,0,0,1944677,0,31.6104,26,0,0,0.00900192,0.00123546,0,0.000722305,0.0140485,0.0147709,278,0.0140991,packed
rod-twist,tight,cell2d,3529ee,ee,1982569,5.00003,9.53169,40.9699,83.0347,1,0,1982261,0,41.421,29,0,0,0.0104782,0.000556195,0,0.0238567,0,0.0238567,308,0,packed
rod-twist,tight,cell2d,3567ee,ee,1870826,4.82051,10.188,8.92172,90.3261,1,0,1870525,0,27.7518,7,0,0,0.0244204,0.000541764,0,0.069402,0,0.069402,301,0,packed
rod-twist,tight,cell2d,3605ee,ee,2171707,4.7689,10.6131,17.1805,239.638,1,0,2171235,0,44.9052,108,0,0,0.0467214,0.00093567,0,2.27329e-06,0.00588335,0.00588562,472,0.00588226,packed
rod-twist,tight,cell2d,3643vf,vf,427399,4.94393,2.82348,3.00571,8.43927,0,0,427368,0,6.04819,9,0,0,0.00446491,0.000624353,0,1.28425e-05,0.0145121,0.014525,31,0.0145149,packed
rod-twist,tight,cell2d,3681vf,vf,432601,4.42529,2.823,6.14867,45.7113,0,0,432488,0,9.25665,75,0,0,0.0104258,0.000218277,0,1.82826e-05,0.00171696,0.00173524,113,0.00171852,packed
rod-twist,tight,cell2d,3719vf,vf,390448,4.24677,2.19047,3.25169,4.00262,0,0,390428,0,4.20821,1,0,0,0.000835316,0.000835316,0,0.000835316,0.161438,0.162273,20,0.161438,packed
rod-twist,tight,cell2d,3757vf,vf,421480,4.14178,2.35255,3.36567,31.616,0,0,421403,0,11.8104,35,0,0,0.00341456,7.01867e-05,0,5.43898e-06,0.00578767,0.00579311,77,0.00579071,packed
rod-twist,tight,cell2d,3795vf,vf,406767,4.15528,2.34388,3.3251,33.204,0,0,406727,0,22.5861,9,0,0,0.00207593,0.000134158,0,1.60345e-05,0.0110182,0.0110343,40,0.0110092,packed
rod-twist,tight,cell2d,3834ee,ee,2369371,4.1237,12.262,21.2312,305.508,0,0,2368762,0,53.7455,175,0,0,0.0352945,0.000420727,0,5.46472e-06,0.00461924,0.0046247,609,0.00462341,packed
rod-twist,tight,cell2d,3872ee,ee,2453595,4.93766,12.7532,16.4409,366.912,3,0,2452841,0,69.083,213,0,0,0.0294076,0.00146055,0,0.016588,0,0.016588,754,0,packed
rod-twist,tight,cell2d,3910ee,ee,2430782,5.14319,11.7347,21.1575,188.313,3,0,2430237,0,34.4611,68,0,0,0.0184683,0.00100551,0,0.000165049,0.0102593,0.0104244,545,0.0102539,packed
rod-twist,tight,cell2d,3948ee,ee,2504712,4.91485,11.8615,21.3289,176.116,1,0,2504093,0,50.2464,62,0,0,0.0321052,0.00104067,0,4.79147e-05,0.00759081,0.00763872,619,0.00759888,packed
rod-twist,tight,cell2d,3986ee,ee,2391616,5.05692,12.2215,19.4004,143.409,0,0,2391457,0,39.3325,57,0,0,0.0530054,0.0007616,0,0.000104502,0.00569153,0.00579603,159,0.00569153,packed
rod-twist,tight,cell2d,1022ee,ee,337396,1.3518,4.19871,2.42883,0.431125,0,0,337395,0,2.61299,1,0,0,0.000305632,0.000305632,0,0.000305632,0.313812,0.314118,1,0.313812,packed
rod-twist,tight,cell2d,1290ee,ee,495723,3.07275,4.80467,3.77913,0.106525,0,0,495722,0,5.24962,1,0,0,0.000125053,0.000125053,0,0.000125053,0.079689,0.0798141,1,0.079689,packed
rod-twist,tight,cell2d,1367ee,ee,502251,3.14757,4.66445,3.82672,1.34851,0,0,502248,0,4.35381,3,0,0,0.000886681,0.000231296,0,0.000116376,0.065979,0.0660954,3,0.065979,packed
rod-twist,tight,cell2d,1456ee,ee,491047,3.45038,4.87702,4.02985,0.306296,0,0,491046,0,4.4227,1,0,0,0.000529911,0.000529911,0,0.000529911,0.2173,0.21783,1,0.2173,packed
rod-twist,tight,cell2d,1544vf,vf,109233,1.36627,1.30755,0.806475,0.091837,0,0,109232,0,0.873577,1,0,0,5.26807e-05,5.26807e-05,0,5.26807e-05,0.162979,0.163032,1,0.162979,packed
rod-twist,tight,cell2d,1590vf,vf,220754,3.43044,2.76837,1.29725,0.345655,0,0,220753,0,1.37283,1,0,0,0.000285521,0.000285521,0,0.000285521,0.201515,0.201801,1,0.201515,packed
rod-twist,tight,cell2d,1690ee,ee,644553,3.21454,5.41516,5.10486,6.31078,0,0,644539,0,7.25853,14,0,0,0.00643887,0.000253517,0,1.9708e-05,0.0346317,0.0346515,14,0.0346298,packed
rod-twist,tight,cell2d,1738ee,ee,618215,3.4706,4.78141,5.24693,2.92757,0,0,618211,0,5.66673,4,0,0,0.00321571,0.000283576,0,0.000314738,0.125144,0.125459,4,0.125175,packed
rod-twist,tight,cell2d,1787ee,ee,632353,3.73677,4.90906,5.12086,1.87505,0,0,632348,0,5.61678,5,0,0,0.000406559,6.08589e-05,0,3.68989e-05,0.0266113,0.0266482,5,0.0266113,packed
rod-twist,tight,cell2d,1831vf,vf,141719,3.68954,1.43449,1.16794,1.31712,0,0,141714,0,1.1919,5,0,0,0.000850767,0.000366366,0,2.92178e-05,0.0177317,0.0177609,5,0.0177269,packed
rod-twist,tight,cell2d,1882vf,vf,150626,3.29348,1.45011,1.22464,1.13668,0,0,150619,0,1.35888,7,0,0,0.00057371,4.72829e-05,0,4.72829e-05,0.0424232,0.0424705,7,0.0424232,packed
rod-twist,tight,cell2d,1939ee,ee,732298,3.25591,5.13305,6.07011,3.05365,0,0,732294,0,7.14029,4,0,0,0.00141614,0.000604473,0,9.87548e-05,0.0405297,0.0406285,4,0.0405426,packed
rod-twist,tight,cell2d,1985vf,vf,528252,3.88105,5.51333,2.45923,19.9088,0,0,528110,0,4.3964,140,0,0,0.0105962,4.93355e-05,0,5.93299e-06,0.006997,0.00700294,142,0.00699711,packed
rod-twist,tight,cell2d,2068vf,vf,146886,3.37143,1.46396,1.11562,0.507058,0,0,146885,0,1.14663,1,0,0,0.000618676,0.000618676,0,0.000618676,0.267899,0.268517,1,0.267899,packed
rod-twist,tight,cell2d,2122ee,ee,778699,3.16299,5.29919,6.91931,4.39032,0,0,778698,0,7.0842,1,0,0,0.00396053,0.00396053,0,0.00396053,0.41748,0.421441,1,0.41748,packed
rod-twist,tight,cell2d,2166vf,vf,180778,3.64595,1.63244,1.33977,1.31363,0,0,180773,0,1.72664,5,0,0,0.00289602,0.00026356,0,2.46068e-06,0.0145821,0.0145846,5,0.0145798,packed
rod-twist,tight,cell2d,2204vf,vf,190816,3.20488,1.62178,1.45203,16.6627,1,0,190760,0,3.23425,52,0,0,0.00680877,6.2121e-05,0,2.05468e-06,0.00215431,0.00215637,56,0.0021534,packed
rod-twist,tight,cell2d,2244ee,ee,974409,3.09384,5.91732,7.62358,118.254,0,0,974251,0,25.0553,149,0,0,0.0127075,0.000147152,0,1.26941e-05,0.0024708,0.00248349,158,0.00247192,packed
rod-twist,tight,cell2d,2282vf,vf,192187,3.50544,1.53625,1.50611,25.025,0,0,192121,0,6.26467,62,0,0,0.00342922,4.1375e-05,0,1.13194e-05,0.00264536,0.00265668,66,0.00264549,packed
rod-twist,tight,cell2d,2324ee,ee,875260,3.2627,5.55182,7.98542,40.498,0,0,875209,0,18.0127,39,0,0,0.00292621,9.91484e-05,0,4.83617e-06,0.0115598,0.0115647,51,0.0115585,packed
rod-twist,tight,cell2d,2365vf,vf,191261,3.20385,1.30925,1.62332,14.356,0,0,191249,0,10.0898,8,0,0,0.00195635,0.000197723,0,5.10539e-05,0.0134706,0.0135216,12,0.013485,packed
rod-twist,tight,cell2d,2405vf,vf,189778,2.81228,1.41891,3.12597,5.82263,0,0,189764,0,3.14062,14,0,0,0.00201733,0.000165019,0,1.59127e-05,0.0241993,0.0242152,14,0.0241985,packed
rod-twist,tight,cell2d,2448vf,vf,183453,2.84223,1.41747,2.03691,1.73509,0,0,183450,0,2.01956,2,0,0,0.000498429,0.000498429,0,0.000468544,0.306717,0.307185,3,0.306717,packed
rod-twist,tight,cell2d,2487vf,vf,220205,2.94981,1.87489,1.64879,19.9917,0,0,220118,0,3.76493,84,0,0,0.00304991,2.91742e-05,0,2.3001e-06,0.00608629,0.00608859,87,0.00608635,packed
rod-twist,tight,cell2d,2526ee,ee,1073690,3.25579,6.87278,11.2662,91.3899,2,0,1073588,0,37.7005,72,0,0,0.00620415,0.00053525,0,0.000146266,0.0110695,0.0112158,102,0.0110626,packed
rod-twist,tight,cell2d,2565vf,vf,194016,3.30721,1.40809,1.60114,5.95024,0,0,194009,0,4.87395,7,0,0,0.00140245,0.00059445,0,5.98269e-05,0.0225287,0.0225885,7,0.0225296,packed
rod-twist,tight,cell2d,2604ee,ee,1074139,2.88844,6.64162,9.62548,5.72046,0,0,1074115,0,13.5737,8,0,0,0.000312731,9.47648e-05,0,3.51293e-05,0.0232717,0.0233068,24,0.0232735,packed
rod-twist,tight,cell2d,2644vf,vf,269815,3.56906,1.77947,1.95153,12.2732,0,0,269787,0,4.7344,22,0,0,0.013437,0.000147776,0,1.0194e-05,0.00251075,0.00252095,28,0.00251007,packed
rod-twist,tight,cell2d,2683ee,ee,1117812,3.21425,7.06958,10.2902,16.7361,0,0,1117764,0,14.0739,8,0,0,0.00423099,0.000508811,0,0.000103709,0.120114,0.120218,48,0.120132,packed
rod-twist,tight,cell2d,2722ee,ee,1106341,3.27524,6.61343,9.96073,21.1568,0,0,1106298,0,17.2124,6,0,0,0.00295335,0.00127198,0,7.84551e-05,0.0420787,0.0421571,43,0.0420837,packed
rod-twist,tight,cell2d,2761vf,vf,233358,3.48513,1.44559,1.81592,0.54165,0,0,233356,0,2.09492,1,0,0,2.05832e-05,2.05832e-05,0,2.05832e-05,0.0164108,0.0164314,2,0.0164108,packed
rod-twist,tight,cell2d,2800vf,vf,268716,2.97803,1.93102,2.03844,32.9287,1,0,268667,0,18.3225,43,0,0,0.00209898,0.000164799,0,8.18605e-06,0.00226787,0.00227606,49,0.00226784,packed
rod-twist,tight,cell2d,2840vf,vf,229844,3.03071,1.47587,1.94005,0.578128,0,0,229843,0,2.06747,1,0,0,5.13388e-05,5.13388e-05,0,5.13388e-05,0.00955391,0.00960525,1,0.00955391,packed
rod-twist,tight,cell2d,2881ee,ee,1472159,3.13646,8.28391,11.7844,116.954,0,0,1471795,0,32.3454,307,0,0,0.0243664,0.000135738,0,3.98499e-06,0.00150822,0.0015122,364,0.00150681,packed
rod-twist,tight,cell2d,2919ee,ee,1237994,3.59082,7.70821,13.6249,11.5801,0,0,1237929,0,13.702,1,0,0,0.00359723,0.00359723,0,0.00359723,0.282043,0.285641,65,0.282043,packed
rod-twist,tight,cell2d,2957ee,ee,1559245,3.75168,8.5753,13.172,169.991,1,0,1559007,0,43.0589,127,0,0,0.0156277,0.00014583,0,6.27055e-06,0.00524778,0.00525405,238,0.00524902,packed
rod-twist,tight,cell2d,2995vf,vf,280405,4.41412,1.67839,3.59754,0.228538,0,0,280404,0,3.58557,0,0,0,0,0,0,0,1,1,1,1,packed
rod-twist,tight,cell2d,3033vf,vf,258915,5.31852,1.65183,1.95006,3.20369,0,0,258909,0,4.09551,2,0,0,5.50018e-05,5.50018e-05,0,5.15612e-05,0.0456348,0.0456864,6,0.0456314,packed
rod-twist,tight,cell2d,3092ee,ee,1462618,5.18473,8.57159,11.397,20.2222,0,0,1462604,0,13.0611,13,0,0,0.00104498,5.21634e-05,0,1.39988e-05,0.0141814,0.0141954,14,0.0141716,packed
rod-twist,tight,cell2d,3152vf,vf,262379,3.72973,1.64933,1.89163,1.96958,0,0,262377,0,2.7917,2,0,0,0.000949475,0.000949475,0,0.000772959,0.339592,0.340365,2,0.339592,packed
rod-twist,tight,cell2d,3205vf,vf,330376,3.28273,1.80226,2.46137,1.09517,0,0,330373,0,3.41418,3,0,0,0.00255296,0.00184082,0,0.00183852,0.257876,0.259714,3,0.257874,packed
rod-twist,tight,cell2d,3261ee,ee,1550044,3.23128,8.00577,11.7714,44.9532,0,0,1550022,0,21.3397,21,0,0,0.00547529,0.000577633,0,0.000377372,0.0578439,0.0582213,22,0.0577927,packed
rod-twist,tight,cell2d,3312ee,ee,1764051,3.81916,9.05826,12.6116,19.1258,0,0,1764033,0,15.9236,14,0,0,0.00243152,0.000793518,0,0.000452651,0.109291,0.109744,18,0.109291,packed
rod-twist,tight,cell2d,3361vf,vf,331873,4.0198,2.07409,2.0675,2.95451,0,0,331867,0,2.978,6,0,0,0.000167527,4.53057e-05,0,1.40409e-05,0.0330276,0.0330417,6,0.0330276,packed
rod-twist,tight,cell2d,3413vf,vf,325179,3.3331,2.01051,2.41798,0.148092,0,0,325177,0,3.61373,2,0,0,0.000146077,0.000146077,0,0.000152985,0.139046,0.139199,2,0.139053,packed
rod-twist,tight,cell2d,3453ee,ee,2118419,3.41802,10.5078,16.236,338.967,2,0,2117045,0,79.7449,1051,0,0,0.0378941,0.000101615,0,7.2938e-07,3.41071e-05,3.48365e-05,1374,3.38554e-05,packed
rod-twist,tight,cell2d,3491ee,ee,1944955,5.41624,9.55297,20.8118,124.993,0,0,1944677,0,31.7709,26,0,0,0.00900192,0.00123546,0,0.000722305,0.0140485,0.0147709,278,0.0140991,packed
rod-twist,tight,cell2d,3529ee,ee,1982569,5.83354,9.64151,40.74,83.6917,1,0,1982261,0,41.0611,29,0,0,0.0104782,0.000556195,0,0.0238567,0,0.0238567,308,0,packed
rod-twist,tight,cell2d,3567ee,ee,1870826,5.83674,10.3574,8.87362,90.6027,1,0,1870525,0,27.7769,7,0,0,0.0244204,0.000541764,0,0.069402,0,0.069402,301,0,packed
rod-twist,tight,cell2d,3605ee,ee,2171707,5.87124,10.7449,17.1884,237.543,1,0,2171235,0,44.9993,108,0,0,0.0467214,0.00093567,0,2.27329e-06,0.00588335,0.00588562,472,0.00588226,packed
rod-twist,tight,cell2d,3643vf,vf,427399,4.8184,2.79305,2.97074,8.4568,0,0,427368,0,6.12112,9,0,0,0.00446491,0.000624353,0,1.28425e-05,0.0145121,0.014525,31,0.0145149,packed
rod-twist,tight,cell2d,3681vf,vf,432601,4.80307,2.96351,6.06887,45.7657,0,0,432488,0,9.34888,75,0,0,0.0104258,0.000218277,0,1.82826e-05,0.00171696,0.00173524,113,0.00171852,packed
rod-twist,tight,cell2d,3719vf,vf,390448,4.64138,2.20663,3.27623,3.96947,0,0,390428,0,4.23413,1,0,0,0.000835316,0.000835316,0,0.000835316,0.161438,0.162273,20,0.161438,packed
rod-twist,tight,cell2d,3757vf,vf,421480,4.52599,2.44701,3.40653,31.5593,0,0,421403,0,11.7935,35,0,0,0.00341456,7.01867e-05,0,5.43898e-06,0.00578767,0.00579311,77,0.00579071,packed
rod-twist,tight,cell2d,3795vf,vf,406767,4.44788,2.42013,3.34977,33.2193,0,0,406727,0,22.5402,9,0,0,0.00207593,0.000134158,0,1.60345e-05,0.0110182,0.0110343,40,0.0110092,packed
rod-twist,tight,cell2d,3834ee,ee,2369371,4.48839,12.5164,21.279,306.785,0,0,2368762,0,54.5828,175,0,0,0.0352945,0.000420727,0,5.46472e-06,0.00461924,0.0046247,609,0.00462341,packed
rod-twist,tight,cell2d,3872ee,ee,2453595,4.68164,13.0274,16.4449,370.748,3,0,2452841,0,69.0721,213,0,0,0.0294076,0.00146055,0,0.016588,0,0.016588,754,0,packed
rod-twist,tight,cell2d,3910ee,ee,2430782,4.66254,11.7761,21.1919,188.759,3,0,2430237,0,34.3171,68,0,0,0.0184683,0.00100551,0,0.000165049,0.0102593,0.0104244,545,0.0102539,packed
rod-twist,tight,cell2d,3948ee,ee,2504712,5.25941,11.962,21.2606,174.434,1,0,2504093,0,50.3246,62,0,0,0.0321052,0.00104067,0,4.79147e-05,0.00759081,0.00763872,619,0.00759888,packed
rod-twist,tight,cell2d,3986ee,ee,2391616,5.31388,12.2212,19.4524,143.368,0,0,2391457,0,39.3239,57,0,0,0.0530054,0.0007616,0,0.000104502,0.00569153,0.00579603,159,0.00569153,packed
rod-twist,tight,cell2d,1022ee,ee,337396,1.44611,3.95826,2.40605,0.434165,0,0,337395,0,2.61273,1,0,0,0.000305632,0.000305632,0,0.000305632,0.313812,0.314118,1,0.313812,packed
rod-twist,tight,cell2d,1290ee,ee,495723,2.65657,4.88218,3.73843,0.134045,0,0,495722,0,4.37224,1,0,0,0.000125053,0.000125053,0,0.000125053,0.079689,0.0798141,1,0.079689,packed
rod-twist,tight,cell2d,1367ee,ee,502251,3.15729,4.48865,3.74464,1.33248,0,0,502248,0,4.18098,3,0,0,0.000886681,0.000231296,0,0.000116376,0.065979,0.0660954,3,0.065979,packed
rod-twist,tight,cell2d,1456ee,ee,491047,3.79721,4.70631,4.04492,0.31004,0,0,491046,0,4.45064,1,0,0,0.000529911,0.000529911,0,0.000529911,0.2173,0.21783,1,0.2173,packed
rod-twist,tight,cell2d,1544vf,vf,109233,1.52668,1.34515,0.807947,0.099422,0,0,109232,0,0.950503,1,0,0,5.26807e-05,5.26807e-05,0,5.26807e-05,0.162979,0.163032,1,0.162979,packed
rod-twist,tight,cell2d,1590vf,vf,220754,4.04351,2.62582,1.31104,0.409398,0,0,220753,0,1.37635,1,0,0,0.000285521,0.000285521,0,0.000285521,0.201515,0.201801,1,0.201515,packed
rod-twist,tight,cell2d,1690ee,ee,644553,3.85807,5.5387,5.08009,6.35747,0,0,644539,0,7.35827,14,0,0,0.00643887,0.000253517,0,1.9708e-05,0.0346317,0.0346515,14,0.0346298,packed
rod-twist,tight,cell2d,1738ee,ee,618215,3.99279,4.78512,5.20377,2.96213,0,0,618211,0,5.59166,4,0,0,0.00321571,0.000283576,0,0.000314738,0.125144,0.125459,4,0.125175,packed
rod-twist,tight,cell2d,1787ee,ee,632353,3.96127,4.7952,5.10121,1.82107,0,0,632348,0,5.67726,5,0,0,0.000406559,6.08589e-05,0,3.68989e-05,0.0266113,0.0266482,5,0.0266113,packed
rod-twist,tight,cell2d,1831vf,vf,141719,4.08137,1.59871,1.09482,1.38739,0,0,141714,0,1.20131,5,0,0,0.000850767,0.000366366,0,2.92178e-05,0.0177317,0.0177609,5,0.0177269,packed
rod-twist,tight,cell2d,1882vf,vf,150626,3.7535,1.56332,1.22998,1.13731,0,0,150619,0,1.35872,7,0,0,0.00057371,4.72829e-05,0,4.72829e-05,0.0424232,0.0424705,7,0.0424232,packed
rod-twist,tight,cell2d,1939ee,ee,732298,3.62512,5.02547,6.00218,3.15547,0,0,732294,0,7.13453,4,0,0,0.00141614,0.000604473,0,9.87548e-05,0.0405297,0.0406285,4,0.0405426,packed
rod-twist,tight,cell2d,1985vf,vf,528252,4.47374,5.51752,2.52301,19.6787,0,0,528110,0,4.42462,140,0,0,0.0105962,4.93355e-05,0,5.93299e-06,0.006997,0.00700294,142,0.00699711,packed
rod-twist,tight,cell2d,2068vf,vf,146886,4.17547,1.47103,1.11591,0.547985,0,0,146885,0,1.16493,1,0,0,0.000618676,0.000618676,0,0.000618676,0.267899,0.268517,1,0.267899,packed
rod-twist,tight,cell2d,2122ee,ee,778699,3.70771,5.19279,6.89387,4.47534,0,0,778698,0,7.07127,1,0,0,0.00396053,0.00396053,0,0.00396053,0.41748,0.421441,1,0.41748,packed
rod-twist,tight,cell2d,2166vf,vf,180778,4.38894,2.06951,1.34547,1.32086,0,0,180773,0,1.80286,5,0,0,0.00289602,0.00026356,0,2.46068e-06,0.0145821,0.0145846,5,0.0145798,packed
rod-twist,tight,cell2d,2204vf,vf,190816,3.64816,1.68428,1.44963,16.632,1,0,190760,0,3.27665,52,0,0,0.00680877,6.2121e-05,0,2.05468e-06,0.00215431,0.00215637,56,0.0021534,packed
rod-twist,tight,cell2d,2244ee,ee,974409,3.60013,5.9042,7.63238,118.072,0,0,974251,0,25.1442,149,0,0,0.0127075,0.000147152,0,1.26941e-05,0.0024708,0.00248349,158,0.00247192,packed
rod-twist,tight,cell2d,2282vf,vf,192187,3.77107,1.61753,1.47759,24.6871,0,0,192121,0,6.33887,62,0,0,0.00342922,4.1375e-05,0,1.13194e-05,0.00264536,0.00265668,66,0.00264549,packed
rod-twist,tight,cell2d,2324ee,ee,875260,3.42327,5.6059,7.93966,40.5862,0,0,875209,0,18.0575,39,0,0,0.00292621,9.91484e-05,0,4.83617e-06,0.0115598,0.0115647,51,0.0115585,packed
rod-twist,tight,cell2d,2365vf,vf,191261,3.772,1.41971,1.62879,14.4113,0,0,191249,0,10.1402,8,0,0,0.00195635,0.000197723,0,5.10539e-05,0.0134706,0.0135216,12,0.013485,packed
rod-twist,tight,cell2d,2405vf,vf,189778,3.1291,1.4934,3.15038,5.91348,0,0,189764,0,3.17342,14,0,0,0.00201733,0.000165019,0,1.59127e-05,0.0241993,0.0242152,14,0.0241985,packed
rod-twist,tight,cell2d,2448vf,vf,183453,3.20037,1.45017,2.01716,1.78203,0,0,183450,0,1.95608,2,0,0,0.000498429,0.000498429,0,0.000468544,0.306717,0.307185,3,0.306717,packed
rod-twist,tight,cell2d,2487vf,vf,220205,3.47844,2.02769,1.67461,20.0224,0,0,220118,0,3.78611,84,0,0,0.00304991,2.91742e-05,0,2.3001e-06,0.00608629,0.00608859,87,0.00608635,packed
rod-twist,tight,cell2d,2526ee,ee,1073690,3.33006,7.03588,11.3013,88.9429,2,0,1073588,0,37.8562,72,0,0,0.00620415,0.00053525,0,0.000146266,0.0110695,0.0112158,102,0.0110626,packed
rod-twist,tight,cell2d,2565vf,vf,194016,3.93791,1.50518,1.57404,6.0217,0,0,194009,0,4.95273,7,0,0,0.00140245,0.00059445,0,5.98269e-05,0.0225287,0.0225885,7,0.0225296,packed
rod-twist,tight,cell2d,2604ee,ee,1074139,3.2978,6.64783,9.68087,5.73937,0,0,1074115,0,13.5337,8,0,0,0.000312731,9.47648e-05,0,3.51293e-05,0.0232717,0.0233068,24,0.0232735,packed
rod-twist,tight,cell2d,2644vf,vf,269815,3.99081,1.93841,1.94536,12.2243,0,0,269787,0,4.71268,22,0,0,0.013437,0.000147776,0,1.0194e-05,0.00251075,0.00252095,28,0.00251007,packed
rod-twist,tight,cell2d,2683ee,ee,1117812,3.78694,7.08996,10.3353,16.7659,0,0,1117764,0,14.1869,8,0,0,0.00423099,0.000508811,0,0.000103709,0.120114,0.120218,48,0.120132,packed
rod-twist,tight,cell2d,2722ee,ee,1106341,3.97766,6.71448,9.86947,21.2706,0,0,1106298,0,17.2203,6,0,0,0.00295335,0.00127198,0,7.84551e-05,0.0420787,0.0421571,43,0.0420837,packed
rod-twist,tight,cell2d,2761vf,vf,233358,3.8064,1.53446,1.75218,0.552881,0,0,233356,0,2.16468,1,0,0,2.05832e-05,2.05832e-05,0,2.05832e-05,0.0164108,0.0164314,2,0.0164108,packed
rod-twist,tight,cell2d,2800vf,vf,268716,3.36532,1.98344,2.11428,32.7647,1,0,268667,0,18.3856,43,0,0,0.00209898,0.000164799,0,8.18605e-06,0.00226787,0.00227606,49,0.00226784,packed
rod-twist,tight,cell2d,2840vf,vf,229844,3.34209,1.54902,1.89202,0.673327,0,0,229843,0,2.15994,1,0,0,5.13388e-05,5.13388e-05,0,5.13388e-05,0.00955391,0.00960525,1,0.00955391,packed
rod-twist,tight,cell2d,2881ee,ee,1472159,3.45037,8.48407,11.7815,117.153,0,0,1471795,0,32.147,307,0,0,0.0243664,0.000135738,0,3.98499e-06,0.00150822,0.0015122,364,0.00150681,packed
rod-twist,tight,cell2d,2919ee,ee,1237994,4.13612,7.87643,13.5433,11.6306,0,0,1237929,0,13.7502,1,0,0,0.00359723,0.00359723,0,0.00359723,0.282043,0.285641,65,0.282043,packed
rod-twist,tight,cell2d,2957ee,ee,1559245,3.87443,8.57427,13.0402,169.033,1,0,1559007,0,42.9654,127,0,0,0.0156277,0.00014583,0,6.27055e-06,0.00524778,0.00525405,238,0.00524902,packed
rod-twist,tight,cell2d,2995vf,vf,280405,4.36881,1.76619,3.60368,0.221338,0,0,280404,0,3.6,0,0,0,0,0,0,0,1,1,1,1,packed
rod-twist,tight,cell2d,3033vf,vf,258915,5.55147,1.68188,2.00894,3.09966,0,0,258909,0,4.00146,2,0,0,5.50018e-05,5.50018e-05,0,5.15612e-05,0.0456348,0.0456864,6,0.0456314,packed
rod-twist,tight,cell2d,3092ee,ee,1462618,4.9345,9.32148,11.4801,20.1183,0,0,1462604,0,13.1436,13,0,0,0.00104498,5.21634e-05,0,1.39988e-05,0.0141814,0.0141954,14,0.0141716,packed
rod-twist,tight,cell2d,3152vf,vf,262379,4.08869,1.76978,1.93016,1.96916,0,0,262377,0,2.81513,2,0,0,0.000949475,0.000949475,0,0.000772959,0.339592,0.340365,2,0.339592,packed
rod-twist,tight,cell2d,3205vf,vf,330376,3.37406,1.76328,2.49133,1.11299,0,0,330373,0,3.47082,3,0,0,0.00255296,0.00184082,0,0.00183852,0.257876,0.259714,3,0.257874,packed
rod-twist,tight,cell2d,3261ee,ee,1550044,3.37482,7.99675,11.7445,44.9861,0,0,1550022,0,21.3207,21,0,0,0.00547529,0.000577633,0,0.000377372,0.0578439,0.0582213,22,0.0577927,packed
rod-twist,tight,cell2d,3312ee,ee,1764051,4.0037,9.07269,12.6009,19.0137,0,0,1764033,0,16.4802,14,0,0,0.00243152,0.000793518,0,0.000452651,0.109291,0.109744,18,0.109291,packed
rod-twist,tight,cell2d,3361vf,vf,331873,3.94358,2.03892,2.07035,2.94495,0,0,331867,0,2.94216,6,0,0,0.000167527,4.53057e-05,0,1.40409e-05,0.0330276,0.0330417,6,0.0330276,packed
rod-twist,tight,cell2d,3413vf,vf,325179,3.61018,1.9738,2.43674,0.147868,0,0,325177,0,3.58563,2,0,0,0.000146077,0.000146077,0,0.000152985,0.139046,0.139199,2,0.139053,packed
rod-twist,tight,cell2d,3453ee,ee,2118419,3.4354,10.4785,16.2175,338.996,2,0,2117045,0,79.8055,1051,0,0,0.0378941,0.000101615,0,7.2938e-07,3.41071e-05,3.48365e-05,1374,3.38554e-05,packed
rod-twist,tight,cell2d,3491ee,ee,1944955,4.81959,9.49591,20.7971,125.347,0,0,1944677,0,31.5437,26,0,0,0.00900192,0.00123546,0,0.000722305,0.0140485,0.0147709,278,0.0140991,packed
rod-twist,tight,cell2d,3529ee,ee,1982569,5.03462,9.76077,40.7843,83.9778,1,0,1982261,0,41.461,29,0,0,0.0104782,0.000556195,0,0.0238567,0,0.0238567,308,0,packed
rod-twist,tight,cell2d,3567ee,ee,1870826,5.08575,10.3156,8.84828,90.2126,1,0,1870525,0,27.7378,7,0,0,0.0244204,0.000541764,0,0.069402,0,0.069402,301,0,packed
rod-twist,tight,cell2d,3605ee,ee,2171707,5.06595,10.7591,17.1762,237.055,1,0,2171235,0,45.0427,108,0,0,0.0467214,0.00093567,0,2.27329e-06,0.00588335,0.00588562,472,0.00588226,packed
rod-twist,tight,cell2d,3643vf,vf,427399,5.25369,2.74815,3.00165,8.46343,0,0,427368,0,6.05514,9,0,0,0.00446491,0.000624353,0,1.28425e-05,0.0145121,0.014525,31,0.0145149,packed
rod-twist,tight,cell2d,3681vf,vf,432601,4.63601,2.94936,6.09552,46.1642,0,0,432488,0,9.22706,75,0,0,0.0104258,0.000218277,0,1.82826e-05,0.00171696,0.00173524,113,0.00171852,packed
rod-twist,tight,cell2d,3719vf,vf,390448,4.51588,2.22929,3.28238,3.9967,0,0,390428,0,4.25918,1,0,0,0.000835316,0.000835316,0,0.000835316,0.161438,0.162273,20,0.161438,packed
rod-twist,tight,cell2d,3757vf,vf,421480,4.4178,2.40362,3.41777,31.6646,0,0,421403,0,11.8177,35,0,0,0.00341456,7.01867e-05,0,5.43898e-06,0.00578767,0.00579311,77,0.00579071,packed
rod-twist,tight,cell2d,3795vf,vf,406767,4.45083,2.45898,3.35639,33.5909,0,0,406727,0,22.4023,9,0,0,0.00207593,0.000134158,0,1.60345e-05,0.0110182,0.0110343,40,0.0110092,packed
rod-twist,tight,cell2d,3834ee,ee,2369371,4.44724,12.3945,21.2095,307.795,0,0,2368762,0,54.1561,175,0,0,0.0352945,0.000420727,0,5.46472e-06,0.00461924,0.0046247,609,0.00462341,packed
rod-twist,tight,cell2d,3872ee,ee,2453595,5.07817,12.9901,16.433,370.029,3,0,2452841,0,68.8256,213,0,0,0.0294076,0.00146055,0,0.016588,0,0.016588,754,0,packed
rod-twist,tight,cell2d,3910ee,ee,2430782,5.21014,11.6269,21.1306,188.446,3,0,2430237,0,34.3275,68,0,0,0.0184683,0.00100551,0,0.000165049,0.0102593,0.0104244,545,0.0102539,packed
rod-twist,tight,cell2d,3948ee,ee,2504712,5.01753,12.0706,21.232,174.841,1,0,2504093,0,50.4323,62,0,0,0.0321052,0.00104067,0,4.79147e-05,0.00759081,0.00763872,619,0.00759888,packed
rod-twist,tight,cell2d,3986ee,ee,2391616,5.04137,12.364,19.3725,144.08,0,0,2391457,0,39.3917,57,0,0,0.0530054,0.0007616,0,0.000104502,0.00569153,0.00579603,159,0.00569153,packed
rod-twist,tight,cell2d,1022ee,ee,337396,0.909416,4.54375,2.37046,0.424629,0,0,337395,0,2.55005,1,0,0,0.000305632,0.000305632,0,0.000305632,0.313812,0.314118,1,0.313812,gather
rod-twist,tight,cell2d,1290ee,ee,495723,1.81426,5.8968,3.70902,0.108446,0,0,495722,0,4.37925,1,0,0,0.000125053,0.000125053,0,0.000125053,0.079689,0.0798141,1,0.079689,gather
rod-twist,tight,cell2d,1367ee,ee,502251,1.66856,5.89767,3.75747,1.30445,0,0,502248,0,4.09944,3,0,0,0.000886681,0.000231296,0,0.000116376,0.065979,0.0660954,3,0.065979,gather
rod-twist,tight,cell2d,1456ee,ee,491047,1.85563,6.14473,3.88943,0.28828,0,0,491046,0,4.30354,1,0,0,0.000529911,0.000529911,0,0.000529911,0.2173,0.21783,1,0.2173,gather
rod-twist,tight,cell2d,1544vf,vf,109233,1.26227,1.19328,0.803435,0.081278,0,0,109232,0,0.986214,1,0,0,5.26807e-05,5.26807e-05,0,5.26807e-05,0.162979,0.163032,1,0.162979,gather
rod-twist,tight,cell2d,1590vf,vf,220754,2.01073,2.76841,1.3376,0.356118,0,0,220753,0,1.31123,1,0,0,0.000285521,0.000285521,0,0.000285521,0.201515,0.201801,1,0.201515,gather
rod-twist,tight,cell2d,1690ee,ee,644553,1.77432,7.34656,5.08303,6.39948,0,0,644539,0,7.18403,14,0,0,0.00643887,0.000253517,0,1.9708e-05,0.0346317,0.0346515,14,0.0346298,gather
rod-twist,tight,cell2d,1738ee,ee,618215,2.14401,6.51525,5.1973,2.87612,0,0,618211,0,5.43794,4,0,0,0.00321571,0.000283576,0,0.000314738,0.125144,0.125459,4,0.125175,gather
rod-twist,tight,cell2d,1787ee,ee,632353,1.81186,6.45369,5.07427,1.81227,0,0,632348,0,5.6044,5,0,0,0.000406559,6.08589e-05,0,3.68989e-05,0.0266113,0.0266482,5,0.0266113,gather
rod-twist,tight,cell2d,1831vf,vf,141719,1.93057,1.25699,1.08023,1.31475,0,0,141714,0,1.25181,5,0,0,0.000850767,0.000366366,0,2.92178e-05,0.0177317,0.0177609,5,0.0177269,gather
rod-twist,tight,cell2d,1882vf,vf,150626,1.8355,1.32054,1.14723,1.03732,0,0,150619,0,1.42259,7,0,0,0.00057371,4.72829e-05,0,4.72829e-05,0.0424232,0.0424705,7,0.0424232,gather
rod-twist,tight,cell2d,1939ee,ee,732298,1.83035,6.67119,6.01661,3.04936,0,0,732294,0,7.0657,4,0,0,0.00141614,0.000604473,0,9.87548e-05,0.0405297,0.0406285,4,0.0405426,gather
rod-twist,tight,cell2d,1985vf,vf,528252,1.96561,7.64773,2.48189,19.8303,0,0,528110,0,4.36709,140,0,0,0.0105962,4.93355e-05,0,5.93299e-06,0.006997,0.00700294,142,0.00699711,gather
rod-twist,tight,cell2d,2068vf,vf,146886,2.02494,1.29865,1.10458,0.529554,0,0,146885,0,1.14048,1,0,0,0.000618676,0.000618676,0,0.000618676,0.267899,0.268517,1,0.267899,gather
rod-twist,tight,cell2d,2122ee,ee,778699,1.67336,6.78411,6.87534,4.35947,0,0,778698,0,6.94375,1,0,0,0.00396053,0.00396053,0,0.00396053,0.41748,0.421441,1,0.41748,gather
rod-twist,tight,cell2d,2166vf,vf,180778,1.91675,1.50134,1.32099,1.30524,0,0,180773,0,1.73771,5,0,0,0.00289602,0.00026356,0,2.46068e-06,0.0145821,0.0145846,5,0.0145798,gather
rod-twist,tight,cell2d,2204vf,vf,190816,1.54006,1.37779,1.46985,16.6138,1,0,190760,0,3.19323,52,0,0,0.00680877,6.2121e-05,0,2.05468e-06,0.00215431,0.00215637,56,0.0021534,gather
rod-twist,tight,cell2d,2244ee,ee,974409,1.5021,7.75769,7.58578,117.707,0,0,974251,0,24.9652,149,0,0,0.0127075,0.000147152,0,1.26941e-05,0.0024708,0.00248349,158,0.00247192,gather
rod-twist,tight,cell2d,2282vf,vf,192187,1.76434,1.55695,1.50406,25.061,0,0,192121,0,6.33532,62,0,0,0.00342922,4.1375e-05,0,1.13194e-05,0.00264536,0.00265668,66,0.00264549,gather
rod-twist,tight,cell2d,2324ee,ee,875260,1.62047,7.58796,7.9085,40.4523,0,0,875209,0,18.0402,39,0,0,0.00292621,9.91484e-05,0,4.83617e-06,0.0115598,0.0115647,51,0.0115585,gather
rod-twist,tight,cell2d,2365vf,vf,191261,1.69122,1.22224,1.53798,14.4114,0,0,191249,0,10.1412,8,0,0,0.00195635,0.000197723,0,5.10539e-05,0.0134706,0.0135216,12,0.013485,gather
rod-twist,tight,cell2d,2405vf,vf,189778,1.63599,1.38809,3.14814,5.83425,0,0,189764,0,3.22836,14,0,0,0.00201733,0.000165019,0,1.59127e-05,0.0241993,0.0242152,14,0.0241985,gather
rod-twist,tight,cell2d,2448vf,vf,183453,1.62469,1.40313,1.91957,1.7014,0,0,183450,0,2.00212,2,0,0,0.000498429,0.000498429,0,0.000468544,0.306717,0.307185,3,0.306717,gather
rod-twist,tight,cell2d,2487vf,vf,220205,1.84498,1.89557,1.63746,20.0971,0,0,220118,0,3.76384,84,0,0,0.00304991,2.91742e-05,0,2.3001e-06,0.00608629,0.00608859,87,0.00608635,gather
rod-twist,tight,cell2d,2526ee,ee,1073690,1.80901,9.52177,11.188,88.9597,2,0,1073588,0,37.5519,72,0,0,0.00620415,0.00053525,0,0.000146266,0.0110695,0.0112158,102,0.0110626,gather
rod-twist,tight,cell2d,2565vf,vf,194016,1.75016,1.26678,1.57986,5.98205,0,0,194009,0,4.86918,7,0,0,0.00140245,0.00059445,0,5.98269e-05,0.0225287,0.0225885,7,0.0225296,gather
rod-twist,tight,cell2d,2604ee,ee,1074139,1.96862,9.21227,9.60429,5.73809,0,0,1074115,0,13.31,8,0,0,0.000312731,9.47648e-05,0,3.51293e-05,0.0232717,0.0233068,24,0.0232735,gather
rod-twist,tight,cell2d,2644vf,vf,269815,1.74511,1.81195,1.94347,12.1641,0,0,269787,0,4.72346,22,0,0,0.013437,0.000147776,0,1.0194e-05,0.00251075,0.00252095,28,0.00251007,gather
rod-twist,tight,cell2d,2683ee,ee,1117812,2.06705,9.63261,10.1639,16.7626,0,0,1117764,0,14.0847,8,0,0,0.00423099,0.000508811,0,0.000103709,0.120114,0.120218,48,0.120132,gather
rod-twist,tight,cell2d,2722ee,ee,1106341,1.70636,9.23173,9.92131,21.1317,0,0,1106298,0,17.0136,6,0,0,0.00295335,0.00127198,0,7.84551e-05,0.0420787,0.0421571,43,0.0420837,gather
rod-twist,tight,cell2d,2761vf,vf,233358,1.80395,1.32675,1.74504,0.538097,0,0,233356,0,2.08103,1,0,0,2.05832e-05,2.05832e-05,0,2.05832e-05,0.0164108,0.0164314,2,0.0164108,gather
rod-twist,tight,cell2d,2800vf,vf,268716,2.10811,1.8364,2.07767,32.7949,1,0,268667,0,18.225,43,0,0,0.00209898,0.000164799,0,8.18605e-06,0.00226787,0.00227606,49,0.00226784,gather
rod-twist,tight,cell2d,2840vf,vf,229844,2.0866,1.32406,1.85694,0.573425,0,0,229843,0,2.1522,1,0,0,5.13388e-05,5.13388e-05,0,5.13388e-05,0.00955391,0.00960525,1,0.00955391,gather
rod-twist,tight,cell2d,2881ee,ee,1472159,2.04756,11.7383,11.7284,117.466,0,0,1471795,0,32.0387,307,0,0,0.0243664,0.000135738,0,3.98499e-06,0.00150822,0.0015122,364,0.00150681,gather
rod-twist,tight,cell2d,2919ee,ee,1237994,2.32864,10.8749,13.5442,11.5075,0,0,1237929,0,13.6446,1,0,0,0.00359723,0.00359723,0,0.00359723,0.282043,0.285641,65,0.282043,gather
rod-twist,tight,cell2d,2957ee,ee,1559245,1.97435,11.5051,12.9768,169.072,1,0,1559007,0,42.6765,127,0,0,0.0156277,0.00014583,0,6.27055e-06,0.00524778,0.00525405,238,0.00524902,gather
rod-twist,tight,cell2d,2995vf,vf,280405,2.28138,1.41788,3.51127,0.32124,0,0,280404,0,3.53444,0,0,0,0,0,0,0,1,1,1,1,gather
rod-twist,tight,cell2d,3033vf,vf,258915,1.68415,1.41446,1.93685,3.02581,0,0,258909,0,4.0342,2,0,0,5.50018e-05,5.50018e-05,0,5.15612e-05,0.0456348,0.0456864,6,0.0456314,gather
rod-twist,tight,cell2d,3092ee,ee,1462618,1.78085,10.5115,11.3628,20.0254,0,0,1462604,0,12.9222,13,0,0,0.00104498,5.21634e-05,0,1.39988e-05,0.0141814,0.0141954,14,0.0141716,gather
rod-twist,tight,cell2d,3152vf,vf,262379,1.95281,1.51238,1.90273,1.96708,0,0,262377,0,2.85244,2,0,0,0.000949475,0.000949475,0,0.000772959,0.339592,0.340365,2,0.339592,gather
rod-twist,tight,cell2d,3205vf,vf,330376,1.68879,1.66322,2.5287,1.06516,0,0,330373,0,3.44573,3,0,0,0.00255296,0.00184082,0,0.00183852,0.257876,0.259714,3,0.257874,gather
rod-twist,tight,cell2d,3261ee,ee,1550044,1.85425,11.3242,11.6561,44.8866,0,0,1550022,0,21.3485,21,0,0,0.00547529,0.000577633,0,0.000377372,0.0578439,0.0582213,22,0.0577927,gather
rod-twist,tight,cell2d,3312ee,ee,1764051,1.95793,12.5737,12.5039,18.9468,0,0,1764033,0,15.7923,14,0,0,0.00243152,0.000793518,0,0.000452651,0.109291,0.109744,18,0.109291,gather
rod-twist,tight,cell2d,3361vf,vf,331873,2.47872,1.89742,2.15354,3.01541,0,0,331867,0,2.92895,6,0,0,0.000167527,4.53057e-05,0,1.40409e-05,0.0330276,0.0330417,6,0.0330276,gather
rod-twist,tight,cell2d,3413vf,vf,325179,1.72815,1.92638,2.42301,0.143836,0,0,325177,0,3.59891,2,0,0,0.000146077,0.000146077,0,0.000152985,0.139046,0.139199,2,0.139053,gather
rod-twist,tight,cell2d,3453ee,ee,2118419,1.68668,14.7007,16.0598,337.868,2,0,2117045,0,79.6119,1051,0,0,0.0378941,0.000101615,0,6.47183e-07,3.41893e-05,3.48365e-05,1374,3.38554e-05,gather
rod-twist,tight,cell2d,3491ee,ee,1944955,3.19403,12.9758,20.7034,125.373,0,0,1944677,0,31.3989,26,0,0,0.00900192,0.00123546,0,0.000722305,0.0140485,0.0147709,278,0.0140991,gather
rod-twist,tight,cell2d,3529ee,ee,1982569,2.74706,12.6237,40.5146,83.3694,1,0,1982261,0,41.1791,29,0,0,0.0104782,0.000556195,0,0.0238567,0,0.0238567,308,0,gather
rod-twist,tight,cell2d,3567ee,ee,1870826,2.32784,14.0002,8.81263,89.8536,1,0,1870525,0,27.4495,7,0,0,0.0244204,0.000541764,0,0.069402,0,0.069402,301,0,gather
rod-twist,tight,cell2d,3605ee,ee,2171707,2.35706,14.6365,17.1368,237.093,1,0,2171235,0,44.5922,108,0,0,0.0467214,0.00093567,0,2.27329e-06,0.00588335,0.00588562,472,0.00588226,gather
rod-twist,tight,cell2d,3643vf,vf,427399,3.00584,2.68527,2.94072,8.43437,0,0,427368,0,6.10515,9,0,0,0.00446491,0.000624353,0,1.28425e-05,0.0145121,0.014525,31,0.0145149,gather
rod-twist,tight,cell2d,3681vf,vf,432601,2.13159,2.95861,5.97364,45.4493,0,0,432488,0,9.29653,75,0,0,0.0104258,0.000218277,0,1.82826e-05,0.00171696,0.00173524,113,0.00171852,gather
rod-twist,tight,cell2d,3719vf,vf,390448,2.33303,2.1833,3.21454,3.94482,0,0,390428,0,4.25518,1,0,0,0.000835316,0.000835316,0,0.000835316,0.161438,0.162273,20,0.161438,gather
rod-twist,tight,cell2d,3757vf,vf,421480,2.11274,2.42938,3.36231,31.524,0,0,421403,0,11.776,35,0,0,0.00341456,7.01867e-05,0,5.43898e-06,0.00578767,0.00579311,77,0.00579071,gather
rod-twist,tight,cell2d,3795vf,vf,406767,2.07345,2.3009,3.22782,33.2042,0,0,406727,0,22.5059,9,0,0,0.00207593,0.000134158,0,1.60345e-05,0.0110182,0.0110343,40,0.0110092,gather
rod-twist,tight,cell2d,3834ee,ee,2369371,2.02903,17.4048,21.1233,305.885,0,0,2368762,0,53.9951,175,0,0,0.0352945,0.000420727,0,5.46472e-06,0.00461924,0.0046247,609,0.00462341,gather
rod-twist,tight,cell2d,3872ee,ee,2453595,3.19493,18.0182,16.3343,365.677,3,0,2452841,0,68.6838,213,0,0,0.0294076,0.00146055,0,0.016588,0,0.016588,754,0,gather
rod-twist,tight,cell2d,3910ee,ee,2430782,3.28814,17.2158,21.1039,187.85,3,0,2430237,0,34.218,68,0,0,0.0184683,0.00100551,0,0.000165049,0.0102593,0.0104244,545,0.0102539,gather
rod-twist,tight,cell2d,3948ee,ee,2504712,2.67711,16.359,21.1198,173.994,1,0,2504093,0,50.046,62,0,0,0.0321052,0.00104067,0,4.79147e-05,0.00759081,0.00763872,619,0.00759888,gather
rod-twist,tight,cell2d,3986ee,ee,2391616,2.44528,18.1375,19.2726,143.005,0,0,2391457,0,39.214,57,0,0,0.0530054,0.0007616,0,0.000104502,0.00569153,0.00579603,159,0.00569153,gather
rod-twist,tight,cell2d,1022ee,ee,337396,1.18461,4.56238,2.38253,0.412021,0,0,337395,0,2.55334,1,0,0,0.000305632,0.000305632,0,0.000305632,0.313812,0.314118,1,0.313812,gather
rod-twist,tight,cell2d,1290ee,ee,495723,1.78664,5.91991,3.63975,0.109373,0,0,495722,0,4.41505,1,0,0,0.000125053,0.000125053,0,0.000125053,0.079689,0.0798141,1,0.079689,gather
rod-twist,tight,cell2d,1367ee,ee,502251,1.81941,5.84798,3.65581,1.3031,0,0,502248,0,4.14792,3,0,0,0.000886681,0.000231296,0,0.000116376,0.065979,0.0660954,3,0.065979,gather
rod-twist,tight,cell2d,1456ee,ee,491047,1.64424,6.20387,3.95791,0.278425,0,0,491046,0,4.32514,1,0,0,0.000529911,0.000529911,0,0.000529911,0.2173,0.21783,1,0.2173,gather
rod-twist,tight,cell2d,1544vf,vf,109233,1.12791,1.17607,0.802379,0.090142,0,0,109232,0,0.944904,1,0,0,5.26807e-05,5.26807e-05,0,5.26807e-05,0.162979,0.163032,1,0.162979,gather
rod-twist,tight,cell2d,1590vf,vf,220754,1.84984,2.66556,1.33888,0.351511,0,0,220753,0,1.30531,1,0,0,0.000285521,0.000285521,0,0.000285521,0.201515,0.201801,1,0.201515,gather
rod-twist,tight,cell2d,1690ee,ee,644553,1.8324,7.40717,5.05155,6.32905,0,0,644539,0,7.28093,14,0,0,0.00643887,0.000253517,0,1.9708e-05,0.0346317,0.0346515,14,0.0346298,gather
rod-twist,tight,cell2d,1738ee,ee,618215,1.89003,6.4893,5.20742,2.90434,0,0,618211,0,5.46043,4,0,0,0.00321571,0.000283576,0,0.000314738,0.125144,0.125459,4,0.125175,gather
rod-twist,tight,cell2d,1787ee,ee,632353,1.83567,6.4261,5.08662,1.82648,0,0,632348,0,5.67406,5,0,0,0.000406559,6.08589e-05,0,3.68989e-05,0.0266113,0.0266482,5,0.0266113,gather
rod-twist,tight,cell2d,1831vf,vf,141719,2.78025,1.34844,1.0889,1.36262,0,0,141714,0,1.20006,5,0,0,0.000850767,0.000366366,0,2.92178e-05,0.0177317,0.0177609,5,0.0177269,gather
rod-twist,tight,cell2d,1882vf,vf,150626,3.08811,1.39193,1.14547,1.15565,0,0,150619,0,1.45132,7,0,0,0.00057371,4.72829e-05,0,4.72829e-05,0.0424232,0.0424705,7,0.0424232,gather
rod-twist,tight,cell2d,1939ee,ee,732298,3.2738,6.70933,6.00458,3.12683,0,0,732294,0,7.08535,4,0,0,0.00141614,0.000604473,0,9.87548e-05,0.0405297,0.0406285,4,0.0405426,gather
rod-twist,tight,cell2d,1985vf,vf,528252,3.233,7.74975,2.44387,19.9452,0,0,528110,0,4.42878,140,0,0,0.0105962,4.93355e-05,0,5.93299e-06,0.006997,0.00700294,142,0.00699711,gather
rod-twist,tight,cell2d,2068vf,vf,146886,3.38622,1.32713,1.21859,0.579089,0,0,146885,0,1.17527,1,0,0,0.000618676,0.000618676,0,0.000618676,0.267899,0.268517,1,0.267899,gather
rod-twist,tight,cell2d,2122ee,ee,778699,2.9734,6.88225,6.862,4.40789,0,0,778698,0,6.99393,1,0,0,0.00396053,0.00396053,0,0.00396053,0.41748,0.421441,1,0.41748,gather
rod-twist,tight,cell2d,2166vf,vf,180778,3.22913,1.62677,1.3359,1.3591,0,0,180773,0,1.69743,5,0,0,0.00289602,0.00026356,0,2.46068e-06,0.0145821,0.0145846,5,0.0145798,gather
rod-twist,tight,cell2d,2204vf,vf,190816,2.99941,1.50242,1.43056,16.6965,1,0,190760,0,3.29739,52,0,0,0.00680877,6.2121e-05,0,2.05468e-06,0.00215431,0.00215637,56,0.0021534,gather
rod-twist,tight,cell2d,2244ee,ee,974409,2.82623,7.97179,7.58777,118.114,0,0,974251,0,25.1648,149,0,0,0.0127075,0.000147152,0,1.26941e-05,0.0024708,0.00248349,158,0.00247192,gather
rod-twist,tight,cell2d,2282vf,vf,192187,3.0515,1.6749,1.43519,25.0755,0,0,192121,0,6.35183,62,0,0,0.00342922,4.1375e-05,0,1.13194e-05,0.00264536,0.00265668,66,0.00264549,gather
rod-twist,tight,cell2d,2324ee,ee,875260,2.99221,7.56623,7.96846,40.6429,0,0,875209,0,18.1481,39,0,0,0.00292621,9.91484e-05,0,4.83617e-06,0.0115598,0.0115647,51,0.0115585,gather
rod-twist,tight,cell2d,2365vf,vf,191261,2.77874,1.3568,1.50758,14.3754,0,0,191249,0,10.1525,8,0,0,0.00195635,0.000197723,0,5.10539e-05,0.0134706,0.0135216,12,0.013485,gather
rod-twist,tight,cell2d,2405vf,vf,189778,2.85388,1.44793,3.06891,5.87233,0,0,189764,0,3.13832,14,0,0,0.00201733,0.000165019,0,1.59127e-05,0.0241993,0.0242152,14,0.0241985,gather
rod-twist,tight,cell2d,2448vf,vf,183453,2.90306,1.46639,1.94539,1.77445,0,0,183450,0,2.0243,2,0,0,0.000498429,0.000498429,0,0.000468544,0.306717,0.307185,3,0.306717,gather
rod-twist,tight,cell2d,2487vf,vf,220205,3.01192,2.07623,1.70895,20.0908,0,0,220118,0,3.76406,84,0,0,0.00304991,2.91742e-05,0,2.3001e-06,0.00608629,0.00608859,87,0.00608635,gather
rod-twist,tight,cell2d,2526ee,ee,1073690,3.25265,9.6097,11.1735,88.9861,2,0,1073588,0,37.431,72,0,0,0.00620415,0.00053525,0,0.000146266,0.0110695,0.0112158,102,0.0110626,gather
rod-twist,tight,cell2d,2565vf,vf,194016,2.90482,1.46342,1.54588,6.03104,0,0,194009,0,4.88806,7,0,0,0.00140245,0.00059445,0,5.98269e-05,0.0225287,0.0225885,7,0.0225296,gather
rod-twist,tight,cell2d,2604ee,ee,1074139,3.10075,9.23474,9.62852,5.79649,0,0,1074115,0,13.4411,8,0,0,0.000312731,9.47648e-05,0,3.51293e-05,0.0232717,0.0233068,24,0.0232735,gather
rod-twist,tight,cell2d,2644vf,vf,269815,3.14456,1.82542,1.92939,12.2193,0,0,269787,0,4.73844,22,0,0,0.013437,0.000147776,0,1.0194e-05,0.00251075,0.00252095,28,0.00251007,gather
rod-twist,tight,cell2d,2683ee,ee,1117812,3.16216,9.72157,10.2471,16.7882,0,0,1117764,0,14.0186,8,0,0,0.00423099,0.000508811,0,0.000103709,0.120114,0.120218,48,0.120132,gather
rod-twist,tight,cell2d,2722ee,ee,1106341,2.63798,9.14808,9.8399,21.3337,0,0,1106298,0,17.0997,6,0,0,0.00295335,0.00127198,0,7.84551e-05,0.0420787,0.0421571,43,0.0420837,gather
rod-twist,tight,cell2d,2761vf,vf,233358,2.80217,1.33654,1.78491,0.595313,0,0,233356,0,2.11207,1,0,0,2.05832e-05,2.05832e-05,0,2.05832e-05,0.0164108,0.0164314,2,0.0164108,gather
rod-twist,tight,cell2d,2800vf,vf,268716,3.21326,1.99534,2.02411,32.8797,1,0,268667,0,18.3208,43,0,0,0.00209898,0.000164799,0,8.18605e-06,0.00226787,0.00227606,49,0.00226784,gather
rod-twist,tight,cell2d,2840vf,vf,229844,3.45898,1.40784,1.91115,0.625551,0,0,229843,0,2.13694,1,0,0,5.13388e-05,5.13388e-05,0,5.13388e-05,0.00955391,0.00960525,1,0.00955391,gather
rod-twist,tight,cell2d,2881ee,ee,1472159,3.2347,11.8507,11.7167,117.983,0,0,1471795,0,32.108,307,0,0,0.0243664,0.000135738,0,3.98499e-06,0.00150822,0.0015122,364,0.00150681,gather
rod-twist,tight,cell2d,2919ee,ee,1237994,3.11947,10.9202,13.4463,11.6046,0,0,1237929,0,13.7178,1,0,0,0.00359723,0.00359723,0,0.00359723,0.282043,0.285641,65,0.282043,gather
rod-twist,tight,cell2d,2957ee,ee,1559245,3.04251,11.5377,13.0091,168.778,1,0,1559007,0,42.9971,127,0,0,0.0156277,0.00014583,0,6.27055e-06,0.00524778,0.00525405,238,0.00524902,gather
rod-twist,tight,cell2d,2995vf,vf,280405,2.48643,1.53634,3.50688,0.235514,0,0,280404,0,3.54039,0,0,0,0,0,0,0,1,1,1,1,gather
rod-twist,tight,cell2d,3033vf,vf,258915,1.67781,1.411,1.9323,3.02392,0,0,258909,0,4.04354,2,0,0,5.50018e-05,5.50018e-05,0,5.15612e-05,0.0456348,0.0456864,6,0.0456314,gather
rod-twist,tight,cell2d,3092ee,ee,1462618,1.60428,10.4914,11.4152,20.013,0,0,1462604,0,12.8615,13,0,0,0.00104498,5.21634e-05,0,1.39988e-05,0.0141814,0.0141954,14,0.0141716,gather
rod-twist,tight,cell2d,3152vf,vf,262379,1.8412,1.40924,1.90683,2.01924,0,0,262377,0,2.76716,2,0,0,0.000949475,0.000949475,0,0.000772959,0.339592,0.340365,2,0.339592,gather
rod-twist,tight,cell2d,3205vf,vf,330376,1.52585,1.56284,2.49309,1.06852,0,0,330373,0,3.42519,3,0,0,0.00255296,0.00184082,0,0.00183852,0.257876,0.259714,3,0.257874,gather
rod-twist,tight,cell2d,3261ee,ee,1550044,1.66962,11.2498,11.7115,44.6227,0,0,1550022,0,21.2195,21,0,0,0.00547529,0.000577633,0,0.000377372,0.0578439,0.0582213,22,0.0577927,gather
rod-twist,tight,cell2d,3312ee,ee,1764051,1.79803,12.4052,12.5033,19.0013,0,0,1764033,0,15.7702,14,0,0,0.00243152,0.000793518,0,0.000452651,0.109291,0.109744,18,0.109291,gather
rod-twist,tight,cell2d,3361vf,vf,331873,2.42349,1.8451,2.10833,2.99666,0,0,331867,0,2.83455,6,0,0,0.000167527,4.53057e-05,0,1.40409e-05,0.0330276,0.0330417,6,0.0330276,gather
rod-twist,tight,cell2d,3413vf,vf,325179,1.62713,1.89557,2.30413,0.158652,0,0,325177,0,3.62003,2,0,0,0.000146077,0.000146077,0,0.000152985,0.139046,0.139199,2,0.139053,gather
rod-twist,tight,cell2d,3453ee,ee,2118419,1.56133,14.7327,16.061,339.152,2,0,2117045,0,79.2889,1051,0,0,0.0378941,0.000101615,0,7.2938e-07,3.41071e-05,3.48365e-05,1374,3.38554e-05,gather
rod-twist,tight,cell2d,3491ee,ee,1944955,3.13009,12.9664,20.6235,124.983,0,0,1944677,0,31.5419,26,0,0,0.00900192,0.00123546,0,0.000722305,0.0140485,0.0147709,278,0.0140991,gather
rod-twist,tight,cell2d,3529ee,ee,1982569,2.46426,12.6878,40.5124,82.8161,1,0,1982261,0,40.998,29,0,0,0.0104782,0.000556195,0,0.0238567,0,0.0238567,308,0,gather
rod-twist,tight,cell2d,3567ee,ee,1870826,2.47808,13.9764,8.79164,89.9984,1,0,1870525,0,27.5172,7,0,0,0.0244204,0.000541764,0,0.069402,0,0.069402,301,0,gather
rod-twist,tight,cell2d,3605ee,ee,2171707,2.34186,14.517,17.1236,239.97,1,0,2171235,0,44.4712,108,0,0,0.0467214,0.00093567,0,2.27329e-06,0.00588335,0.00588562,472,0.00588226,gather
rod-twist,tight,cell2d,3643vf,vf,427399,3.0475,2.53113,2.99624,8.40279,0,0,427368,0,6.0296,9,0,0,0.00446491,0.000624353,0,1.28425e-05,0.0145121,0.014525,31,0.0145149,gather
rod-twist,tight,cell2d,3681vf,vf,432601,2.18023,2.96946,6.02557,45.685,0,0,432488,0,9.30769,75,0,0,0.0104258,0.000218277,0,1.82826e-05,0.00171696,0.00173524,113,0.00171852,gather
rod-twist,tight,cell2d,3719vf,vf,390448,2.00472,2.22909,3.22916,3.96274,0,0,390428,0,4.26382,1,0,0,0.000835316,0.000835316,0,0.000835316,0.161438,0.162273,20,0.161438,gather
rod-twist,tight,cell2d,3757vf,vf,421480,2.16993,2.3442,3.39402,31.5346,0,0,421403,0,11.8,35,0,0,0.00341456,7.01867e-05,0,5.43898e-06,0.00578767,0.00579311,77,0.00579071,gather
rod-twist,tight,cell2d,3795vf,vf,406767,2.06542,2.29901,3.22241,33.1374,0,0,406727,0,22.5918,9,0,0,0.00207593,0.000134158,0,1.60345e-05,0.0110182,0.0110343,40,0.0110092,gather
rod-twist,tight,cell2d,3834ee,ee,2369371,2.07959,17.3751,21.0974,306.819,0,0,2368762,0,53.7338,175,0,0,0.0352945,0.000420727,0,5.46472e-06,0.00461924,0.0046247,609,0.00462341,gather
rod-twist,tight,cell2d,3872ee,ee,2453595,3.68403,18.0681,16.3455,368.413,3,0,2452841,0,68.6355,213,0,0,0.0294076,0.00146055,0,0.016588,0,0.016588,754,0,gather
rod-twist,tight,cell2d,3910ee,ee,2430782,3.48458,17.0598,21.1385,188.862,3,0,2430237,0,34.074,68,0,0,0.0184683,0.00100551,0,0.000165049,0.0102593,0.0104244,545,0.0102539,gather
rod-twist,tight,cell2d,3948ee,ee,2504712,2.44435,16.4279,21.1283,174.578,1,0,2504093,0,50.0707,62,0,0,0.0321052,0.00104067,0,4.79147e-05,0.00759081,0.00763872,619,0.00759888,gather
rod-twist,tight,cell2d,3986ee,ee,2391616,2.37207,18.1568,19.2497,143.393,0,0,2391457,0,39.2478,57,0,0,0.0530054,0.0007616,0,0.000104502,0.00569153,0.00579603,159,0.00569153,gather
rod-twist,tight,cell2d,1022ee,ee,337396,1.02138,4.67021,2.40314,0.505811,0,0,337395,0,2.60585,1,0,0,0.000305632,0.000305632,0,0.000305632,0.313812,0.314118,1,0.313812,gather
rod-twist,tight,cell2d,1290ee,ee,495723,2.66367,5.97437,3.73747,0.181403,0,0,495722,0,4.40932,1,0,0,0.000125053,0.000125053,0,0.000125053,0.079689,0.0798141,1,0.079689,gather
rod-twist,tight,cell2d,1367ee,ee,502251,2.50557,5.98861,3.7152,1.37257,0,0,502248,0,4.13554,3,0,0,0.000886681,0.000231296,0,0.000116376,0.065979,0.0660954,3,0.065979,gather
rod-twist,tight,cell2d,1456ee,ee,491047,2.77455,6.20649,3.95926,0.357335,0,0,491046,0,4.42936,1,0,0,0.000529911,0.000529911,0,0.000529911,0.2173,0.21783,1,0.2173,gather
rod-twist,tight,cell2d,1544vf,vf,109233,1.64175,1.31229,0.815243,0.160124,0,0,109232,0,0.897705,1,0,0,5.26807e-05,5.26807e-05,0,5.26807e-05,0.162979,0.163032,1,0.162979,gather
rod-twist,tight,cell2d,1590vf,vf,220754,3.07957,3.01058,1.29405,0.471411,0,0,220753,0,1.4727,1,0,0,0.000285521,0.000285521,0,0.000285521,0.201515,0.201801,1,0.201515,gather
rod-twist,tight,cell2d,1690ee,ee,644553,2.78073,7.56118,5.06064,6.35228,0,0,644539,0,7.28035,14,0,0,0.00643887,0.000253517,0,1.9708e-05,0.0346317,0.0346515,14,0.0346298,gather
rod-twist,tight,cell2d,1738ee,ee,618215,2.81017,6.65954,5.15996,2.95192,0,0,618211,0,5.50638,4,0,0,0.00321571,0.000283576,0,0.000314738,0.125144,0.125459,4,0.125175,gather
rod-twist,tight,cell2d,1787ee,ee,632353,2.94738,6.542,5.06332,1.89624,0,0,632348,0,5.62254,5,0,0,0.000406559,6.08589e-05,0,3.68989e-05,0.0266113,0.0266482,5,0.0266113,gather
rod-twist,tight,cell2d,1831vf,vf,141719,2.90671,1.37136,1.08259,1.43455,0,0,141714,0,1.28678,5,0,0,0.000850767,0.000366366,0,2.92178e-05,0.0177317,0.0177609,5,0.0177269,gather
rod-twist,tight,cell2d,1882vf,vf,150626,3.02296,1.41062,1.16093,1.16275,0,0,150619,0,1.3832,7,0,0,0.00057371,4.72829e-05,0,4.72829e-05,0.0424232,0.0424705,7,0.0424232,gather
rod-twist,tight,cell2d,1939ee,ee,732298,2.77593,6.81656,6.03642,3.10446,0,0,732294,0,7.03114,4,0,0,0.00141614,0.000604473,0,9.87548e-05,0.0405297,0.0406285,4,0.0405426,gather
rod-twist,tight,cell2d,1985vf,vf,528252,2.9477,7.75929,2.49229,19.9505,0,0,528110,0,4.43694,140,0,0,0.0105962,4.93355e-05,0,5.93299e-06,0.006997,0.00700294,142,0.00699711,gather
rod-twist,tight,cell2d,2068vf,vf,146886,3.02482,1.34413,1.09668,0.569585,0,0,146885,0,1.30585,1,0,0,0.000618676,0.000618676,0,0.000618676,0.267899,0.268517,1,0.267899,gather
rod-twist,tight,cell2d,2122ee,ee,778699,3.08741,6.90187,6.86484,4.41585,0,0,778698,0,7.07005,1,0,0,0.00396053,0.00396053,0,0.00396053,0.41748,0.421441,1,0.41748,gather
rod-twist,tight,cell2d,2166vf,vf,180778,3.04318,1.56917,1.34156,1.37161,0,0,180773,0,1.69807,5,0,0,0.00289602,0.00026356,0,2.46068e-06,0.0145821,0.0145846,5,0.0145798,gather
rod-twist,tight,cell2d,2204vf,vf,190816,2.71158,1.52489,1.43183,16.6553,1,0,190760,0,3.26212,52,0,0,0.00680877,6.2121e-05,0,2.05468e-06,0.00215431,0.00215637,56,0.0021534,gather
rod-twist,tight,cell2d,2244ee,ee,974409,2.57257,8.03035,7.57113,118.935,0,0,974251,0,25.067,149,0,0,0.0127075,0.000147152,0,1.26941e-05,0.0024708,0.00248349,158,0.00247192,gather
rod-twist,tight,cell2d,2282vf,vf,192187,2.64006,1.62162,1.43785,24.8998,0,0,192121,0,6.41113,62,0,0,0.00342922,4.1375e-05,0,1.13194e-05,0.00264536,0.00265668,66,0.00264549,gather
rod-twist,tight,cell2d,2324ee,ee,875260,2.85535,7.5863,7.93128,40.5401,0,0,875209,0,18.0312,39,0,0,0.00292621,9.91484e-05,0,4.83617e-06,0.0115598,0.0115647,51,0.0115585,gather
rod-twist,tight,cell2d,2365vf,vf,191261,2.70358,1.23632,1.55321,14.4916,0,0,191249,0,10.0876,8,0,0,0.00195635,0.000197723,0,5.10539e-05,0.0134706,0.0135216,12,0.013485,gather
rod-twist,tight,cell2d,2405vf,vf,189778,2.60825,1.49145,3.09451,5.90292,0,0,189764,0,3.17189,14,0,0,0.00201733,0.000165019,0,1.59127e-05,0.0241993,0.0242152,14,0.0241985,gather
rod-twist,tight,cell2d,2448vf,vf,183453,2.67151,1.35462,2.01451,1.75503,0,0,183450,0,1.99092,2,0,0,0.000498429,0.000498429,0,0.000468544,0.306717,0.307185,3,0.306717,gather
rod-twist,tight,cell2d,2487vf,vf,220205,2.75314,1.98964,1.64274,20.0464,0,0,220118,0,3.76237,84,0,0,0.00304991,2.91742e-05,0,2.3001e-06,0.00608629,0.00608859,87,0.00608635,gather
rod-twist,tight,cell2d,2526ee,ee,1073690,2.65289,9.67706,11.1675,88.7416,2,0,1073588,0,37.6593,72,0,0,0.00620415,0.00053525,0,0.000146266,0.0110695,0.0112158,102,0.0110626,gather
rod-twist,tight,cell2d,2565vf,vf,194016,2.75148,1.30237,1.54127,5.99629,0,0,194009,0,4.91414,7,0,0,0.00140245,0.00059445,0,5.98269e-05,0.0225287,0.0225885,7,0.0225296,gather
rod-twist,tight,cell2d,2604ee,ee,1074139,2.95688,9.23579,9.65991,5.77534,0,0,1074115,0,13.4194,8,0,0,0.000312731,9.47648e-05,0,3.51293e-05,0.0232717,0.0233068,24,0.0232735,gather
rod-twist,tight,cell2d,2644vf,vf,269815,2.6871,1.7572,1.93144,12.2482,0,0,269787,0,4.77648,22,0,0,0.013437,0.000147776,0,1.0194e-05,0.00251075,0.00252095,28,0.00251007,gather
rod-twist,tight,cell2d,2683ee,ee,1117812,3.15425,9.75539,10.2008,16.815,0,0,1117764,0,14.1011,8,0,0,0.00423099,0.000508811,0,0.000103709,0.120114,0.120218,48,0.120132,gather
rod-twist,tight,cell2d,2722ee,ee,1106341,2.62009,9.30926,9.8623,21.3592,0,0,1106298,0,17.1327,6,0,0,0.00295335,0.00127198,0,7.84551e-05,0.0420787,0.0421571,43,0.0420837,gather
rod-twist,tight,cell2d,2761vf,vf,233358,2.65033,1.38236,1.78808,0.593649,0,0,233356,0,2.11908,1,0,0,2.05832e-05,2.05832e-05,0,2.05832e-05,0.0164108,0.0164314,2,0.0164108,gather
rod-twist,tight,cell2d,2800vf,vf,268716,2.96715,1.93972,2.03835,32.8946,1,0,268667,0,18.4129,43,0,0,0.00209898,0.000164799,0,8.18605e-06,0.00226787,0.00227606,49,0.00226784,gather
rod-twist,tight,cell2d,2840vf,vf,229844,2.86489,1.40342,1.85918,0.665998,0,0,229843,0,2.19921,1,0,0,5.13388e-05,5.13388e-05,0,5.13388e-05,0.00955391,0.00960525,1,0.00955391,gather
rod-twist,tight,cell2d,2881ee,ee,1472159,3.02008,11.8394,11.7034,116.93,0,0,1471795,0,32.0651,307,0,0,0.0243664,0.000135738,0,3.98499e-06,0.00150822,0.0015122,364,0.00150681,gather
rod-twist,tight,cell2d,2919ee,ee,1237994,2.72796,10.9617,13.4655,11.5485,0,0,1237929,0,13.7391,1,0,0,0.00359723,0.00359723,0,0.00359723,0.282043,0.285641,65,0.282043,gather
rod-twist,tight,cell2d,2957ee,ee,1559245,2.64601,11.5823,13.0131,169.748,1,0,1559007,0,42.5579,127,0,0,0.0156277,0.00014583,0,6.27055e-06,0.00524778,0.00525405,238,0.00524902,gather
rod-twist,tight,cell2d,2995vf,vf,280405,3.11742,1.49574,3.55543,0.231258,0,0,280404,0,3.6016,0,0,0,0,0,0,0,1,1,1,1,gather
rod-twist,tight,cell2d,3033vf,vf,258915,2.86425,1.64844,1.93624,3.08286,0,0,258909,0,4.2244,2,0,0,5.50018e-05,5.50018e-05,0,5.15612e-05,0.0456348,0.0456864,6,0.0456314,gather
rod-twist,tight,cell2d,3092ee,ee,1462618,2.49696,10.6678,11.3233,20.0096,0,0,1462604,0,12.915,13,0,0,0.00104498,5.21634e-05,0,1.39988e-05,0.0141814,0.0141954,14,0.0141716,gather
rod-twist,tight,cell2d,3152vf,vf,262379,1.94901,1.49478,1.97534,1.99051,0,0,262377,0,2.75606,2,0,0,0.000949475,0.000949475,0,0.000772959,0.339592,0.340365,2,0.339592,gather
rod-twist,tight,cell2d,3205vf,vf,330376,1.58649,1.66133,2.44787,1.07754,0,0,330373,0,3.43233,3,0,0,0.00255296,0.00184082,0,0.00183852,0.257876,0.259714,3,0.257874,gather
rod-twist,tight,cell2d,3261ee,ee,1550044,1.61589,11.2482,11.6853,44.7279,0,0,1550022,0,21.3928,21,0,0,0.00547529,0.000577633,0,0.000377372,0.0578439,0.0582213,22,0.0577927,gather
rod-twist,tight,cell2d,3312ee,ee,1764051,1.78658,12.3916,12.5143,19.0166,0,0,1764033,0,15.7599,14,0,0,0.00243152,0.000793518,0,0.000452651,0.109291,0.109744,18,0.109291,gather
rod-twist,tight,cell2d,3361vf,vf,331873,2.19137,1.81627,2.04945,2.92431,0,0,331867,0,2.89769,6,0,0,0.000167527,4.53057e-05,0,1.40409e-05,0.0330276,0.0330417,6,0.0330276,gather
rod-twist,tight,cell2d,3413vf,vf,325179,1.55109,1.8707,2.32304,0.140605,0,0,325177,0,3.62941,2,0,0,0.000146077,0.000146077,0,0.000152985,0.139046,0.139199,2,0.139053,gather
rod-twist,tight,cell2d,3453ee,ee,2118419,1.53183,14.7522,16.0699,337.803,2,0,2117045,0,79.1715,1051,0,0,0.0378941,0.000101615,0,7.2938e-07,3.41071e-05,3.48365e-05,1374,3.38554e-05,gather
rod-twist,tight,cell2d,3491ee,ee,1944955,3.3058,13.0108,20.5588,125.903,0,0,1944677,0,31.3643,26,0,0,0.00900192,0.00123546,0,0.000722305,0.0140485,0.0147709,278,0.0140991,gather
rod-twist,tight,cell2d,3529ee,ee,1982569,2.75257,12.6418,40.4856,82.7943,1,0,1982261,0,41.6751,29,0,0,0.0104782,0.000556195,0,0.0238567,0,0.0238567,308,0,gather
rod-twist,tight,cell2d,3567ee,ee,1870826,2.60032,14.0361,8.82883,90.1791,1,0,1870525,0,27.5561,7,0,0,0.0244204,0.000541764,0,0.069402,0,0.069402,301,0,gather
rod-twist,tight,cell2d,3605ee,ee,2171707,2.61808,14.6252,17.1871,238.671,1,0,2171235,0,44.78,108,0,0,0.0467214,0.00093567,0,2.27329e-06,0.00588335,0.00588562,472,0.00588226,gather
rod-twist,tight,cell2d,3643vf,vf,427399,3.19291,2.55945,2.99503,8.44938,0,0,427368,0,6.00608,9,0,0,0.00446491,0.000624353,0,1.28425e-05,0.0145121,0.014525,31,0.0145149,gather
rod-twist,tight,cell2d,3681vf,vf,432601,2.51603,3.02962,5.98605,45.6607,0,0,432488,0,9.39252,75,0,0,0.0104258,0.000218277,0,1.82826e-05,0.00171696,0.00173524,113,0.00171852,gather
rod-twist,tight,cell2d,3719vf,vf,390448,2.41338,2.26106,3.21243,3.94982,0,0,390428,0,4.27294,1,0,0,0.000835316,0.000835316,0,0.000835316,0.161438,0.162273,20,0.161438,gather
rod-twist,tight,cell2d,3757vf,vf,421480,2.3354,2.51747,3.35476,31.7502,0,0,421403,0,11.8501,35,0,0,0.00341456,7.01867e-05,0,5.43898e-06,0.00578767,0.00579311,77,0.00579071,gather
rod-twist,tight,cell2d,3795vf,vf,406767,2.34842,2.34996,3.21083,33.0309,0,0,406727,0,22.6679,9,0,0,0.00207593,0.000134158,0,1.60345e-05,0.0110182,0.0110343,40,0.0110092,gather
rod-twist,tight,cell2d,3834ee,ee,2369371,2.30653,17.4229,21.1016,307.124,0,0,2368762,0,54.0031,175,0,0,0.0352945,0.000420727,0,5.46472e-06,0.00461924,0.0046247,609,0.00462341,gather
rod-twist,tight,cell2d,3872ee,ee,2453595,3.35815,18.0269,16.3528,365.438,3,0,2452841,0,68.4227,213,0,0,0.0294076,0.00146055,0,0.016588,0,0.016588,754,0,gather
rod-twist,tight,cell2d,3910ee,ee,2430782,3.26408,16.9409,21.0277,187.672,3,0,2430237,0,34.1091,68,0,0,0.0184683,0.00100551,0,0.000165049,0.0102593,0.0104244,545,0.0102539,gather
rod-twist,tight,cell2d,3948ee,ee,2504712,2.68575,16.3305,21.0795,174.174,1,0,2504093,0,50.2038,62,0,0,0.0321052,0.00104067,0,4.79147e-05,0.00759081,0.00763872,619,0.00759888,gather
rod-twist,tight,cell2d,3986ee,ee,2391616,2.53859,18.179,19.2437,143.014,0,0,2391457,0,39.1346,57,0,0,0.0530054,0.0007616,0,0.000104502,0.00569153,0.00579603,159,0.00569153,gather
rod-twist,tight,cell2dmin,1022ee,ee,337396,0.952903,1.04269,2.46227,0.429749,0,0,337395,0,2.60358,1,0,0,0.000305632,0.000305632,0,0.000305632,0.313812,0.314118,1,0.313812,packed
rod-twist,tight,cell2dmin,1290ee,ee,495723,2.09956,2.6536,3.76227,0.108957,0,0,495722,0,4.25118,1,0,0,0.000125053,0.000125053,0,0.000125053,0.079689,0.0798141,1,0.079689,packed
rod-twist,tight,cell2dmin,1367ee,ee,502251,1.95502,3.05777,3.7727,1.31792,0,0,502248,0,4.29857,3,0,0,0.000886681,0.000231296,0,0.000116376,0.065979,0.0660954,3,0.065979,packed
rod-twist,tight,cell2dmin,1456ee,ee,491047,2.04286,3.18974,4.09765,0.293017,0,0,491046,0,4.31336,1,0,0,0.000529911,0.000529911,0,0.000529911,0.2173,0.21783,1,0.2173,packed
rod-twist,tight,cell2dmin,1544vf,vf,109233,0.942696,1.36076,0.804075,0.090462,0,0,109232,0,0.875689,1,0,0,5.26807e-05,5.26807e-05,0,5.26807e-05,0.162979,0.163032,1,0.162979,packed
rod-twist,tight,cell2dmin,1590vf,vf,220754,2.15665,2.46157,1.34768,0.342647,0,0,220753,0,1.30188,1,0,0,0.000285521,0.000285521,0,0.000285521,0.201515,0.201801,1,0.201515,packed
rod-twist,tight,cell2dmin,1690ee,ee,644553,1.82434,3.12753,5.1582,6.38607,0,0,644539,0,7.35926,14,0,0,0.00643887,0.000253517,0,2.44248e-05,0.034627,0.0346515,14,0.0346298,packed
rod-twist,tight,cell2dmin,1738ee,ee,618215,2.12702,3.38477,5.14802,2.8908,0,0,618211,0,5.56283,4,0,0,0.00321571,0.000283576,0,0.000314738,0.125144,0.125459,4,0.125175,packed
rod-twist,tight,cell2dmin,1787ee,ee,632353,2.10916,3.24222,5.14121,1.78674,0,0,632348,0,5.80228,5,0,0,0.000406559,6.08589e-05,0,2.69039e-05,0.0266213,0.0266482,5,0.0266113,packed
rod-twist,tight,cell2dmin,1831vf,vf,141719,2.39181,1.38633,1.12445,1.31289,0,0,141714,0,1.18173,5,0,0,0.000850767,0.000366366,0,3.25955e-05,0.0177283,0.0177609,5,0.0177269,packed
rod-twist,tight,cell2dmin,1882vf,vf,150626,2.23524,1.35283,1.14912,1.07037,0,0,150619,0,1.42748,7,0,0,0.00057371,4.72829e-05,0,4.72829e-05,0.0424232,0.0424705,7,0.0424232,packed
rod-twist,tight,cell2dmin,1939ee,ee,732298,2.0889,3.99042,6.06944,3.09291,0,0,732294,0,7.1097,4,0,0,0.00141614,0.000604473,0,9.87548e-05,0.0405297,0.0406285,4,0.0405426,packed
rod-twist,tight,cell2dmin,1985vf,vf,528252,2.66531,5.52171,2.5223,19.845,0,0,528110,0,4.34379,140,0,0,0.0105962,4.93355e-05,0,5.93299e-06,0.006997,0.00700294,142,0.00699711,packed
rod-twist,tight,cell2dmin,2068vf,vf,146886,2.28135,1.40332,1.10253,0.497427,0,0,146885,0,1.14688,1,0,0,0.000618676,0.000618676,0,0.000618676,0.267899,0.268517,1,0.267899,packed
rod-twist,tight,cell2dmin,2122ee,ee,778699,2.2042,4.0173,7.33123,4.37992,0,0,778698,0,7.47558,1,0,0,0.00396053,0.00396053,0,0.00396053,0.41748,0.421441,1,0.41748,packed
rod-twist,tight,cell2dmin,2166vf,vf,180778,2.47107,1.51798,1.39616,1.32995,0,0,180773,0,1.67436,5,0,0,0.00289602,0.00026356,0,2.46068e-06,0.0145821,0.0145846,5,0.0145798,packed
rod-twist,tight,cell2dmin,2204vf,vf,190816,2.17175,1.60431,1.42211,16.6909,1,0,190760,0,3.30612,52,0,0,0.00680877,6.2121e-05,0,2.05468e-06,0.00215431,0.00215637,56,0.0021534,packed
rod-twist,tight,cell2dmin,2244ee,ee,974409,2.20615,4.3708,7.61186,118.07,0,0,974251,0,25.8576,149,0,0,0.0127075,0.000147152,0,1.27176e-05,0.00247078,0.00248349,158,0.00247192,packed
rod-twist,tight,cell2dmin,2282vf,vf,192187,2.29757,1.52463,1.44089,24.9021,0,0,192121,0,6.34422,62,0,0,0.00342922,4.1375e-05,0,1.13194e-05,0.00264536,0.00265668,66,0.00264549,packed
rod-twist,tight,cell2dmin,2324ee,ee,875260,1.93505,4.34088,7.97201,40.8111,0,0,875209,0,18.3134,39,0,0,0.00292621,9.91484e-05,0,4.05195e-06,0.0115606,0.0115647,51,0.0115585,packed
rod-twist,tight,cell2dmin,2365vf,vf,191261,2.3049,1.38505,1.54796,14.3753,0,0,191249,0,10.0693,8,0,0,0.00195635,0.000197723,0,5.10539e-05,0.0134706,0.0135216,12,0.013485,packed
rod-twist,tight,cell2dmin,2405vf,vf,189778,2.18538,1.4885,3.17355,5.83005,0,0,189764,0,3.19256,14,0,0,0.00201733,0.000165019,0,1.59127e-05,0.0241993,0.0242152,14,0.0241985,packed
rod-twist,tight,cell2dmin,2448vf,vf,183453,2.07694,1.39302,1.94696,1.73375,0,0,183450,0,2.1666,2,0,0,0.000498429,0.000498429,0,0.000468544,0.306717,0.307185,3,0.306717,packed
rod-twist,tight,cell2dmin,2487vf,vf,220205,2.32071,1.89544,1.7221,20.083,0,0,220118,0,3.67824,84,0,0,0.00304991,2.91742e-05,0,2.3001e-06,0.00608629,0.00608859,87,0.00608635,packed
rod-twist,tight,cell2dmin,2526ee,ee,1073690,2.24097,5.69681,9.43476,89.8767,2,0,1073588,0,32.6369,72,0,0,0.00620415,0.00053525,0,0.000146266,0.0110695,0.0112158,102,0.0110626,packed
rod-twist,tight,cell2dmin,2565vf,vf,194016,3.10926,1.46927,1.60332,5.99728,0,0,194009,0,4.87667,7,0,0,0.00140245,0.00059445,0,5.98269e-05,0.0225287,0.0225885,7,0.0225296,packed
rod-twist,tight,cell2dmin,2604ee,ee,1074139,2.25514,5.95741,9.6377,5.77671,0,0,1074115,0,12.6581,8,0,0,0.000312731,9.47648e-05,0,3.51293e-05,0.0232717,0.0233068,24,0.0232735,packed
rod-twist,tight,cell2dmin,2644vf,vf,269815,2.83394,1.79503,2.01963,12.198,0,0,269787,0,4.80688,22,0,0,0.013437,0.000147776,0,1.0194e-05,0.00251075,0.00252095,28,0.00251007,packed
rod-twist,tight,cell2dmin,2683ee,ee,1117812,2.33492,5.60869,10.2662,16.7532,0,0,1117764,0,13.66,8,0,0,0.00423099,0.000508811,0,0.000103709,0.120114,0.120218,48,0.120132,packed
rod-twist,tight,cell2dmin,2722ee,ee,1106341,2.43987,5.91188,10.1128,21.1812,0,0,1106298,0,16.0616,6,0,0,0.00295335,0.00127198,0,7.84551e-05,0.0420787,0.0421571,43,0.0420837,packed
rod-twist,tight,cell2dmin,2761vf,vf,233358,2.49744,1.54041,1.74927,0.568561,0,0,233356,0,2.15076,1,0,0,2.05832e-05,2.05832e-05,0,2.05832e-05,0.0164108,0.0164314,2,0.0164108,packed
rod-twist,tight,cell2dmin,2800vf,vf,268716,2.10311,1.99307,2.03358,32.7627,1,0,268667,0,18.2521,43,0,0,0.00209898,0.000164799,0,8.18605e-06,0.00226787,0.00227606,49,0.00226784,packed
rod-twist,tight,cell2dmin,2840vf,vf,229844,2.15431,1.50473,1.89592,0.580593,0,0,229843,0,2.09223,1,0,0,5.13388e-05,5.13388e-05,0,5.13388e-05,0.00955391,0.00960525,1,0.00955391,packed
rod-twist,tight,cell2dmin,2881ee,ee,1472159,2.30874,6.30627,11.9479,117.178,0,0,1471795,0,31.3371,307,0,0,0.0243664,0.000135738,0,4.07977e-06,0.00150812,0.0015122,364,0.00150681,packed
rod-twist,tight,cell2dmin,2919ee,ee,1237994,2.73615,6.28153,12.7697,11.5779,0,0,1237929,0,14.7367,1,0,0,0.00359723,0.00359723,0,0.00359723,0.282043,0.285641,65,0.282043,packed
rod-twist,tight,cell2dmin,2957ee,ee,1559245,2.49453,6.50562,13.1659,169.596,1,0,1559007,0,37.5091,127,0,0,0.0156277,0.00014583,0,7.88289e-06,0.00524617,0.00525405,238,0.00524902,packed
rod-twist,tight,cell2dmin,2995vf,vf,280405,2.43565,1.67852,3.6383,0.196923,0,0,280404,0,3.59975,0,0,0,0,0,0,0,1,1,1,1,packed
rod-twist,tight,cell2dmin,3033vf,vf,258915,2.93058,1.56409,2.0018,3.04181,0,0,258909,0,3.97065,2,0,0,5.50018e-05,5.50018e-05,0,5.15612e-05,0.0456348,0.0456864,6,0.0456314,packed
rod-twist,tight,cell2dmin,3092ee,ee,1462618,2.67897,6.41788,12.34,20.1303,0,0,1462604,0,13.2595,13,0,0,0.00104498,5.21634e-05,0,1.50544e-05,0.0141804,0.0141954,14,0.0141716,packed
rod-twist,tight,cell2dmin,3152vf,vf,262379,2.53523,1.68984,1.88385,1.96907,0,0,262377,0,2.75212,2,0,0,0.000949475,0.000949475,0,0.000772959,0.339592,0.340365,2,0.339592,packed
rod-twist,tight,cell2dmin,3205vf,vf,330376,2.58873,1.76482,2.43363,1.10029,0,0,330373,0,3.4554,3,0,0,0.00255296,0.00184082,0,0.00183852,0.257876,0.259714,3,0.257874,packed
rod-twist,tight,cell2dmin,3261ee,ee,1550044,2.67094,6.80481,11.9453,44.9625,0,0,1550022,0,19.5736,21,0,0,0.00547529,0.000577633,0,0.000390821,0.0578304,0.0582213,22,0.0577927,packed
rod-twist,tight,cell2dmin,3312ee,ee,1764051,2.41159,6.9051,12.9494,18.9989,0,0,1764033,0,16.2023,14,0,0,0.00243152,0.000793518,0,0.000446937,0.109297,0.109744,18,0.109291,packed
rod-twist,tight,cell2dmin,3361vf,vf,331873,2.45245,2.09502,2.11383,2.94072,0,0,331867,0,2.97509,6,0,0,0.000167527,4.53057e-05,0,1.40409e-05,0.0330276,0.0330417,6,0.0330276,packed
rod-twist,tight,cell2dmin,3413vf,vf,325179,2.87036,2.1785,2.41114,0.146077,0,0,325177,0,3.63443,2,0,0,0.000146077,0.000146077,0,0.000152985,0.139046,0.139199,2,0.139053,packed
rod-twist,tight,cell2dmin,3453ee,ee,2118419,2.76169,6.99175,16.3273,340.326,2,0,2117045,0,73.9112,1051,0,0,0.0378941,0.000101615,0,8.02611e-07,3.40339e-05,3.48365e-05,1374,3.38554e-05,packed
rod-twist,tight,cell2dmin,3491ee,ee,1944955,2.91535,9.22539,18.3924,125.438,0,0,1944677,0,29.3677,26,0,0,0.00900192,0.00123546,0,0.000706661,0.0140642,0.0147709,278,0.0140991,packed
rod-twist,tight,cell2dmin,3529ee,ee,1982569,2.82789,9.52737,39.6863,82.9645,1,0,1982261,0,40.7872,29,0,0,0.0104782,0.000556195,0,0.0238567,0,0.0238567,308,0,packed
rod-twist,tight,cell2dmin,3567ee,ee,1870826,2.78037,8.95279,6.57724,90.0774,1,0,1870525,0,25.654,7,0,0,0.0244204,0.000541764,0,0.069402,0,0.069402,301,0,packed
rod-twist,tight,cell2dmin,3605ee,ee,2171707,2.86389,9.2163,17.4062,240.269,1,0,2171235,0,39.5073,108,0,0,0.0467214,0.00093567,0,4.13335e-06,0.00588149,0.00588562,472,0.00588226,packed
rod-twist,tight,cell2dmin,3643vf,vf,427399,2.95535,2.69155,2.99416,8.47482,0,0,427368,0,6.08439,9,0,0,0.00446491,0.000624353,0,1.28425e-05,0.0145121,0.014525,31,0.0145149,packed
rod-twist,tight,cell2dmin,3681vf,vf,432601,2.48659,2.92559,6.04791,45.5987,0,0,432488,0,9.38007,75,0,0,0.0104258,0.000218277,0,1.82826e-05,0.00171696,0.00173524,113,0.00171852,packed
rod-twist,tight,cell2dmin,3719vf,vf,390448,2.31856,2.2538,3.32455,3.9414,0,0,390428,0,4.3163,1,0,0,0.000835316,0.000835316,0,0.000835316,0.161438,0.162273,20,0.161438,packed
rod-twist,tight,cell2dmin,3757vf,vf,421480,2.35271,2.41255,3.3355,31.6984,0,0,421403,0,11.9281,35,0,0,0.00341456,7.01867e-05,0,5.43898e-06,0.00578767,0.00579311,77,0.00579071,packed
rod-twist,tight,cell2dmin,3795vf,vf,406767,2.36931,2.44646,3.31451,33.5128,0,0,406727,0,22.5332,9,0,0,0.00207593,0.000134158,0,1.60345e-05,0.0110182,0.0110343,40,0.0110092,packed
rod-twist,tight,cell2dmin,3834ee,ee,2369371,2.34951,7.04785,21.1054,307.057,0,0,2368762,0,50.9512,175,0,0,0.0352945,0.000420727,0,5.19413e-06,0.00461951,0.0046247,609,0.00462341,packed
rod-twist,tight,cell2dmin,3872ee,ee,2453595,3.5784,9.82509,14.6401,366.46,3,0,2452841,0,68.8508,213,0,0,0.0294076,0.00146055,0,0.016588,0,0.016588,754,0,packed
rod-twist,tight,cell2dmin,3910ee,ee,2430782,4.21835,10.2665,20.5805,187.895,3,0,2430237,0,57.0171,68,0,0,0.0184683,0.00100551,0,0.000169,0.0102554,0.0104244,545,0.0102539,packed
rod-twist,tight,cell2dmin,3948ee,ee,2504712,2.83468,10.628,20.7219,174.157,1,0,2504093,0,53.2636,62,0,0,0.0321052,0.00104067,0,4.79147e-05,0.00759081,0.00763872,619,0.00759888,packed
rod-twist,tight,cell2dmin,3986ee,ee,2391616,3.13758,10.67,19.4707,143.276,0,0,2391457,0,36.8404,57,0,0,0.0530054,0.0007616,0,0.000121976,0.00567405,0.00579603,159,0.00569153,packed
rod-twist,tight,cell2dmin,1022ee,ee,337396,0.784204,1.04,2.39341,0.428468,0,0,337395,0,2.75734,1,0,0,0.000305632,0.000305632,0,0.000305632,0.313812,0.314118,1,0.313812,packed
rod-twist,tight,cell2dmin,1290ee,ee,495723,1.91813,2.6208,3.6816,0.113533,0,0,495722,0,4.31525,1,0,0,0.000125053,0.000125053,0,0.000125053,0.079689,0.0798141,1,0.079689,packed
rod-twist,tight,cell2dmin,1367ee,ee,502251,2.04302,2.91279,3.79715,1.33897,0,0,502248,0,4.2725,3,0,0,0.000886681,0.000231296,0,0.000116376,0.065979,0.0660954,3,0.065979,packed
rod-twist,tight,cell2dmin,1456ee,ee,491047,2.24522,3.45178,4.04191,0.38559,0,0,491046,0,4.29922,1,0,0,0.000529911,0.000529911,0,0.000529911,0.2173,0.21783,1,0.2173,packed
rod-twist,tight,cell2dmin,1544vf,vf,109233,1.08487,1.29875,0.803499,0.093213,0,0,109232,0,0.941959,1,0,0,5.26807e-05,5.26807e-05,0,5.26807e-05,0.162979,0.163032,1,0.162979,packed
rod-twist,tight,cell2dmin,1590vf,vf,220754,2.26324,2.54681,1.30653,0.338423,0,0,220753,0,1.38847,1,0,0,0.000285521,0.000285521,0,0.000285521,0.201515,0.201801,1,0.201515,packed
rod-twist,tight,cell2dmin,1690ee,ee,644553,2.0179,3.3715,5.14425,6.34018,0,0,644539,0,7.46825,14,0,0,0.00643887,0.000253517,0,2.44248e-05,0.034627,0.0346515,14,0.0346298,packed
rod-twist,tight,cell2dmin,1738ee,ee,618215,2.19578,3.58074,5.17858,2.93631,0,0,618211,0,5.62401,4,0,0,0.00321571,0.000283576,0,0.000314738,0.125144,0.125459,4,0.125175,packed
rod-twist,tight,cell2dmin,1787ee,ee,632353,2.2177,3.58752,5.06323,1.79461,0,0,632348,0,5.81281,5,0,0,0.000406559,6.08589e-05,0,2.69039e-05,0.0266213,0.0266482,5,0.0266113,packed
rod-twist,tight,cell2dmin,1831vf,vf,141719,2.21165,1.3784,1.15383,1.29641,0,0,141714,0,1.19859,5,0,0,0.000850767,0.000366366,0,2.92178e-05,0.0177317,0.0177609,5,0.0177269,packed
rod-twist,tight,cell2dmin,1882vf,vf,150626,2.10215,1.42825,1.21299,1.03962,0,0,150619,0,1.34422,7,0,0,0.00057371,4.72829e-05,0,4.72829e-05,0.0424232,0.0424705,7,0.0424232,packed
rod-twist,tight,cell2dmin,1939ee,ee,732298,2.03838,3.70393,6.07402,3.08536,0,0,732294,0,7.1249,4,0,0,0.00141614,0.000604473,0,9.87548e-05,0.0405297,0.0406285,4,0.0405426,packed
rod-twist,tight,cell2dmin,1985vf,vf,528252,2.54793,5.51278,2.47142,19.8251,0,0,528110,0,4.41275,140,0,0,0.0105962,4.93355e-05,0,5.93299e-06,0.006997,0.00700294,142,0.00699711,packed
rod-twist,tight,cell2dmin,2068vf,vf,146886,2.19476,1.36963,1.11159,0.493523,0,0,146885,0,1.14618,1,0,0,0.000618676,0.000618676,0,0.000618676,0.267899,0.268517,1,0.267899,packed
rod-twist,tight,cell2dmin,2122ee,ee,778699,2.03412,3.97535,7.36675,4.36869,0,0,778698,0,7.41773,1,0,0,0.00396053,0.00396053,0,0.00396053,0.41748,0.421441,1,0.41748,packed
rod-twist,tight,cell2dmin,2166vf,vf,180778,2.3936,1.5534,1.32454,1.34931,0,0,180773,0,1.72491,5,0,0,0.00289602,0.00026356,0,2.46068e-06,0.0145821,0.0145846,5,0.0145798,packed
rod-twist,tight,cell2dmin,2204vf,vf,190816,2.11022,1.59957,1.42316,16.656,1,0,190760,0,3.28826,52,0,0,0.00680877,6.2121e-05,0,2.05468e-06,0.00215431,0.00215637,56,0.0021534,packed
rod-twist,tight,cell2dmin,2244ee,ee,974409,2.02673,4.36859,7.59926,118.16,0,0,974251,0,25.8883,149,0,0,0.0127075,0.000147152,0,1.27176e-05,0.00247078,0.00248349,158,0.00247192,packed
rod-twist,tight,cell2dmin,2282vf,vf,192187,2.12698,1.54588,1.47638,24.9565,0,0,192121,0,6.3135,62,0,0,0.00342922,4.1375e-05,0,1.13194e-05,0.00264536,0.00265668,66,0.00264549,packed
rod-twist,tight,cell2dmin,2324ee,ee,875260,1.78216,4.3356,7.89407,40.5965,0,0,875209,0,18.3832,39,0,0,0.00292621,9.91484e-05,0,4.05195e-06,0.0115606,0.0115647,51,0.0115585,packed
rod-twist,tight,cell2dmin,2365vf,vf,191261,2.01544,1.35542,1.52278,14.36,0,0,191249,0,10.0671,8,0,0,0.00195635,0.000197723,0,5.10539e-05,0.0134706,0.0135216,12,0.013485,packed
rod-twist,tight,cell2dmin,2405vf,vf,189778,1.80888,1.40124,3.12785,5.80404,0,0,189764,0,3.14891,14,0,0,0.00201733,0.000165019,0,1.59127e-05,0.0241993,0.0242152,14,0.0241985,packed
rod-twist,tight,cell2dmin,2448vf,vf,183453,1.80834,1.38867,1.98756,1.73141,0,0,183450,0,1.96939,2,0,0,0.000498429,0.000498429,0,0.000468544,0.306717,0.307185,3,0.306717,packed
rod-twist,tight,cell2dmin,2487vf,vf,220205,1.89365,1.86293,1.70431,20.1903,0,0,220118,0,3.67142,84,0,0,0.00304991,2.91742e-05,0,2.3001e-06,0.00608629,0.00608859,87,0.00608635,packed
rod-twist,tight,cell2dmin,2526ee,ee,1073690,1.90318,4.83792,9.41639,89.3643,2,0,1073588,0,32.5622,72,0,0,0.00620415,0.00053525,0,0.000146266,0.0110695,0.0112158,102,0.0110626,packed
rod-twist,tight,cell2dmin,2565vf,vf,194016,2.09515,1.5013,1.55503,5.9944,0,0,194009,0,4.87309,7,0,0,0.00140245,0.00059445,0,5.98269e-05,0.0225287,0.0225885,7,0.0225296,packed
rod-twist,tight,cell2dmin,2604ee,ee,1074139,1.79295,5.15254,9.60839,5.72932,0,0,1074115,0,12.7298,8,0,0,0.000312731,9.47648e-05,0,3.51293e-05,0.0232717,0.0233068,24,0.0232735,packed
rod-twist,tight,cell2dmin,2644vf,vf,269815,2.20868,1.74171,1.98344,12.2347,0,0,269787,0,4.66397,22,0,0,0.013437,0.000147776,0,1.0194e-05,0.00251075,0.00252095,28,0.00251007,packed
rod-twist,tight,cell2dmin,2683ee,ee,1117812,1.89217,5.06822,10.2289,16.7652,0,0,1117764,0,13.6458,8,0,0,0.00423099,0.000508811,0,0.000103709,0.120114,0.120218,48,0.120132,packed
rod-twist,tight,cell2dmin,2722ee,ee,1106341,2.12986,5.05839,10.1116,21.2717,0,0,1106298,0,15.9981,6,0,0,0.00295335,0.00127198,0,7.84551e-05,0.0420787,0.0421571,43,0.0420837,packed
rod-twist,tight,cell2dmin,2761vf,vf,233358,2.04823,1.42505,1.73458,0.538098,0,0,233356,0,2.14842,1,0,0,2.05832e-05,2.05832e-05,0,2.05832e-05,0.0164108,0.0164314,2,0.0164108,packed
rod-twist,tight,cell2dmin,2800vf,vf,268716,1.79445,1.90824,2.05857,32.7323,1,0,268667,0,18.4674,43,0,0,0.00209898,0.000164799,0,8.18605e-06,0.00226787,0.00227606,49,0.00226784,packed
rod-twist,tight,cell2dmin,2840vf,vf,229844,1.77352,1.48492,1.85656,0.573009,0,0,229843,0,2.13668,1,0,0,5.13388e-05,5.13388e-05,0,5.13388e-05,0.00955391,0.00960525,1,0.00955391,packed
rod-twist,tight,cell2dmin,2881ee,ee,1472159,1.98305,5.53937,11.8171,117.525,0,0,1471795,0,31.2793,307,0,0,0.0243664,0.000135738,0,4.07977e-06,0.00150812,0.0015122,364,0.00150681,packed
rod-twist,tight,cell2dmin,2919ee,ee,1237994,2.24356,5.44773,12.7511,11.566,0,0,1237929,0,14.5612,1,0,0,0.00359723,0.00359723,0,0.00359723,0.282043,0.285641,65,0.282043,packed
rod-twist,tight,cell2dmin,2957ee,ee,1559245,2.21706,5.56757,13.1221,169.53,1,0,1559007,0,37.5769,127,0,0,0.0156277,0.00014583,0,7.88289e-06,0.00524617,0.00525405,238,0.00524902,packed
rod-twist,tight,cell2dmin,2995vf,vf,280405,2.16413,1.65007,3.48215,0.223866,0,0,280404,0,3.57891,0,0,0,0,0,0,0,1,1,1,1,packed
rod-twist,tight,cell2dmin,3033vf,vf,258915,2.5967,1.4805,2.00097,3.0228,0,0,258909,0,3.98821,2,0,0,5.50018e-05,5.50018e-05,0,5.15612e-05,0.0456348,0.0456864,6,0.0456314,packed
rod-twist,tight,cell2dmin,3092ee,ee,1462618,2.34707,5.64948,12.3263,20.1363,0,0,1462604,0,13.2303,13,0,0,0.00104498,5.21634e-05,0,1.50544e-05,0.0141804,0.0141954,14,0.0141716,packed
rod-twist,tight,cell2dmin,3152vf,vf,262379,2.17284,1.56882,1.88638,1.95864,0,0,262377,0,2.76598,2,0,0,0.000949475,0.000949475,0,0.000772959,0.339592,0.340365,2,0.339592,packed
rod-twist,tight,cell2dmin,3205vf,vf,330376,2.42141,1.69884,2.50125,1.09245,0,0,330373,0,3.41341,3,0,0,0.00255296,0.00184082,0,0.00183852,0.257876,0.259714,3,0.257874,packed
rod-twist,tight,cell2dmin,3261ee,ee,1550044,2.35344,5.94077,11.9211,45.0344,0,0,1550022,0,19.5968,21,0,0,0.00547529,0.000577633,0,0.000390821,0.0578304,0.0582213,22,0.0577927,packed
rod-twist,tight,cell2dmin,3312ee,ee,1764051,2.1361,6.16493,12.8969,19.0395,0,0,1764033,0,16.1885,14,0,0,0.00243152,0.000793518,0,0.000446937,0.109297,0.109744,18,0.109291,packed
rod-twist,tight,cell2dmin,3361vf,vf,331873,2.14238,1.93681,2.04263,2.93404,0,0,331867,0,2.94156,6,0,0,0.000167527,4.53057e-05,0,1.40409e-05,0.0330276,0.0330417,6,0.0330276,packed
rod-twist,tight,cell2dmin,3413vf,vf,325179,2.62566,1.93323,2.35117,0.14518,0,0,325177,0,3.60176,2,0,0,0.000146077,0.000146077,0,0.000152985,0.139046,0.139199,2,0.139053,packed
rod-twist,tight,cell2dmin,3453ee,ee,2118419,2.36355,6.35759,16.3756,338.761,2,0,2117045,0,73.5786,1051,0,0,0.0378941,0.000101615,0,8.02611e-07,3.40339e-05,3.48365e-05,1374,3.38554e-05,packed
rod-twist,tight,cell2dmin,3491ee,ee,1944955,3.51981,10.0583,18.3335,125.294,0,0,1944677,0,29.4725,26,0,0,0.00900192,0.00123546,0,0.000706661,0.0140642,0.0147709,278,0.0140991,packed
rod-twist,tight,cell2dmin,3529ee,ee,1982569,2.86373,10.003,40.3078,83.4555,1,0,1982261,0,40.9318,29,0,0,0.0104782,0.000556195,0,0.0238567,0,0.0238567,308,0,packed
rod-twist,tight,cell2dmin,3567ee,ee,1870826,2.77589,9.73667,6.5294,90.1543,1,0,1870525,0,25.7598,7,0,0,0.0244204,0.000541764,0,0.069402,0,0.069402,301,0,packed
rod-twist,tight,cell2dmin,3605ee,ee,2171707,2.85388,9.90512,17.4313,237.911,1,0,2171235,0,39.6285,108,0,0,0.0467214,0.00093567,0,4.13335e-06,0.00588149,0.00588562,472,0.00588226,packed
rod-twist,tight,cell2dmin,3643vf,vf,427399,3.15112,2.80837,2.99515,8.43549,0,0,427368,0,6.09418,9,0,0,0.00446491,0.000624353,0,1.28425e-05,0.0145121,0.014525,31,0.0145149,packed
rod-twist,tight,cell2dmin,3681vf,vf,432601,2.52755,2.91723,6.01965,45.6547,0,0,432488,0,9.33652,75,0,0,0.0104258,0.000218277,0,1.82826e-05,0.00171696,0.00173524,113,0.00171852,packed
rod-twist,tight,cell2dmin,3719vf,vf,390448,2.4088,2.22468,3.24811,3.99916,0,0,390428,0,4.37569,1,0,0,0.000835316,0.000835316,0,0.000835316,0.161438,0.162273,20,0.161438,packed
rod-twist,tight,cell2dmin,3757vf,vf,421480,2.4232,2.47453,3.32932,31.7369,0,0,421403,0,11.8991,35,0,0,0.00341456,7.01867e-05,0,5.43898e-06,0.00578767,0.00579311,77,0.00579071,packed
rod-twist,tight,cell2dmin,3795vf,vf,406767,2.39658,2.6566,3.30814,33.2529,0,0,406727,0,22.6192,9,0,0,0.00207593,0.000134158,0,1.60345e-05,0.0110182,0.0110343,40,0.0110092,packed
rod-twist,tight,cell2dmin,3834ee,ee,2369371,2.37539,7.5678,21.0574,307.638,0,0,2368762,0,51.522,175,0,0,0.0352945,0.000420727,0,5.19413e-06,0.00461951,0.0046247,609,0.00462341,packed
rod-twist,tight,cell2dmin,3872ee,ee,2453595,3.72352,11.2123,14.6682,365.674,3,0,2452841,0,69.1594,213,0,0,0.0294076,0.00146055,0,0.016588,0,0.016588,754,0,packed
rod-twist,tight,cell2dmin,3910ee,ee,2430782,3.95574,10.8812,20.6149,189.757,3,0,2430237,0,57.386,68,0,0,0.0184683,0.00100551,0,0.000169,0.0102554,0.0104244,545,0.0102539,packed
rod-twist,tight,cell2dmin,3948ee,ee,2504712,2.91455,11.2037,20.8279,174.68,1,0,2504093,0,53.3369,62,0,0,0.0321052,0.00104067,0,4.79147e-05,0.00759081,0.00763872,619,0.00759888,packed
rod-twist,tight,cell2dmin,3986ee,ee,2391616,3.6176,11.23,19.4606,144.284,0,0,2391457,0,36.8949,57,0,0,0.0530054,0.0007616,0,0.000121976,0.00567405,0.00579603,159,0.00569153,packed
rod-twist,tight,cell2dmin,1022ee,ee,337396,0.760684,1.00442,2.42058,0.426965,0,0,337395,0,4.70186,1,0,0,0.000305632,0.000305632,0,0.000305632,0.313812,0.314118,1,0.313812,packed
rod-twist,tight,cell2dmin,1290ee,ee,495723,1.81384,2.33424,3.70736,0.104894,0,0,495722,0,4.22079,1,0,0,0.000125053,0.000125053,0,0.000125053,0.079689,0.0798141,1,0.079689,packed
rod-twist,tight,cell2dmin,1367ee,ee,502251,1.65813,2.65827,3.77286,1.31216,0,0,502248,0,4.20898,3,0,0,0.000886681,0.000231296,0,0.000116376,0.065979,0.0660954,3,0.065979,packed
rod-twist,tight,cell2dmin,1456ee,ee,491047,1.6245,2.94587,4.00476,0.289657,0,0,491046,0,4.23813,1,0,0,0.000529911,0.000529911,0,0.000529911,0.2173,0.21783,1,0.2173,packed
rod-twist,tight,cell2dmin,1544vf,vf,109233,0.769868,1.73583,0.801835,0.078397,0,0,109232,0,0.865289,1,0,0,5.26807e-05,5.26807e-05,0,5.26807e-05,0.162979,0.163032,1,0.162979,packed
rod-twist,tight,cell2dmin,1590vf,vf,220754,2.20004,2.48544,1.31571,0.460628,0,0,220753,0,1.30019,1,0,0,0.000285521,0.000285521,0,0.000285521,0.201515,0.201801,1,0.201515,packed
rod-twist,tight,cell2dmin,1690ee,ee,644553,2.12532,3.47559,5.14799,6.44873,0,0,644539,0,7.45084,14,0,0,0.00643887,0.000253517,0,2.44248e-05,0.034627,0.0346515,14,0.0346298,packed
rod-twist,tight,cell2dmin,1738ee,ee,618215,2.35648,3.60528,5.20489,2.92757,0,0,618211,0,5.60184,4,0,0,0.00321571,0.000283576,0,0.000314738,0.125144,0.125459,4,0.125175,packed
rod-twist,tight,cell2dmin,1787ee,ee,632353,2.28503,3.52909,5.0814,1.80933,0,0,632348,0,5.81191,5,0,0,0.000406559,6.08589e-05,0,2.69039e-05,0.0266213,0.0266482,5,0.0266113,packed
rod-twist,tight,cell2dmin,1831vf,vf,141719,2.31415,1.56156,1.14999,1.35414,0,0,141714,0,1.19453,5,0,0,0.000850767,0.000366366,0,2.92178e-05,0.0177317,0.0177609,5,0.0177269,packed
rod-twist,tight,cell2dmin,1882vf,vf,150626,2.11502,1.55327,1.20115,1.07648,0,0,150619,0,1.34377,7,0,0,0.00057371,4.72829e-05,0,4.72829e-05,0.0424232,0.0424705,7,0.0424232,packed
rod-twist,tight,cell2dmin,1939ee,ee,732298,1.99684,3.71126,6.06451,3.10555,0,0,732294,0,7.1944,4,0,0,0.00141614,0.000604473,0,9.87548e-05,0.0405297,0.0406285,4,0.0405426,packed
rod-twist,tight,cell2dmin,1985vf,vf,528252,2.87509,5.49083,2.51734,19.8938,0,0,528110,0,4.36936,140,0,0,0.0105962,4.93355e-05,0,5.93299e-06,0.006997,0.00700294,142,0.00699711,packed
rod-twist,tight,cell2dmin,2068vf,vf,146886,2.31866,1.54201,1.14829,0.516563,0,0,146885,0,1.14967,1,0,0,0.000618676,0.000618676,0,0.000618676,0.267899,0.268517,1,0.267899,packed
rod-twist,tight,cell2dmin,2122ee,ee,778699,2.46835,4.03097,7.30147,4.37355,0,0,778698,0,7.37533,1,0,0,0.00396053,0.00396053,0,0.00396053,0.41748,0.421441,1,0.41748,packed
rod-twist,tight,cell2dmin,2166vf,vf,180778,2.59715,1.7037,1.37657,1.3103,0,0,180773,0,1.78808,5,0,0,0.00289602,0.00026356,0,2.46068e-06,0.0145821,0.0145846,5,0.0145798,packed
rod-twist,tight,cell2dmin,2204vf,vf,190816,2.32954,1.74543,1.48662,16.4912,1,0,190760,0,3.25879,52,0,0,0.00680877,6.2121e-05,0,2.05468e-06,0.00215431,0.00215637,56,0.0021534,packed
rod-twist,tight,cell2dmin,2244ee,ee,974409,2.34394,4.59901,7.58751,118.316,0,0,974251,0,25.8378,149,0,0,0.0127075,0.000147152,0,1.27176e-05,0.00247078,0.00248349,158,0.00247192,packed
rod-twist,tight,cell2dmin,2282vf,vf,192187,2.37319,1.74383,1.57333,25.1122,0,0,192121,0,6.30239,62,0,0,0.00342922,4.1375e-05,0,1.13194e-05,0.00264536,0.00265668,66,0.00264549,packed
rod-twist,tight,cell2dmin,2324ee,ee,875260,2.16663,4.51905,7.93723,40.9122,0,0,875209,0,18.2963,39,0,0,0.00292621,9.91484e-05,0,4.05195e-06,0.0115606,0.0115647,51,0.0115585,packed
rod-twist,tight,cell2dmin,2365vf,vf,191261,2.24916,1.60761,1.567,14.438,0,0,191249,0,10.1409,8,0,0,0.00195635,0.000197723,0,5.10539e-05,0.0134706,0.0135216,12,0.013485,packed
rod-twist,tight,cell2dmin,2405vf,vf,189778,1.95288,1.63823,3.14923,5.81012,0,0,189764,0,3.16862,14,0,0,0.00201733,0.000165019,0,1.59127e-05,0.0241993,0.0242152,14,0.0241985,packed
rod-twist,tight,cell2dmin,2448vf,vf,183453,2.02967,1.60425,1.98958,1.70184,0,0,183450,0,2.06001,2,0,0,0.000498429,0.000498429,0,0.000468544,0.306717,0.307185,3,0.306717,packed
rod-twist,tight,cell2dmin,2487vf,vf,220205,2.18583,1.91211,1.71307,20.0795,0,0,220118,0,3.67302,84,0,0,0.00304991,2.91742e-05,0,2.3001e-06,0.00608629,0.00608859,87,0.00608635,packed
rod-twist,tight,cell2dmin,2526ee,ee,1073690,2.32275,5.26783,9.51521,89.3416,2,0,1073588,0,32.6074,72,0,0,0.00620415,0.00053525,0,0.000146266,0.0110695,0.0112158,102,0.0110626,packed
rod-twist,tight,cell2dmin,2565vf,vf,194016,2.37104,1.45986,1.61244,5.9809,0,0,194009,0,4.91693,7,0,0,0.00140245,0.00059445,0,5.98269e-05,0.0225287,0.0225885,7,0.0225296,packed
rod-twist,tight,cell2dmin,2604ee,ee,1074139,1.98833,5.43541,9.5976,5.76263,0,0,1074115,0,12.7118,8,0,0,0.000312731,9.47648e-05,0,3.51293e-05,0.0232717,0.0233068,24,0.0232735,packed
rod-twist,tight,cell2dmin,2644vf,vf,269815,2.33203,1.9994,1.95476,12.2933,0,0,269787,0,4.74496,22,0,0,0.013437,0.000147776,0,1.0194e-05,0.00251075,0.00252095,28,0.00251007,packed
rod-twist,tight,cell2dmin,2683ee,ee,1117812,2.4553,5.3165,10.2854,16.7027,0,0,1117764,0,13.6191,8,0,0,0.00423099,0.000508811,0,0.000103709,0.120114,0.120218,48,0.120132,packed
rod-twist,tight,cell2dmin,2722ee,ee,1106341,2.37949,5.61668,10.1687,21.2474,0,0,1106298,0,16.0046,6,0,0,0.00295335,0.00127198,0,7.84551e-05,0.0420787,0.0421571,43,0.0420837,packed
rod-twist,tight,cell2dmin,2761vf,vf,233358,2.2658,1.51001,1.7572,0.537138,0,0,233356,0,2.20445,1,0,0,2.05832e-05,2.05832e-05,0,2.05832e-05,0.0164108,0.0164314,2,0.0164108,packed
rod-twist,tight,cell2dmin,2800vf,vf,268716,2.03489,1.98491,2.17879,32.8315,1,0,268667,0,18.5266,43,0,0,0.00209898,0.000164799,0,8.18605e-06,0.00226787,0.00227606,49,0.00226784,packed
rod-twist,tight,cell2dmin,2840vf,vf,229844,2.10449,1.5782,1.94174,0.577905,0,0,229843,0,2.0931,1,0,0,5.13388e-05,5.13388e-05,0,5.13388e-05,0.00955391,0.00960525,1,0.00955391,packed
rod-twist,tight,cell2dmin,2881ee,ee,1472159,2.12842,5.89988,11.8419,117.079,0,0,1471795,0,31.3615,307,0,0,0.0243664,0.000135738,0,4.07977e-06,0.00150812,0.0015122,364,0.00150681,packed
rod-twist,tight,cell2dmin,2919ee,ee,1237994,2.45978,5.82391,12.7466,11.5676,0,0,1237929,0,14.6347,1,0,0,0.00359723,0.00359723,0,0.00359723,0.282043,0.285641,65,0.282043,packed
rod-twist,tight,cell2dmin,2957ee,ee,1559245,2.36675,5.9881,13.1081,168.933,1,0,1559007,0,37.6106,127,0,0,0.0156277,0.00014583,0,7.88289e-06,0.00524617,0.00525405,238,0.00524902,packed
rod-twist,tight,cell2dmin,2995vf,vf,280405,2.37786,1.66293,3.61018,0.208315,0,0,280404,0,3.58877,0,0,0,0,0,0,0,1,1,1,1,packed
rod-twist,tight,cell2dmin,3033vf,vf,258915,2.7821,1.64264,1.94507,3.03813,0,0,258909,0,4.07042,2,0,0,5.50018e-05,5.50018e-05,0,5.15612e-05,0.0456348,0.0456864,6,0.0456314,packed
rod-twist,tight,cell2dmin,3092ee,ee,1462618,2.85602,5.93562,12.2685,20.0665,0,0,1462604,0,13.2706,13,0,0,0.00104498,5.21634e-05,0,1.50544e-05,0.0141804,0.0141954,14,0.0141716,packed
rod-twist,tight,cell2dmin,3152vf,vf,262379,2.45254,1.69976,1.90865,1.97153,0,0,262377,0,2.78255,2,0,0,0.000949475,0.000949475,0,0.000772959,0.339592,0.340365,2,0.339592,packed
rod-twist,tight,cell2dmin,3205vf,vf,330376,2.62457,1.73509,2.58217,1.08247,0,0,330373,0,3.40612,3,0,0,0.00255296,0.00184082,0,0.00183852,0.257876,0.259714,3,0.257874,packed
rod-twist,tight,cell2dmin,3261ee,ee,1550044,2.63545,6.05747,11.9387,44.7643,0,0,1550022,0,19.5604,21,0,0,0.00547529,0.000577633,0,0.000390821,0.0578304,0.0582213,22,0.0577927,packed
rod-twist,tight,cell2dmin,3312ee,ee,1764051,2.30864,6.26659,12.9399,18.9975,0,0,1764033,0,16.1625,14,0,0,0.00243152,0.000793518,0,0.000446937,0.109297,0.109744,18,0.109291,packed
rod-twist,tight,cell2dmin,3361vf,vf,331873,2.40422,2.01611,2.05479,2.95224,0,0,331867,0,2.9086,6,0,0,0.000167527,4.53057e-05,0,1.40409e-05,0.0330276,0.0330417,6,0.0330276,packed
rod-twist,tight,cell2dmin,3413vf,vf,325179,2.73826,1.95281,2.38067,0.157628,0,0,325177,0,3.65082,2,0,0,0.000146077,0.000146077,0,0.000152985,0.139046,0.139199,2,0.139053,packed
rod-twist,tight,cell2dmin,3453ee,ee,2118419,2.41798,6.21065,16.3683,338.381,2,0,2117045,0,73.6891,1051,0,0,0.0378941,0.000101615,0,8.02611e-07,3.40339e-05,3.48365e-05,1374,3.38554e-05,packed
rod-twist,tight,cell2dmin,3491ee,ee,1944955,3.56874,9.53258,18.3161,125.45,0,0,1944677,0,29.6491,26,0,0,0.00900192,0.00123546,0,0.000706661,0.0140642,0.0147709,278,0.0140991,packed
rod-twist,tight,cell2dmin,3529ee,ee,1982569,2.93436,9.75014,39.7501,83.0099,1,0,1982261,0,40.9824,29,0,0,0.0104782,0.000556195,0,0.0238567,0,0.0238567,308,0,packed
rod-twist,tight,cell2dmin,3567ee,ee,1870826,2.86229,9.17627,6.54789,90.218,1,0,1870525,0,25.675,7,0,0,0.0244204,0.000541764,0,0.069402,0,0.069402,301,0,packed
rod-twist,tight,cell2dmin,3605ee,ee,2171707,2.89781,9.60861,17.4331,237.764,1,0,2171235,0,39.5663,108,0,0,0.0467214,0.00093567,0,4.13335e-06,0.00588149,0.00588562,472,0.00588226,packed
rod-twist,tight,cell2dmin,3643vf,vf,427399,3.38039,2.8853,3.00949,8.51475,0,0,427368,0,6.1281,9,0,0,0.00446491,0.000624353,0,1.28425e-05,0.0145121,0.014525,31,0.0145149,packed
rod-twist,tight,cell2dmin,3681vf,vf,432601,2.66739,2.85311,6.07021,45.7378,0,0,432488,0,9.40999,75,0,0,0.0104258,0.000218277,0,1.82826e-05,0.00171696,0.00173524,113,0.00171852,packed
rod-twist,tight,cell2dmin,3719vf,vf,390448,2.55574,2.1666,3.28407,3.95676,0,0,390428,0,4.36366,1,0,0,0.000835316,0.000835316,0,0.000835316,0.161438,0.162273,20,0.161438,packed
rod-twist,tight,cell2dmin,3757vf,vf,421480,2.46454,2.47248,3.36878,31.7246,0,0,421403,0,11.8634,35,0,0,0.00341456,7.01867e-05,0,5.43898e-06,0.00578767,0.00579311,77,0.00579071,packed
rod-twist,tight,cell2dmin,3795vf,vf,406767,2.45696,2.52336,3.20638,33.1414,0,0,406727,0,22.4685,9,0,0,0.00207593,0.000134158,0,1.60345e-05,0.0110182,0.0110343,40,0.0110092,packed
rod-twist,tight,cell2dmin,3834ee,ee,2369371,2.44122,7.48672,21.1121,306.562,0,0,2368762,0,51.1954,175,0,0,0.0352945,0.000420727,0,5.19413e-06,0.00461951,0.0046247,609,0.00462341,packed
rod-twist,tight,cell2dmin,3872ee,ee,2453595,3.62423,10.7215,14.6396,366.696,3,0,2452841,0,69.3681,213,0,0,0.0294076,0.00146055,0,0.016588,0,0.016588,754,0,packed
rod-twist,tight,cell2dmin,3910ee,ee,2430782,3.6816,9.35636,20.6124,187.947,3,0,2430237,0,57.1117,68,0,0,0.0184683,0.00100551,0,0.000169,0.0102554,0.0104244,545,0.0102539,packed
rod-twist,tight,cell2dmin,3948ee,ee,2504712,2.94939,9.8752,20.7644,174.168,1,0,2504093,0,53.2352,62,0,0,0.0321052,0.00104067,0,4.79147e-05,0.00759081,0.00763872,619,0.00759888,packed
rod-twist,tight,cell2dmin,3986ee,ee,2391616,3.46698,10.1908,19.5025,143.336,0,0,2391457,0,36.6555,57,0,0,0.0530054,0.0007616,0,0.000121976,0.00567405,0.00579603,159,0.00569153,packed
rod-twist,tight,cell2dmin,1022ee,ee,337396,0.731788,1.17632,2.43411,0.424949,0,0,337395,0,2.59232,1,0,0,0.000305632,0.000305632,0,0.000305632,0.313812,0.314118,1,0.313812,gather
rod-twist,tight,cell2dmin,1290ee,ee,495723,1.47874,2.77593,3.72326,0.111133,0,0,495722,0,4.22859,1,0,0,0.000125053,0.000125053,0,0.000125053,0.079689,0.0798141,1,0.079689,gather
rod-twist,tight,cell2dmin,1367ee,ee,502251,1.48479,3.14126,3.84796,1.52594,0,0,502248,0,4.40244,3,0,0,0.000886681,0.000231296,0,0.000116376,0.065979,0.0660954,3,0.065979,gather
rod-twist,tight,cell2dmin,1456ee,ee,491047,3.02853,8.42861,4.09602,0.305208,0,0,491046,0,4.46718,1,0,0,0.000529911,0.000529911,0,0.000529911,0.2173,0.21783,1,0.2173,gather
rod-twist,tight,cell2dmin,1544vf,vf,109233,1.76552,1.39257,0.833994,0.161116,0,0,109232,0,0.91236,1,0,0,5.26807e-05,5.26807e-05,0,5.26807e-05,0.162979,0.163032,1,0.162979,gather
rod-twist,tight,cell2dmin,1590vf,vf,220754,3.38721,3.02965,1.36979,0.475444,0,0,220753,0,2.90523,1,0,0,0.000285521,0.000285521,0,0.000285521,0.201515,0.201801,1,0.201515,gather
rod-twist,tight,cell2dmin,1690ee,ee,644553,2.84933,8.03067,5.15583,6.46357,0,0,644539,0,7.70754,14,0,0,0.00643887,0.000253517,0,2.44248e-05,0.034627,0.0346515,14,0.0346298,gather
rod-twist,tight,cell2dmin,1738ee,ee,618215,3.05649,8.49565,5.19148,3.00597,0,0,618211,0,5.84954,4,0,0,0.00321571,0.000283576,0,0.000314738,0.125144,0.125459,4,0.125175,gather
rod-twist,tight,cell2dmin,1787ee,ee,632353,3.05784,8.31296,5.12559,1.90088,0,0,632348,0,6.0816,5,0,0,0.000406559,6.08589e-05,0,2.69039e-05,0.0266213,0.0266482,5,0.0266113,gather
rod-twist,tight,cell2dmin,1831vf,vf,141719,3.21179,1.531,1.13309,1.43027,0,0,141714,0,1.28781,5,0,0,0.000850767,0.000366366,0,2.92178e-05,0.0177317,0.0177609,5,0.0177269,gather
rod-twist,tight,cell2dmin,1882vf,vf,150626,2.27728,1.53874,1.21987,1.18685,0,0,150619,0,1.43852,7,0,0,0.00057371,4.72829e-05,0,4.72829e-05,0.0424232,0.0424705,7,0.0424232,gather
rod-twist,tight,cell2dmin,1939ee,ee,732298,2.21703,9.39188,6.02806,3.16126,0,0,732294,0,7.36704,4,0,0,0.00141614,0.000604473,0,9.87548e-05,0.0405297,0.0406285,4,0.0405426,gather
rod-twist,tight,cell2dmin,1985vf,vf,528252,3.32686,8.11982,2.5776,19.8472,0,0,528110,0,4.47143,140,0,0,0.0105962,4.93355e-05,0,5.93299e-06,0.006997,0.00700294,142,0.00699711,gather
rod-twist,tight,cell2dmin,2068vf,vf,146886,3.32151,1.46883,1.15325,0.67179,0,0,146885,0,1.21869,1,0,0,0.000618676,0.000618676,0,0.000618676,0.267899,0.268517,1,0.267899,gather
rod-twist,tight,cell2dmin,2122ee,ee,778699,2.2976,9.07733,7.37981,4.47735,0,0,778698,0,7.61519,1,0,0,0.00396053,0.00396053,0,0.00396053,0.41748,0.421441,1,0.41748,gather
rod-twist,tight,cell2dmin,2166vf,vf,180778,2.33498,1.67365,1.41417,1.42207,0,0,180773,0,1.65839,5,0,0,0.00289602,0.00026356,0,2.46068e-06,0.0145821,0.0145846,5,0.0145798,gather
rod-twist,tight,cell2dmin,2204vf,vf,190816,2.37155,1.88712,1.49676,16.7726,1,0,190760,0,3.3691,52,0,0,0.00680877,6.2121e-05,0,2.05468e-06,0.00215431,0.00215637,56,0.0021534,gather
rod-twist,tight,cell2dmin,2244ee,ee,974409,2.34323,9.52112,7.60764,116.945,0,0,974251,0,26.0606,149,0,0,0.0127075,0.000147152,0,1.27176e-05,0.00247078,0.00248349,158,0.00247192,gather
rod-twist,tight,cell2dmin,2282vf,vf,192187,2.19345,1.79595,1.51042,25.1573,0,0,192121,0,6.41798,62,0,0,0.00342922,4.1375e-05,0,1.13194e-05,0.00264536,0.00265668,66,0.00264549,gather
rod-twist,tight,cell2dmin,2324ee,ee,875260,3.19332,9.8991,8.0554,40.6053,0,0,875209,0,18.4905,39,0,0,0.00292621,9.91484e-05,0,4.05195e-06,0.0115606,0.0115647,51,0.0115585,gather
rod-twist,tight,cell2dmin,2365vf,vf,191261,2.27789,1.55218,1.65365,14.4674,0,0,191249,0,10.2089,8,0,0,0.00195635,0.000197723,0,5.10539e-05,0.0134706,0.0135216,12,0.013485,gather
rod-twist,tight,cell2dmin,2405vf,vf,189778,3.20888,1.70354,3.22222,5.97021,0,0,189764,0,3.18203,14,0,0,0.00201733,0.000165019,0,1.59127e-05,0.0241993,0.0242152,14,0.0241985,gather
rod-twist,tight,cell2dmin,2448vf,vf,183453,3.28564,1.51119,2.03409,1.80642,0,0,183450,0,2.04334,2,0,0,0.000498429,0.000498429,0,0.000468544,0.306717,0.307185,3,0.306717,gather
rod-twist,tight,cell2dmin,2487vf,vf,220205,3.4625,2.28471,1.71602,20.3566,0,0,220118,0,3.79948,84,0,0,0.00304991,2.91742e-05,0,2.3001e-06,0.00608629,0.00608859,87,0.00608635,gather
rod-twist,tight,cell2dmin,2526ee,ee,1073690,3.02203,10.4742,9.40798,89.7917,2,0,1073588,0,32.99,72,0,0,0.00620415,0.00053525,0,0.000146266,0.0110695,0.0112158,102,0.0110626,gather
rod-twist,tight,cell2dmin,2565vf,vf,194016,2.33648,1.55621,1.65592,6.07466,0,0,194009,0,4.92195,7,0,0,0.00140245,0.00059445,0,5.98269e-05,0.0225287,0.0225885,7,0.0225296,gather
rod-twist,tight,cell2dmin,2604ee,ee,1074139,3.08929,10.4352,9.64179,5.86784,0,0,1074115,0,13.0109,8,0,0,0.000312731,9.47648e-05,0,3.51293e-05,0.0232717,0.0233068,24,0.0232735,gather
rod-twist,tight,cell2dmin,2644vf,vf,269815,2.1521,1.94107,2.02519,12.2953,0,0,269787,0,4.82291,22,0,0,0.013437,0.000147776,0,1.0194e-05,0.00251075,0.00252095,28,0.00251007,gather
rod-twist,tight,cell2dmin,2683ee,ee,1117812,2.72738,10.1577,10.2983,16.7996,0,0,1117764,0,13.8735,8,0,0,0.00423099,0.000508811,0,0.000103709,0.120114,0.120218,48,0.120132,gather
rod-twist,tight,cell2dmin,2722ee,ee,1106341,2.04279,10.4795,10.1274,21.1881,0,0,1106298,0,16.1137,6,0,0,0.00295335,0.00127198,0,7.84551e-05,0.0420787,0.0421571,43,0.0420837,gather
rod-twist,tight,cell2dmin,2761vf,vf,233358,2.10154,1.5662,1.80443,0.614032,0,0,233356,0,2.22477,1,0,0,2.05832e-05,2.05832e-05,0,2.05832e-05,0.0164108,0.0164314,2,0.0164108,gather
rod-twist,tight,cell2dmin,2800vf,vf,268716,3.05662,2.00635,2.11998,33.01,1,0,268667,0,18.332,43,0,0,0.00209898,0.000164799,0,8.18605e-06,0.00226787,0.00227606,49,0.00226784,gather
rod-twist,tight,cell2dmin,2840vf,vf,229844,2.79391,1.54933,1.92184,0.669358,0,0,229843,0,2.16295,1,0,0,5.13388e-05,5.13388e-05,0,5.13388e-05,0.00955391,0.00960525,1,0.00955391,gather
rod-twist,tight,cell2dmin,2881ee,ee,1472159,2.83532,11.0203,11.841,117.459,0,0,1471795,0,31.4259,307,0,0,0.0243664,0.000135738,0,4.07977e-06,0.00150812,0.0015122,364,0.00150681,gather
rod-twist,tight,cell2dmin,2919ee,ee,1237994,3.09314,10.5244,12.7365,11.9175,0,0,1237929,0,14.8121,1,0,0,0.00359723,0.00359723,0,0.00359723,0.282043,0.285641,65,0.282043,gather
rod-twist,tight,cell2dmin,2957ee,ee,1559245,2.113,11.0313,13.0686,169.184,1,0,1559007,0,37.9657,127,0,0,0.0156277,0.00014583,0,7.88289e-06,0.00524617,0.00525405,238,0.00524902,gather
rod-twist,tight,cell2dmin,2995vf,vf,280405,3.07109,1.75442,3.63786,0.218458,0,0,280404,0,3.65638,0,0,0,0,0,0,0,1,1,1,1,gather
rod-twist,tight,cell2dmin,3033vf,vf,258915,2.02817,1.6085,2.00072,3.10203,0,0,258909,0,4.17007,2,0,0,5.50018e-05,5.50018e-05,0,5.15612e-05,0.0456348,0.0456864,6,0.0456314,gather
rod-twist,tight,cell2dmin,3092ee,ee,1462618,1.96008,8.42653,12.4818,20.09,0,0,1462604,0,13.6256,13,0,0,0.00104498,5.21634e-05,0,1.50544e-05,0.0141804,0.0141954,14,0.0141716,gather
rod-twist,tight,cell2dmin,3152vf,vf,262379,2.32221,1.77253,2.02238,2.0395,0,0,262377,0,3.90025,2,0,0,0.000949475,0.000949475,0,0.000772959,0.339592,0.340365,2,0.339592,gather
rod-twist,tight,cell2dmin,3205vf,vf,330376,2.03364,1.93067,2.48605,1.15834,0,0,330373,0,3.58675,3,0,0,0.00255296,0.00184082,0,0.00183852,0.257876,0.259714,3,0.257874,gather
rod-twist,tight,cell2dmin,3261ee,ee,1550044,1.96833,8.1969,11.9031,44.9899,0,0,1550022,0,19.6684,21,0,0,0.00547529,0.000577633,0,0.000390821,0.0578304,0.0582213,22,0.0577927,gather
rod-twist,tight,cell2dmin,3312ee,ee,1764051,2.16215,11.2214,12.93,19.1171,0,0,1764033,0,16.364,14,0,0,0.00243152,0.000793518,0,0.000446937,0.109297,0.109744,18,0.109291,gather
rod-twist,tight,cell2dmin,3361vf,vf,331873,3.06574,2.10209,2.13933,3.00107,0,0,331867,0,2.99906,6,0,0,0.000167527,4.53057e-05,0,1.40409e-05,0.0330276,0.0330417,6,0.0330276,gather
rod-twist,tight,cell2dmin,3413vf,vf,325179,2.00273,2.17761,2.46259,0.1639,0,0,325177,0,3.81769,2,0,0,0.000146077,0.000146077,0,0.000152985,0.139046,0.139199,2,0.139053,gather
rod-twist,tight,cell2dmin,3453ee,ee,2118419,1.94235,9.69635,16.2634,337.82,2,0,2117045,0,73.9376,1051,0,0,0.0378941,0.000101615,0,8.02611e-07,3.40339e-05,3.48365e-05,1374,3.38554e-05,gather
rod-twist,tight,cell2dmin,3491ee,ee,1944955,3.3043,10.6066,18.2594,124.911,0,0,1944677,0,29.1815,26,0,0,0.00900192,0.00123546,0,0.000706661,0.0140642,0.0147709,278,0.0140991,gather
rod-twist,tight,cell2dmin,3529ee,ee,1982569,2.09364,11.1773,39.6124,83.255,1,0,1982261,0,40.8374,29,0,0,0.0104782,0.000556195,0,0.0238567,0,0.0238567,308,0,gather
rod-twist,tight,cell2dmin,3567ee,ee,1870826,2.36864,10.2449,6.53378,90.931,1,0,1870525,0,25.8079,7,0,0,0.0244204,0.000541764,0,0.069402,0,0.069402,301,0,gather
rod-twist,tight,cell2dmin,3605ee,ee,2171707,2.21268,10.5008,17.2407,244.075,1,0,2171235,0,39.2799,108,0,0,0.0467214,0.00093567,0,4.13335e-06,0.00588149,0.00588562,472,0.00588226,gather
rod-twist,tight,cell2dmin,3643vf,vf,427399,3.29444,2.7405,3.02203,8.39888,0,0,427368,0,6.00752,9,0,0,0.00446491,0.000624353,0,1.28425e-05,0.0145121,0.014525,31,0.0145149,gather
rod-twist,tight,cell2dmin,3681vf,vf,432601,2.05252,3.01327,5.9912,45.5207,0,0,432488,0,9.33633,75,0,0,0.0104258,0.000218277,0,1.82826e-05,0.00171696,0.00173524,113,0.00171852,gather
rod-twist,tight,cell2dmin,3719vf,vf,390448,2.07287,2.25732,3.25943,3.94678,0,0,390428,0,4.33685,1,0,0,0.000835316,0.000835316,0,0.000835316,0.161438,0.162273,20,0.161438,gather
rod-twist,tight,cell2dmin,3757vf,vf,421480,1.91253,2.34461,3.31143,31.6418,0,0,421403,0,11.9102,35,0,0,0.00341456,7.01867e-05,0,5.43898e-06,0.00578767,0.00579311,77,0.00579071,gather
rod-twist,tight,cell2dmin,3795vf,vf,406767,1.95377,2.59881,3.24123,33.3076,0,0,406727,0,22.6277,9,0,0,0.00207593,0.000134158,0,1.60345e-05,0.0110182,0.0110343,40,0.0110092,gather
rod-twist,tight,cell2dmin,3834ee,ee,2369371,2.01243,8.63996,20.8924,305.719,0,0,2368762,0,50.9343,175,0,0,0.0352945,0.000420727,0,5.19413e-06,0.00461951,0.0046247,609,0.00462341,gather
rod-twist,tight,cell2dmin,3872ee,ee,2453595,2.16909,5.13954,14.5482,364.604,3,0,2452841,0,68.8321,213,0,0,0.0294076,0.00146055,0,0.016588,0,0.016588,754,0,gather
rod-twist,tight,cell2dmin,3910ee,ee,2430782,1.83867,5.30552,20.5588,187.871,3,0,2430237,0,56.912,68,0,0,0.0184683,0.00100551,0,0.000169,0.0102554,0.0104244,545,0.0102539,gather
rod-twist,tight,cell2dmin,3948ee,ee,2504712,2.17325,11.4122,20.5997,173.944,1,0,2504093,0,53.2861,62,0,0,0.0321052,0.00104067,0,4.79147e-05,0.00759081,0.00763872,619,0.00759888,gather
rod-twist,tight,cell2dmin,3986ee,ee,2391616,1.85762,5.07795,19.3801,143.076,0,0,2391457,0,36.7247,57,0,0,0.0530054,0.0007616,0,0.000121976,0.00567405,0.00579603,159,0.00569153,gather
rod-twist,tight,cell2dmin,1022ee,ee,337396,0.739596,1.79909,2.39283,0.426677,0,0,337395,0,2.89762,1,0,0,0.000305632,0.000305632,0,0.000305632,0.313812,0.314118,1,0.313812,gather
rod-twist,tight,cell2dmin,1290ee,ee,495723,1.45267,2.78466,3.76105,0.111997,0,0,495722,0,4.24453,1,0,0,0.000125053,0.000125053,0,0.000125053,0.079689,0.0798141,1,0.079689,gather
rod-twist,tight,cell2dmin,1367ee,ee,502251,1.40643,3.02075,3.7592,1.3343,0,0,502248,0,4.25854,3,0,0,0.000886681,0.000231296,0,0.000116376,0.065979,0.0660954,3,0.065979,gather
rod-twist,tight,cell2dmin,1456ee,ee,491047,1.49462,3.13099,4.01826,0.291481,0,0,491046,0,4.30485,1,0,0,0.000529911,0.000529911,0,0.000529911,0.2173,0.21783,1,0.2173,gather
rod-twist,tight,cell2dmin,1544vf,vf,109233,1.01693,1.15213,0.805003,0.076958,0,0,109232,0,0.876393,1,0,0,5.26807e-05,5.26807e-05,0,5.26807e-05,0.162979,0.163032,1,0.162979,gather
rod-twist,tight,cell2dmin,1590vf,vf,220754,1.75528,2.74873,1.28787,0.348471,0,0,220753,0,1.35872,1,0,0,0.000285521,0.000285521,0,0.000285521,0.201515,0.201801,1,0.201515,gather
rod-twist,tight,cell2dmin,1690ee,ee,644553,1.66661,3.46637,5.07916,6.33142,0,0,644539,0,7.4479,14,0,0,0.00643887,0.000253517,0,2.44248e-05,0.034627,0.0346515,14,0.0346298,gather
rod-twist,tight,cell2dmin,1738ee,ee,618215,1.678,3.63024,5.09721,2.90242,0,0,618211,0,5.51147,4,0,0,0.00321571,0.000283576,0,0.000314738,0.125144,0.125459,4,0.125175,gather
rod-twist,tight,cell2dmin,1787ee,ee,632353,1.70338,3.61482,5.04358,1.78379,0,0,632348,0,5.82333,5,0,0,0.000406559,6.08589e-05,0,2.69039e-05,0.0266213,0.0266482,5,0.0266113,gather
rod-twist,tight,cell2dmin,1831vf,vf,141719,2.01476,1.25325,1.09216,1.34169,0,0,141714,0,1.31728,5,0,0,0.000850767,0.000366366,0,3.25955e-05,0.0177283,0.0177609,5,0.0177269,gather
rod-twist,tight,cell2dmin,1882vf,vf,150626,1.55126,1.32969,1.14903,1.12922,0,0,150619,0,1.35308,7,0,0,0.00057371,4.72829e-05,0,4.72829e-05,0.0424232,0.0424705,7,0.0424232,gather
rod-twist,tight,cell2dmin,1939ee,ee,732298,1.42678,3.91353,6.02544,3.0059,0,0,732294,0,7.07911,4,0,0,0.00141614,0.000604473,0,9.87548e-05,0.0405297,0.0406285,4,0.0405426,gather
rod-twist,tight,cell2dmin,1985vf,vf,528252,1.70588,7.64469,2.89723,19.8138,0,0,528110,0,4.37505,140,0,0,0.0105962,4.93355e-05,0,5.93299e-06,0.006997,0.00700294,142,0.00699711,gather
rod-twist,tight,cell2dmin,2068vf,vf,146886,1.66626,1.21155,1.09341,0.595344,0,0,146885,0,1.14355,1,0,0,0.000618676,0.000618676,0,0.000618676,0.267899,0.268517,1,0.267899,gather
rod-twist,tight,cell2dmin,2122ee,ee,778699,1.51446,3.79772,7.30739,4.36392,0,0,778698,0,7.37629,1,0,0,0.00396053,0.00396053,0,0.00396053,0.41748,0.421441,1,0.41748,gather
rod-twist,tight,cell2dmin,2166vf,vf,180778,1.45769,1.37942,1.41356,1.28579,0,0,180773,0,1.64764,5,0,0,0.00289602,0.00026356,0,2.46068e-06,0.0145821,0.0145846,5,0.0145798,gather
rod-twist,tight,cell2dmin,2204vf,vf,190816,1.32016,1.48738,1.4279,16.6236,1,0,190760,0,3.25943,52,0,0,0.00680877,6.2121e-05,0,2.05468e-06,0.00215431,0.00215637,56,0.0021534,gather
rod-twist,tight,cell2dmin,2244ee,ee,974409,1.26483,4.15327,7.54451,118.035,0,0,974251,0,25.748,149,0,0,0.0127075,0.000147152,0,1.27176e-05,0.00247078,0.00248349,158,0.00247192,gather
rod-twist,tight,cell2dmin,2282vf,vf,192187,1.47078,1.51337,1.4343,24.9179,0,0,192121,0,6.36012,62,0,0,0.00342922,4.1375e-05,0,1.13194e-05,0.00264536,0.00265668,66,0.00264549,gather
rod-twist,tight,cell2dmin,2324ee,ee,875260,1.83739,4.20114,7.87218,40.5077,0,0,875209,0,18.2831,39,0,0,0.00292621,9.91484e-05,0,4.05195e-06,0.0115606,0.0115647,51,0.0115585,gather
rod-twist,tight,cell2dmin,2365vf,vf,191261,1.56898,1.17687,1.6437,14.3869,0,0,191249,0,10.0703,8,0,0,0.00195635,0.000197723,0,5.10539e-05,0.0134706,0.0135216,12,0.013485,gather
rod-twist,tight,cell2dmin,2405vf,vf,189778,1.81653,1.30425,3.13189,5.81274,0,0,189764,0,3.14085,14,0,0,0.00201733,0.000165019,0,1.59127e-05,0.0241993,0.0242152,14,0.0241985,gather
rod-twist,tight,cell2dmin,2448vf,vf,183453,1.77861,1.25363,1.96632,1.70091,0,0,183450,0,1.93601,2,0,0,0.000498429,0.000498429,0,0.000468544,0.306717,0.307185,3,0.306717,gather
rod-twist,tight,cell2dmin,2487vf,vf,220205,1.84562,1.9547,1.67202,20.1327,0,0,220118,0,3.84099,84,0,0,0.00304991,2.91742e-05,0,2.3001e-06,0.00608629,0.00608859,87,0.00608635,gather
rod-twist,tight,cell2dmin,2526ee,ee,1073690,1.87694,4.59255,9.35921,88.5494,2,0,1073588,0,32.4587,72,0,0,0.00620415,0.00053525,0,0.000146266,0.0110695,0.0112158,102,0.0110626,gather
rod-twist,tight,cell2dmin,2565vf,vf,194016,1.56981,1.24467,1.54581,6.00771,0,0,194009,0,4.92185,7,0,0,0.00140245,0.00059445,0,5.98269e-05,0.0225287,0.0225885,7,0.0225296,gather
rod-twist,tight,cell2dmin,2604ee,ee,1074139,1.92725,4.76528,9.56112,5.71156,0,0,1074115,0,12.6591,8,0,0,0.000312731,9.47648e-05,0,3.51293e-05,0.0232717,0.0233068,24,0.0232735,gather
rod-twist,tight,cell2dmin,2644vf,vf,269815,1.45743,1.61868,1.99006,12.1906,0,0,269787,0,4.68314,22,0,0,0.013437,0.000147776,0,1.0194e-05,0.00251075,0.00252095,28,0.00251007,gather
rod-twist,tight,cell2dmin,2683ee,ee,1117812,1.89816,4.75636,11.0101,16.6215,0,0,1117764,0,13.5596,8,0,0,0.00423099,0.000508811,0,0.000103709,0.120114,0.120218,48,0.120132,gather
rod-twist,tight,cell2dmin,2722ee,ee,1106341,1.54127,4.80714,10.0561,21.1052,0,0,1106298,0,15.9004,6,0,0,0.00295335,0.00127198,0,7.84551e-05,0.0420787,0.0421571,43,0.0420837,gather
rod-twist,tight,cell2dmin,2761vf,vf,233358,1.25686,1.25945,1.79672,0.529138,0,0,233356,0,2.08545,1,0,0,2.05832e-05,2.05832e-05,0,2.05832e-05,0.0164108,0.0164314,2,0.0164108,gather
rod-twist,tight,cell2dmin,2800vf,vf,268716,1.6668,1.90398,2.01854,32.7284,1,0,268667,0,18.2816,43,0,0,0.00209898,0.000164799,0,8.18605e-06,0.00226787,0.00227606,49,0.00226784,gather
rod-twist,tight,cell2dmin,2840vf,vf,229844,1.89323,1.31661,1.85154,0.594737,0,0,229843,0,2.14561,1,0,0,5.13388e-05,5.13388e-05,0,5.13388e-05,0.00955391,0.00960525,1,0.00955391,gather
rod-twist,tight,cell2dmin,2881ee,ee,1472159,2.05611,5.20661,11.8633,116.712,0,0,1471795,0,31.1081,307,0,0,0.0243664,0.000135738,0,4.07977e-06,0.00150812,0.0015122,364,0.00150681,gather
rod-twist,tight,cell2dmin,2919ee,ee,1237994,2.10436,5.07865,12.719,11.5344,0,0,1237929,0,14.4886,1,0,0,0.00359723,0.00359723,0,0.00359723,0.282043,0.285641,65,0.282043,gather
rod-twist,tight,cell2dmin,2957ee,ee,1559245,1.53903,5.09916,13.0643,168.835,1,0,1559007,0,37.3889,127,0,0,0.0156277,0.00014583,0,7.88289e-06,0.00524617,0.00525405,238,0.00524902,gather
rod-twist,tight,cell2dmin,2995vf,vf,280405,2.13726,1.43679,3.53722,0.197371,0,0,280404,0,3.63968,0,0,0,0,0,0,0,1,1,1,1,gather
rod-twist,tight,cell2dmin,3033vf,vf,258915,1.30617,1.26224,1.97496,3.02536,0,0,258909,0,3.92415,2,0,0,5.50018e-05,5.50018e-05,0,5.15612e-05,0.0456348,0.0456864,6,0.0456314,gather
rod-twist,tight,cell2dmin,3092ee,ee,1462618,1.24739,4.07852,12.2955,19.8998,0,0,1462604,0,13.1473,13,0,0,0.00104498,5.21634e-05,0,1.50544e-05,0.0141804,0.0141954,14,0.0141716,gather
rod-twist,tight,cell2dmin,3152vf,vf,262379,1.41907,1.39484,1.87067,1.98008,0,0,262377,0,2.79964,2,0,0,0.000949475,0.000949475,0,0.000772959,0.339592,0.340365,2,0.339592,gather
rod-twist,tight,cell2dmin,3205vf,vf,330376,1.3496,1.52114,2.46307,1.06138,0,0,330373,0,3.47741,3,0,0,0.00255296,0.00184082,0,0.00183852,0.257876,0.259714,3,0.257874,gather
rod-twist,tight,cell2dmin,3261ee,ee,1550044,1.26022,4.10066,11.8532,44.6664,0,0,1550022,0,19.4237,21,0,0,0.00547529,0.000577633,0,0.000390821,0.0578304,0.0582213,22,0.0577927,gather
rod-twist,tight,cell2dmin,3312ee,ee,1764051,1.37225,5.87012,12.8213,18.9947,0,0,1764033,0,16.0702,14,0,0,0.00243152,0.000793518,0,0.000446937,0.109297,0.109744,18,0.109291,gather
rod-twist,tight,cell2dmin,3361vf,vf,331873,1.96369,1.81362,2.03249,2.93599,0,0,331867,0,2.9373,6,0,0,0.000167527,4.53057e-05,0,1.40409e-05,0.0330276,0.0330417,6,0.0330276,gather
rod-twist,tight,cell2dmin,3413vf,vf,325179,1.50713,1.73717,2.34608,0.140508,0,0,325177,0,3.50967,2,0,0,0.000146077,0.000146077,0,0.000152985,0.139046,0.139199,2,0.139053,gather
rod-twist,tight,cell2dmin,3453ee,ee,2118419,1.3918,4.91782,16.1937,337.503,2,0,2117045,0,73.4319,1051,0,0,0.0378941,0.000101615,0,8.02611e-07,3.40339e-05,3.48365e-05,1374,3.38554e-05,gather
rod-twist,tight,cell2dmin,3491ee,ee,1944955,2.81967,9.04942,18.2644,125.446,0,0,1944677,0,29.1607,26,0,0,0.00900192,0.00123546,0,0.000706661,0.0140642,0.0147709,278,0.0140991,gather
rod-twist,tight,cell2dmin,3529ee,ee,1982569,2.06001,9.86902,40.1194,83.0721,1,0,1982261,0,40.7018,29,0,0,0.0104782,0.000556195,0,0.0238567,0,0.0238567,308,0,gather
rod-twist,tight,cell2dmin,3567ee,ee,1870826,2.01534,9.16091,6.50431,89.973,1,0,1870525,0,25.6695,7,0,0,0.0244204,0.000541764,0,0.069402,0,0.069402,301,0,gather
rod-twist,tight,cell2dmin,3605ee,ee,2171707,1.97966,9.28046,17.2548,238.439,1,0,2171235,0,39.2739,108,0,0,0.0467214,0.00093567,0,4.13335e-06,0.00588149,0.00588562,472,0.00588226,gather
rod-twist,tight,cell2dmin,3643vf,vf,427399,3.10869,2.66662,2.95064,8.41543,0,0,427368,0,5.99328,9,0,0,0.00446491,0.000624353,0,1.28425e-05,0.0145121,0.014525,31,0.0145149,gather
rod-twist,tight,cell2dmin,3681vf,vf,432601,1.86549,2.97362,6.01699,45.5751,0,0,432488,0,9.33703,75,0,0,0.0104258,0.000218277,0,1.82826e-05,0.00171696,0.00173524,113,0.00171852,gather
rod-twist,tight,cell2dmin,3719vf,vf,390448,1.77992,2.26551,3.26721,3.94927,0,0,390428,0,4.32043,1,0,0,0.000835316,0.000835316,0,0.000835316,0.161438,0.162273,20,0.161438,gather
rod-twist,tight,cell2dmin,3757vf,vf,421480,1.88101,2.44067,3.2915,31.6434,0,0,421403,0,11.8461,35,0,0,0.00341456,7.01867e-05,0,5.43898e-06,0.00578767,0.00579311,77,0.00579071,gather
rod-twist,tight,cell2dmin,3795vf,vf,406767,1.86414,2.33347,3.27115,33.1915,0,0,406727,0,22.6795,9,0,0,0.00207593,0.000134158,0,1.60345e-05,0.0110182,0.0110343,40,0.0110092,gather
rod-twist,tight,cell2dmin,3834ee,ee,2369371,1.88792,7.90402,20.7961,305.867,0,0,2368762,0,50.6738,175,0,0,0.0352945,0.000420727,0,5.19413e-06,0.00461951,0.0046247,609,0.00462341,gather
rod-twist,tight,cell2dmin,3872ee,ee,2453595,1.88689,4.88051,14.5026,368.671,3,0,2452841,0,69.2687,213,0,0,0.0294076,0.00146055,0,0.016588,0,0.016588,754,0,gather
rod-twist,tight,cell2dmin,3910ee,ee,2430782,1.8483,5.13132,20.4328,191.246,3,0,2430237,0,56.8882,68,0,0,0.0184683,0.00100551,0,0.000169,0.0102554,0.0104244,545,0.0102539,gather
rod-twist,tight,cell2dmin,3948ee,ee,2504712,1.98747,10.8086,20.5964,174.082,1,0,2504093,0,52.9778,62,0,0,0.0321052,0.00104067,0,4.79147e-05,0.00759081,0.00763872,619,0.00759888,gather
rod-twist,tight,cell2dmin,3986ee,ee,2391616,1.84849,5.09097,19.3871,142.806,0,0,2391457,0,36.6157,57,0,0,0.0530054,0.0007616,0,0.000121976,0.00567405,0.00579603,159,0.00569153,gather
rod-twist,tight,cell2dmin,1022ee,ee,337396,0.729996,1.17639,2.35642,0.432501,0,0,337395,0,3.20984,1,0,0,0.000305632,0.000305632,0,0.000305632,0.313812,0.314118,1,0.313812,gather
rod-twist,tight,cell2dmin,1290ee,ee,495723,1.29398,2.45299,3.75657,0.108893,0,0,495722,0,4.1939,1,0,0,0.000125053,0.000125053,0,0.000125053,0.079689,0.0798141,1,0.079689,gather
rod-twist,tight,cell2dmin,1367ee,ee,502251,1.52812,2.96862,3.67427,1.35251,0,0,502248,0,4.24056,3,0,0,0.000886681,0.000231296,0,0.000116376,0.065979,0.0660954,3,0.065979,gather
rod-twist,tight,cell2dmin,1456ee,ee,491047,1.48438,3.22222,4.01817,0.288536,0,0,491046,0,4.32462,1,0,0,0.000529911,0.000529911,0,0.000529911,0.2173,0.21783,1,0.2173,gather
rod-twist,tight,cell2dmin,1544vf,vf,109233,0.956294,1.15879,0.884105,0.077438,0,0,109232,0,0.871369,1,0,0,5.26807e-05,5.26807e-05,0,5.26807e-05,0.162979,0.163032,1,0.162979,gather
rod-twist,tight,cell2dmin,1590vf,vf,220754,1.67372,2.73228,1.35699,0.364791,0,0,220753,0,1.29571,1,0,0,0.000285521,0.000285521,0,0.000285521,0.201515,0.201801,1,0.201515,gather
rod-twist,tight,cell2dmin,1690ee,ee,644553,1.55231,3.38542,5.14966,6.32585,0,0,644539,0,7.34368,14,0,0,0.00643887,0.000253517,0,2.44248e-05,0.034627,0.0346515,14,0.0346298,gather
rod-twist,tight,cell2dmin,1738ee,ee,618215,1.58543,3.69622,5.1125,2.94728,0,0,618211,0,5.56507,4,0,0,0.00321571,0.000283576,0,0.000314738,0.125144,0.125459,4,0.125175,gather
rod-twist,tight,cell2dmin,1787ee,ee,632353,1.65151,3.54375,5.1086,1.77816,0,0,632348,0,5.79447,5,0,0,0.000406559,6.08589e-05,0,2.69039e-05,0.0266213,0.0266482,5,0.0266113,gather
rod-twist,tight,cell2dmin,1831vf,vf,141719,1.66511,1.2584,1.084,1.3254,0,0,141714,0,1.28269,5,0,0,0.000850767,0.000366366,0,3.25955e-05,0.0177283,0.0177609,5,0.0177269,gather
rod-twist,tight,cell2dmin,1882vf,vf,150626,1.28221,1.26288,1.19482,1.0625,0,0,150619,0,1.34588,7,0,0,0.00057371,4.72829e-05,0,4.72829e-05,0.0424232,0.0424705,7,0.0424232,gather
rod-twist,tight,cell2dmin,1939ee,ee,732298,1.23168,3.88988,6.01165,3.05765,0,0,732294,0,7.06852,4,0,0,0.00141614,0.000604473,0,9.87548e-05,0.0405297,0.0406285,4,0.0405426,gather
rod-twist,tight,cell2dmin,1985vf,vf,528252,1.73659,7.58966,2.44429,19.8609,0,0,528110,0,4.43361,140,0,0,0.0105962,4.93355e-05,0,5.93299e-06,0.006997,0.00700294,142,0.00699711,gather
rod-twist,tight,cell2dmin,2068vf,vf,146886,1.73512,1.23789,1.1689,0.594768,0,0,146885,0,1.14195,1,0,0,0.000618676,0.000618676,0,0.000618676,0.267899,0.268517,1,0.267899,gather
rod-twist,tight,cell2dmin,2122ee,ee,778699,1.50332,4.23246,7.24675,4.34565,0,0,778698,0,7.35299,1,0,0,0.00396053,0.00396053,0,0.00396053,0.41748,0.421441,1,0.41748,gather
rod-twist,tight,cell2dmin,2166vf,vf,180778,1.36358,1.4079,1.34761,1.31021,0,0,180773,0,1.66095,5,0,0,0.00289602,0.00026356,0,2.46068e-06,0.0145821,0.0145846,5,0.0145798,gather
rod-twist,tight,cell2dmin,2204vf,vf,190816,1.35334,1.48063,1.43119,16.6854,1,0,190760,0,3.25467,52,0,0,0.00680877,6.2121e-05,0,2.05468e-06,0.00215431,0.00215637,56,0.0021534,gather
rod-twist,tight,cell2dmin,2244ee,ee,974409,1.36281,4.49143,7.58674,118.439,0,0,974251,0,25.8635,149,0,0,0.0127075,0.000147152,0,1.27176e-05,0.00247078,0.00248349,158,0.00247192,gather
rod-twist,tight,cell2dmin,2282vf,vf,192187,1.52086,1.5261,1.51183,25.0188,0,0,192121,0,6.33334,62,0,0,0.00342922,4.1375e-05,0,1.13194e-05,0.00264536,0.00265668,66,0.00264549,gather
rod-twist,tight,cell2dmin,2324ee,ee,875260,1.63772,4.42744,7.94155,40.5152,0,0,875209,0,18.268,39,0,0,0.00292621,9.91484e-05,0,4.05195e-06,0.0115606,0.0115647,51,0.0115585,gather
rod-twist,tight,cell2dmin,2365vf,vf,191261,1.42041,1.34777,1.59257,14.4164,0,0,191249,0,10.0712,8,0,0,0.00195635,0.000197723,0,5.10539e-05,0.0134706,0.0135216,12,0.013485,gather
rod-twist,tight,cell2dmin,2405vf,vf,189778,1.78558,1.26189,3.12942,5.87866,0,0,189764,0,3.14926,14,0,0,0.00201733,0.000165019,0,1.59127e-05,0.0241993,0.0242152,14,0.0241985,gather
rod-twist,tight,cell2dmin,2448vf,vf,183453,1.68594,1.31667,1.95278,1.71634,0,0,183450,0,1.99169,2,0,0,0.000498429,0.000498429,0,0.000468544,0.306717,0.307185,3,0.306717,gather
rod-twist,tight,cell2dmin,2487vf,vf,220205,1.7987,1.95124,1.64696,20.0304,0,0,220118,0,3.75184,84,0,0,0.00304991,2.91742e-05,0,2.3001e-06,0.00608629,0.00608859,87,0.00608635,gather
rod-twist,tight,cell2dmin,2526ee,ee,1073690,1.66149,4.79015,9.34452,88.9589,2,0,1073588,0,32.4208,72,0,0,0.00620415,0.00053525,0,0.000146266,0.0110695,0.0112158,102,0.0110626,gather
rod-twist,tight,cell2dmin,2565vf,vf,194016,1.32761,1.26518,1.59564,5.97283,0,0,194009,0,4.88416,7,0,0,0.00140245,0.00059445,0,5.98269e-05,0.0225287,0.0225885,7,0.0225296,gather
rod-twist,tight,cell2dmin,2604ee,ee,1074139,1.66124,4.92643,9.53357,5.71326,0,0,1074115,0,12.6041,8,0,0,0.000312731,9.47648e-05,0,3.51293e-05,0.0232717,0.0233068,24,0.0232735,gather
rod-twist,tight,cell2dmin,2644vf,vf,269815,1.3726,1.79163,1.95118,12.2199,0,0,269787,0,4.75466,22,0,0,0.013437,0.000147776,0,1.0194e-05,0.00251075,0.00252095,28,0.00251007,gather
rod-twist,tight,cell2dmin,2683ee,ee,1117812,1.72072,4.92947,10.2793,16.6677,0,0,1117764,0,13.6325,8,0,0,0.00423099,0.000508811,0,0.000103709,0.120114,0.120218,48,0.120132,gather
rod-twist,tight,cell2dmin,2722ee,ee,1106341,1.38822,5.0366,10.0884,21.1474,0,0,1106298,0,15.9107,6,0,0,0.00295335,0.00127198,0,7.84551e-05,0.0420787,0.0421571,43,0.0420837,gather
rod-twist,tight,cell2dmin,2761vf,vf,233358,1.36169,1.28221,1.74616,0.535537,0,0,233356,0,2.1826,1,0,0,2.05832e-05,2.05832e-05,0,2.05832e-05,0.0164108,0.0164314,2,0.0164108,gather
rod-twist,tight,cell2dmin,2800vf,vf,268716,1.71295,1.82891,2.09889,32.6716,1,0,268667,0,18.289,43,0,0,0.00209898,0.000164799,0,8.18605e-06,0.00226787,0.00227606,49,0.00226784,gather
rod-twist,tight,cell2dmin,2840vf,vf,229844,1.74021,1.33133,1.86888,0.575569,0,0,229843,0,2.1794,1,0,0,5.13388e-05,5.13388e-05,0,5.13388e-05,0.00955391,0.00960525,1,0.00955391,gather
rod-twist,tight,cell2dmin,2881ee,ee,1472159,1.72248,5.56382,11.7645,116.402,0,0,1471795,0,31.0386,307,0,0,0.0243664,0.000135738,0,4.07977e-06,0.00150812,0.0015122,364,0.00150681,gather
rod-twist,tight,cell2dmin,2919ee,ee,1237994,1.88875,5.01945,12.6916,11.5691,0,0,1237929,0,14.5353,1,0,0,0.00359723,0.00359723,0,0.00359723,0.282043,0.285641,65,0.282043,gather
rod-twist,tight,cell2dmin,2957ee,ee,1559245,1.40499,5.46869,13.0581,169.101,1,0,1559007,0,37.4263,127,0,0,0.0156277,0.00014583,0,7.88289e-06,0.00524617,0.00525405,238,0.00524902,gather
rod-twist,tight,cell2dmin,2995vf,vf,280405,1.88437,1.50159,3.50186,0.198075,0,0,280404,0,3.52794,0,0,0,0,0,0,0,1,1,1,1,gather
rod-twist,tight,cell2dmin,3033vf,vf,258915,1.2847,1.28515,2.01025,3.00395,0,0,258909,0,3.99295,2,0,0,5.50018e-05,5.50018e-05,0,5.15612e-05,0.0456348,0.0456864,6,0.0456314,gather
rod-twist,tight,cell2dmin,3092ee,ee,1462618,1.2097,4.38596,12.3695,20.0396,0,0,1462604,0,13.1751,13,0,0,0.00104498,5.21634e-05,0,1.50544e-05,0.0141804,0.0141954,14,0.0141716,gather
rod-twist,tight,cell2dmin,3152vf,vf,262379,1.33977,1.4142,1.87349,1.96862,0,0,262377,0,2.73935,2,0,0,0.000949475,0.000949475,0,0.000772959,0.339592,0.340365,2,0.339592,gather
rod-twist,tight,cell2dmin,3205vf,vf,330376,1.28937,1.55308,2.56297,1.07581,0,0,330373,0,3.39101,3,0,0,0.00255296,0.00184082,0,0.00183852,0.257876,0.259714,3,0.257874,gather
rod-twist,tight,cell2dmin,3261ee,ee,1550044,1.34393,4.31841,11.8848,44.805,0,0,1550022,0,19.5615,21,0,0,0.00547529,0.000577633,0,0.000390821,0.0578304,0.0582213,22,0.0577927,gather
rod-twist,tight,cell2dmin,3312ee,ee,1764051,1.37049,5.98365,12.8795,19.0023,0,0,1764033,0,15.9842,14,0,0,0.00243152,0.000793518,0,0.000446937,0.109297,0.109744,18,0.109291,gather
rod-twist,tight,cell2dmin,3361vf,vf,331873,1.9539,1.86658,2.05092,2.96821,0,0,331867,0,2.93272,6,0,0,0.000167527,4.53057e-05,0,1.40409e-05,0.0330276,0.0330417,6,0.0330276,gather
rod-twist,tight,cell2dmin,3413vf,vf,325179,1.21738,1.83976,2.29876,0.140796,0,0,325177,0,3.57034,2,0,0,0.000146077,0.000146077,0,0.000152985,0.139046,0.139199,2,0.139053,gather
rod-twist,tight,cell2dmin,3453ee,ee,2118419,1.20378,5.1799,16.2578,337.543,2,0,2117045,0,73.5503,1051,0,0,0.0378941,0.000101615,0,8.02611e-07,3.40339e-05,3.48365e-05,1374,3.38554e-05,gather
rod-twist,tight,cell2dmin,3491ee,ee,1944955,3.24196,9.97612,18.3019,125.042,0,0,1944677,0,29.1784,26,0,0,0.00900192,0.00123546,0,0.000706661,0.0140642,0.0147709,278,0.0140991,gather
rod-twist,tight,cell2dmin,3529ee,ee,1982569,2.20941,10.6156,39.4683,82.8366,1,0,1982261,0,40.9266,29,0,0,0.0104782,0.000556195,0,0.0238567,0,0.0238567,308,0,gather
rod-twist,tight,cell2dmin,3567ee,ee,1870826,1.97809,10.166,6.51861,89.5544,1,0,1870525,0,25.684,7,0,0,0.0244204,0.000541764,0,0.069402,0,0.069402,301,0,gather
rod-twist,tight,cell2dmin,3605ee,ee,2171707,1.97144,10.2095,17.3169,237.141,1,0,2171235,0,39.4354,108,0,0,0.0467214,0.00093567,0,4.13335e-06,0.00588149,0.00588562,472,0.00588226,gather
rod-twist,tight,cell2dmin,3643vf,vf,427399,3.03512,2.56726,2.99499,8.45626,0,0,427368,0,6.13699,9,0,0,0.00446491,0.000624353,0,1.28425e-05,0.0145121,0.014525,31,0.0145149,gather
rod-twist,tight,cell2dmin,3681vf,vf,432601,1.83419,2.97957,6.03562,45.5017,0,0,432488,0,9.33716,75,0,0,0.0104258,0.000218277,0,1.82826e-05,0.00171696,0.00173524,113,0.00171852,gather
rod-twist,tight,cell2dmin,3719vf,vf,390448,1.7772,2.26679,3.17224,3.94834,0,0,390428,0,4.33217,1,0,0,0.000835316,0.000835316,0,0.000835316,0.161438,0.162273,20,0.161438,gather
rod-twist,tight,cell2dmin,3757vf,vf,421480,1.87397,2.39782,3.34951,31.7447,0,0,421403,0,11.9139,35,0,0,0.00341456,7.01867e-05,0,5.43898e-06,0.00578767,0.00579311,77,0.00579071,gather
rod-twist,tight,cell2dmin,3795vf,vf,406767,1.75771,2.42602,3.20241,33.0514,0,0,406727,0,22.5949,9,0,0,0.00207593,0.000134158,0,1.60345e-05,0.0110182,0.0110343,40,0.0110092,gather
rod-twist,tight,cell2dmin,3834ee,ee,2369371,2.08004,8.29805,21.0176,305.92,0,0,2368762,0,50.8912,175,0,0,0.0352945,0.000420727,0,5.19413e-06,0.00461951,0.0046247,609,0.00462341,gather
rod-twist,tight,cell2dmin,3872ee,ee,2453595,1.95886,5.09254,14.5267,363.97,3,0,2452841,0,68.5636,213,0,0,0.0294076,0.00146055,0,0.016588,0,0.016588,754,0,gather
rod-twist,tight,cell2dmin,3910ee,ee,2430782,1.94033,5.25036,20.5595,188.103,3,0,2430237,0,56.3701,68,0,0,0.0184683,0.00100551,0,0.000169,0.0102554,0.0104244,545,0.0102539,gather
rod-twist,tight,cell2dmin,3948ee,ee,2504712,1.93806,11.3538,20.5789,173.776,1,0,2504093,0,52.955,62,0,0,0.0321052,0.00104067,0,4.79147e-05,0.00759081,0.00763872,619,0.00759888,gather
rod-twist,tight,cell2dmin,3986ee,ee,2391616,1.82616,5.09609,19.2948,142.839,0,0,2391457,0,36.6989,57,0,0,0.0530054,0.0007616,0,0.000121976,0.00567405,0.00579603,159,0.00569153,gather
