dataset,mode,broadphase,case,type,queries,prep_ms,broad_ms,narrow_ms,query_narrow_ms,fp,fn,broad_fp,broad_fn,narrow_ms_s1,toi_n,toi_late,toi_max_late,toi_max_early,toi_med_early,s0_late,s0_margin,s0_toi,gt_earliest,root_n,s1_min
armadillo-rollers,tight,cell2d,100ee,ee,225252,2.17681,2.46579,0.886665,6.291,0,0,225187,0,5.10339,65,0,0,0.000110117,1.15441e-06,0,5.02533e-07,0.0010305,0.001031,65,0.00102997
armadillo-rollers,tight,cell2d,103vf,vf,75907,0.954727,1.3726,0.813611,0.709486,0,0,75903,0,1.02852,4,0,0,0.000140772,6.61985e-05,0,1.86099e-06,0.218369,0.218371,4,0.218369
armadillo-rollers,tight,cell2d,107vf,vf,101595,1.45187,1.05568,0.466932,12.9458,0,0,101062,0,5.05555,530,0,0,6.16231e-05,5.61617e-07,0,6.32657e-08,0.00129995,0.00130001,533,0.00129986
armadillo-rollers,tight,cell2d,111ee,ee,94831,1.51276,1.44067,0.581488,1.75525,0,0,94811,0,0.833547,20,0,0,3.09636e-05,1.21061e-06,0,1.75781e-07,0.0142322,0.0142323,20,0.0142322
armadillo-rollers,tight,cell2d,115vf,vf,18978,2.54659,0.77662,0.275001,0.36767,0,0,18975,0,0.514866,3,0,0,1.38831e-05,1.82316e-06,0,1.72102e-06,0.00871944,0.00872117,3,0.00871944
armadillo-rollers,tight,cell2d,119vf,vf,33604,1.69829,0.735597,0.38127,0.464659,0,0,33600,0,1.02631,4,0,0,9.31144e-06,4.63769e-06,0,5.12233e-06,0.00976991,0.00977503,4,0.00977039
armadillo-rollers,tight,cell2d,122ee,ee,137371,1.48402,1.66956,0.676398,1.64636,0,0,137355,0,2.01604,16,0,0,4.35727e-05,3.86259e-06,0,9.13019e-06,0.0228652,0.0228743,16,0.0228672
armadillo-rollers,tight,cell2d,126vf,vf,49095,1.67653,1.40585,1.49327,1.10851,0,0,49094,0,1.44623,1,0,0,9.47518e-05,9.47518e-05,0,9.47518e-05,0.37149,0.371585,1,0.37149
armadillo-rollers,tight,cell2d,12vf,vf,107536,1.61372,1.09405,1.02826,5.17942,0,0,107500,0,1.22304,34,0,0,0.000335727,6.61307e-06,0,2.61327e-07,0.0003016,0.000301861,36,0.0003016
armadillo-rollers,tight,cell2d,134ee,ee,67235,1.54655,1.60143,0.618128,2.43245,0,0,67213,0,2.29408,22,0,0,0.000141787,3.56355e-06,0,8.94386e-07,0.0185491,0.01855,22,0.018549
armadillo-rollers,tight,cell2d,138ee,ee,103311,1.66053,1.82142,0.599184,16.8255,0,0,101881,0,6.36281,1430,0,0,1.83929e-05,4.54495e-07,0,3.20133e-07,0.000391278,0.000391598,1430,0.000391245
armadillo-rollers,tight,cell2d,140vf,vf,18676,1.62988,0.676622,0.762284,0.074238,0,0,18675,0,0.750028,0,0,0,0,0,0,0,1,1,1,1
armadillo-rollers,tight,cell2d,145vf,vf,14520,1.47078,0.665935,0.325175,1.40969,0,0,14504,0,1.05527,15,0,0,2.53054e-05,2.25757e-06,0,1.30813e-06,0.00845556,0.00845687,16,0.00845528
armadillo-rollers,tight,cell2d,149vf,vf,17621,1.52454,0.658095,0.554577,1.41977,0,0,17608,0,0.713101,12,0,0,3.08669e-05,1.7316e-06,0,3.72313e-07,0.0899653,0.0899657,13,0.0899653
armadillo-rollers,tight,cell2d,153ee,ee,54774,1.47855,1.5789,1.06874,6.97694,0,0,54738,0,2.9406,36,0,0,0.000761246,1.07022e-05,0,9.33074e-06,0.0113467,0.0113561,36,0.0113468
armadillo-rollers,tight,cell2d,157ee,ee,51080,1.62844,1.58767,0.487539,2.53552,0,0,51050,0,2.3402,30,0,0,9.38738e-05,2.3749e-06,0,8.46064e-06,0.0157676,0.0157761,30,0.0157661
armadillo-rollers,tight,cell2d,15vf,vf,81346,1.64853,0.974727,0.868937,5.93485,0,0,81308,0,1.2199,38,0,0,9.49289e-05,5.59616e-06,0,5.69055e-06,0.00614994,0.00615563,38,0.00615025
armadillo-rollers,tight,cell2d,164ee,ee,52133,1.60479,1.71208,0.581361,0.617648,0,0,52123,0,1.30269,10,0,0,0.000105438,1.07768e-06,0,3.11351e-07,0.0559937,0.055994,10,0.0559936
armadillo-rollers,tight,cell2d,168ee,ee,43829,1.61093,1.57906,0.405333,2.61654,0,0,43809,0,1.19606,20,0,0,0.000502079,6.54852e-06,0,4.49109e-06,0.0161053,0.0161098,20,0.0161037
armadillo-rollers,tight,cell2d,171ee,ee,51464,1.55263,1.46822,0.591857,5.83178,0,0,51437,0,3.07515,26,0,0,0.000556547,2.4388e-06,0,3.85467e-07,0.00859983,0.00860021,27,0.00859976
armadillo-rollers,tight,cell2d,175ee,ee,51829,1.66604,1.56185,0.403317,2.13546,0,0,51821,0,1.97832,8,0,0,0.00104547,5.05564e-05,0,6.22654e-06,0.0224669,0.0224731,8,0.0224609
armadillo-rollers,tight,cell2d,179vf,vf,15919,1.60498,0.682926,0.334199,0.301688,0,0,15915,0,0.944359,4,0,0,7.83533e-06,6.94747e-06,0,4.26737e-07,0.0502246,0.0502251,4,0.0502243
armadillo-rollers,tight,cell2d,182ee,ee,52057,1.44396,1.73394,1.52092,5.71979,0,0,52022,0,1.68351,34,0,0,0.000302017,3.22832e-06,0,2.44837e-06,0.00282693,0.00282938,35,0.00282764
armadillo-rollers,tight,cell2d,186ee,ee,86111,1.70773,1.51894,0.52517,6.35145,0,0,86023,0,2.51619,88,0,0,0.00032175,4.68735e-07,0,6.27601e-07,0.00233662,0.00233725,88,0.00233662
armadillo-rollers,tight,cell2d,18ee,ee,157963,1.63929,1.26771,1.46972,4.07903,0,0,157927,0,2.88044,36,0,0,0.000167007,1.93567e-06,0,2.96189e-06,0.00612671,0.00612967,36,0.00612688
armadillo-rollers,tight,cell2d,193ee,ee,60618,1.64725,1.66424,0.751564,5.00835,0,0,60575,0,2.41053,43,0,0,8.33211e-05,4.1757e-06,0,1.68938e-06,0.00437306,0.00437475,43,0.00437355
armadillo-rollers,tight,cell2d,197ee,ee,48550,1.5638,1.79794,0.637295,3.91673,0,0,48523,0,1.92756,27,0,0,0.000135443,1.98502e-06,0,5.38031e-07,0.00141062,0.00141115,27,0.00141048
armadillo-rollers,tight,cell2d,19vf,vf,50546,1.6069,0.739341,0.510611,0.702542,0,0,50540,0,0.977734,6,0,0,6.04696e-06,2.3169e-06,0,1.21599e-06,0.267324,0.267325,6,0.267323
armadillo-rollers,tight,cell2d,203vf,vf,18050,1.88945,0.658895,0.584144,0.320792,0,0,18046,0,1.88434,4,0,0,1.40649e-05,3.74728e-06,0,1.59071e-06,0.0206541,0.0206557,4,0.0206542
armadillo-rollers,tight,cell2d,207vf,vf,15228,1.39993,0.661711,0.52133,0.28332,0,0,15224,0,1.30342,4,0,0,3.25912e-05,4.2952e-06,0,3.36693e-06,0.0458746,0.045878,4,0.0458746
armadillo-rollers,tight,cell2d,210vf,vf,14783,1.39705,0.632687,3.07403,3.05605,0,0,14769,0,3.10622,14,0,0,0.000164511,2.25646e-06,0,1.04217e-06,0.00194694,0.00194798,14,0.00194693
armadillo-rollers,tight,cell2d,214vf,vf,17463,1.47843,1.11827,0.541681,0.861609,0,0,17456,0,2.2905,7,0,0,1.05304e-05,2.28321e-06,0,6.14693e-07,0.00241947,0.00242009,7,0.00241947
armadillo-rollers,tight,cell2d,218ee,ee,57259,1.42719,1.57775,1.65433,14.5673,0,0,57141,0,3.63565,117,0,0,0.00155511,3.31359e-06,0,4.32384e-07,0.000527178,0.000527611,118,0.000527382
armadillo-rollers,tight,cell2d,221ee,ee,58422,1.5367,1.70623,0.785548,12.0192,0,0,58328,0,3.59539,94,0,0,0.00113087,5.02115e-06,0,1.57457e-06,0.000574727,0.000576301,94,0.000574112
armadillo-rollers,tight,cell2d,225ee,ee,69534,1.57689,1.77835,0.610288,5.50453,0,0,69493,0,2.71167,41,0,0,0.000103531,4.15884e-06,0,1.72672e-06,0.000816765,0.000818492,41,0.000816822
armadillo-rollers,tight,cell2d,229ee,ee,303368,1.6085,1.82072,1.39871,37.2055,0,0,299350,0,34.7738,4015,0,0,0.00367297,3.52246e-07,0,7.01739e-08,2.86538e-05,2.87239e-05,4018,2.86102e-05
armadillo-rollers,tight,cell2d,232ee,ee,74356,1.62776,1.61653,1.47071,0.918216,0,0,74343,0,0.934888,13,0,0,5.49337e-05,2.20089e-06,0,1.36753e-06,0.00295039,0.00295176,13,0.00295019
armadillo-rollers,tight,cell2d,235vf,vf,25746,1.57628,0.766667,0.875497,1.3334,0,0,25740,0,1.52035,6,0,0,1.99529e-05,9.58202e-06,0,9.58202e-06,0.077322,0.0773316,6,0.077322
armadillo-rollers,tight,cell2d,239vf,vf,35150,1.42086,0.901448,0.490163,0.608464,0,0,35146,0,1.05844,4,0,0,2.00943e-05,3.87576e-06,0,4.04728e-06,0.228525,0.228529,4,0.228525
armadillo-rollers,tight,cell2d,242vf,vf,50658,1.49913,1.3823,0.329655,0.787595,0,0,50648,0,1.39206,10,0,0,4.47485e-06,5.23562e-07,0,2.45069e-07,0.013407,0.0134073,10,0.013407
armadillo-rollers,tight,cell2d,246vf,vf,34492,1.46019,0.827274,0.481555,0.626639,0,0,34485,0,1.37779,7,0,0,2.97204e-05,2.25818e-06,0,1.39491e-05,0.0296775,0.0296915,7,0.0296783
armadillo-rollers,tight,cell2d,24vf,vf,51354,1.63365,0.77102,0.584881,2.02724,0,0,51336,0,1.16147,18,0,0,2.31918e-05,2.65447e-06,0,9.41554e-06,0.0533652,0.0533746,18,0.0533628
armadillo-rollers,tight,cell2d,253vf,vf,35573,1.58562,0.886857,0.424949,4.1286,0,0,35546,0,2.42608,27,0,0,0.000286837,6.47282e-06,0,1.35935e-07,0.00767663,0.00767676,27,0.0076766
armadillo-rollers,tight,cell2d,257ee,ee,116712,1.61023,2.13127,3.31892,27.8373,0,0,116593,0,4.88205,119,0,0,0.000626831,1.38228e-05,0,1.51777e-06,0.00168127,0.00168279,119,0.00168133
armadillo-rollers,tight,cell2d,260ee,ee,118287,1.88433,1.87505,0.949255,6.51788,0,0,118237,0,4.1797,50,0,0,0.000846526,5.22592e-06,0,2.38924e-06,0.00157263,0.00157501,50,0.00157356
armadillo-rollers,tight,cell2d,264ee,ee,130094,1.75061,1.89742,0.983302,26.6128,0,0,129930,0,8.77292,164,0,0,0.000662816,9.26199e-06,0,1.1746e-06,0.00103501,0.00103619,164,0.00103378
armadillo-rollers,tight,cell2d,268ee,ee,130104,1.70274,1.69906,1.04177,28.5389,0,0,129968,0,5.58325,135,0,0,0.00192053,1.08612e-05,0,2.36278e-06,0.000799862,0.000802224,136,0.00080061
armadillo-rollers,tight,cell2d,271ee,ee,131744,1.71948,2.0979,1.0017,25.329,0,0,131671,0,4.54644,72,0,0,0.00222042,5.55073e-05,0,8.0787e-06,0.0037056,0.00371368,73,0.00370789
armadillo-rollers,tight,cell2d,274vf,vf,42186,1.69579,0.958631,0.784043,28.7886,0,0,42114,0,8.73468,70,0,0,0.00086114,6.84459e-05,0,2.58295e-06,0.00634618,0.00634876,72,0.0063467
armadillo-rollers,tight,cell2d,278vf,vf,49349,2.44729,1.15405,0.614064,21.461,0,0,49273,0,6.21494,75,0,0,0.00733316,1.34475e-05,0,2.63551e-06,0.0115825,0.0115851,76,0.0115829
armadillo-rollers,tight,cell2d,281vf,vf,62328,2.6798,1.12887,1.37945,42.5413,0,0,61881,0,21.7996,444,0,0,0.00169614,1.29778e-05,0,5.14923e-06,0.00212072,0.00212587,447,0.00212097
armadillo-rollers,tight,cell2d,285vf,vf,54416,2.6901,1.00721,1.0337,33.1786,0,0,54302,0,9.46052,112,0,0,0.000654468,2.72935e-05,0,1.15938e-05,0.0070589,0.00707049,114,0.00706005
armadillo-rollers,tight,cell2d,289vf,vf,56855,2.59241,0.982471,1.59433,28.8935,0,0,56757,0,6.99834,98,0,0,0.00179746,1.98183e-05,0,9.02382e-07,0.00656674,0.00656764,98,0.00656652
armadillo-rollers,tight,cell2d,292ee,ee,175809,2.66985,2.82818,1.77592,36.0001,0,0,175708,0,9.13218,99,0,0,0.00133702,1.41111e-05,0,9.7047e-07,0.00252441,0.00252538,101,0.00252485
armadillo-rollers,tight,cell2d,296ee,ee,175448,2.5544,2.24013,1.27033,47.642,0,0,175277,0,19.9177,169,0,0,0.012878,5.97218e-06,0,2.74438e-07,0.000520576,0.000520851,171,0.000519753
armadillo-rollers,tight,cell2d,29ee,ee,257518,2.45686,1.70437,1.00055,2.57008,1,0,257507,0,1.99025,8,0,0,5.63906e-05,2.17776e-05,0,7.82607e-06,0.018604,0.0186118,11,0.0186033
armadillo-rollers,tight,cell2d,303ee,ee,167165,2.48185,2.21034,1.47647,29.3205,0,0,167027,0,5.56587,136,0,0,0.00388137,5.05125e-06,0,1.38747e-06,0.00062712,0.000628508,138,0.000627518
armadillo-rollers,tight,cell2d,307ee,ee,168325,2.46707,2.28676,10.5653,53.2254,0,0,168145,0,14.4303,178,0,0,0.00202337,2.57083e-05,0,1.75669e-06,0.00228397,0.00228573,180,0.00228405
armadillo-rollers,tight,cell2d,30vf,vf,132560,2.26058,1.29248,0.545842,15.7585,0,0,132469,0,7.42867,90,0,0,0.000189309,8.17785e-07,0,3.29988e-07,0.000885119,0.000885449,91,0.000885129
armadillo-rollers,tight,cell2d,313vf,vf,57734,2.61939,1.22179,1.44166,32.1701,0,0,57491,0,5.20546,240,0,0,0.000914397,2.40586e-05,0,1.44352e-05,0.00500668,0.00502111,243,0.00500679
armadillo-rollers,tight,cell2d,317vf,vf,77826,2.57865,1.54588,1.27117,36.1272,0,0,77445,0,6.435,376,0,0,0.00160166,8.15464e-06,0,7.97495e-08,0.00085452,0.0008546,381,0.000854492
armadillo-rollers,tight,cell2d,320vf,vf,205206,2.31914,1.44118,1.00084,21.9903,0,0,204474,0,5.64046,728,0,0,0.00156726,6.37497e-06,0,5.48392e-07,0.000239635,0.000240184,732,0.000239491
armadillo-rollers,tight,cell2d,324vf,vf,181994,2.50601,4.39476,0.957062,16.609,0,0,181495,0,5.39644,498,0,0,0.00034952,2.01915e-06,0,3.056e-07,0.00165965,0.00165995,499,0.00165963
armadillo-rollers,tight,cell2d,328vf,vf,275197,2.50361,5.1693,0.98567,10.1905,0,0,275046,0,2.20135,151,0,0,2.39899e-05,5.11374e-07,0,7.90762e-08,0.00330896,0.00330904,151,0.00330889
armadillo-rollers,tight,cell2d,331ee,ee,316965,2.90828,8.1947,1.36406,13.3612,0,0,316884,0,4.07103,81,0,0,8.53844e-05,5.37763e-06,0,1.48361e-06,0.0186113,0.0186127,81,0.0186119
armadillo-rollers,tight,cell2d,335ee,ee,69302,2.34682,1.59356,0.727501,33.6828,0,0,69090,0,3.82,210,0,0,5.75602e-05,3.97559e-06,0,1.96371e-06,0.00644478,0.00644675,212,0.00644493
armadillo-rollers,tight,cell2d,339ee,ee,103160,2.4592,2.07179,0.605776,16.2341,0,0,103040,0,5.56849,120,0,0,7.03927e-05,2.59912e-06,0,2.47399e-06,0.0241356,0.0241381,120,0.0241356
armadillo-rollers,tight,cell2d,342ee,ee,82085,2.37187,1.68412,0.515251,31.4513,0,0,81623,0,6.69995,462,0,0,2.82453e-05,2.49657e-06,0,5.49907e-07,0.00203432,0.00203487,462,0.00203466
armadillo-rollers,tight,cell2d,346ee,ee,57426,2.42774,1.55788,0.987238,12.6654,0,0,57330,0,2.44528,96,0,0,0.00012026,2.53543e-06,0,2.88511e-07,0.00321903,0.00321932,96,0.00321865
armadillo-rollers,tight,cell2d,349vf,vf,14534,2.45142,0.754317,0.552209,3.848,0,0,14520,0,1.53958,14,0,0,3.24729e-05,1.17943e-05,0,1.59288e-06,0.0074091,0.00741069,14,0.0074091
armadillo-rollers,tight,cell2d,352vf,vf,12619,2.27386,0.828427,0.604464,3.14462,0,0,12600,0,1.17959,19,0,0,8.09834e-05,1.45245e-05,0,6.03172e-06,0.048074,0.04808,19,0.0480733
armadillo-rollers,tight,cell2d,356vf,vf,14706,2.41427,0.803691,0.225754,5.33224,0,0,14656,0,1.07949,50,0,0,3.26195e-05,3.0384e-06,0,1.47493e-06,0.0249041,0.0249055,50,0.0249038
armadillo-rollers,tight,cell2d,35vf,vf,216958,2.28125,2.24487,0.766252,1.17024,0,0,216931,0,0.982726,27,0,0,1.9609e-06,3.75639e-07,0,3.85487e-07,0.00599041,0.00599079,27,0.00599051
armadillo-rollers,tight,cell2d,363vf,vf,106090,2.80089,2.92527,0.859561,1.04465,0,0,106074,0,0.943975,16,0,0,1.06332e-05,7.02483e-07,0,7.53228e-08,0.00788704,0.00788712,16,0.00788701
armadillo-rollers,tight,cell2d,367ee,ee,218489,2.67935,3.08859,1.00349,8.98469,0,0,218361,0,2.14433,128,0,0,0.000126601,6.2214e-07,0,9.68633e-07,0.00937895,0.00937992,128,0.00937843
armadillo-rollers,tight,cell2d,370ee,ee,123009,2.52403,1.75762,0.628655,4.32318,0,0,122947,0,1.92296,62,0,0,1.33985e-05,1.41297e-06,0,1.38979e-06,0.00219984,0.00220123,62,0.0022006
armadillo-rollers,tight,cell2d,374ee,ee,42205,2.3273,1.60101,0.359894,3.36935,0,0,42164,0,1.71548,41,0,0,0.000283211,1.52927e-06,0,2.1655e-07,0.00125801,0.00125823,41,0.0012579
armadillo-rollers,tight,cell2d,378ee,ee,48991,2.33549,1.53532,0.368246,2.15892,0,0,48947,0,2.06606,44,0,0,4.75756e-05,6.08649e-07,0,3.7773e-07,0.00481169,0.00481207,44,0.00481129
armadillo-rollers,tight,cell2d,381ee,ee,47719,2.30599,1.55878,0.838474,5.07644,0,0,47601,0,3.4785,118,0,0,2.37909e-05,4.96665e-07,0,9.80353e-08,0.000941686,0.000941785,118,0.000941753
armadillo-rollers,tight,cell2d,384vf,vf,13419,2.40198,0.783884,0.256314,0.443029,0,0,13415,0,1.08883,4,0,0,5.99359e-05,5.70009e-07,0,5.70009e-07,0.00623798,0.00623855,4,0.00623798
armadillo-rollers,tight,cell2d,388vf,vf,17036,2.43584,0.846314,0.508563,4.84538,0,0,17019,0,2.56723,16,0,0,0.000259075,1.94418e-06,0,8.62124e-07,0.0158499,0.0158507,17,0.0158501
armadillo-rollers,tight,cell2d,391vf,vf,17561,3.5697,1.10906,0.753613,4.07215,0,0,17524,0,2.75295,37,0,0,0.000119545,1.17896e-06,0,4.70482e-07,0.00730396,0.00730443,37,0.00730371
armadillo-rollers,tight,cell2d,395vf,vf,22790,2.84511,1.08791,0.586,2.41424,0,0,22764,0,1.42623,26,0,0,0.000105411,3.05279e-06,0,5.64102e-07,0.00658739,0.00658795,26,0.00658751
armadillo-rollers,tight,cell2d,399vf,vf,28190,2.92508,1.08343,0.327287,6.9435,0,0,28110,0,3.75971,80,0,0,0.000128987,1.51709e-06,0,4.6604e-07,0.00895093,0.0089514,80,0.00895119
armadillo-rollers,tight,cell2d,42ee,ee,335997,2.63612,3.28337,1.30249,0.980935,0,0,335985,0,1.54262,12,0,0,7.2785e-06,1.15468e-06,0,1.21583e-06,0.00885654,0.00885775,12,0.00885677
armadillo-rollers,tight,cell2d,45vf,vf,220522,2.28791,3.66579,0.782251,1.71535,0,0,220513,0,2.83541,9,0,0,2.98217e-05,5.24933e-06,0,1.28636e-05,0.044588,0.0446009,9,0.044589
armadillo-rollers,tight,cell2d,49vf,vf,60782,3.04648,4.62644,0.621039,2.7966,1,0,60774,0,2.5487,7,0,0,0.000197534,2.36674e-05,0,2.42364e-06,0.00484111,0.00484354,8,0.0048399
armadillo-rollers,tight,cell2d,53ee,ee,78081,3.0468,2.76953,0.839754,1.71519,0,0,78065,0,1.58351,16,0,0,2.81136e-05,1.05962e-06,0,1.31858e-06,0.00314903,0.00315035,16,0.00314903
armadillo-rollers,tight,cell2d,57ee,ee,127303,2.86079,3.21319,0.594737,2.39197,0,0,127275,0,1.51353,27,0,0,1.69745e-05,3.28104e-06,0,4.31498e-06,0.00984113,0.00984545,28,0.00984097
armadillo-rollers,tight,cell2d,60ee,ee,154944,2.96162,4.24955,0.848458,2.77612,0,0,154914,0,1.83784,30,0,0,2.06404e-05,1.65851e-06,0,1.64853e-06,0.0183592,0.0183608,30,0.0183592
armadillo-rollers,tight,cell2d,63vf,vf,42577,3.5266,1.77106,0.289945,4.14252,0,0,42500,0,1.30861,75,0,0,1.45625e-05,1.06836e-06,0,4.56391e-07,0.00477099,0.00477144,77,0.00477076
armadillo-rollers,tight,cell2d,67vf,vf,19961,3.02523,0.571601,0.877193,2.59369,0,0,19926,0,1.44556,33,0,0,5.25252e-05,1.20202e-06,0,6.97986e-07,0.00504103,0.00504172,35,0.00504017
armadillo-rollers,tight,cell2d,70vf,vf,26179,3.0451,1.12503,0.953895,5.4565,0,0,26112,0,1.7565,65,0,0,2.64281e-05,1.36578e-06,0,9.29732e-08,0.00320441,0.00320451,67,0.00320435
armadillo-rollers,tight,cell2d,74vf,vf,16046,2.95563,0.960711,0.496051,2.15658,1,0,16027,0,1.43404,14,0,0,6.29761e-05,5.57887e-06,0,0.0145067,0,0.0145067,19,0
armadillo-rollers,tight,cell2d,78vf,vf,27297,3.00255,0.741549,0.352598,0.684462,1,0,27292,0,0.828427,4,0,0,1.73305e-05,2.36941e-06,0,0.010025,0,0.010025,5,0
armadillo-rollers,tight,cell2d,81ee,ee,134694,2.9676,1.81019,0.837706,1.81157,0,0,134678,0,2.39165,16,0,0,7.47494e-05,1.48671e-06,0,3.51575e-06,0.0452314,0.0452349,16,0.0452318
armadillo-rollers,tight,cell2d,85ee,ee,195005,2.89285,2.14634,0.798795,3.00539,0,0,194969,0,2.19073,36,0,0,3.71529e-05,1.88432e-06,0,1.02131e-06,0.00129625,0.00129727,36,0.00129652
armadillo-rollers,tight,cell2d,89ee,ee,236507,2.84405,2.14551,1.05341,6.3543,0,0,236453,0,3.05365,54,0,0,0.00022224,4.40194e-06,0,5.67508e-06,0.0019207,0.00192638,54,0.0019207
armadillo-rollers,tight,cell2d,93ee,ee,220161,2.77926,2.07505,0.92996,10.1632,0,0,220122,0,3.16795,39,0,0,0.000409077,9.12297e-06,0,1.14644e-07,0.00272612,0.00272623,39,0.0027256
armadillo-rollers,tight,cell2d,97ee,ee,207900,2.75186,1.78798,0.936135,12.0116,0,0,207822,0,4.82599,77,0,0,0.000235339,2.68574e-06,0,1.18919e-06,0.000444113,0.000445302,78,0.000444412
armadillo-rollers,tight,cell2d,100ee,ee,225252,0.940392,2.50083,0.891433,6.30812,0,0,225187,0,5.08351,65,0,0,0.000110117,1.15441e-06,0,5.02533e-07,0.0010305,0.001031,65,0.00102997
armadillo-rollers,tight,cell2d,103vf,vf,75907,1.02941,1.35696,0.780588,0.711405,0,0,75903,0,0.995398,4,0,0,0.000140772,6.61985e-05,0,1.86099e-06,0.218369,0.218371,4,0.218369
armadillo-rollers,tight,cell2d,107vf,vf,101595,1.4735,1.08167,0.503411,12.8948,0,0,101062,0,5.00899,530,0,0,6.16231e-05,5.61617e-07,0,6.32657e-08,0.00129995,0.00130001,533,0.00129986
armadillo-rollers,tight,cell2d,111ee,ee,94831,1.54329,1.29085,0.527282,1.77573,0,0,94811,0,0.853386,20,0,0,3.09636e-05,1.21061e-06,0,1.75781e-07,0.0142322,0.0142323,20,0.0142322
armadillo-rollers,tight,cell2d,115vf,vf,18978,1.65714,2.28864,0.231162,0.359991,0,0,18975,0,0.511186,3,0,0,1.38831e-05,1.82316e-06,0,1.72102e-06,0.00871944,0.00872117,3,0.00871944
armadillo-rollers,tight,cell2d,119vf,vf,33604,1.47689,0.630224,0.321303,0.512562,0,0,33600,0,1.03415,4,0,0,9.31144e-06,4.63769e-06,0,5.12233e-06,0.00976991,0.00977503,4,0.00977039
armadillo-rollers,tight,cell2d,122ee,ee,137371,1.48511,1.67781,0.682702,1.58869,0,0,137355,0,2.04276,16,0,0,4.35727e-05,3.86259e-06,0,9.13019e-06,0.0228652,0.0228743,16,0.0228672
armadillo-rollers,tight,cell2d,126vf,vf,49095,1.82133,1.34147,1.48911,1.1552,0,0,49094,0,1.46508,1,0,0,9.47518e-05,9.47518e-05,0,9.47518e-05,0.37149,0.371585,1,0.37149
armadillo-rollers,tight,cell2d,12vf,vf,107536,1.6604,1.16112,1.08634,5.19449,0,0,107500,0,1.25171,34,0,0,0.000335727,6.61307e-06,0,2.61327e-07,0.0003016,0.000301861,36,0.0003016
armadillo-rollers,tight,cell2d,134ee,ee,67235,1.55366,1.62252,0.642383,2.41507,0,0,67213,0,2.27092,22,0,0,0.000141787,3.56355e-06,0,8.94386e-07,0.0185491,0.01855,22,0.018549
armadillo-rollers,tight,cell2d,138ee,ee,103311,1.7613,1.80655,0.6036,16.8763,0,0,101881,0,6.4111,1430,0,0,1.83929e-05,4.54495e-07,0,3.20133e-07,0.000391278,0.000391598,1430,0.000391245
armadillo-rollers,tight,cell2d,140vf,vf,18676,1.65628,0.686574,0.772876,0.075454,0,0,18675,0,0.785931,0,0,0,0,0,0,0,1,1,1,1
armadillo-rollers,tight,cell2d,145vf,vf,14520,1.55654,0.662414,0.326328,1.39142,0,0,14504,0,1.07856,15,0,0,2.53054e-05,2.25757e-06,0,1.30813e-06,0.00845556,0.00845687,16,0.00845528
armadillo-rollers,tight,cell2d,149vf,vf,17621,1.54268,0.648847,0.557233,1.43241,0,0,17608,0,0.70395,12,0,0,3.08669e-05,1.7316e-06,0,3.72313e-07,0.0899653,0.0899657,13,0.0899653
armadillo-rollers,tight,cell2d,153ee,ee,54774,1.50012,1.57942,0.58376,6.97521,0,0,54738,0,2.89317,36,0,0,0.000761246,1.07022e-05,0,9.33074e-06,0.0113467,0.0113561,36,0.0113468
armadillo-rollers,tight,cell2d,157ee,ee,51080,1.66994,1.63448,0.484083,2.54259,0,0,51050,0,2.30084,30,0,0,9.38738e-05,2.3749e-06,0,8.46064e-06,0.0157676,0.0157761,30,0.0157661
armadillo-rollers,tight,cell2d,15vf,vf,81346,1.75061,1.00893,0.897929,5.88589,0,0,81308,0,1.28105,38,0,0,9.49289e-05,5.59616e-06,0,5.69055e-06,0.00614994,0.00615563,38,0.00615025
armadillo-rollers,tight,cell2d,164ee,ee,52133,1.59913,1.6588,0.572561,0.623855,0,0,52123,0,1.32985,10,0,0,0.000105438,1.07768e-06,0,3.11351e-07,0.0559937,0.055994,10,0.0559936
armadillo-rollers,tight,cell2d,168ee,ee,43829,1.70066,1.5726,0.410805,2.61472,0,0,43809,0,1.22224,20,0,0,0.000502079,6.54852e-06,0,4.49109e-06,0.0161053,0.0161098,20,0.0161037
armadillo-rollers,tight,cell2d,171ee,ee,51464,1.76331,1.48774,0.640143,5.84609,0,0,51437,0,3.04395,26,0,0,0.000556547,2.4388e-06,0,3.85467e-07,0.00859983,0.00860021,27,0.00859976
armadillo-rollers,tight,cell2d,175ee,ee,51829,1.7541,1.59711,0.389494,2.08484,0,0,51821,0,2.04167,8,0,0,0.00104547,5.05564e-05,0,6.22654e-06,0.0224669,0.0224731,8,0.0224609
armadillo-rollers,tight,cell2d,179vf,vf,15919,1.73813,0.695118,0.358294,0.30812,0,0,15915,0,0.91684,4,0,0,7.83533e-06,6.94747e-06,0,4.26737e-07,0.0502246,0.0502251,4,0.0502243
armadillo-rollers,tight,cell2d,182ee,ee,52057,1.55983,1.65285,1.55654,5.63582,0,0,52022,0,1.64703,34,0,0,0.000302017,3.22832e-06,0,2.44837e-06,0.00282693,0.00282938,35,0.00282764
armadillo-rollers,tight,cell2d,186ee,ee,86111,1.80402,1.62434,0.484723,6.40028,0,0,86023,0,2.47757,88,0,0,0.00032175,4.68735e-07,0,6.27601e-07,0.00233662,0.00233725,88,0.00233662
armadillo-rollers,tight,cell2d,18ee,ee,157963,1.79915,1.29347,0.673966,4.09624,0,0,157927,0,2.84585,36,0,0,0.000167007,1.93567e-06,0,2.96189e-06,0.00612671,0.00612967,36,0.00612688
armadillo-rollers,tight,cell2d,193ee,ee,60618,1.69394,1.64556,0.810955,5.03302,0,0,60575,0,2.49683,43,0,0,8.33211e-05,4.1757e-06,0,1.68938e-06,0.00437306,0.00437475,43,0.00437355
armadillo-rollers,tight,cell2d,197ee,ee,48550,1.72767,1.89419,0.637999,3.90006,0,0,48523,0,1.93237,27,0,0,0.000135443,1.98502e-06,0,5.38031e-07,0.00141062,0.00141115,27,0.00141048
armadillo-rollers,tight,cell2d,19vf,vf,50546,1.73179,0.760012,0.48242,0.70955,0,0,50540,0,0.973542,6,0,0,6.04696e-06,2.3169e-06,0,1.21599e-06,0.267324,0.267325,6,0.267323
armadillo-rollers,tight,cell2d,203vf,vf,18050,1.51036,0.656687,0.616944,0.325783,0,0,18046,0,1.87355,4,0,0,1.40649e-05,3.74728e-06,0,1.59071e-06,0.0206541,0.0206557,4,0.0206542
armadillo-rollers,tight,cell2d,207vf,vf,15228,1.53929,0.672142,0.525427,0.326552,0,0,15224,0,1.32285,4,0,0,3.25912e-05,4.2952e-06,0,3.36693e-06,0.0458746,0.045878,4,0.0458746
armadillo-rollers,tight,cell2d,210vf,vf,14783,1.47542,0.627823,3.08613,3.0652,0,0,14769,0,3.13374,14,0,0,0.000164511,2.25646e-06,0,1.62408e-06,0.00194635,0.00194798,14,0.00194693
armadillo-rollers,tight,cell2d,214vf,vf,17463,1.52214,0.697358,0.569041,0.859465,0,0,17456,0,2.27456,7,0,0,1.05304e-05,2.28321e-06,0,6.14693e-07,0.00241947,0.00242009,7,0.00241947
armadillo-rollers,tight,cell2d,218ee,ee,57259,1.49567,1.56847,1.62553,14.6145,0,0,57141,0,3.70304,117,0,0,0.00155511,3.31359e-06,0,4.32384e-07,0.000527178,0.000527611,118,0.000527382
armadillo-rollers,tight,cell2d,221ee,ee,58422,1.71784,1.74792,0.758284,12.0203,0,0,58328,0,3.60784,94,0,0,0.00113087,5.02115e-06,0,9.93579e-07,0.000575308,0.000576301,94,0.000574112
armadillo-rollers,tight,cell2d,225ee,ee,69534,1.77371,1.73586,0.60968,5.48126,0,0,69493,0,2.75628,41,0,0,0.000103531,4.15884e-06,0,1.72672e-06,0.000816765,0.000818492,41,0.000816822
armadillo-rollers,tight,cell2d,229ee,ee,303368,1.75653,1.99086,1.39632,37.3252,0,0,299350,0,34.783,4015,0,0,0.00367297,3.52246e-07,0,7.25553e-08,2.86514e-05,2.87239e-05,4018,2.86102e-05
armadillo-rollers,tight,cell2d,232ee,ee,74356,1.74616,1.63132,0.493299,0.931143,0,0,74343,0,0.942311,13,0,0,5.49337e-05,2.20089e-06,0,1.36396e-06,0.0029504,0.00295176,13,0.00295019
armadillo-rollers,tight,cell2d,235vf,vf,25746,1.69749,0.76478,0.908136,1.33913,0,0,25740,0,1.45894,6,0,0,1.99529e-05,9.58202e-06,0,9.58202e-06,0.077322,0.0773316,6,0.077322
armadillo-rollers,tight,cell2d,239vf,vf,35150,1.50927,0.878345,0.491411,0.625552,0,0,35146,0,1.07168,4,0,0,2.00943e-05,3.87576e-06,0,4.04728e-06,0.228525,0.228529,4,0.228525
armadillo-rollers,tight,cell2d,242vf,vf,50658,1.55823,1.3942,0.335351,0.811178,0,0,50648,0,1.47004,10,0,0,4.47485e-06,5.23562e-07,0,2.45069e-07,0.013407,0.0134073,10,0.013407
armadillo-rollers,tight,cell2d,246vf,vf,34492,1.60988,0.763372,0.482419,0.636015,0,0,34485,0,1.45273,7,0,0,2.97204e-05,2.25818e-06,0,1.39491e-05,0.0296775,0.0296915,7,0.0296783
armadillo-rollers,tight,cell2d,24vf,vf,51354,1.52742,0.60712,0.622384,2.02094,0,0,51336,0,1.28432,18,0,0,2.31918e-05,2.65447e-06,0,9.41554e-06,0.0533652,0.0533746,18,0.0533628
armadillo-rollers,tight,cell2d,253vf,vf,35573,1.60159,0.885384,0.432853,4.1453,0,0,35546,0,2.46234,27,0,0,0.000286837,6.47282e-06,0,1.35935e-07,0.00767663,0.00767676,27,0.0076766
armadillo-rollers,tight,cell2d,257ee,ee,116712,1.56908,1.86216,3.30055,27.8323,0,0,116593,0,4.83427,119,0,0,0.000626831,1.38228e-05,0,1.2998e-06,0.00168149,0.00168279,119,0.00168133
armadillo-rollers,tight,cell2d,260ee,ee,118287,1.73195,1.92315,0.946823,6.49164,0,0,118237,0,4.2332,50,0,0,0.000846526,5.22592e-06,0,2.38924e-06,0.00157263,0.00157501,50,0.00157356
armadillo-rollers,tight,cell2d,264ee,ee,130094,1.81646,1.84546,1.06096,26.5886,0,0,129930,0,8.80969,164,0,0,0.000662816,9.26199e-06,0,1.1746e-06,0.00103501,0.00103619,164,0.00103378
armadillo-rollers,tight,cell2d,268ee,ee,130104,1.80229,1.72639,1.12244,28.5071,0,0,129968,0,5.64526,135,0,0,0.00192053,1.08612e-05,0,2.36278e-06,0.000799862,0.000802224,136,0.00080061
armadillo-rollers,tight,cell2d,271ee,ee,131744,1.82952,1.97137,1.05917,25.3061,0,0,131671,0,4.45134,72,0,0,0.00222042,5.55073e-05,0,8.0787e-06,0.0037056,0.00371368,73,0.00370789
armadillo-rollers,tight,cell2d,274vf,vf,42186,1.81422,0.902056,0.776684,28.8337,0,0,42114,0,8.82207,70,0,0,0.00086114,6.84459e-05,0,2.58295e-06,0.00634618,0.00634876,72,0.0063467
armadillo-rollers,tight,cell2d,278vf,vf,49349,1.57055,0.954727,0.645775,21.2879,0,0,49273,0,6.17981,75,0,0,0.00733316,1.34475e-05,0,2.63551e-06,0.0115825,0.0115851,76,0.0115829
armadillo-rollers,tight,cell2d,281vf,vf,62328,1.5781,1.01274,1.40223,42.3304,0,0,61881,0,21.7636,444,0,0,0.00169614,1.29778e-05,0,5.12074e-06,0.00212075,0.00212587,447,0.00212097
armadillo-rollers,tight,cell2d,285vf,vf,54416,1.59052,0.915144,1.04848,33.2218,0,0,54302,0,9.07256,112,0,0,0.000654468,2.72935e-05,0,1.15938e-05,0.0070589,0.00707049,114,0.00706005
armadillo-rollers,tight,cell2d,289vf,vf,56855,1.87483,0.855401,1.55103,28.9862,0,0,56757,0,7.0378,98,0,0,0.00179746,1.98183e-05,0,9.02382e-07,0.00656674,0.00656764,98,0.00656652
armadillo-rollers,tight,cell2d,292ee,ee,175809,1.60236,2.52899,1.70466,36.011,0,0,175708,0,9.15022,99,0,0,0.00133702,1.41111e-05,0,9.7047e-07,0.00252441,0.00252538,101,0.00252485
armadillo-rollers,tight,cell2d,296ee,ee,175448,1.80338,1.75352,2.02958,47.3509,0,0,175277,0,19.998,169,0,0,0.012878,5.97218e-06,0,2.74438e-07,0.000520576,0.000520851,171,0.000519753
armadillo-rollers,tight,cell2d,29ee,ee,257518,1.72808,1.2783,1.06631,2.50121,1,0,257507,0,1.81538,8,0,0,5.63906e-05,2.17776e-05,0,7.82607e-06,0.018604,0.0186118,11,0.0186033
armadillo-rollers,tight,cell2d,303ee,ee,167165,1.72098,1.79343,1.40483,29.2686,0,0,167027,0,5.50603,136,0,0,0.00388137,5.05125e-06,0,1.38747e-06,0.00062712,0.000628508,138,0.000627518
armadillo-rollers,tight,cell2d,307ee,ee,168325,1.69925,1.82741,10.4441,53.2981,0,0,168145,0,14.3381,178,0,0,0.00202337,2.57083e-05,0,1.75669e-06,0.00228397,0.00228573,180,0.00228405
armadillo-rollers,tight,cell2d,30vf,vf,132560,1.6109,1.13671,0.530354,15.5929,0,0,132469,0,7.46844,90,0,0,0.000189309,8.17785e-07,0,3.29988e-07,0.000885119,0.000885449,91,0.000885129
armadillo-rollers,tight,cell2d,313vf,vf,57734,1.63666,0.970119,1.37523,32.0625,0,0,57491,0,5.2006,240,0,0,0.000914397,2.40586e-05,0,1.44352e-05,0.00500668,0.00502111,243,0.00500679
armadillo-rollers,tight,cell2d,317vf,vf,77826,1.61874,1.39011,1.26528,36.0858,0,0,77445,0,6.36482,376,0,0,0.00160166,8.15464e-06,0,1.5084e-07,0.000854449,0.0008546,381,0.000854492
armadillo-rollers,tight,cell2d,320vf,vf,205206,1.55353,1.26899,1.02359,21.816,0,0,204474,0,5.63736,728,0,0,0.00156726,6.37497e-06,0,5.48392e-07,0.000239635,0.000240184,732,0.000239491
armadillo-rollers,tight,cell2d,324vf,vf,181994,1.57765,4.26056,0.918984,16.4627,0,0,181495,0,5.39371,498,0,0,0.00034952,2.01915e-06,0,3.056e-07,0.00165965,0.00165995,499,0.00165963
armadillo-rollers,tight,cell2d,328vf,vf,275197,1.6644,5.00265,0.970886,10.0394,0,0,275046,0,2.13326,151,0,0,2.39899e-05,5.11374e-07,0,7.90762e-08,0.00330896,0.00330904,151,0.00330889
armadillo-rollers,tight,cell2d,331ee,ee,316965,1.75541,7.96817,1.40447,13.2402,0,0,316884,0,3.95938,81,0,0,8.53844e-05,5.37763e-06,0,1.48361e-06,0.0186113,0.0186127,81,0.0186119
armadillo-rollers,tight,cell2d,335ee,ee,69302,1.59023,1.41785,0.703982,33.3546,0,0,69090,0,3.74892,210,0,0,5.75602e-05,3.97559e-06,0,1.96371e-06,0.00644478,0.00644675,212,0.00644493
armadillo-rollers,tight,cell2d,339ee,ee,103160,1.74063,1.86962,0.672463,16.1492,0,0,103040,0,5.46834,120,0,0,7.03927e-05,2.59912e-06,0,2.16348e-06,0.0241359,0.0241381,120,0.0241356
armadillo-rollers,tight,cell2d,342ee,ee,82085,1.63017,1.45711,0.50933,31.5693,0,0,81623,0,6.60322,462,0,0,2.82453e-05,2.49657e-06,0,5.49907e-07,0.00203432,0.00203487,462,0.00203466
armadillo-rollers,tight,cell2d,346ee,ee,57426,1.68367,1.40816,0.949895,12.5066,0,0,57330,0,2.26989,96,0,0,0.00012026,2.53543e-06,0,2.88511e-07,0.00321903,0.00321932,96,0.00321865
armadillo-rollers,tight,cell2d,349vf,vf,14534,1.64824,0.602064,0.512691,3.71571,0,0,14520,0,1.5455,14,0,0,3.24729e-05,1.17943e-05,0,1.59288e-06,0.0074091,0.00741069,14,0.0074091
armadillo-rollers,tight,cell2d,352vf,vf,12619,1.39104,0.674062,0.521266,3.10709,0,0,12600,0,1.17799,19,0,0,8.09834e-05,1.45245e-05,0,6.03172e-06,0.048074,0.04808,19,0.0480733
armadillo-rollers,tight,cell2d,356vf,vf,14706,1.40499,0.622288,0.267993,5.24572,0,0,14656,0,1.02304,50,0,0,3.26195e-05,3.0384e-06,0,1.47493e-06,0.0249041,0.0249055,50,0.0249038
armadillo-rollers,tight,cell2d,35vf,vf,216958,1.36182,2.09399,0.756845,1.16397,0,0,216931,0,0.828938,27,0,0,1.9609e-06,3.75639e-07,0,3.85487e-07,0.00599041,0.00599079,27,0.00599051
armadillo-rollers,tight,cell2d,363vf,vf,106090,1.74946,2.8517,0.814282,0.970599,0,0,106074,0,0.829739,16,0,0,1.06332e-05,7.02483e-07,0,7.53228e-08,0.00788704,0.00788712,16,0.00788701
armadillo-rollers,tight,cell2d,367ee,ee,218489,1.70812,2.73164,1.01386,8.86268,0,0,218361,0,2.05188,128,0,0,0.000126601,6.2214e-07,0,9.68633e-07,0.00937895,0.00937992,128,0.00937843
armadillo-rollers,tight,cell2d,370ee,ee,123009,1.79243,1.45887,0.6172,4.29006,0,0,122947,0,1.82018,62,0,0,1.33985e-05,1.41297e-06,0,1.38979e-06,0.00219984,0.00220123,62,0.0022006
armadillo-rollers,tight,cell2d,374ee,ee,42205,1.77768,1.20182,0.369942,3.35012,0,0,42164,0,1.68322,41,0,0,0.000283211,1.52927e-06,0,2.1655e-07,0.00125801,0.00125823,41,0.0012579
armadillo-rollers,tight,cell2d,378ee,ee,48991,1.6253,1.20221,0.356855,2.01751,0,0,48947,0,2.00763,44,0,0,4.75756e-05,6.08649e-07,0,3.7773e-07,0.00481169,0.00481207,44,0.00481129
armadillo-rollers,tight,cell2d,381ee,ee,47719,1.63161,1.23104,0.841834,4.97443,0,0,47601,0,3.39204,118,0,0,2.37909e-05,4.96665e-07,0,9.80353e-08,0.000941686,0.000941785,118,0.000941753
armadillo-rollers,tight,cell2d,384vf,vf,13419,1.6756,0.689549,0.324792,0.351831,0,0,13415,0,0.962471,4,0,0,5.99359e-05,5.70009e-07,0,5.70009e-07,0.00623798,0.00623855,4,0.00623798
armadillo-rollers,tight,cell2d,388vf,vf,17036,1.53052,0.701581,0.447092,4.77459,0,0,17019,0,2.5783,16,0,0,0.000259075,1.94418e-06,0,8.62124e-07,0.0158499,0.0158507,17,0.0158501
armadillo-rollers,tight,cell2d,391vf,vf,17561,1.4359,0.747853,0.598224,3.94326,0,0,17524,0,2.65254,37,0,0,0.000119545,1.17896e-06,0,4.70482e-07,0.00730396,0.00730443,37,0.00730371
armadillo-rollers,tight,cell2d,395vf,vf,22790,1.50105,0.760236,0.428949,2.27181,0,0,22764,0,1.37344,26,0,0,0.000105411,3.05279e-06,0,5.64102e-07,0.00658739,0.00658795,26,0.00658751
armadillo-rollers,tight,cell2d,399vf,vf,28190,1.5045,0.796235,0.279609,6.83441,0,0,28110,0,3.65334,80,0,0,0.000128987,1.51709e-06,0,4.6604e-07,0.00895093,0.0089514,80,0.00895119
armadillo-rollers,tight,cell2d,42ee,ee,335997,1.50242,3.07278,1.27158,0.790123,0,0,335985,0,1.45257,12,0,0,7.2785e-06,1.15468e-06,0,1.21583e-06,0.00885654,0.00885775,12,0.00885677
armadillo-rollers,tight,cell2d,45vf,vf,220522,1.69567,3.57795,0.759692,1.5431,0,0,220513,0,0.887336,9,0,0,2.98217e-05,5.24933e-06,0,1.28636e-05,0.044588,0.0446009,9,0.044589
armadillo-rollers,tight,cell2d,49vf,vf,60782,1.6804,4.41601,0.475668,2.72332,1,0,60774,0,2.46342,7,0,0,0.000197534,2.36674e-05,0,2.42364e-06,0.00484111,0.00484354,8,0.0048399
armadillo-rollers,tight,cell2d,53ee,ee,78081,1.58236,2.50662,0.803563,1.60719,0,0,78065,0,1.48998,16,0,0,2.81136e-05,1.05962e-06,0,1.31858e-06,0.00314903,0.00315035,16,0.00314903
armadillo-rollers,tight,cell2d,57ee,ee,127303,1.75634,2.97819,0.578577,2.21076,0,0,127275,0,1.39932,27,0,0,1.69745e-05,3.28104e-06,0,4.58908e-06,0.00984086,0.00984545,28,0.00984097
armadillo-rollers,tight,cell2d,60ee,ee,154944,1.8148,4.03724,0.790667,2.68979,0,0,154914,0,1.70581,30,0,0,2.06404e-05,1.65851e-06,0,1.64853e-06,0.0183592,0.0183608,30,0.0183592
armadillo-rollers,tight,cell2d,63vf,vf,42577,1.79675,1.57065,0.23513,4.031,0,0,42500,0,1.2503,75,0,0,1.45625e-05,1.06836e-06,0,4.56391e-07,0.00477099,0.00477144,77,0.00477076
armadillo-rollers,tight,cell2d,67vf,vf,19961,1.61858,0.531026,0.833834,2.47264,0,0,19926,0,1.32918,33,0,0,5.25252e-05,1.20202e-06,0,6.97986e-07,0.00504103,0.00504172,35,0.00504017
armadillo-rollers,tight,cell2d,70vf,vf,26179,1.59385,0.854281,0.788939,5.32149,0,0,26112,0,1.7028,65,0,0,2.64281e-05,1.36578e-06,0,9.29732e-08,0.00320441,0.00320451,67,0.00320435
armadillo-rollers,tight,cell2d,74vf,vf,16046,1.49523,0.646927,0.371894,2.04097,1,0,16027,0,1.32867,14,0,0,6.29761e-05,5.57887e-06,0,0.0145067,0,0.0145067,19,0
armadillo-rollers,tight,cell2d,78vf,vf,27297,1.57039,0.728717,0.31836,0.520851,1,0,27292,0,0.697389,4,0,0,1.73305e-05,2.36941e-06,0,0.010025,0,0.010025,5,0
armadillo-rollers,tight,cell2d,81ee,ee,134694,1.60559,1.61583,0.784683,1.70655,0,0,134678,0,2.18372,16,0,0,7.47494e-05,1.48671e-06,0,3.51575e-06,0.0452314,0.0452349,16,0.0452318
armadillo-rollers,tight,cell2d,85ee,ee,195005,1.78239,1.88993,0.770443,2.86834,0,0,194969,0,2.07332,36,0,0,3.71529e-05,1.88432e-06,0,1.02131e-06,0.00129625,0.00129727,36,0.00129652
armadillo-rollers,tight,cell2d,89ee,ee,236507,1.81579,1.94321,1.06042,6.04515,0,0,236453,0,2.97,54,0,0,0.00022224,4.40194e-06,0,5.67508e-06,0.0019207,0.00192638,54,0.0019207
armadillo-rollers,tight,cell2d,93ee,ee,220161,1.78095,1.84219,0.906248,9.96115,0,0,220122,0,3.00741,39,0,0,0.000409077,9.12297e-06,0,1.14644e-07,0.00272612,0.00272623,39,0.0027256
armadillo-rollers,tight,cell2d,97ee,ee,207900,1.83077,1.5126,0.893769,11.9444,0,0,207822,0,4.76029,77,0,0,0.000235339,2.68574e-06,0,1.18919e-06,0.000444113,0.000445302,78,0.000444412
armadillo-rollers,tight,cell2dmin,100ee,ee,225252,0.835175,0.764553,0.890342,6.21124,0,0,225187,0,6.02808,65,0,0,0.000110117,1.15441e-06,0,7.43065e-07,0.00103026,0.001031,65,0.00102997
armadillo-rollers,tight,cell2dmin,103vf,vf,75907,1.50136,1.43442,0.788936,0.75777,0,0,75903,0,1.02285,4,0,0,0.000140772,6.61985e-05,0,1.86099e-06,0.218369,0.218371,4,0.218369
armadillo-rollers,tight,cell2dmin,107vf,vf,101595,1.77588,1.12253,0.457522,12.8292,0,0,101062,0,5.05835,530,0,0,6.16231e-05,5.61617e-07,0,6.32657e-08,0.00129995,0.00130001,533,0.00129986
armadillo-rollers,tight,cell2dmin,111ee,ee,94831,2.02807,0.544048,0.525264,1.82062,0,0,94811,0,1.22259,20,0,0,3.09636e-05,1.21061e-06,0,1.75781e-07,0.0142322,0.0142323,20,0.0142322
armadillo-rollers,tight,cell2dmin,115vf,vf,18978,1.82708,0.775305,0.295351,0.432819,0,0,18975,0,0.55576,3,0,0,1.38831e-05,1.82316e-06,0,1.72102e-06,0.00871944,0.00872117,3,0.00871944
armadillo-rollers,tight,cell2dmin,119vf,vf,33604,1.8595,0.761321,0.377205,0.517969,0,0,33600,0,1.06566,4,0,0,9.31144e-06,4.63769e-06,0,5.12233e-06,0.00976991,0.00977503,4,0.00977039
armadillo-rollers,tight,cell2dmin,122ee,ee,137371,2.02976,0.536976,0.721067,1.66565,0,0,137355,0,1.84743,16,0,0,4.35727e-05,3.86259e-06,0,9.13019e-06,0.0228652,0.0228743,16,0.0228672
armadillo-rollers,tight,cell2dmin,126vf,vf,49095,2.04896,1.38607,1.48994,1.18576,0,0,49094,0,1.56731,1,0,0,9.47518e-05,9.47518e-05,0,9.47518e-05,0.37149,0.371585,1,0.37149
armadillo-rollers,tight,cell2dmin,12vf,vf,107536,1.92663,0.983459,1.03741,5.13066,0,0,107500,0,1.26048,34,0,0,0.000335727,6.61307e-06,0,2.61327e-07,0.0003016,0.000301861,36,0.0003016
armadillo-rollers,tight,cell2dmin,134ee,ee,67235,1.96269,0.465747,0.579278,2.43394,0,0,67213,0,1.08621,22,0,0,0.000141787,3.56355e-06,0,1.2684e-06,0.0185487,0.01855,22,0.018549
armadillo-rollers,tight,cell2dmin,138ee,ee,103311,2.02346,0.503729,0.583055,16.6283,0,0,101881,0,6.54851,1430,0,0,1.83929e-05,4.54495e-07,0,2.91604e-07,0.000391307,0.000391598,1430,0.000391245
armadillo-rollers,tight,cell2dmin,140vf,vf,18676,1.79784,0.827111,0.851687,0.152955,0,0,18675,0,0.752681,0,0,0,0,0,0,0,1,1,1,1
armadillo-rollers,tight,cell2dmin,145vf,vf,14520,1.94429,0.798376,0.439251,1.48546,0,0,14504,0,1.07664,15,0,0,2.53054e-05,2.25757e-06,0,1.30813e-06,0.00845556,0.00845687,16,0.00845528
armadillo-rollers,tight,cell2dmin,149vf,vf,17621,1.92612,0.797736,0.699979,1.47484,0,0,17608,0,0.805352,12,0,0,3.08669e-05,1.7316e-06,0,3.72313e-07,0.0899653,0.0899657,13,0.0899653
armadillo-rollers,tight,cell2dmin,153ee,ee,54774,1.87361,0.464498,0.45653,6.99087,0,0,54738,0,2.63023,36,0,0,0.000761246,1.07022e-05,0,5.754e-06,0.0113503,0.0113561,36,0.0113468
armadillo-rollers,tight,cell2dmin,157ee,ee,51080,1.79364,0.450035,0.40274,2.61087,0,0,51050,0,0.891398,30,0,0,9.38738e-05,2.3749e-06,0,7.12436e-06,0.015769,0.0157761,30,0.0157661
armadillo-rollers,tight,cell2dmin,15vf,vf,81346,1.84727,0.874918,0.909733,5.86955,0,0,81308,0,1.22396,38,0,0,9.49289e-05,5.59616e-06,0,5.69055e-06,0.00614994,0.00615563,38,0.00615025
armadillo-rollers,tight,cell2dmin,164ee,ee,52133,1.8562,0.46453,0.414995,0.679627,0,0,52123,0,0.930469,10,0,0,0.000105438,1.07768e-06,0,1.02843e-07,0.0559939,0.055994,10,0.0559936
armadillo-rollers,tight,cell2dmin,168ee,ee,43829,1.81188,0.449618,0.586767,2.65067,0,0,43809,0,1.22169,20,0,0,0.000502079,6.54852e-06,0,4.49109e-06,0.0161053,0.0161098,20,0.0161037
armadillo-rollers,tight,cell2dmin,171ee,ee,51464,1.84702,0.456754,1.00461,5.81644,0,0,51437,0,3.37827,26,0,0,0.000556547,2.4388e-06,0,3.85467e-07,0.00859983,0.00860021,27,0.00859976
armadillo-rollers,tight,cell2dmin,175ee,ee,51829,1.74366,0.456435,1.20179,2.07424,0,0,51821,0,2.2216,8,0,0,0.00104547,5.05564e-05,0,1.21445e-05,0.022461,0.0224731,8,0.0224609
armadillo-rollers,tight,cell2dmin,179vf,vf,15919,1.80219,0.840712,0.434099,0.364981,0,0,15915,0,0.953091,4,0,0,7.83533e-06,6.94747e-06,0,4.26737e-07,0.0502246,0.0502251,4,0.0502243
armadillo-rollers,tight,cell2dmin,182ee,ee,52057,1.95476,0.460498,1.30374,5.63708,0,0,52022,0,1.36668,34,0,0,0.000302017,3.22832e-06,0,1.73358e-06,0.00282764,0.00282938,35,0.00282764
armadillo-rollers,tight,cell2dmin,186ee,ee,86111,1.8842,0.508113,0.521169,6.34461,0,0,86023,0,2.47685,88,0,0,0.00032175,4.68735e-07,0,9.62108e-07,0.00233628,0.00233725,88,0.00233662
armadillo-rollers,tight,cell2dmin,18ee,ee,157963,1.83006,0.53624,0.991427,4.10989,0,0,157927,0,2.60853,36,0,0,0.000167007,1.93567e-06,0,3.66436e-06,0.00612601,0.00612967,36,0.00612688
armadillo-rollers,tight,cell2dmin,193ee,ee,60618,1.74808,0.467154,0.614574,4.97803,0,0,60575,0,2.32662,43,0,0,8.33211e-05,4.1757e-06,0,1.4166e-06,0.00437333,0.00437475,43,0.00437355
armadillo-rollers,tight,cell2dmin,197ee,ee,48550,1.73009,0.453107,0.814408,3.89793,0,0,48523,0,2.00144,27,0,0,0.000135443,1.98502e-06,0,9.80772e-07,0.00141017,0.00141115,27,0.00141048
armadillo-rollers,tight,cell2dmin,19vf,vf,50546,1.84779,0.747818,0.568623,0.767114,0,0,50540,0,0.978531,6,0,0,6.04696e-06,2.3169e-06,0,1.21599e-06,0.267324,0.267325,6,0.267323
armadillo-rollers,tight,cell2dmin,203vf,vf,18050,1.90423,0.813383,0.705068,0.388405,0,0,18046,0,1.82974,4,0,0,1.40649e-05,3.74728e-06,0,1.59071e-06,0.0206541,0.0206557,4,0.0206542
armadillo-rollers,tight,cell2dmin,207vf,vf,15228,1.89223,0.792073,0.618062,0.343574,0,0,15224,0,1.2989,4,0,0,3.25912e-05,4.2952e-06,0,3.36693e-06,0.0458746,0.045878,4,0.0458746
armadillo-rollers,tight,cell2dmin,210vf,vf,14783,1.71924,0.761033,3.19811,3.09812,0,0,14769,0,3.09578,14,0,0,0.000164511,2.25646e-06,0,1.04217e-06,0.00194694,0.00194798,14,0.00194693
armadillo-rollers,tight,cell2dmin,214vf,vf,17463,1.82241,0.825736,0.640877,0.912741,0,0,17456,0,2.30335,7,0,0,1.05304e-05,2.28321e-06,0,6.14693e-07,0.00241947,0.00242009,7,0.00241947
armadillo-rollers,tight,cell2dmin,218ee,ee,57259,1.80788,0.491505,1.38137,14.3763,0,0,57141,0,2.91556,117,0,0,0.00155511,3.31359e-06,0,1.1063e-06,0.000526504,0.000527611,118,0.000527382
armadillo-rollers,tight,cell2dmin,221ee,ee,58422,1.75249,0.497553,0.785577,11.8366,0,0,58328,0,3.6102,94,0,0,0.00113087,5.02115e-06,0,1.9317e-06,0.000574369,0.000576301,94,0.000574112
armadillo-rollers,tight,cell2dmin,225ee,ee,69534,3.1184,0.509904,1.60568,5.52304,0,0,69493,0,2.34857,41,0,0,0.000103531,4.15884e-06,0,1.57507e-06,0.000816917,0.000818492,41,0.000816822
armadillo-rollers,tight,cell2dmin,229ee,ee,303368,1.72222,1.10505,2.16698,36.7886,0,0,299350,0,26.6004,4015,0,0,0.00367297,3.52246e-07,0,1.00792e-07,2.86231e-05,2.87239e-05,4018,2.86102e-05
armadillo-rollers,tight,cell2dmin,232ee,ee,74356,1.77096,0.514192,0.55272,0.991042,0,0,74343,0,0.846791,13,0,0,5.49337e-05,2.20089e-06,0,1.36396e-06,0.0029504,0.00295176,13,0.00295019
armadillo-rollers,tight,cell2dmin,235vf,vf,25746,1.78344,0.910181,0.93706,1.40812,0,0,25740,0,1.45426,6,0,0,1.99529e-05,9.58202e-06,0,9.58202e-06,0.077322,0.0773316,6,0.077322
armadillo-rollers,tight,cell2dmin,239vf,vf,35150,1.93767,0.96538,0.513361,0.66446,0,0,35146,0,1.08349,4,0,0,2.00943e-05,3.87576e-06,0,4.04728e-06,0.228525,0.228529,4,0.228525
armadillo-rollers,tight,cell2dmin,242vf,vf,50658,1.9938,1.48069,0.343926,0.848487,0,0,50648,0,1.40338,10,0,0,4.47485e-06,5.23562e-07,0,2.45069e-07,0.013407,0.0134073,10,0.013407
armadillo-rollers,tight,cell2dmin,246vf,vf,34492,1.86833,0.918245,0.54856,0.698795,0,0,34485,0,1.38697,7,0,0,2.97204e-05,2.25818e-06,0,1.39491e-05,0.0296775,0.0296915,7,0.0296783
armadillo-rollers,tight,cell2dmin,24vf,vf,51354,1.97133,0.602702,0.61323,2.06749,0,0,51336,0,1.24643,18,0,0,2.31918e-05,2.65447e-06,0,9.41554e-06,0.0533652,0.0533746,18,0.0533628
armadillo-rollers,tight,cell2dmin,253vf,vf,35573,1.99069,1.01667,0.502865,4.1114,0,0,35546,0,2.4423,27,0,0,0.000286837,6.47282e-06,0,1.35935e-07,0.00767663,0.00767676,27,0.0076766
armadillo-rollers,tight,cell2dmin,257ee,ee,116712,1.85684,0.592334,0.921125,27.5571,0,0,116593,0,5.96798,119,0,0,0.000626831,1.38228e-05,0,1.51584e-06,0.00168127,0.00168279,119,0.00168133
armadillo-rollers,tight,cell2dmin,260ee,ee,118287,1.80033,0.566992,1.30713,6.48675,0,0,118237,0,3.72162,50,0,0,0.000846526,5.22592e-06,0,3.49612e-06,0.00157152,0.00157501,50,0.00157356
armadillo-rollers,tight,cell2dmin,264ee,ee,130094,1.79224,0.601774,1.04269,26.277,0,0,129930,0,6.6407,164,0,0,0.000662816,9.26199e-06,0,2.55371e-06,0.00103363,0.00103619,164,0.00103378
armadillo-rollers,tight,cell2dmin,268ee,ee,130104,1.78555,0.614797,1.06797,28.1169,0,0,129968,0,4.94129,135,0,0,0.00192053,1.08612e-05,0,2.31822e-06,0.000799906,0.000802224,136,0.00080061
armadillo-rollers,tight,cell2dmin,271ee,ee,131744,1.77572,0.62619,0.973411,25.0789,0,0,131671,0,5.64937,72,0,0,0.00222042,5.55073e-05,0,6.14948e-06,0.00370753,0.00371368,73,0.00370789
armadillo-rollers,tight,cell2dmin,274vf,vf,42186,1.83227,1.00781,0.805704,28.5506,0,0,42114,0,8.62576,70,0,0,0.00086114,6.84459e-05,0,2.58295e-06,0.00634618,0.00634876,72,0.0063467
armadillo-rollers,tight,cell2dmin,278vf,vf,49349,1.95127,1.02528,0.642541,21.0796,0,0,49273,0,6.16436,75,0,0,0.00733316,1.34475e-05,0,2.63551e-06,0.0115825,0.0115851,76,0.0115829
armadillo-rollers,tight,cell2dmin,281vf,vf,62328,2.00343,1.14233,1.4285,41.9897,0,0,61881,0,21.4908,444,0,0,0.00169614,1.29778e-05,0,5.12074e-06,0.00212075,0.00212587,447,0.00212097
armadillo-rollers,tight,cell2dmin,285vf,vf,54416,2.04522,1.02246,1.00986,32.7766,0,0,54302,0,8.86079,112,0,0,0.000654468,2.72935e-05,0,1.15938e-05,0.0070589,0.00707049,114,0.00706005
armadillo-rollers,tight,cell2dmin,289vf,vf,56855,2.00154,0.947907,1.52274,28.6078,0,0,56757,0,6.91544,98,0,0,0.00179746,1.98183e-05,0,9.02382e-07,0.00656674,0.00656764,98,0.00656652
armadillo-rollers,tight,cell2dmin,292ee,ee,175809,1.89137,0.707083,1.28239,35.5139,0,0,175708,0,9.92927,99,0,0,0.00133702,1.41111e-05,0,8.00505e-07,0.00252458,0.00252538,101,0.00252485
armadillo-rollers,tight,cell2dmin,296ee,ee,175448,1.7658,0.634413,2.41094,46.8237,0,0,175277,0,19.1987,169,0,0,0.012878,5.97218e-06,0,3.89119e-07,0.000520462,0.000520851,171,0.000519753
armadillo-rollers,tight,cell2dmin,29ee,ee,257518,1.84385,0.644589,1.00458,2.52546,1,0,257507,0,2.09603,8,0,0,5.63906e-05,2.17776e-05,0,7.82607e-06,0.018604,0.0186118,11,0.0186033
armadillo-rollers,tight,cell2dmin,303ee,ee,167165,1.77499,0.61979,1.61192,28.9596,0,0,167027,0,5.29476,136,0,0,0.00388137,5.05125e-06,0,1.38747e-06,0.00062712,0.000628508,138,0.000627518
armadillo-rollers,tight,cell2dmin,307ee,ee,168325,1.73003,0.666444,1.28508,52.4521,0,0,168145,0,6.10203,178,0,0,0.00202337,2.57083e-05,0,1.15051e-06,0.00228458,0.00228573,180,0.00228405
armadillo-rollers,tight,cell2dmin,30vf,vf,132560,1.59438,1.29753,0.552431,15.4184,0,0,132469,0,7.43901,90,0,0,0.000189309,8.17785e-07,0,3.29988e-07,0.000885119,0.000885449,91,0.000885129
armadillo-rollers,tight,cell2dmin,313vf,vf,57734,1.84007,1.14505,1.38073,31.8266,0,0,57491,0,5.09665,240,0,0,0.000914397,2.40586e-05,0,1.44352e-05,0.00500668,0.00502111,243,0.00500679
armadillo-rollers,tight,cell2dmin,317vf,vf,77826,2.05811,1.46482,1.2158,35.6998,0,0,77445,0,6.3265,376,0,0,0.00160166,8.15464e-06,0,7.97495e-08,0.00085452,0.0008546,381,0.000854492
armadillo-rollers,tight,cell2dmin,320vf,vf,205206,1.74715,1.34166,0.969732,21.6463,0,0,204474,0,5.67785,728,0,0,0.00156726,6.37497e-06,0,5.48392e-07,0.000239635,0.000240184,732,0.000239491
armadillo-rollers,tight,cell2dmin,324vf,vf,181994,1.77377,4.40707,0.951043,16.2886,0,0,181495,0,5.34765,498,0,0,0.00034952,2.01915e-06,0,3.056e-07,0.00165965,0.00165995,499,0.00165963
armadillo-rollers,tight,cell2dmin,328vf,vf,275197,1.82379,5.29466,0.957347,10.1207,0,0,275046,0,2.1664,151,0,0,2.39899e-05,5.11374e-07,0,7.90762e-08,0.00330896,0.00330904,151,0.00330889
armadillo-rollers,tight,cell2dmin,331ee,ee,316965,2.21395,1.29343,1.37407,13.1043,0,0,316884,0,3.48447,81,0,0,8.53844e-05,5.37763e-06,0,1.49976e-06,0.0186112,0.0186127,81,0.0186119
armadillo-rollers,tight,cell2dmin,335ee,ee,69302,1.78859,0.492529,1.41692,33.3217,0,0,69090,0,3.57004,210,0,0,5.75602e-05,3.97559e-06,0,1.63026e-06,0.00644512,0.00644675,212,0.00644493
armadillo-rollers,tight,cell2dmin,339ee,ee,103160,1.83633,0.49445,0.621261,15.9822,0,0,103040,0,4.77813,120,0,0,7.03927e-05,2.59912e-06,0,2.16348e-06,0.0241359,0.0241381,120,0.0241356
armadillo-rollers,tight,cell2dmin,342ee,ee,82085,1.72737,0.487825,1.16979,30.8724,0,0,81623,0,5.59929,462,0,0,2.82453e-05,2.49657e-06,0,5.14839e-07,0.00203435,0.00203487,462,0.00203466
armadillo-rollers,tight,cell2dmin,346ee,ee,57426,1.75217,0.460754,0.862375,12.3184,0,0,57330,0,1.71477,96,0,0,0.00012026,2.53543e-06,0,2.88511e-07,0.00321903,0.00321932,96,0.00321865
armadillo-rollers,tight,cell2dmin,349vf,vf,14534,1.74984,0.758249,0.534864,3.74402,0,0,14520,0,1.53234,14,0,0,3.24729e-05,1.17943e-05,0,1.59288e-06,0.0074091,0.00741069,14,0.0074091
armadillo-rollers,tight,cell2dmin,352vf,vf,12619,1.80779,0.787465,0.564975,3.14938,0,0,12600,0,1.17734,19,0,0,8.09834e-05,1.45245e-05,0,6.03172e-06,0.048074,0.04808,19,0.0480733
armadillo-rollers,tight,cell2dmin,356vf,vf,14706,1.80839,0.787817,0.235897,5.25645,0,0,14656,0,1.03354,50,0,0,3.26195e-05,3.0384e-06,0,1.47493e-06,0.0249041,0.0249055,50,0.0249038
armadillo-rollers,tight,cell2dmin,35vf,vf,216958,1.63589,2.2863,0.726475,1.12464,0,0,216931,0,0.966115,27,0,0,1.9609e-06,3.75639e-07,0,3.85487e-07,0.00599041,0.00599079,27,0.00599051
armadillo-rollers,tight,cell2dmin,363vf,vf,106090,2.1481,2.88865,0.811304,1.01664,0,0,106074,0,0.868262,16,0,0,1.06332e-05,7.02483e-07,0,7.53228e-08,0.00788704,0.00788712,16,0.00788701
armadillo-rollers,tight,cell2dmin,367ee,ee,218489,2.11315,0.633229,0.922021,8.80268,0,0,218361,0,2.39154,128,0,0,0.000126601,6.2214e-07,0,7.70213e-07,0.00937915,0.00937992,128,0.00937843
armadillo-rollers,tight,cell2dmin,370ee,ee,123009,1.94052,0.541136,0.60651,4.26448,0,0,122947,0,1.8011,62,0,0,1.33985e-05,1.41297e-06,0,1.44453e-06,0.00219979,0.00220123,62,0.0022006
armadillo-rollers,tight,cell2dmin,374ee,ee,42205,1.69816,0.441651,0.346998,3.32896,0,0,42164,0,1.67633,41,0,0,0.000283211,1.52927e-06,0,1.20071e-07,0.00125811,0.00125823,41,0.0012579
armadillo-rollers,tight,cell2dmin,378ee,ee,48991,1.80871,0.455347,0.361173,2.07543,0,0,48947,0,1.78116,44,0,0,4.75756e-05,6.08649e-07,0,7.05467e-07,0.00481136,0.00481207,44,0.00481129
armadillo-rollers,tight,cell2dmin,381ee,ee,47719,1.69038,0.440403,0.912005,4.99192,0,0,47601,0,2.8148,118,0,0,2.37909e-05,4.96665e-07,0,1.31262e-07,0.000941653,0.000941785,118,0.000941753
armadillo-rollers,tight,cell2dmin,384vf,vf,13419,1.82132,0.849479,0.313494,0.40114,0,0,13415,0,0.96906,4,0,0,5.99359e-05,5.70009e-07,0,5.70009e-07,0.00623798,0.00623855,4,0.00623798
armadillo-rollers,tight,cell2dmin,388vf,vf,17036,1.90055,0.877478,0.48405,4.79435,0,0,17019,0,2.48719,16,0,0,0.000259075,1.94418e-06,0,8.62124e-07,0.0158499,0.0158507,17,0.0158501
armadillo-rollers,tight,cell2dmin,391vf,vf,17561,1.8986,0.914277,0.639565,3.97982,0,0,17524,0,2.64325,37,0,0,0.000119545,1.17896e-06,0,4.70482e-07,0.00730396,0.00730443,37,0.00730371
armadillo-rollers,tight,cell2dmin,395vf,vf,22790,1.97809,0.915077,0.464466,2.3206,0,0,22764,0,1.34642,26,0,0,0.000105411,3.05279e-06,0,5.64102e-07,0.00658739,0.00658795,26,0.00658751
armadillo-rollers,tight,cell2dmin,399vf,vf,28190,1.95489,0.978851,0.317942,6.79477,0,0,28110,0,3.59541,80,0,0,0.000128987,1.51709e-06,0,4.6604e-07,0.00895093,0.0089514,80,0.00895119
armadillo-rollers,tight,cell2dmin,42ee,ee,335997,1.67701,0.82596,1.24566,0.849862,0,0,335985,0,1.47496,12,0,0,7.2785e-06,1.15468e-06,0,1.03399e-06,0.00885672,0.00885775,12,0.00885677
armadillo-rollers,tight,cell2dmin,45vf,vf,220522,1.64286,3.58549,0.74721,1.66846,0,0,220513,0,0.874182,9,0,0,2.98217e-05,5.24933e-06,0,1.28636e-05,0.044588,0.0446009,9,0.044589
armadillo-rollers,tight,cell2dmin,49vf,vf,60782,1.94871,4.38934,0.470866,2.71243,1,0,60774,0,2.46754,7,0,0,0.000197534,2.36674e-05,0,2.42364e-06,0.00484111,0.00484354,8,0.0048399
armadillo-rollers,tight,cell2dmin,53ee,ee,78081,1.92663,0.47253,0.758441,1.62523,0,0,78065,0,1.51871,16,0,0,2.81136e-05,1.05962e-06,0,2.23548e-06,0.00314811,0.00315035,16,0.00314903
armadillo-rollers,tight,cell2dmin,57ee,ee,127303,1.87207,0.528848,0.59595,2.20832,0,0,127275,0,1.32258,27,0,0,1.69745e-05,3.28104e-06,0,4.48052e-06,0.00984097,0.00984545,28,0.00984097
armadillo-rollers,tight,cell2dmin,60ee,ee,154944,1.86142,0.546864,0.779945,2.69723,0,0,154914,0,1.59935,30,0,0,2.06404e-05,1.65851e-06,0,1.90365e-06,0.0183589,0.0183608,30,0.0183592
armadillo-rollers,tight,cell2dmin,63vf,vf,42577,1.90855,1.54491,0.232665,4.01105,0,0,42500,0,1.24144,75,0,0,1.45625e-05,1.06836e-06,0,4.56391e-07,0.00477099,0.00477144,77,0.00477076
armadillo-rollers,tight,cell2dmin,67vf,vf,19961,1.78964,0.557391,0.814056,2.52332,0,0,19926,0,1.37545,33,0,0,5.25252e-05,1.20202e-06,0,6.97986e-07,0.00504103,0.00504172,35,0.00504017
armadillo-rollers,tight,cell2dmin,70vf,vf,26179,1.99216,0.942884,0.793353,5.38902,0,0,26112,0,1.65547,65,0,0,2.64281e-05,1.36578e-06,0,9.29732e-08,0.00320441,0.00320451,67,0.00320435
armadillo-rollers,tight,cell2dmin,74vf,vf,16046,1.89534,0.670156,0.39218,2.06243,1,0,16027,0,1.32089,14,0,0,6.29761e-05,5.57887e-06,0,0.0145067,0,0.0145067,19,0
armadillo-rollers,tight,cell2dmin,78vf,vf,27297,1.86964,0.774665,0.278872,0.608942,1,0,27292,0,0.758633,4,0,0,1.73305e-05,2.36941e-06,0,0.010025,0,0.010025,5,0
armadillo-rollers,tight,cell2dmin,81ee,ee,134694,2.0066,0.560944,0.864582,1.76225,0,0,134678,0,1.6875,16,0,0,7.47494e-05,1.48671e-06,0,3.51575e-06,0.0452314,0.0452349,16,0.0452318
armadillo-rollers,tight,cell2dmin,85ee,ee,195005,1.87303,0.672812,0.782569,2.89393,0,0,194969,0,2.06474,36,0,0,3.71529e-05,1.88432e-06,0,1.17138e-06,0.0012961,0.00129727,36,0.00129652
armadillo-rollers,tight,cell2dmin,89ee,ee,236507,1.82087,0.61435,0.945796,6.09751,0,0,236453,0,2.89767,54,0,0,0.00022224,4.40194e-06,0,5.67508e-06,0.0019207,0.00192638,54,0.0019207
armadillo-rollers,tight,cell2dmin,93ee,ee,220161,1.76462,0.660172,0.907237,9.88102,0,0,220122,0,2.57074,39,0,0,0.000409077,9.12297e-06,0,5.9055e-07,0.00272564,0.00272623,39,0.0027256
armadillo-rollers,tight,cell2dmin,97ee,ee,207900,1.83067,0.578863,0.870086,11.8818,0,0,207822,0,3.63816,77,0,0,0.000235339,2.68574e-06,0,1.0686e-06,0.000444233,0.000445302,78,0.000444412
armadillo-rollers,tight,cell2dmin,100ee,ee,225252,0.836039,0.793609,0.906053,6.22119,0,0,225187,0,6.11243,65,0,0,0.000110117,1.15441e-06,0,7.43065e-07,0.00103026,0.001031,65,0.00102997
armadillo-rollers,tight,cell2dmin,103vf,vf,75907,1.07571,1.3349,0.799944,0.702379,0,0,75903,0,1.01264,4,0,0,0.000140772,6.61985e-05,0,1.86099e-06,0.218369,0.218371,4,0.218369
armadillo-rollers,tight,cell2dmin,107vf,vf,101595,1.31577,1.16125,0.464178,12.6825,0,0,101062,0,4.97368,530,0,0,6.16231e-05,5.61617e-07,0,6.32657e-08,0.00129995,0.00130001,533,0.00129986
armadillo-rollers,tight,cell2dmin,111ee,ee,94831,1.35426,0.450067,0.52136,1.76548,0,0,94811,0,1.12352,20,0,0,3.09636e-05,1.21061e-06,0,1.75781e-07,0.0142322,0.0142323,20,0.0142322
armadillo-rollers,tight,cell2dmin,115vf,vf,18978,1.34991,0.805801,0.243352,0.350773,0,0,18975,0,0.505073,3,0,0,1.38831e-05,1.82316e-06,0,1.72102e-06,0.00871944,0.00872117,3,0.00871944
armadillo-rollers,tight,cell2dmin,119vf,vf,33604,1.32358,0.810664,0.377141,0.467826,0,0,33600,0,1.03286,4,0,0,9.31144e-06,4.63769e-06,0,5.12233e-06,0.00976991,0.00977503,4,0.00977039
armadillo-rollers,tight,cell2dmin,122ee,ee,137371,1.4126,0.461683,0.711947,1.57007,0,0,137355,0,1.80747,16,0,0,4.35727e-05,3.86259e-06,0,9.13019e-06,0.0228652,0.0228743,16,0.0228672
armadillo-rollers,tight,cell2dmin,126vf,vf,49095,1.44328,1.28611,1.43042,1.14025,0,0,49094,0,1.41909,1,0,0,9.47518e-05,9.47518e-05,0,9.47518e-05,0.37149,0.371585,1,0.37149
armadillo-rollers,tight,cell2dmin,12vf,vf,107536,1.50555,1.09613,1.0313,5.0618,0,0,107500,0,1.17635,34,0,0,0.000335727,6.61307e-06,0,2.61327e-07,0.0003016,0.000301861,36,0.0003016
armadillo-rollers,tight,cell2dmin,134ee,ee,67235,1.38559,0.416372,0.559151,2.39014,0,0,67213,0,1.06304,22,0,0,0.000141787,3.56355e-06,0,1.2684e-06,0.0185487,0.01855,22,0.018549
armadillo-rollers,tight,cell2dmin,138ee,ee,103311,1.37337,1.7763,0.58331,16.5887,0,0,101881,0,6.34125,1430,0,0,1.83929e-05,4.54495e-07,0,2.91604e-07,0.000391307,0.000391598,1430,0.000391245
armadillo-rollers,tight,cell2dmin,140vf,vf,18676,1.16221,0.673356,0.782824,0.075134,0,0,18675,0,0.743338,0,0,0,0,0,0,0,1,1,1,1
armadillo-rollers,tight,cell2dmin,145vf,vf,14520,1.21894,0.776681,0.344117,1.38908,0,0,14504,0,1.08586,15,0,0,2.53054e-05,2.25757e-06,0,1.30813e-06,0.00845556,0.00845687,16,0.00845528
armadillo-rollers,tight,cell2dmin,149vf,vf,17621,1.2622,0.786441,0.561231,1.39641,0,0,17608,0,0.693068,12,0,0,3.08669e-05,1.7316e-06,0,3.72313e-07,0.0899653,0.0899657,13,0.0899653
armadillo-rollers,tight,cell2dmin,153ee,ee,54774,1.36217,0.453875,0.450866,6.88853,0,0,54738,0,2.57317,36,0,0,0.000761246,1.07022e-05,0,5.754e-06,0.0113503,0.0113561,36,0.0113468
armadillo-rollers,tight,cell2dmin,157ee,ee,51080,1.315,0.424147,0.411988,2.47756,0,0,51050,0,0.840999,30,0,0,9.38738e-05,2.3749e-06,0,7.12436e-06,0.015769,0.0157761,30,0.0157661
armadillo-rollers,tight,cell2dmin,15vf,vf,81346,1.32082,1.00595,0.856679,5.76181,0,0,81308,0,1.17264,38,0,0,9.49289e-05,5.59616e-06,0,5.69055e-06,0.00614994,0.00615563,38,0.00615025
armadillo-rollers,tight,cell2dmin,164ee,ee,52133,1.36447,0.44037,0.383477,0.59355,0,0,52123,0,0.836679,10,0,0,0.000105438,1.07768e-06,0,1.02843e-07,0.0559939,0.055994,10,0.0559936
armadillo-rollers,tight,cell2dmin,168ee,ee,43829,1.40898,0.440211,0.965123,2.60687,0,0,43809,0,1.11494,20,0,0,0.000502079,6.54852e-06,0,4.49109e-06,0.0161053,0.0161098,20,0.0161037
armadillo-rollers,tight,cell2dmin,171ee,ee,51464,1.38373,0.418771,0.994947,5.7652,0,0,51437,0,3.34896,26,0,0,0.000556547,2.4388e-06,0,3.85467e-07,0.00859983,0.00860021,27,0.00859976
armadillo-rollers,tight,cell2dmin,175ee,ee,51829,1.45688,0.429715,1.14886,2.04087,0,0,51821,0,2.18003,8,0,0,0.00104547,5.05564e-05,0,1.21445e-05,0.022461,0.0224731,8,0.0224609
armadillo-rollers,tight,cell2dmin,179vf,vf,15919,1.41788,0.822951,0.35855,0.297527,0,0,15915,0,0.914532,4,0,0,7.83533e-06,6.94747e-06,0,4.26737e-07,0.0502246,0.0502251,4,0.0502243
armadillo-rollers,tight,cell2dmin,182ee,ee,52057,1.25948,0.41154,1.28431,5.59283,0,0,52022,0,1.33753,34,0,0,0.000302017,3.22832e-06,0,1.73358e-06,0.00282764,0.00282938,35,0.00282764
armadillo-rollers,tight,cell2dmin,186ee,ee,86111,1.39679,0.462675,0.522448,6.24727,0,0,86023,0,2.37257,88,0,0,0.00032175,4.68735e-07,0,9.69108e-07,0.00233628,0.00233725,88,0.00233662
armadillo-rollers,tight,cell2dmin,18ee,ee,157963,1.41951,0.465266,0.946084,3.99758,0,0,157927,0,2.43762,36,0,0,0.000167007,1.93567e-06,0,3.66436e-06,0.00612601,0.00612967,36,0.00612688
armadillo-rollers,tight,cell2dmin,193ee,ee,60618,1.38853,0.432532,0.558927,4.91067,0,0,60575,0,2.27788,43,0,0,8.33211e-05,4.1757e-06,0,1.4166e-06,0.00437333,0.00437475,43,0.00437355
armadillo-rollers,tight,cell2dmin,197ee,ee,48550,1.37414,0.429587,0.754665,3.85128,0,0,48523,0,1.96913,27,0,0,0.000135443,1.98502e-06,0,9.80772e-07,0.00141017,0.00141115,27,0.00141048
armadillo-rollers,tight,cell2dmin,19vf,vf,50546,1.36415,0.774313,0.457522,0.692267,0,0,50540,0,0.916197,6,0,0,6.04696e-06,2.3169e-06,0,1.21599e-06,0.267324,0.267325,6,0.267323
armadillo-rollers,tight,cell2dmin,203vf,vf,18050,1.25903,0.644813,0.571055,0.320119,0,0,18046,0,1.81156,4,0,0,1.40649e-05,3.74728e-06,0,1.59071e-06,0.0206541,0.0206557,4,0.0206542
armadillo-rollers,tight,cell2dmin,207vf,vf,15228,1.19209,0.646061,0.542256,0.275864,0,0,15224,0,1.26966,4,0,0,3.25912e-05,4.2952e-06,0,3.36693e-06,0.0458746,0.045878,4,0.0458746
armadillo-rollers,tight,cell2dmin,210vf,vf,14783,1.16326,0.625261,3.02289,3.04205,0,0,14769,0,3.10436,14,0,0,0.000164511,2.25646e-06,0,1.04217e-06,0.00194694,0.00194798,14,0.00194693
armadillo-rollers,tight,cell2dmin,214vf,vf,17463,1.23929,0.684011,0.523761,0.850279,0,0,17456,0,2.24716,7,0,0,1.05304e-05,2.28321e-06,0,6.14693e-07,0.00241947,0.00242009,7,0.00241947
armadillo-rollers,tight,cell2dmin,218ee,ee,57259,1.2815,0.444435,1.31011,14.2829,0,0,57141,0,2.92839,117,0,0,0.00155511,3.31359e-06,0,1.1063e-06,0.000526504,0.000527611,118,0.000527382
armadillo-rollers,tight,cell2dmin,221ee,ee,58422,1.28924,0.511409,0.74145,11.8196,0,0,58328,0,3.57372,94,0,0,0.00113087,5.02115e-06,0,1.9317e-06,0.000574369,0.000576301,94,0.000574112
armadillo-rollers,tight,cell2dmin,225ee,ee,69534,1.36582,0.459155,1.56219,5.34506,0,0,69493,0,2.31491,41,0,0,0.000103531,4.15884e-06,0,1.57507e-06,0.000816917,0.000818492,41,0.000816822
armadillo-rollers,tight,cell2dmin,229ee,ee,303368,1.21622,1.06733,2.14451,36.7471,0,0,299350,0,26.5162,4015,0,0,0.00367297,3.52246e-07,0,1.00792e-07,2.86231e-05,2.87239e-05,4018,2.86102e-05
armadillo-rollers,tight,cell2dmin,232ee,ee,74356,1.21926,0.470002,0.544752,0.899077,0,0,74343,0,0.824104,13,0,0,5.49337e-05,2.20089e-06,0,1.36396e-06,0.0029504,0.00295176,13,0.00295019
armadillo-rollers,tight,cell2dmin,235vf,vf,25746,1.35321,0.758218,0.872678,1.35391,0,0,25740,0,1.46345,6,0,0,1.99529e-05,9.58202e-06,0,9.58202e-06,0.077322,0.0773316,6,0.077322
armadillo-rollers,tight,cell2dmin,239vf,vf,35150,1.31187,0.851879,0.502353,0.604879,0,0,35146,0,1.0304,4,0,0,2.00943e-05,3.87576e-06,0,4.04728e-06,0.228525,0.228529,4,0.228525
armadillo-rollers,tight,cell2dmin,242vf,vf,50658,1.27801,1.34889,0.329814,0.780777,0,0,50648,0,1.39442,10,0,0,4.47485e-06,5.23562e-07,0,2.45069e-07,0.013407,0.0134073,10,0.013407
armadillo-rollers,tight,cell2dmin,246vf,vf,34492,1.32242,0.753481,0.484146,0.655468,0,0,34485,0,1.36684,7,0,0,2.97204e-05,2.25818e-06,0,1.39491e-05,0.0296775,0.0296915,7,0.0296783
armadillo-rollers,tight,cell2dmin,24vf,vf,51354,1.26655,0.695148,0.564783,1.97869,0,0,51336,0,1.14429,18,0,0,2.31918e-05,2.65447e-06,0,9.41554e-06,0.0533652,0.0533746,18,0.0533628
armadillo-rollers,tight,cell2dmin,253vf,vf,35573,1.27593,0.873607,0.4317,4.05802,0,0,35546,0,2.38761,27,0,0,0.000286837,6.47282e-06,0,1.35935e-07,0.00767663,0.00767676,27,0.0076766
armadillo-rollers,tight,cell2dmin,257ee,ee,116712,1.30335,0.504433,0.917701,27.5325,0,0,116593,0,5.93717,119,0,0,0.000626831,1.38228e-05,0,1.51584e-06,0.00168127,0.00168279,119,0.00168133
armadillo-rollers,tight,cell2dmin,260ee,ee,118287,1.40937,0.487473,1.26243,6.85192,0,0,118237,0,3.6749,50,0,0,0.000846526,5.22592e-06,0,3.49612e-06,0.00157152,0.00157501,50,0.00157356
armadillo-rollers,tight,cell2dmin,264ee,ee,130094,1.39356,0.565199,1.04592,26.2408,0,0,129930,0,6.50272,164,0,0,0.000662816,9.26199e-06,0,2.55371e-06,0.00103363,0.00103619,164,0.00103378
armadillo-rollers,tight,cell2dmin,268ee,ee,130104,1.40585,0.528817,1.05171,28.0275,0,0,129968,0,4.86715,135,0,0,0.00192053,1.08612e-05,0,2.31822e-06,0.000799906,0.000802224,136,0.00080061
armadillo-rollers,tight,cell2dmin,271ee,ee,131744,1.39637,0.565647,0.960579,24.9901,0,0,131671,0,5.60147,72,0,0,0.00222042,5.55073e-05,0,6.18771e-06,0.00370749,0.00371368,73,0.00370789
armadillo-rollers,tight,cell2dmin,274vf,vf,42186,1.49365,0.897637,0.769193,28.5115,0,0,42114,0,8.62621,70,0,0,0.00086114,6.84459e-05,0,2.58295e-06,0.00634618,0.00634876,72,0.0063467
armadillo-rollers,tight,cell2dmin,278vf,vf,49349,1.40642,0.874502,0.620141,21.1617,0,0,49273,0,6.09959,75,0,0,0.00733316,1.34475e-05,0,2.63551e-06,0.0115825,0.0115851,76,0.0115829
armadillo-rollers,tight,cell2dmin,281vf,vf,62328,1.28463,0.998851,1.34742,41.9685,0,0,61881,0,21.4937,444,0,0,0.00169614,1.29778e-05,0,5.12074e-06,0.00212075,0.00212587,447,0.00212097
armadillo-rollers,tight,cell2dmin,285vf,vf,54416,1.30559,0.919109,1.02675,32.7731,0,0,54302,0,8.89855,112,0,0,0.000654468,2.72935e-05,0,1.15938e-05,0.0070589,0.00707049,114,0.00706005
armadillo-rollers,tight,cell2dmin,289vf,vf,56855,1.47512,0.837543,1.50815,28.4892,0,0,56757,0,6.8484,98,0,0,0.00179746,1.98183e-05,0,9.02382e-07,0.00656674,0.00656764,98,0.00656652
armadillo-rollers,tight,cell2dmin,292ee,ee,175809,1.31929,0.632173,1.25715,35.2538,0,0,175708,0,9.8007,99,0,0,0.00133702,1.41111e-05,0,8.00505e-07,0.00252458,0.00252538,101,0.00252485
armadillo-rollers,tight,cell2dmin,296ee,ee,175448,1.29942,0.525584,2.37356,46.6141,0,0,175277,0,18.8137,169,0,0,0.012878,5.97218e-06,0,3.89119e-07,0.000520462,0.000520851,171,0.000519753
armadillo-rollers,tight,cell2dmin,29ee,ee,257518,1.35404,0.443795,0.997155,2.48329,1,0,257507,0,1.92007,8,0,0,5.63906e-05,2.17776e-05,0,7.82607e-06,0.018604,0.0186118,11,0.0186033
armadillo-rollers,tight,cell2dmin,303ee,ee,167165,1.37372,0.508592,1.55218,28.7575,0,0,167027,0,5.04942,136,0,0,0.00388137,5.05125e-06,0,1.38747e-06,0.00062712,0.000628508,138,0.000627518
armadillo-rollers,tight,cell2dmin,307ee,ee,168325,1.42444,0.506832,1.26825,52.2257,0,0,168145,0,5.97432,178,0,0,0.00202337,2.57083e-05,0,1.15051e-06,0.00228458,0.00228573,180,0.00228405
armadillo-rollers,tight,cell2dmin,30vf,vf,132560,1.28623,1.17856,0.560911,15.2992,0,0,132469,0,7.20142,90,0,0,0.000189309,8.17785e-07,0,3.29988e-07,0.000885119,0.000885449,91,0.000885129
armadillo-rollers,tight,cell2dmin,313vf,vf,57734,1.27769,0.951236,1.3383,31.5306,0,0,57491,0,5.09406,240,0,0,0.000914397,2.40586e-05,0,1.44352e-05,0.00500668,0.00502111,243,0.00500679
armadillo-rollers,tight,cell2dmin,317vf,vf,77826,1.35314,1.34994,1.22246,35.6334,0,0,77445,0,6.26865,376,0,0,0.00160166,8.15464e-06,0,1.5084e-07,0.000854449,0.0008546,381,0.000854492
armadillo-rollers,tight,cell2dmin,320vf,vf,205206,1.29555,1.28505,1.05142,21.5782,0,0,204474,0,5.47968,728,0,0,0.00156726,6.37497e-06,0,5.48392e-07,0.000239635,0.000240184,732,0.000239491
armadillo-rollers,tight,cell2dmin,324vf,vf,181994,1.26777,4.20781,0.939172,16.2014,0,0,181495,0,5.22679,498,0,0,0.00034952,2.01915e-06,0,3.056e-07,0.00165965,0.00165995,499,0.00165963
armadillo-rollers,tight,cell2dmin,328vf,vf,275197,1.3071,4.99713,0.950756,9.94703,0,0,275046,0,2.08083,151,0,0,2.39899e-05,5.11374e-07,0,7.90762e-08,0.00330896,0.00330904,151,0.00330889
armadillo-rollers,tight,cell2dmin,331ee,ee,316965,1.53128,1.04323,1.36175,13.0639,0,0,316884,0,3.39219,81,0,0,8.53844e-05,5.37763e-06,0,1.49976e-06,0.0186112,0.0186127,81,0.0186119
armadillo-rollers,tight,cell2dmin,335ee,ee,69302,1.17296,0.434291,1.37874,33.2329,0,0,69090,0,3.53126,210,0,0,5.75602e-05,3.97559e-06,0,1.63026e-06,0.00644512,0.00644675,212,0.00644493
armadillo-rollers,tight,cell2dmin,339ee,ee,103160,1.28681,0.455155,0.644716,15.8482,0,0,103040,0,4.95505,120,0,0,7.03927e-05,2.59912e-06,0,2.16348e-06,0.0241359,0.0241381,120,0.0241356
armadillo-rollers,tight,cell2dmin,342ee,ee,82085,1.27295,0.462067,1.16844,31.0068,0,0,81623,0,5.45789,462,0,0,2.82453e-05,2.49657e-06,0,5.14839e-07,0.00203435,0.00203487,462,0.00203466
armadillo-rollers,tight,cell2dmin,346ee,ee,57426,1.34486,0.413875,0.851783,12.3593,0,0,57330,0,1.66248,96,0,0,0.00012026,2.53543e-06,0,2.88511e-07,0.00321903,0.00321932,96,0.00321865
armadillo-rollers,tight,cell2dmin,349vf,vf,14534,1.23795,0.700939,0.518769,3.66552,0,0,14520,0,1.49615,14,0,0,3.24729e-05,1.17943e-05,0,1.59288e-06,0.0074091,0.00741069,14,0.0074091
armadillo-rollers,tight,cell2dmin,352vf,vf,12619,1.21459,0.591151,0.512145,3.04013,0,0,12600,0,1.15468,19,0,0,8.09834e-05,1.45245e-05,0,6.03172e-06,0.048074,0.04808,19,0.0480733
armadillo-rollers,tight,cell2dmin,356vf,vf,14706,1.19248,0.608654,0.204122,5.22301,0,0,14656,0,0.99485,50,0,0,3.26195e-05,3.0384e-06,0,1.47493e-06,0.0249041,0.0249055,50,0.0249038
armadillo-rollers,tight,cell2dmin,35vf,vf,216958,1.15001,2.10551,0.706924,1.06426,0,0,216931,0,0.874823,27,0,0,1.9609e-06,3.75639e-07,0,3.85487e-07,0.00599041,0.00599079,27,0.00599051
armadillo-rollers,tight,cell2dmin,363vf,vf,106090,1.40924,2.76193,0.813896,0.931844,0,0,106074,0,0.805448,16,0,0,1.06332e-05,7.02483e-07,0,7.53228e-08,0.00788704,0.00788712,16,0.00788701
armadillo-rollers,tight,cell2dmin,367ee,ee,218489,1.42335,0.489073,0.909605,8.82655,0,0,218361,0,2.1959,128,0,0,0.000126601,6.2214e-07,0,7.70213e-07,0.00937915,0.00937992,128,0.00937843
armadillo-rollers,tight,cell2dmin,370ee,ee,123009,1.27465,0.514417,0.598542,4.22794,0,0,122947,0,1.70702,62,0,0,1.33985e-05,1.41297e-06,0,1.44453e-06,0.00219979,0.00220123,62,0.0022006
armadillo-rollers,tight,cell2dmin,374ee,ee,42205,5.38998,0.525744,0.397588,3.48146,0,0,42164,0,1.80808,41,0,0,0.000283211,1.52927e-06,0,1.20071e-07,0.00125811,0.00125823,41,0.0012579
armadillo-rollers,tight,cell2dmin,378ee,ee,48991,2.28092,0.532176,0.512753,2.21299,0,0,48947,0,2.03447,44,0,0,4.75756e-05,6.08649e-07,0,7.05467e-07,0.00481136,0.00481207,44,0.00481129
armadillo-rollers,tight,cell2dmin,381ee,ee,47719,2.25475,0.530608,0.919365,5.06974,0,0,47601,0,2.91166,118,0,0,2.37909e-05,4.96665e-07,0,1.31262e-07,0.000941653,0.000941785,118,0.000941753
armadillo-rollers,tight,cell2dmin,384vf,vf,13419,2.31324,0.913381,0.276952,0.485777,0,0,13415,0,1.12358,4,0,0,5.99359e-05,5.70009e-07,0,5.70009e-07,0.00623798,0.00623855,4,0.00623798
armadillo-rollers,tight,cell2dmin,388vf,vf,17036,2.53621,0.903717,0.50117,4.85048,0,0,17019,0,2.61666,16,0,0,0.000259075,1.94418e-06,0,8.62124e-07,0.0158499,0.0158507,17,0.0158501
armadillo-rollers,tight,cell2dmin,391vf,vf,17561,2.38444,0.985283,0.736074,4.06766,0,0,17524,0,2.79339,37,0,0,0.000119545,1.17896e-06,0,4.70482e-07,0.00730396,0.00730443,37,0.00730371
armadillo-rollers,tight,cell2dmin,395vf,vf,22790,2.40489,0.988483,0.562799,2.43359,0,0,22764,0,1.40297,26,0,0,0.000105411,3.05279e-06,0,5.64102e-07,0.00658739,0.00658795,26,0.00658751
armadillo-rollers,tight,cell2dmin,399vf,vf,28190,2.59154,1.02906,0.319031,6.8893,0,0,28110,0,3.76926,80,0,0,0.000128987,1.51709e-06,0,4.6604e-07,0.00895093,0.0089514,80,0.00895119
armadillo-rollers,tight,cell2dmin,42ee,ee,335997,2.24489,0.921317,1.28812,0.929636,0,0,335985,0,1.76347,12,0,0,7.2785e-06,1.15468e-06,0,1.03399e-06,0.00885672,0.00885775,12,0.00885677
armadillo-rollers,tight,cell2dmin,45vf,vf,220522,2.2798,3.9124,0.828999,1.64558,0,0,220513,0,1.10858,9,0,0,2.98217e-05,5.24933e-06,0,1.28636e-05,0.044588,0.0446009,9,0.044589
armadillo-rollers,tight,cell2dmin,49vf,vf,60782,2.76696,4.62655,0.622702,2.81569,1,0,60774,0,2.57618,7,0,0,0.000197534,2.36674e-05,0,2.42364e-06,0.00484111,0.00484354,8,0.0048399
armadillo-rollers,tight,cell2dmin,53ee,ee,78081,2.64232,0.576687,0.878694,1.71006,0,0,78065,0,1.63717,16,0,0,2.81136e-05,1.05962e-06,0,2.23548e-06,0.00314811,0.00315035,16,0.00314903
armadillo-rollers,tight,cell2dmin,57ee,ee,127303,2.49695,0.710347,0.620717,2.30854,0,0,127275,0,1.57867,27,0,0,1.69745e-05,3.28104e-06,0,4.48052e-06,0.00984097,0.00984545,28,0.00984097
armadillo-rollers,tight,cell2dmin,60ee,ee,154944,2.44908,0.703627,0.777097,2.8028,0,0,154914,0,1.76456,30,0,0,2.06404e-05,1.65851e-06,0,1.90365e-06,0.0183589,0.0183608,30,0.0183592
armadillo-rollers,tight,cell2dmin,63vf,vf,42577,2.50063,1.74113,0.291512,4.14205,0,0,42500,0,1.37766,75,0,0,1.45625e-05,1.06836e-06,0,4.56391e-07,0.00477099,0.00477144,77,0.00477076
armadillo-rollers,tight,cell2dmin,67vf,vf,19961,2.64239,0.573327,0.872038,2.58658,0,0,19926,0,1.41317,33,0,0,5.25252e-05,1.20202e-06,0,6.97986e-07,0.00504103,0.00504172,35,0.00504017
armadillo-rollers,tight,cell2dmin,70vf,vf,26179,2.52018,1.06832,0.87175,5.43677,0,0,26112,0,1.89524,65,0,0,2.64281e-05,1.36578e-06,0,3.18086e-07,0.00320419,0.00320451,67,0.00320435
armadillo-rollers,tight,cell2dmin,74vf,vf,16046,2.55266,0.7842,0.474482,2.15293,1,0,16027,0,1.45209,14,0,0,6.29761e-05,5.57887e-06,0,0.0145067,0,0.0145067,19,0
armadillo-rollers,tight,cell2dmin,78vf,vf,27297,2.52901,0.875974,0.378037,0.661772,1,0,27292,0,0.845191,4,0,0,1.73305e-05,2.36941e-06,0,0.010025,0,0.010025,5,0
armadillo-rollers,tight,cell2dmin,81ee,ee,134694,2.56773,0.709035,0.96826,1.8283,0,0,134678,0,1.94369,16,0,0,7.47494e-05,1.48671e-06,0,3.51575e-06,0.0452314,0.0452349,16,0.0452318
armadillo-rollers,tight,cell2dmin,85ee,ee,195005,2.45433,0.720555,0.851686,2.98916,0,0,194969,0,2.27792,36,0,0,3.71529e-05,1.88432e-06,0,1.17138e-06,0.0012961,0.00129727,36,0.00129652
armadillo-rollers,tight,cell2dmin,89ee,ee,236507,2.42153,0.846311,1.01373,6.20356,0,0,236453,0,3.01997,54,0,0,0.00022224,4.40194e-06,0,5.67508e-06,0.0019207,0.00192638,54,0.0019207
armadillo-rollers,tight,cell2dmin,93ee,ee,220161,2.37363,0.831335,0.974275,9.96374,0,0,220122,0,2.85313,39,0,0,0.000409077,9.12297e-06,0,5.9055e-07,0.00272564,0.00272623,39,0.0027256
armadillo-rollers,tight,cell2dmin,97ee,ee,207900,2.36207,0.80836,0.897382,12.0274,0,0,207822,0,3.88984,77,0,0,0.000235339,2.68574e-06,0,1.0686e-06,0.000444233,0.000445302,78,0.000444412
armadillo-rollers,tight,cell2dminsort,100ee,ee,225252,0.950023,0.749356,0.897224,6.28172,0,0,225187,0,6.15686,65,0,0,0.000110117,1.15441e-06,0,3.94811e-07,0.00103061,0.001031,65,0.00102997
armadillo-rollers,tight,cell2dminsort,103vf,vf,75907,0.893992,1.33667,0.829451,0.706701,0,0,75903,0,0.978118,4,0,0,0.000140772,6.61985e-05,0,1.86099e-06,0.218369,0.218371,4,0.218369
armadillo-rollers,tight,cell2dminsort,107vf,vf,101595,1.75317,1.01396,0.452372,13.0181,0,0,101062,0,5.0567,530,0,0,6.16231e-05,5.61617e-07,0,6.32657e-08,0.00129995,0.00130001,533,0.00129986
armadillo-rollers,tight,cell2dminsort,111ee,ee,94831,1.2208,0.463412,0.522418,1.77083,0,0,94811,0,0.903176,20,0,0,3.09636e-05,1.21061e-06,0,1.75781e-07,0.0142322,0.0142323,20,0.0142322
armadillo-rollers,tight,cell2dminsort,115vf,vf,18978,1.37104,0.742509,0.257849,0.361847,0,0,18975,0,0.512274,3,0,0,1.38831e-05,1.82316e-06,0,1.72102e-06,0.00871944,0.00872117,3,0.00871944
armadillo-rollers,tight,cell2dminsort,119vf,vf,33604,1.19661,0.720493,0.342871,0.462868,0,0,33600,0,1.02301,4,0,0,9.31144e-06,4.63769e-06,0,5.12233e-06,0.00976991,0.00977503,4,0.00977039
armadillo-rollers,tight,cell2dminsort,122ee,ee,137371,1.4749,0.4437,0.720749,1.60194,0,0,137355,0,1.77467,16,0,0,4.35727e-05,3.86259e-06,0,9.13019e-06,0.0228652,0.0228743,16,0.0228672
armadillo-rollers,tight,cell2dminsort,126vf,vf,49095,1.44684,1.30816,1.47974,1.15392,0,0,49094,0,1.44902,1,0,0,9.47518e-05,9.47518e-05,0,9.47518e-05,0.37149,0.371585,1,0.37149
armadillo-rollers,tight,cell2dminsort,12vf,vf,107536,1.48204,0.973542,1.09053,5.16908,0,0,107500,0,1.19926,34,0,0,0.000335727,6.61307e-06,0,2.61327e-07,0.0003016,0.000301861,36,0.0003016
armadillo-rollers,tight,cell2dminsort,134ee,ee,67235,1.42486,0.496083,0.579281,2.40035,0,0,67213,0,1.09111,22,0,0,0.000141787,3.56355e-06,0,1.2684e-06,0.0185487,0.01855,22,0.018549
armadillo-rollers,tight,cell2dminsort,138ee,ee,103311,1.45071,0.403637,0.716046,16.8169,0,0,101881,0,6.19257,1430,0,0,1.83929e-05,4.54495e-07,0,2.26963e-07,0.000391371,0.000391598,1430,0.000391245
armadillo-rollers,tight,cell2dminsort,140vf,vf,18676,1.3551,0.974151,0.885576,0.07411,0,0,18675,0,0.730957,0,0,0,0,0,0,0,1,1,1,1
armadillo-rollers,tight,cell2dminsort,145vf,vf,14520,1.46809,0.912232,0.462612,1.44163,0,0,14504,0,1.06132,15,0,0,2.53054e-05,2.25757e-06,0,1.30813e-06,0.00845556,0.00845687,16,0.00845528
armadillo-rollers,tight,cell2dminsort,149vf,vf,17621,1.37894,0.897544,0.669262,1.41897,0,0,17608,0,0.705582,12,0,0,3.08669e-05,1.7316e-06,0,3.72313e-07,0.0899653,0.0899657,13,0.0899653
armadillo-rollers,tight,cell2dminsort,153ee,ee,54774,1.43631,0.405366,0.452532,7.05917,0,0,54738,0,2.79993,36,0,0,0.000761246,1.07022e-05,0,5.754e-06,0.0113503,0.0113561,36,0.0113468
armadillo-rollers,tight,cell2dminsort,157ee,ee,51080,1.55238,0.391798,0.412469,2.58476,0,0,51050,0,0.925224,30,0,0,9.38738e-05,2.3749e-06,0,7.12436e-06,0.015769,0.0157761,30,0.0157661
armadillo-rollers,tight,cell2dminsort,15vf,vf,81346,1.60031,0.876233,0.877449,5.89463,0,0,81308,0,1.19491,38,0,0,9.49289e-05,5.59616e-06,0,5.69055e-06,0.00614994,0.00615563,38,0.00615025
armadillo-rollers,tight,cell2dminsort,164ee,ee,52133,1.37769,0.40511,0.38719,0.621488,0,0,52123,0,0.817194,10,0,0,0.000105438,1.07768e-06,0,5.14692e-07,0.0559935,0.055994,10,0.0559936
armadillo-rollers,tight,cell2dminsort,168ee,ee,43829,1.49055,0.423573,0.665231,2.61196,0,0,43809,0,1.12951,20,0,0,0.000502079,6.54852e-06,0,4.49109e-06,0.0161053,0.0161098,20,0.0161037
armadillo-rollers,tight,cell2dminsort,171ee,ee,51464,1.47318,0.405174,1.04653,5.82644,0,0,51437,0,2.71519,26,0,0,0.000556547,2.4388e-06,0,3.85467e-07,0.00859983,0.00860021,27,0.00859976
armadillo-rollers,tight,cell2dminsort,175ee,ee,51829,1.52143,0.39103,0.609392,2.06481,0,0,51821,0,1.81512,8,0,0,0.00104547,5.05564e-05,0,1.21445e-05,0.022461,0.0224731,8,0.0224609
armadillo-rollers,tight,cell2dminsort,179vf,vf,15919,1.34313,0.946919,0.525139,0.303576,0,0,15915,0,0.933895,4,0,0,7.83533e-06,6.94747e-06,0,4.26737e-07,0.0502246,0.0502251,4,0.0502243
armadillo-rollers,tight,cell2dminsort,182ee,ee,52057,1.49378,0.413589,1.37542,5.713,0,0,52022,0,1.48809,34,0,0,0.000302017,3.22832e-06,0,1.73358e-06,0.00282764,0.00282938,35,0.00282764
armadillo-rollers,tight,cell2dminsort,186ee,ee,86111,1.38777,0.448372,0.582929,6.367,0,0,86023,0,1.78098,88,0,0,0.00032175,4.68735e-07,0,9.62108e-07,0.00233628,0.00233725,88,0.00233662
armadillo-rollers,tight,cell2dminsort,18ee,ee,157963,1.49778,0.458676,0.707149,4.0958,0,0,157927,0,2.61343,36,0,0,0.000167007,1.93567e-06,0,3.66436e-06,0.00612601,0.00612967,36,0.00612688
armadillo-rollers,tight,cell2dminsort,193ee,ee,60618,1.37878,0.415317,0.580881,5.00393,0,0,60575,0,2.39159,43,0,0,8.33211e-05,4.1757e-06,0,1.51906e-06,0.00437323,0.00437475,43,0.00437355
armadillo-rollers,tight,cell2dminsort,197ee,ee,48550,1.39132,0.466356,0.844106,3.90159,0,0,48523,0,2.02929,27,0,0,0.000135443,1.98502e-06,0,8.05495e-07,0.00141035,0.00141115,27,0.00141048
armadillo-rollers,tight,cell2dminsort,19vf,vf,50546,1.48655,0.68363,0.484883,0.705294,0,0,50540,0,0.956295,6,0,0,6.04696e-06,2.3169e-06,0,1.21599e-06,0.267324,0.267325,6,0.267323
armadillo-rollers,tight,cell2dminsort,203vf,vf,18050,1.31225,0.800075,0.679214,0.333431,0,0,18046,0,1.87665,4,0,0,1.40649e-05,3.74728e-06,0,1.59071e-06,0.0206541,0.0206557,4,0.0206542
armadillo-rollers,tight,cell2dminsort,207vf,vf,15228,1.28976,0.84881,0.653263,0.280697,0,0,15224,0,1.30809,4,0,0,3.25912e-05,4.2952e-06,0,3.36693e-06,0.0458746,0.045878,4,0.0458746
armadillo-rollers,tight,cell2dminsort,210vf,vf,14783,1.27094,0.944263,3.1163,3.06046,0,0,14769,0,3.13585,14,0,0,0.000164511,2.25646e-06,0,1.04217e-06,0.00194694,0.00194798,14,0.00194693
armadillo-rollers,tight,cell2dminsort,214vf,vf,17463,1.23318,0.848554,0.648591,0.914184,0,0,17456,0,2.27456,7,0,0,1.05304e-05,2.28321e-06,0,6.14693e-07,0.00241947,0.00242009,7,0.00241947
armadillo-rollers,tight,cell2dminsort,218ee,ee,57259,1.34701,0.420981,1.36131,14.548,0,0,57141,0,2.96834,117,0,0,0.00155511,3.31359e-06,0,1.2258e-06,0.000526385,0.000527611,118,0.000527382
armadillo-rollers,tight,cell2dminsort,221ee,ee,58422,1.45961,0.420693,0.615952,11.924,0,0,58328,0,3.30875,94,0,0,0.00113087,5.02115e-06,0,1.71831e-06,0.000574583,0.000576301,94,0.000574112
armadillo-rollers,tight,cell2dminsort,225ee,ee,69534,1.35718,0.440724,0.769964,5.49438,0,0,69493,0,2.28672,41,0,0,0.000103531,4.15884e-06,0,1.49109e-06,0.000817001,0.000818492,41,0.000816822
armadillo-rollers,tight,cell2dminsort,229ee,ee,303368,2.10599,0.855498,1.45417,37.1725,0,0,299350,0,29.6712,4015,0,0,0.00367297,3.52246e-07,0,7.60831e-08,2.86478e-05,2.87239e-05,4018,2.86102e-05
armadillo-rollers,tight,cell2dminsort,232ee,ee,74356,1.26304,0.480147,0.549362,0.96327,0,0,74343,0,0.854121,13,0,0,5.49337e-05,2.20089e-06,0,1.36396e-06,0.0029504,0.00295176,13,0.00295019
armadillo-rollers,tight,cell2dminsort,235vf,vf,25746,1.38278,0.942696,0.99447,1.36857,0,0,25740,0,1.50409,6,0,0,1.99529e-05,9.58202e-06,0,9.58202e-06,0.077322,0.0773316,6,0.077322
armadillo-rollers,tight,cell2dminsort,239vf,vf,35150,1.33424,1.13172,0.532626,0.651246,0,0,35146,0,1.05997,4,0,0,2.00943e-05,3.87576e-06,0,4.04728e-06,0.228525,0.228529,4,0.228525
armadillo-rollers,tight,cell2dminsort,242vf,vf,50658,1.3279,1.44214,0.334616,0.801259,0,0,50648,0,1.33257,10,0,0,4.47485e-06,5.23562e-07,0,2.45069e-07,0.013407,0.0134073,10,0.013407
armadillo-rollers,tight,cell2dminsort,246vf,vf,34492,1.3032,0.944583,0.562993,0.628592,0,0,34485,0,1.47574,7,0,0,2.97204e-05,2.25818e-06,0,1.39491e-05,0.0296775,0.0296915,7,0.0296783
armadillo-rollers,tight,cell2dminsort,24vf,vf,51354,1.33827,0.737292,0.599633,1.98059,0,0,51336,0,1.13875,18,0,0,2.31918e-05,2.65447e-06,0,9.41554e-06,0.0533652,0.0533746,18,0.0533628
armadillo-rollers,tight,cell2dminsort,253vf,vf,35573,1.75122,1.14061,0.538898,4.12959,0,0,35546,0,2.45923,27,0,0,0.000286837,6.47282e-06,0,1.35935e-07,0.00767663,0.00767676,27,0.0076766
armadillo-rollers,tight,cell2dminsort,257ee,ee,116712,1.44659,0.48466,0.928743,27.8391,0,0,116593,0,4.37819,119,0,0,0.000626831,1.38228e-05,0,1.51584e-06,0.00168127,0.00168279,119,0.00168133
armadillo-rollers,tight,cell2dminsort,260ee,ee,118287,1.4783,0.462324,1.35529,6.51458,0,0,118237,0,3.75788,50,0,0,0.000846526,5.22592e-06,0,3.49612e-06,0.00157152,0.00157501,50,0.00157356
armadillo-rollers,tight,cell2dminsort,264ee,ee,130094,1.44662,0.483859,1.05143,26.425,0,0,129930,0,7.48928,164,0,0,0.000662816,9.26199e-06,0,1.21921e-06,0.00103497,0.00103619,164,0.00103378
armadillo-rollers,tight,cell2dminsort,268ee,ee,130104,1.4934,0.496403,1.4488,28.5626,0,0,129968,0,4.25038,135,0,0,0.00192053,1.08612e-05,0,1.5229e-06,0.000800702,0.000802224,136,0.00080061
armadillo-rollers,tight,cell2dminsort,271ee,ee,131744,1.5206,0.559985,1.00961,25.4269,0,0,131671,0,5.49726,72,0,0,0.00222042,5.55073e-05,0,6.14948e-06,0.00370753,0.00371368,73,0.00370789
armadillo-rollers,tight,cell2dminsort,274vf,vf,42186,1.47874,1.05853,0.907368,28.7613,0,0,42114,0,8.69734,70,0,0,0.00086114,6.84459e-05,0,2.58295e-06,0.00634618,0.00634876,72,0.0063467
armadillo-rollers,tight,cell2dminsort,278vf,vf,49349,1.52687,1.089,0.678094,21.5077,0,0,49273,0,6.27465,75,0,0,0.00733316,1.34475e-05,0,2.63551e-06,0.0115825,0.0115851,76,0.0115829
armadillo-rollers,tight,cell2dminsort,281vf,vf,62328,1.53542,1.2065,1.5039,42.3775,0,0,61881,0,21.9626,444,0,0,0.00169614,1.29778e-05,0,5.12074e-06,0.00212075,0.00212587,447,0.00212097
armadillo-rollers,tight,cell2dminsort,285vf,vf,54416,1.54546,1.12935,1.07044,33.299,0,0,54302,0,9.00392,112,0,0,0.000654468,2.72935e-05,0,1.15938e-05,0.0070589,0.00707049,114,0.00706005
armadillo-rollers,tight,cell2dminsort,289vf,vf,56855,1.5487,1.03853,1.58399,29.0901,0,0,56757,0,6.95425,98,0,0,0.00179746,1.98183e-05,0,9.02382e-07,0.00656674,0.00656764,98,0.00656652
armadillo-rollers,tight,cell2dminsort,292ee,ee,175809,1.55196,0.558641,1.89227,35.9786,0,0,175708,0,9.57009,99,0,0,0.00133702,1.41111e-05,0,1.17513e-06,0.0025242,0.00252538,101,0.00252485
armadillo-rollers,tight,cell2dminsort,296ee,ee,175448,1.58684,0.500595,3.83641,47.2182,0,0,175277,0,17.7358,169,0,0,0.012878,5.97218e-06,0,3.89119e-07,0.000520462,0.000520851,171,0.000519753
armadillo-rollers,tight,cell2dminsort,29ee,ee,257518,1.46031,0.484531,1.00036,2.49206,1,0,257507,0,1.75797,8,0,0,5.63906e-05,2.17776e-05,0,7.82607e-06,0.018604,0.0186118,11,0.0186033
armadillo-rollers,tight,cell2dminsort,303ee,ee,167165,1.41807,0.495923,1.55516,29.4638,0,0,167027,0,5.6762,136,0,0,0.00388137,5.05125e-06,0,1.38747e-06,0.00062712,0.000628508,138,0.000627518
armadillo-rollers,tight,cell2dminsort,307ee,ee,168325,1.42982,0.504851,2.48925,52.9974,0,0,168145,0,5.78094,178,0,0,0.00202337,2.57083e-05,0,9.42487e-07,0.00228479,0.00228573,180,0.00228405
armadillo-rollers,tight,cell2dminsort,30vf,vf,132560,2.15614,1.17482,0.547026,15.5739,0,0,132469,0,7.33981,90,0,0,0.000189309,8.17785e-07,0,3.29988e-07,0.000885119,0.000885449,91,0.000885129
armadillo-rollers,tight,cell2dminsort,313vf,vf,57734,1.511,0.967078,1.35811,31.9807,0,0,57491,0,5.16393,240,0,0,0.000914397,2.40586e-05,0,1.44352e-05,0.00500668,0.00502111,243,0.00500679
armadillo-rollers,tight,cell2dminsort,317vf,vf,77826,1.55225,1.37049,1.26685,36.0036,0,0,77445,0,6.3095,376,0,0,0.00160166,8.15464e-06,0,7.97495e-08,0.00085452,0.0008546,381,0.000854492
armadillo-rollers,tight,cell2dminsort,320vf,vf,205206,2.31072,1.16714,0.983239,21.8848,0,0,204474,0,5.62366,728,0,0,0.00156726,6.37497e-06,0,5.48392e-07,0.000239635,0.000240184,732,0.000239491
armadillo-rollers,tight,cell2dminsort,324vf,vf,181994,2.1769,4.30363,1.03978,16.5678,0,0,181495,0,5.26642,498,0,0,0.00034952,2.01915e-06,0,3.056e-07,0.00165965,0.00165995,499,0.00165963
armadillo-rollers,tight,cell2dminsort,328vf,vf,275197,2.16353,5.13455,0.975751,10.1096,0,0,275046,0,2.12996,151,0,0,2.39899e-05,5.11374e-07,0,7.90762e-08,0.00330896,0.00330904,151,0.00330889
armadillo-rollers,tight,cell2dminsort,331ee,ee,316965,1.55826,1.15536,1.41884,13.2474,0,0,316884,0,3.6569,81,0,0,8.53844e-05,5.37763e-06,0,1.49976e-06,0.0186112,0.0186127,81,0.0186119
armadillo-rollers,tight,cell2dminsort,335ee,ee,69302,1.25321,0.440372,1.27014,33.6863,0,0,69090,0,3.9015,210,0,0,5.75602e-05,3.97559e-06,0,1.96371e-06,0.00644478,0.00644675,212,0.00644493
armadillo-rollers,tight,cell2dminsort,339ee,ee,103160,1.37686,0.454485,0.627311,16.0956,0,0,103040,0,4.93053,120,0,0,7.03927e-05,2.59912e-06,0,2.16348e-06,0.0241359,0.0241381,120,0.0241356
armadillo-rollers,tight,cell2dminsort,342ee,ee,82085,1.4671,0.477171,0.991782,31.3557,0,0,81623,0,5.54258,462,0,0,2.82453e-05,2.49657e-06,0,5.92663e-07,0.00203427,0.00203487,462,0.00203466
armadillo-rollers,tight,cell2dminsort,346ee,ee,57426,1.3328,0.433108,0.853962,12.5767,0,0,57330,0,1.72178,96,0,0,0.00012026,2.53543e-06,0,2.88511e-07,0.00321903,0.00321932,96,0.00321865
armadillo-rollers,tight,cell2dminsort,349vf,vf,14534,1.32499,0.793931,0.577425,3.72637,0,0,14520,0,1.49564,14,0,0,3.24729e-05,1.17943e-05,0,1.59288e-06,0.0074091,0.00741069,14,0.0074091
armadillo-rollers,tight,cell2dminsort,352vf,vf,12619,1.22589,0.76366,0.52757,3.12184,0,0,12600,0,1.17319,19,0,0,8.09834e-05,1.45245e-05,0,6.03172e-06,0.048074,0.04808,19,0.0480733
armadillo-rollers,tight,cell2dminsort,356vf,vf,14706,1.27232,0.83841,0.21113,5.2621,0,0,14656,0,1.02321,50,0,0,3.26195e-05,3.0384e-06,0,1.47493e-06,0.0249041,0.0249055,50,0.0249038
armadillo-rollers,tight,cell2dminsort,35vf,vf,216958,2.21194,2.1265,0.775884,1.08099,0,0,216931,0,0.861769,27,0,0,1.9609e-06,3.75639e-07,0,3.85487e-07,0.00599041,0.00599079,27,0.00599051
armadillo-rollers,tight,cell2dminsort,363vf,vf,106090,1.53398,2.8549,0.813355,0.956423,0,0,106074,0,0.82929,16,0,0,1.06332e-05,7.02483e-07,0,7.53228e-08,0.00788704,0.00788712,16,0.00788701
armadillo-rollers,tight,cell2dminsort,367ee,ee,218489,1.48313,0.489427,0.930056,8.96834,0,0,218361,0,2.23601,128,0,0,0.000126601,6.2214e-07,0,1.01741e-06,0.0093789,0.00937992,128,0.00937843
armadillo-rollers,tight,cell2dminsort,370ee,ee,123009,1.44383,0.478324,0.609136,4.29163,0,0,122947,0,1.68239,62,0,0,1.33985e-05,1.41297e-06,0,1.44453e-06,0.00219979,0.00220123,62,0.0022006
armadillo-rollers,tight,cell2dminsort,374ee,ee,42205,1.25846,0.46162,0.348567,3.341,0,0,42164,0,1.80091,41,0,0,0.000283211,1.52927e-06,0,1.20071e-07,0.00125811,0.00125823,41,0.0012579
armadillo-rollers,tight,cell2dminsort,378ee,ee,48991,1.45151,0.406325,0.444276,2.06228,0,0,48947,0,1.7972,44,0,0,4.75756e-05,6.08649e-07,0,7.05467e-07,0.00481136,0.00481207,44,0.00481129
armadillo-rollers,tight,cell2dminsort,381ee,ee,47719,1.3511,0.415381,0.580849,5.02864,0,0,47601,0,2.51241,118,0,0,2.37909e-05,4.96665e-07,0,3.26236e-08,0.000941752,0.000941785,118,0.000941753
armadillo-rollers,tight,cell2dminsort,384vf,vf,13419,1.40131,0.875913,0.324727,0.362007,0,0,13415,0,0.969127,4,0,0,5.99359e-05,5.70009e-07,0,5.70009e-07,0.00623798,0.00623855,4,0.00623798
armadillo-rollers,tight,cell2dminsort,388vf,vf,17036,1.3774,0.869897,0.512019,4.76304,0,0,17019,0,2.51801,16,0,0,0.000259075,1.94418e-06,0,8.62124e-07,0.0158499,0.0158507,17,0.0158501
armadillo-rollers,tight,cell2dminsort,391vf,vf,17561,1.35612,0.840842,0.587377,3.94758,0,0,17524,0,2.67708,37,0,0,0.000119545,1.17896e-06,0,4.70482e-07,0.00730396,0.00730443,37,0.00730371
armadillo-rollers,tight,cell2dminsort,395vf,vf,22790,1.34662,0.920712,0.471604,2.31594,0,0,22764,0,1.39721,26,0,0,0.000105411,3.05279e-06,0,5.64102e-07,0.00658739,0.00658795,26,0.00658751
armadillo-rollers,tight,cell2dminsort,399vf,vf,28190,1.36364,0.945607,0.337143,6.90126,0,0,28110,0,3.64829,80,0,0,0.000128987,1.51709e-06,0,4.6604e-07,0.00895093,0.0089514,80,0.00895119
armadillo-rollers,tight,cell2dminsort,42ee,ee,335997,2.07851,0.592624,1.31974,0.864265,0,0,335985,0,1.43932,12,0,0,7.2785e-06,1.15468e-06,0,2.55625e-07,0.0088575,0.00885775,12,0.00885677
armadillo-rollers,tight,cell2dminsort,45vf,vf,220522,2.15319,3.6161,0.820938,1.63224,0,0,220513,0,0.756685,9,0,0,2.98217e-05,5.24933e-06,0,1.28636e-05,0.044588,0.0446009,9,0.044589
armadillo-rollers,tight,cell2dminsort,49vf,vf,60782,1.47334,4.3908,0.50357,2.67372,1,0,60774,0,2.45859,7,0,0,0.000197534,2.36674e-05,0,2.42364e-06,0.00484111,0.00484354,8,0.0048399
armadillo-rollers,tight,cell2dminsort,53ee,ee,78081,1.40313,0.419093,0.535794,1.63778,0,0,78065,0,1.51292,16,0,0,2.81136e-05,1.05962e-06,0,1.40938e-06,0.00314894,0.00315035,16,0.00314903
armadillo-rollers,tight,cell2dminsort,57ee,ee,127303,1.45103,0.442484,0.742669,2.15802,0,0,127275,0,1.22675,27,0,0,1.69745e-05,3.28104e-06,0,4.58908e-06,0.00984086,0.00984545,28,0.00984097
armadillo-rollers,tight,cell2dminsort,60ee,ee,154944,2.27082,0.450644,0.742573,2.66671,0,0,154914,0,1.58841,30,0,0,2.06404e-05,1.65851e-06,0,1.68347e-06,0.0183592,0.0183608,30,0.0183592
armadillo-rollers,tight,cell2dminsort,63vf,vf,42577,1.46079,1.50959,0.245082,4.01519,0,0,42500,0,1.27929,75,0,0,1.45625e-05,1.06836e-06,0,4.56391e-07,0.00477099,0.00477144,77,0.00477076
armadillo-rollers,tight,cell2dminsort,67vf,vf,19961,1.42982,0.603376,0.853386,2.49875,0,0,19926,0,1.29277,33,0,0,5.25252e-05,1.20202e-06,0,6.97986e-07,0.00504103,0.00504172,35,0.00504017
armadillo-rollers,tight,cell2dminsort,70vf,vf,26179,1.39075,0.858409,0.795243,5.37208,0,0,26112,0,1.70008,65,0,0,2.64281e-05,1.36578e-06,0,9.29732e-08,0.00320441,0.00320451,67,0.00320435
armadillo-rollers,tight,cell2dminsort,74vf,vf,16046,1.34694,0.61368,0.361974,2.07755,1,0,16027,0,1.3448,14,0,0,6.29761e-05,5.57887e-06,0,0.0145067,0,0.0145067,19,0
armadillo-rollers,tight,cell2dminsort,78vf,vf,27297,1.36307,0.748525,0.298872,0.534066,1,0,27292,0,0.821611,4,0,0,1.73305e-05,2.36941e-06,0,0.010025,0,0.010025,5,0
armadillo-rollers,tight,cell2dminsort,81ee,ee,134694,1.42995,0.470131,0.865066,1.72194,0,0,134678,0,1.92654,16,0,0,7.47494e-05,1.48671e-06,0,3.51575e-06,0.0452314,0.0452349,16,0.0452318
armadillo-rollers,tight,cell2dminsort,85ee,ee,195005,1.4718,0.470548,0.781707,2.8189,0,0,194969,0,1.88011,36,0,0,3.71529e-05,1.88432e-06,0,1.17138e-06,0.0012961,0.00129727,36,0.00129652
armadillo-rollers,tight,cell2dminsort,89ee,ee,236507,1.43366,0.472628,1.01101,6.1073,0,0,236453,0,2.62608,54,0,0,0.00022224,4.40194e-06,0,5.71711e-06,0.00192066,0.00192638,54,0.0019207
armadillo-rollers,tight,cell2dminsort,93ee,ee,220161,1.42268,0.476915,0.992358,9.99516,0,0,220122,0,3.26411,39,0,0,0.000409077,9.12297e-06,0,3.09672e-07,0.00272592,0.00272623,39,0.0027256
armadillo-rollers,tight,cell2dminsort,97ee,ee,207900,1.50019,0.471795,0.86929,11.8365,0,0,207822,0,3.5498,77,0,0,0.000235339,2.68574e-06,0,1.0686e-06,0.000444233,0.000445302,78,0.000444412
armadillo-rollers,tight,cell2dminsort,100ee,ee,225252,3.02258,1.11565,0.965639,6.27849,0,0,225187,0,6.15427,65,0,0,0.000110117,1.15441e-06,0,3.94811e-07,0.00103061,0.001031,65,0.00102997
armadillo-rollers,tight,cell2dminsort,103vf,vf,75907,1.08996,1.40924,0.787148,0.719373,0,0,75903,0,1.01383,4,0,0,0.000140772,6.61985e-05,0,1.86099e-06,0.218369,0.218371,4,0.218369
armadillo-rollers,tight,cell2dminsort,107vf,vf,101595,2.11297,1.24825,0.45778,12.89,0,0,101062,0,5.01289,530,0,0,6.16231e-05,5.61617e-07,0,6.32657e-08,0.00129995,0.00130001,533,0.00129986
armadillo-rollers,tight,cell2dminsort,111ee,ee,94831,1.39369,0.429077,0.526098,1.81058,0,0,94811,0,0.99207,20,0,0,3.09636e-05,1.21061e-06,0,1.75781e-07,0.0142322,0.0142323,20,0.0142322
armadillo-rollers,tight,cell2dminsort,115vf,vf,18978,1.3503,0.831755,0.251737,0.359287,0,0,18975,0,0.495379,3,0,0,1.38831e-05,1.82316e-06,0,1.72102e-06,0.00871944,0.00872117,3,0.00871944
armadillo-rollers,tight,cell2dminsort,119vf,vf,33604,1.25693,0.816298,0.343575,0.461459,0,0,33600,0,1.0898,4,0,0,9.31144e-06,4.63769e-06,0,5.12233e-06,0.00976991,0.00977503,4,0.00977039
armadillo-rollers,tight,cell2dminsort,122ee,ee,137371,1.32403,0.451316,0.714093,1.63036,0,0,137355,0,1.76847,16,0,0,4.35727e-05,3.86259e-06,0,9.13019e-06,0.0228652,0.0228743,16,0.0228672
armadillo-rollers,tight,cell2dminsort,126vf,vf,49095,1.44764,1.35481,1.4631,1.13744,0,0,49094,0,1.47929,1,0,0,9.47518e-05,9.47518e-05,0,9.47518e-05,0.37149,0.371585,1,0.37149
armadillo-rollers,tight,cell2dminsort,12vf,vf,107536,1.44054,1.02509,1.00337,5.16636,0,0,107500,0,1.20925,34,0,0,0.000335727,6.61307e-06,0,2.61327e-07,0.0003016,0.000301861,36,0.0003016
armadillo-rollers,tight,cell2dminsort,134ee,ee,67235,1.48044,0.392277,0.588177,2.38938,0,0,67213,0,1.10884,22,0,0,0.000141787,3.56355e-06,0,1.2684e-06,0.0185487,0.01855,22,0.018549
armadillo-rollers,tight,cell2dminsort,138ee,ee,103311,1.40172,0.443252,0.751053,16.7188,0,0,101881,0,6.17085,1430,0,0,1.83929e-05,4.54495e-07,0,2.26963e-07,0.000391371,0.000391598,1430,0.000391245
armadillo-rollers,tight,cell2dminsort,140vf,vf,18676,1.29827,0.701166,0.771403,0.07651,0,0,18675,0,0.752429,0,0,0,0,0,0,0,1,1,1,1
armadillo-rollers,tight,cell2dminsort,145vf,vf,14520,1.32582,0.655279,0.371479,1.41107,0,0,14504,0,1.07028,15,0,0,2.53054e-05,2.25757e-06,0,1.30813e-06,0.00845556,0.00845687,16,0.00845528
armadillo-rollers,tight,cell2dminsort,149vf,vf,17621,1.29926,0.754668,0.571185,1.43664,0,0,17608,0,0.753452,12,0,0,3.08669e-05,1.7316e-06,0,3.72313e-07,0.0899653,0.0899657,13,0.0899653
armadillo-rollers,tight,cell2dminsort,153ee,ee,54774,1.45113,0.403926,0.454836,7.01572,0,0,54738,0,2.76876,36,0,0,0.000761246,1.07022e-05,0,5.754e-06,0.0113503,0.0113561,36,0.0113468
armadillo-rollers,tight,cell2dminsort,157ee,ee,51080,1.3527,0.405878,0.401461,2.54547,0,0,51050,0,0.974694,30,0,0,9.38738e-05,2.3749e-06,0,7.12436e-06,0.015769,0.0157761,30,0.0157661
armadillo-rollers,tight,cell2dminsort,15vf,vf,81346,1.50018,0.950151,0.893801,5.87316,0,0,81308,0,1.17197,38,0,0,9.49289e-05,5.59616e-06,0,5.69055e-06,0.00614994,0.00615563,38,0.00615025
armadillo-rollers,tight,cell2dminsort,164ee,ee,52133,1.41203,0.391381,0.385558,0.637263,0,0,52123,0,0.865418,10,0,0,0.000105438,1.07768e-06,0,5.14692e-07,0.0559935,0.055994,10,0.0559936
armadillo-rollers,tight,cell2dminsort,168ee,ee,43829,1.39638,0.396054,0.542482,2.64755,0,0,43809,0,1.19981,20,0,0,0.000502079,6.54852e-06,0,4.49109e-06,0.0161053,0.0161098,20,0.0161037
armadillo-rollers,tight,cell2dminsort,171ee,ee,51464,1.37068,0.419893,1.02167,5.83556,0,0,51437,0,2.69782,26,0,0,0.000556547,2.4388e-06,0,3.85467e-07,0.00859983,0.00860021,27,0.00859976
armadillo-rollers,tight,cell2dminsort,175ee,ee,51829,1.41878,0.446068,0.640015,2.061,0,0,51821,0,1.818,8,0,0,0.00104547,5.05564e-05,0,1.21445e-05,0.022461,0.0224731,8,0.0224609
armadillo-rollers,tight,cell2dminsort,179vf,vf,15919,1.46303,0.684046,0.322423,0.311639,0,0,15915,0,0.942568,4,0,0,7.83533e-06,6.94747e-06,0,4.26737e-07,0.0502246,0.0502251,4,0.0502243
armadillo-rollers,tight,cell2dminsort,182ee,ee,52057,1.33091,0.403702,1.35555,5.67451,0,0,52022,0,1.37465,34,0,0,0.000302017,3.22832e-06,0,1.73358e-06,0.00282764,0.00282938,35,0.00282764
armadillo-rollers,tight,cell2dminsort,186ee,ee,86111,1.40643,0.43298,0.523059,6.38502,0,0,86023,0,1.83208,88,0,0,0.00032175,4.68735e-07,0,9.69108e-07,0.00233628,0.00233725,88,0.00233662
armadillo-rollers,tight,cell2dminsort,18ee,ee,157963,1.43455,0.467988,0.702798,4.06377,0,0,157927,0,2.61548,36,0,0,0.000167007,1.93567e-06,0,3.66436e-06,0.00612601,0.00612967,36,0.00612688
armadillo-rollers,tight,cell2dminsort,193ee,ee,60618,1.44435,0.408949,0.481395,5.03641,0,0,60575,0,2.364,43,0,0,8.33211e-05,4.1757e-06,0,1.51906e-06,0.00437323,0.00437475,43,0.00437355
armadillo-rollers,tight,cell2dminsort,197ee,ee,48550,1.3822,0.431444,1.05565,3.90687,0,0,48523,0,2.05665,27,0,0,0.000135443,1.98502e-06,0,8.05495e-07,0.00141035,0.00141115,27,0.00141048
armadillo-rollers,tight,cell2dminsort,19vf,vf,50546,1.44713,0.729133,0.513171,0.702925,0,0,50540,0,0.941799,6,0,0,6.04696e-06,2.3169e-06,0,1.21599e-06,0.267324,0.267325,6,0.267323
armadillo-rollers,tight,cell2dminsort,203vf,vf,18050,1.31875,0.676526,0.590225,0.324248,0,0,18046,0,1.87637,4,0,0,1.40649e-05,3.74728e-06,0,1.59071e-06,0.0206541,0.0206557,4,0.0206542
armadillo-rollers,tight,cell2dminsort,207vf,vf,15228,1.3607,0.668239,0.524786,0.294104,0,0,15224,0,1.32726,4,0,0,3.25912e-05,4.2952e-06,0,3.36693e-06,0.0458746,0.045878,4,0.0458746
armadillo-rollers,tight,cell2dminsort,210vf,vf,14783,1.26342,0.721389,3.13701,3.03026,0,0,14769,0,3.08648,14,0,0,0.000164511,2.25646e-06,0,1.04217e-06,0.00194694,0.00194798,14,0.00194693
armadillo-rollers,tight,cell2dminsort,214vf,vf,17463,1.28371,0.699982,0.589968,0.869354,0,0,17456,0,2.31597,7,0,0,1.05304e-05,2.28321e-06,0,6.14693e-07,0.00241947,0.00242009,7,0.00241947
armadillo-rollers,tight,cell2dminsort,218ee,ee,57259,1.25082,0.407445,1.36732,14.5426,0,0,57141,0,2.99608,117,0,0,0.00155511,3.31359e-06,0,5.73945e-07,0.000527037,0.000527611,118,0.000527382
armadillo-rollers,tight,cell2dminsort,221ee,ee,58422,1.33184,0.442772,0.618288,11.9895,0,0,58328,0,3.30062,94,0,0,0.00113087,5.02115e-06,0,1.71831e-06,0.000574583,0.000576301,94,0.000574112
armadillo-rollers,tight,cell2dminsort,225ee,ee,69534,1.36435,0.446772,0.662863,5.49896,0,0,69493,0,2.30925,41,0,0,0.000103531,4.15884e-06,0,1.57507e-06,0.000816917,0.000818492,41,0.000816822
armadillo-rollers,tight,cell2dminsort,229ee,ee,303368,2.03044,1.00852,1.47209,37.5629,0,0,299350,0,29.7028,4015,0,0,0.00367297,3.52246e-07,0,7.47269e-08,2.86492e-05,2.87239e-05,4018,2.86102e-05
armadillo-rollers,tight,cell2dminsort,232ee,ee,74356,1.24752,0.471284,0.548977,0.901864,0,0,74343,0,0.797228,13,0,0,5.49337e-05,2.20089e-06,0,1.36396e-06,0.0029504,0.00295176,13,0.00295019
armadillo-rollers,tight,cell2dminsort,235vf,vf,25746,1.3382,0.780716,0.886057,1.34403,0,0,25740,0,1.45887,6,0,0,1.99529e-05,9.58202e-06,0,9.58202e-06,0.077322,0.0773316,6,0.077322
armadillo-rollers,tight,cell2dminsort,239vf,vf,35150,1.28413,0.90852,0.513523,0.659055,0,0,35146,0,1.04909,4,0,0,2.00943e-05,3.87576e-06,0,4.04728e-06,0.228525,0.228529,4,0.228525
armadillo-rollers,tight,cell2dminsort,242vf,vf,50658,1.60962,1.40505,0.340279,0.811371,0,0,50648,0,1.42633,10,0,0,4.47485e-06,5.23562e-07,0,2.45069e-07,0.013407,0.0134073,10,0.013407
armadillo-rollers,tight,cell2dminsort,246vf,vf,34492,1.34019,0.763852,0.479091,0.620752,0,0,34485,0,1.41616,7,0,0,2.97204e-05,2.25818e-06,0,1.39491e-05,0.0296775,0.0296915,7,0.0296783
armadillo-rollers,tight,cell2dminsort,24vf,vf,51354,1.28848,2.165,0.537841,2.01559,0,0,51336,0,1.16307,18,0,0,2.31918e-05,2.65447e-06,0,9.41554e-06,0.0533652,0.0533746,18,0.0533628
armadillo-rollers,tight,cell2dminsort,253vf,vf,35573,1.39395,0.887593,0.421013,4.11957,0,0,35546,0,2.50256,27,0,0,0.000286837,6.47282e-06,0,1.35935e-07,0.00767663,0.00767676,27,0.0076766
armadillo-rollers,tight,cell2dminsort,257ee,ee,116712,1.39737,0.462388,0.926728,27.8394,0,0,116593,0,4.37272,119,0,0,0.000626831,1.38228e-05,0,1.51584e-06,0.00168127,0.00168279,119,0.00168133
armadillo-rollers,tight,cell2dminsort,260ee,ee,118287,1.45363,0.46962,1.3359,6.55935,0,0,118237,0,3.76796,50,0,0,0.000846526,5.22592e-06,0,3.49612e-06,0.00157152,0.00157501,50,0.00157356
armadillo-rollers,tight,cell2dminsort,264ee,ee,130094,1.49926,0.47682,0.971142,26.6046,0,0,129930,0,7.52249,164,0,0,0.000662816,9.26199e-06,0,1.21921e-06,0.00103497,0.00103619,164,0.00103378
armadillo-rollers,tight,cell2dminsort,268ee,ee,130104,1.47043,0.492563,1.4759,28.4722,0,0,129968,0,4.17979,135,0,0,0.00192053,1.08612e-05,0,1.5229e-06,0.000800702,0.000802224,136,0.00080061
armadillo-rollers,tight,cell2dminsort,271ee,ee,131744,1.50233,0.500211,0.999558,25.2998,0,0,131671,0,5.50833,72,0,0,0.00222042,5.55073e-05,0,6.14948e-06,0.00370753,0.00371368,73,0.00370789
armadillo-rollers,tight,cell2dminsort,274vf,vf,42186,1.50246,0.883305,0.794379,29.0851,0,0,42114,0,8.71638,70,0,0,0.00086114,6.84459e-05,0,2.58295e-06,0.00634618,0.00634876,72,0.0063467
armadillo-rollers,tight,cell2dminsort,278vf,vf,49349,1.48073,0.941351,0.61768,21.3415,0,0,49273,0,6.24201,75,0,0,0.00733316,1.34475e-05,0,2.63551e-06,0.0115825,0.0115851,76,0.0115829
armadillo-rollers,tight,cell2dminsort,281vf,vf,62328,1.43568,1.00311,1.37753,42.546,0,0,61881,0,21.9043,444,0,0,0.00169614,1.29778e-05,0,5.12074e-06,0.00212075,0.00212587,447,0.00212097
armadillo-rollers,tight,cell2dminsort,285vf,vf,54416,1.5102,0.915592,1.03018,33.1271,0,0,54302,0,8.96796,112,0,0,0.000654468,2.72935e-05,0,1.15938e-05,0.0070589,0.00707049,114,0.00706005
armadillo-rollers,tight,cell2dminsort,289vf,vf,56855,1.51852,0.932968,1.53814,28.5402,0,0,56757,0,7.00775,98,0,0,0.00179746,1.98183e-05,0,9.02382e-07,0.00656674,0.00656764,98,0.00656652
armadillo-rollers,tight,cell2dminsort,292ee,ee,175809,2.36701,0.547057,1.90981,36.0097,0,0,175708,0,9.4682,99,0,0,0.00133702,1.41111e-05,0,1.17513e-06,0.0025242,0.00252538,101,0.00252485
armadillo-rollers,tight,cell2dminsort,296ee,ee,175448,1.53686,0.519922,3.8551,47.5156,0,0,175277,0,17.6097,169,0,0,0.012878,5.97218e-06,0,3.89119e-07,0.000520462,0.000520851,171,0.000519753
armadillo-rollers,tight,cell2dminsort,29ee,ee,257518,1.53554,0.475635,1.07936,2.49603,1,0,257507,0,1.69304,8,0,0,5.63906e-05,2.17776e-05,0,7.82607e-06,0.018604,0.0186118,11,0.0186033
armadillo-rollers,tight,cell2dminsort,303ee,ee,167165,1.44287,0.516722,1.56713,29.2543,0,0,167027,0,5.72228,136,0,0,0.00388137,5.05125e-06,0,1.38747e-06,0.00062712,0.000628508,138,0.000627518
armadillo-rollers,tight,cell2dminsort,307ee,ee,168325,1.52834,0.512082,2.48592,53.4605,0,0,168145,0,5.76836,178,0,0,0.00202337,2.57083e-05,0,9.42487e-07,0.00228479,0.00228573,180,0.00228405
armadillo-rollers,tight,cell2dminsort,30vf,vf,132560,2.31908,1.13808,0.533874,15.5959,0,0,132469,0,7.39235,90,0,0,0.000189309,8.17785e-07,0,3.29988e-07,0.000885119,0.000885449,91,0.000885129
armadillo-rollers,tight,cell2dminsort,313vf,vf,57734,1.55206,1.02538,1.35808,32.1196,0,0,57491,0,5.23973,240,0,0,0.000914397,2.40586e-05,0,1.44352e-05,0.00500668,0.00502111,243,0.00500679
armadillo-rollers,tight,cell2dminsort,317vf,vf,77826,1.61666,1.38342,1.27389,36.0661,0,0,77445,0,6.37407,376,0,0,0.00160166,8.15464e-06,0,7.97495e-08,0.00085452,0.0008546,381,0.000854492
armadillo-rollers,tight,cell2dminsort,320vf,vf,205206,2.3296,1.19869,1.03706,21.9111,0,0,204474,0,5.61358,728,0,0,0.00156726,6.37497e-06,0,5.48392e-07,0.000239635,0.000240184,732,0.000239491
armadillo-rollers,tight,cell2dminsort,324vf,vf,181994,2.28356,4.29854,0.92612,16.483,0,0,181495,0,5.35029,498,0,0,0.00034952,2.01915e-06,0,3.056e-07,0.00165965,0.00165995,499,0.00165963
armadillo-rollers,tight,cell2dminsort,328vf,vf,275197,2.27764,5.13503,1.02877,10.1022,0,0,275046,0,2.13358,151,0,0,2.39899e-05,5.11374e-07,0,7.90762e-08,0.00330896,0.00330904,151,0.00330889
armadillo-rollers,tight,cell2dminsort,331ee,ee,316965,1.72959,1.37318,1.43328,13.2508,0,0,316884,0,3.67917,81,0,0,8.53844e-05,5.37763e-06,0,1.49976e-06,0.0186112,0.0186127,81,0.0186119
armadillo-rollers,tight,cell2dminsort,335ee,ee,69302,1.27248,0.423381,1.29795,33.8225,0,0,69090,0,3.84665,210,0,0,5.75602e-05,3.97559e-06,0,1.96371e-06,0.00644478,0.00644675,212,0.00644493
armadillo-rollers,tight,cell2dminsort,339ee,ee,103160,1.48076,0.432245,0.621104,16.1696,0,0,103040,0,4.95603,120,0,0,7.03927e-05,2.59912e-06,0,2.16348e-06,0.0241359,0.0241381,120,0.0241356
armadillo-rollers,tight,cell2dminsort,342ee,ee,82085,1.38867,0.444917,1.00103,31.4522,0,0,81623,0,5.57477,462,0,0,2.82453e-05,2.49657e-06,0,5.92663e-07,0.00203427,0.00203487,462,0.00203466
armadillo-rollers,tight,cell2dminsort,346ee,ee,57426,1.42441,0.417717,0.871049,12.5521,0,0,57330,0,1.81662,96,0,0,0.00012026,2.53543e-06,0,2.88511e-07,0.00321903,0.00321932,96,0.00321865
armadillo-rollers,tight,cell2dminsort,349vf,vf,14534,1.37433,0.734925,0.528786,3.69952,0,0,14520,0,1.52041,14,0,0,3.24729e-05,1.17943e-05,0,1.59288e-06,0.0074091,0.00741069,14,0.0074091
armadillo-rollers,tight,cell2dminsort,352vf,vf,12619,1.29126,0.640399,0.543698,3.14184,0,0,12600,0,1.20026,19,0,0,8.09834e-05,1.45245e-05,0,6.03172e-06,0.048074,0.04808,19,0.0480733
armadillo-rollers,tight,cell2dminsort,356vf,vf,14706,1.30397,0.784556,0.213946,5.27138,0,0,14656,0,1.07232,50,0,0,3.26195e-05,3.0384e-06,0,1.47493e-06,0.0249041,0.0249055,50,0.0249038
armadillo-rollers,tight,cell2dminsort,35vf,vf,216958,2.24752,2.18122,0.75134,1.09527,0,0,216931,0,0.885385,27,0,0,1.9609e-06,3.75639e-07,0,3.85487e-07,0.00599041,0.00599079,27,0.00599051
armadillo-rollers,tight,cell2dminsort,363vf,vf,106090,1.5686,2.83036,0.870153,1.02225,0,0,106074,0,0.880009,16,0,0,1.06332e-05,7.02483e-07,0,7.53228e-08,0.00788704,0.00788712,16,0.00788701
armadillo-rollers,tight,cell2dminsort,367ee,ee,218489,1.6445,0.508274,0.932712,8.94108,0,0,218361,0,2.18087,128,0,0,0.000126601,6.2214e-07,0,1.01741e-06,0.0093789,0.00937992,128,0.00937843
armadillo-rollers,tight,cell2dminsort,370ee,ee,123009,1.42108,0.490483,0.619344,4.30152,0,0,122947,0,1.75746,62,0,0,1.33985e-05,1.41297e-06,0,1.44453e-06,0.00219979,0.00220123,62,0.0022006
armadillo-rollers,tight,cell2dminsort,374ee,ee,42205,1.28646,0.406965,0.347799,3.34791,0,0,42164,0,1.81477,41,0,0,0.000283211,1.52927e-06,0,1.20071e-07,0.00125811,0.00125823,41,0.0012579
armadillo-rollers,tight,cell2dminsort,378ee,ee,48991,1.45817,0.407926,0.353238,2.08094,0,0,48947,0,1.82021,44,0,0,4.75756e-05,6.08649e-07,0,7.05467e-07,0.00481136,0.00481207,44,0.00481129
armadillo-rollers,tight,cell2dminsort,381ee,ee,47719,1.34316,0.402518,0.599728,5.09689,0,0,47601,0,2.53184,118,0,0,2.37909e-05,4.96665e-07,0,3.26236e-08,0.000941752,0.000941785,118,0.000941753
armadillo-rollers,tight,cell2dminsort,384vf,vf,13419,1.43769,0.726221,0.288537,0.365751,0,0,13415,0,0.976838,4,0,0,5.99359e-05,5.70009e-07,0,5.70009e-07,0.00623798,0.00623855,4,0.00623798
armadillo-rollers,tight,cell2dminsort,388vf,vf,17036,1.32822,0.709069,0.522738,4.79191,0,0,17019,0,2.52336,16,0,0,0.000259075,1.94418e-06,0,8.62124e-07,0.0158499,0.0158507,17,0.0158501
armadillo-rollers,tight,cell2dminsort,391vf,vf,17561,1.34025,0.809611,0.59336,3.96514,0,0,17524,0,2.71635,37,0,0,0.000119545,1.17896e-06,0,4.70482e-07,0.00730396,0.00730443,37,0.00730371
armadillo-rollers,tight,cell2dminsort,395vf,vf,22790,1.43721,0.788875,0.440885,2.30099,0,0,22764,0,1.32307,26,0,0,0.000105411,3.05279e-06,0,5.64102e-07,0.00658739,0.00658795,26,0.00658751
armadillo-rollers,tight,cell2dminsort,399vf,vf,28190,1.4022,0.82321,0.283865,6.85288,0,0,28110,0,3.66269,80,0,0,0.000128987,1.51709e-06,0,4.6604e-07,0.00895093,0.0089514,80,0.00895119
armadillo-rollers,tight,cell2dminsort,42ee,ee,335997,2.10522,0.627567,1.28253,0.794635,0,0,335985,0,1.45046,12,0,0,7.2785e-06,1.15468e-06,0,2.55625e-07,0.0088575,0.00885775,12,0.00885677
armadillo-rollers,tight,cell2dminsort,45vf,vf,220522,2.13361,3.51549,0.793611,1.51644,0,0,220513,0,0.781899,9,0,0,2.98217e-05,5.24933e-06,0,1.28636e-05,0.044588,0.0446009,9,0.044589
armadillo-rollers,tight,cell2dminsort,49vf,vf,60782,1.49574,4.43668,0.510546,2.68514,1,0,60774,0,2.46227,7,0,0,0.000197534,2.36674e-05,0,2.42364e-06,0.00484111,0.00484354,8,0.0048399
armadillo-rollers,tight,cell2dminsort,53ee,ee,78081,1.46748,0.411669,0.601584,1.64297,0,0,78065,0,1.51135,16,0,0,2.81136e-05,1.05962e-06,0,1.40938e-06,0.00314894,0.00315035,16,0.00314903
armadillo-rollers,tight,cell2dminsort,57ee,ee,127303,1.46732,0.786667,0.586097,2.18084,0,0,127275,0,1.25408,27,0,0,1.69745e-05,3.28104e-06,0,4.58908e-06,0.00984086,0.00984545,28,0.00984097
armadillo-rollers,tight,cell2dminsort,60ee,ee,154944,1.51711,0.462164,0.792587,2.70918,0,0,154914,0,1.60709,30,0,0,2.06404e-05,1.65851e-06,0,1.68347e-06,0.0183592,0.0183608,30,0.0183592
armadillo-rollers,tight,cell2dminsort,63vf,vf,42577,1.49775,1.54188,0.239738,4.01893,0,0,42500,0,1.27872,75,0,0,1.45625e-05,1.06836e-06,0,4.56391e-07,0.00477099,0.00477144,77,0.00477076
armadillo-rollers,tight,cell2dminsort,67vf,vf,19961,1.41446,0.506706,0.818443,2.51632,0,0,19926,0,1.3399,33,0,0,5.25252e-05,1.20202e-06,0,6.97986e-07,0.00504103,0.00504172,35,0.00504017
armadillo-rollers,tight,cell2dminsort,70vf,vf,26179,1.39878,0.864553,0.824363,5.37375,0,0,26112,0,1.68715,65,0,0,2.64281e-05,1.36578e-06,0,9.29732e-08,0.00320441,0.00320451,67,0.00320435
armadillo-rollers,tight,cell2dminsort,74vf,vf,16046,1.38803,0.699085,0.408214,2.08919,1,0,16027,0,1.3279,14,0,0,6.29761e-05,5.57887e-06,0,0.0145067,0,0.0145067,19,0
armadillo-rollers,tight,cell2dminsort,78vf,vf,27297,1.39939,0.67611,0.280281,0.531218,1,0,27292,0,0.737517,4,0,0,1.73305e-05,2.36941e-06,0,0.010025,0,0.010025,5,0
armadillo-rollers,tight,cell2dminsort,81ee,ee,134694,1.44262,0.479763,0.880937,1.72597,0,0,134678,0,1.95608,16,0,0,7.47494e-05,1.48671e-06,0,3.51575e-06,0.0452314,0.0452349,16,0.0452318
armadillo-rollers,tight,cell2dminsort,85ee,ee,195005,1.48729,0.477171,0.83953,2.85234,0,0,194969,0,1.8788,36,0,0,3.71529e-05,1.88432e-06,0,1.17138e-06,0.0012961,0.00129727,36,0.00129652
armadillo-rollers,tight,cell2dminsort,89ee,ee,236507,1.4743,0.490451,0.952327,6.14214,0,0,236453,0,2.68828,54,0,0,0.00022224,4.40194e-06,0,5.71711e-06,0.00192066,0.00192638,54,0.0019207
armadillo-rollers,tight,cell2dminsort,93ee,ee,220161,1.39862,0.490324,0.904424,9.88342,0,0,220122,0,3.29342,39,0,0,0.000409077,9.12297e-06,0,5.9055e-07,0.00272564,0.00272623,39,0.0027256
armadillo-rollers,tight,cell2dminsort,97ee,ee,207900,1.53718,0.484755,0.864586,11.897,0,0,207822,0,3.53754,77,0,0,0.000235339,2.68574e-06,0,1.0686e-06,0.000444233,0.000445302,78,0.000444412
armadillo-rollers,tight,sweep,100ee,ee,225252,2.54824,1.32706,0.907813,6.20516,0,0,225187,0,2.78814,65,0,0,0.000110117,1.15441e-06,0,1.13767e-06,0.00102986,0.001031,65,0.00102997
armadillo-rollers,tight,sweep,103vf,vf,75907,2.33279,0.820967,0.472306,0.694667,0,0,75903,0,1.24399,4,0,0,0.000140772,6.61985e-05,0,1.86099e-06,0.218369,0.218371,4,0.218369
armadillo-rollers,tight,sweep,107vf,vf,101595,2.63432,0.893381,0.426931,12.7952,0,0,101062,0,4.04113,530,0,0,6.16231e-05,5.61617e-07,0,8.64332e-08,0.00129992,0.00130001,533,0.00129986
armadillo-rollers,tight,sweep,111ee,ee,94831,3.51138,1.81201,0.52392,1.75975,0,0,94811,0,1.32268,20,0,0,3.09636e-05,1.21061e-06,0,1.75781e-07,0.0142322,0.0142323,20,0.0142322
armadillo-rollers,tight,sweep,115vf,vf,18978,3.64431,0.874438,0.309783,0.353909,0,0,18975,0,0.72353,3,0,0,1.38831e-05,1.82316e-06,0,1.72102e-06,0.00871944,0.00872117,3,0.00871944
armadillo-rollers,tight,sweep,119vf,vf,33604,2.3391,0.830951,0.423443,0.448242,0,0,33600,0,0.909573,4,0,0,9.31144e-06,4.63769e-06,0,4.63769e-06,0.00977039,0.00977503,4,0.00977039
armadillo-rollers,tight,sweep,122ee,ee,137371,2.39641,1.6109,0.672748,1.55829,0,0,137355,0,1.06912,16,0,0,4.35727e-05,3.86259e-06,0,9.92397e-06,0.0228644,0.0228743,16,0.0228672
armadillo-rollers,tight,sweep,126vf,vf,49095,2.19677,0.753098,1.51343,1.0807,0,0,49094,0,1.44949,1,0,0,9.47518e-05,9.47518e-05,0,9.47518e-05,0.37149,0.371585,1,0.37149
armadillo-rollers,tight,sweep,12vf,vf,107536,2.39314,1.67089,1.08323,5.11079,0,0,107500,0,2.09235,34,0,0,0.000335727,6.61307e-06,0,2.61327e-07,0.0003016,0.000301861,36,0.0003016
armadillo-rollers,tight,sweep,134ee,ee,67235,2.42364,1.31484,0.436979,2.37385,0,0,67213,0,0.872262,22,0,0,0.000141787,3.56355e-06,0,1.65444e-06,0.0185483,0.01855,22,0.018549
armadillo-rollers,tight,sweep,138ee,ee,103311,2.42758,1.78798,1.14973,16.6124,0,0,101881,0,5.43411,1430,0,0,1.83929e-05,4.54495e-07,0,2.92883e-07,0.000391306,0.000391598,1430,0.000391245
armadillo-rollers,tight,sweep,140vf,vf,18676,2.49164,0.608621,0.956132,0.074366,0,0,18675,0,0.97437,0,0,0,0,0,0,0,1,1,1,1
armadillo-rollers,tight,sweep,145vf,vf,14520,2.37727,0.542288,0.346165,1.42277,0,0,14504,0,1.69009,15,0,0,2.53054e-05,2.25757e-06,0,1.85539e-06,0.00845501,0.00845687,16,0.00845528
armadillo-rollers,tight,sweep,149vf,vf,17621,2.57899,0.72609,0.517233,1.40053,0,0,17608,0,0.940995,12,0,0,3.08669e-05,1.7316e-06,0,3.72313e-07,0.0899653,0.0899657,13,0.0899653
armadillo-rollers,tight,sweep,153ee,ee,54774,2.71589,1.38479,2.20208,6.86351,0,0,54738,0,2.19917,36,0,0,0.000761246,1.07022e-05,0,9.80071e-06,0.0113463,0.0113561,36,0.0113468
armadillo-rollers,tight,sweep,157ee,ee,51080,2.62462,1.40149,0.685227,2.48485,0,0,51050,0,1.04422,30,0,0,9.38738e-05,2.3749e-06,0,9.94063e-06,0.0157661,0.0157761,30,0.0157661
armadillo-rollers,tight,sweep,15vf,vf,81346,2.77675,1.17152,0.80612,5.7862,0,0,81308,0,1.40751,38,0,0,9.49289e-05,5.59616e-06,0,5.38657e-06,0.00615025,0.00615563,38,0.00615025
armadillo-rollers,tight,sweep,164ee,ee,52133,2.62661,1.90529,0.366645,0.602253,0,0,52123,0,0.851334,10,0,0,0.000105438,1.07768e-06,0,5.45464e-07,0.0559935,0.055994,10,0.0559936
armadillo-rollers,tight,sweep,168ee,ee,43829,2.7555,1.32482,0.471218,2.56731,0,0,43809,0,1.37212,20,0,0,0.000502079,6.54852e-06,0,6.94543e-06,0.0161028,0.0161098,20,0.0161037
armadillo-rollers,tight,sweep,171ee,ee,51464,2.54856,1.53135,1.95553,5.77458,0,0,51437,0,2.82347,26,0,0,0.000556547,2.4388e-06,0,4.16994e-07,0.0085998,0.00860021,27,0.00859976
armadillo-rollers,tight,sweep,175ee,ee,51829,2.44828,1.35122,0.852966,2.01344,0,0,51821,0,1.80238,8,0,0,0.00104547,5.05564e-05,0,1.22079e-05,0.0224609,0.0224731,8,0.0224609
armadillo-rollers,tight,sweep,179vf,vf,15919,2.65563,0.599694,0.281048,0.288983,0,0,15915,0,0.973763,4,0,0,7.83533e-06,6.94747e-06,0,3.29603e-07,0.0502247,0.0502251,4,0.0502243
armadillo-rollers,tight,sweep,182ee,ee,52057,2.62818,1.29174,1.14413,5.60204,0,0,52022,0,1.95108,34,0,0,0.000302017,3.22832e-06,0,2.33575e-06,0.00282704,0.00282938,35,0.00282764
armadillo-rollers,tight,sweep,186ee,ee,86111,2.4534,1.41039,0.506001,6.27626,0,0,86023,0,1.845,88,0,0,0.00032175,4.68735e-07,0,5.3866e-07,0.00233671,0.00233725,88,0.00233662
armadillo-rollers,tight,sweep,18ee,ee,157963,2.89774,1.32252,0.68606,4.06135,0,0,157927,0,2.1264,36,0,0,0.000167007,1.93567e-06,0,2.17605e-06,0.0061275,0.00612967,36,0.00612688
armadillo-rollers,tight,sweep,193ee,ee,60618,2.85915,1.25667,0.408244,4.92353,0,0,60575,0,1.73604,43,0,0,8.33211e-05,4.1757e-06,0,1.20101e-06,0.00437355,0.00437475,43,0.00437355
armadillo-rollers,tight,sweep,197ee,ee,48550,2.96292,1.26092,0.373301,3.80097,0,0,48523,0,1.67553,27,0,0,0.000135443,1.98502e-06,0,6.69781e-07,0.00141048,0.00141115,27,0.00141048
armadillo-rollers,tight,sweep,19vf,vf,50546,2.7636,0.633005,0.507441,0.696779,0,0,50540,0,1.04134,6,0,0,6.04696e-06,2.3169e-06,0,1.53353e-06,0.267323,0.267325,6,0.267323
armadillo-rollers,tight,sweep,203vf,vf,18050,2.65294,0.609294,0.509009,0.333718,0,0,18046,0,2.50316,4,0,0,1.40649e-05,3.74728e-06,0,2.09786e-06,0.0206536,0.0206557,4,0.0206542
armadillo-rollers,tight,sweep,207vf,vf,15228,2.55464,0.603182,0.304311,0.279736,0,0,15224,0,1.3149,4,0,0,3.25912e-05,4.2952e-06,0,3.36693e-06,0.0458746,0.045878,4,0.0458746
armadillo-rollers,tight,sweep,210vf,vf,14783,2.75816,0.908101,1.92327,2.99473,0,0,14769,0,2.59973,14,0,0,0.000164511,2.25646e-06,0,1.02004e-06,0.00194696,0.00194798,14,0.00194693
armadillo-rollers,tight,sweep,214vf,vf,17463,2.38732,1.24585,0.660972,0.854758,0,0,17456,0,2.30403,7,0,0,1.05304e-05,2.28321e-06,0,6.14693e-07,0.00241947,0.00242009,7,0.00241947
armadillo-rollers,tight,sweep,218ee,ee,57259,2.58971,2.36739,1.09382,14.4171,0,0,57141,0,3.83377,117,0,0,0.00155511,3.31359e-06,0,5.62279e-07,0.000527048,0.000527611,118,0.000527382
armadillo-rollers,tight,sweep,221ee,ee,58422,2.68082,2.33343,0.514865,11.8828,0,0,58328,0,6.17975,94,0,0,0.00113087,5.02115e-06,0,9.11131e-07,0.00057539,0.000576301,94,0.000574112
armadillo-rollers,tight,sweep,225ee,ee,69534,2.48517,2.13402,0.724202,5.45635,0,0,69493,0,2.55256,41,0,0,0.000103531,4.15884e-06,0,1.67369e-06,0.000816818,0.000818492,41,0.000816822
armadillo-rollers,tight,sweep,229ee,ee,303368,2.61749,2.20192,1.40866,36.9822,0,0,299350,0,33.7719,4015,0,0,0.00367297,3.52246e-07,0,4.44042e-08,2.86795e-05,2.87239e-05,4018,2.86102e-05
armadillo-rollers,tight,sweep,232ee,ee,74356,2.65374,1.75982,0.966851,0.953347,0,0,74343,0,1.20454,13,0,0,5.49337e-05,2.20089e-06,0,1.56815e-06,0.00295019,0.00295176,13,0.00295019
armadillo-rollers,tight,sweep,235vf,vf,25746,2.48156,0.900293,0.607502,1.35164,0,0,25740,0,1.22867,6,0,0,1.99529e-05,9.58202e-06,0,9.58202e-06,0.077322,0.0773316,6,0.077322
armadillo-rollers,tight,sweep,239vf,vf,35150,2.50792,0.940132,0.602478,0.605806,0,0,35146,0,1.14477,4,0,0,2.00943e-05,3.87576e-06,0,4.04728e-06,0.228525,0.228529,4,0.228525
armadillo-rollers,tight,sweep,242vf,vf,50658,2.76772,1.01683,0.31983,0.80932,0,0,50648,0,1.48012,10,0,0,4.47485e-06,5.23562e-07,0,2.94722e-07,0.013407,0.0134073,10,0.013407
armadillo-rollers,tight,sweep,246vf,vf,34492,2.94046,0.94074,0.387092,0.625134,0,0,34485,0,1.56389,7,0,0,2.97204e-05,2.25818e-06,0,1.55805e-05,0.0296759,0.0296915,7,0.0296783
armadillo-rollers,tight,sweep,24vf,vf,51354,2.36812,0.763145,0.599086,1.97613,0,0,51336,0,1.53928,18,0,0,2.31918e-05,2.65447e-06,0,1.01883e-05,0.0533645,0.0533746,18,0.0533628
armadillo-rollers,tight,sweep,253vf,vf,35573,2.28899,0.79812,0.681771,4.053,0,0,35546,0,2.05891,27,0,0,0.000286837,6.47282e-06,0,1.35935e-07,0.00767663,0.00767676,27,0.0076766
armadillo-rollers,tight,sweep,257ee,ee,116712,2.7004,1.77134,0.873798,27.4423,0,0,116593,0,4.4127,119,0,0,0.000626831,1.38228e-05,0,1.23575e-06,0.00168155,0.00168279,119,0.00168133
armadillo-rollers,tight,sweep,260ee,ee,118287,2.61291,1.65186,0.849446,6.39366,0,0,118237,0,3.14797,50,0,0,0.000846526,5.22592e-06,0,1.67428e-06,0.00157334,0.00157501,50,0.00157356
armadillo-rollers,tight,sweep,264ee,ee,130094,2.38985,1.82187,0.926693,26.0898,0,0,129930,0,4.60133,164,0,0,0.000662816,9.26199e-06,0,1.14507e-06,0.00103504,0.00103619,164,0.00103378
armadillo-rollers,tight,sweep,268ee,ee,130104,2.62485,1.89476,0.979907,27.9242,0,0,129968,0,7.82562,135,0,0,0.00192053,1.08612e-05,0,1.3119e-06,0.000800913,0.000802224,136,0.00080061
armadillo-rollers,tight,sweep,271ee,ee,131744,2.5214,1.76008,1.49752,25.0452,0,0,131671,0,4.41766,72,0,0,0.00222042,5.55073e-05,0,6.02838e-06,0.00370765,0.00371368,73,0.00370789
armadillo-rollers,tight,sweep,274vf,vf,42186,2.40319,1.11526,1.26339,28.6187,0,0,42114,0,8.18683,70,0,0,0.00086114,6.84459e-05,0,2.05597e-06,0.0063467,0.00634876,72,0.0063467
armadillo-rollers,tight,sweep,278vf,vf,49349,2.73089,1.35461,0.843559,21.069,0,0,49273,0,5.82757,75,0,0,0.00733316,1.34475e-05,0,2.81722e-06,0.0115823,0.0115851,76,0.0115829
armadillo-rollers,tight,sweep,281vf,vf,62328,2.45423,1.13193,2.24339,41.8841,0,0,61881,0,15.0647,444,0,0,0.00169614,1.29778e-05,0,4.53623e-06,0.00212134,0.00212587,447,0.00212097
armadillo-rollers,tight,sweep,285vf,vf,54416,2.67915,1.0312,1.45561,32.6762,0,0,54302,0,7.18926,112,0,0,0.000654468,2.72935e-05,0,9.28782e-06,0.0070612,0.00707049,114,0.00706005
armadillo-rollers,tight,sweep,289vf,vf,56855,2.50223,0.962371,0.698635,28.2948,0,0,56757,0,7.15406,98,0,0,0.00179746,1.98183e-05,0,7.8245e-07,0.00656686,0.00656764,98,0.00656652
armadillo-rollers,tight,sweep,292ee,ee,175809,3.05191,1.91649,2.12941,35.4003,0,0,175708,0,7.21978,99,0,0,0.00133702,1.41111e-05,0,5.41769e-07,0.00252484,0.00252538,101,0.00252485
armadillo-rollers,tight,sweep,296ee,ee,175448,2.34335,1.77684,2.98093,46.6744,0,0,175277,0,17.2269,169,0,0,0.012878,5.97218e-06,0,1.07236e-06,0.000519779,0.000520851,171,0.000519753
armadillo-rollers,tight,sweep,29ee,ee,257518,2.44745,1.15958,0.991938,2.45567,1,0,257507,0,1.62648,8,0,0,5.63906e-05,2.17776e-05,0,6.80206e-06,0.018605,0.0186118,11,0.0186033
armadillo-rollers,tight,sweep,303ee,ee,167165,2.54901,1.5068,1.84974,28.7398,0,0,167027,0,6.64172,136,0,0,0.00388137,5.05125e-06,0,1.24051e-06,0.000627267,0.000628508,138,0.000627518
armadillo-rollers,tight,sweep,307ee,ee,168325,2.75073,1.60408,1.24857,52.2772,0,0,168145,0,14.7663,178,0,0,0.00202337,2.57083e-05,0,1.01208e-06,0.00228472,0.00228573,180,0.00228405
armadillo-rollers,tight,sweep,30vf,vf,132560,2.37993,0.928804,0.514801,15.3481,0,0,132469,0,7.73014,90,0,0,0.000189309,8.17785e-07,0,2.58555e-07,0.000885191,0.000885449,91,0.000885129
armadillo-rollers,tight,sweep,313vf,vf,57734,2.39218,2.84856,0.581966,31.8381,0,0,57491,0,6.03704,240,0,0,0.000914397,2.40586e-05,0,1.44336e-05,0.00500668,0.00502111,243,0.00500679
armadillo-rollers,tight,sweep,317vf,vf,77826,5.01684,1.33999,0.636493,35.6511,0,0,77445,0,6.93323,376,0,0,0.00160166,8.15464e-06,0,2.22502e-07,0.000854377,0.0008546,381,0.000854492
armadillo-rollers,tight,sweep,320vf,vf,205206,4.82744,2.88289,1.0105,21.6816,0,0,204474,0,5.86878,728,0,0,0.00156726,6.37497e-06,0,5.47172e-07,0.000239636,0.000240184,732,0.000239491
armadillo-rollers,tight,sweep,324vf,vf,181994,5.2424,2.04314,0.845959,16.4828,0,0,181495,0,5.96891,498,0,0,0.00034952,2.01915e-06,0,3.32151e-07,0.00165962,0.00165995,499,0.00165963
armadillo-rollers,tight,sweep,328vf,vf,275197,5.23987,1.93978,0.959427,10.1258,0,0,275046,0,2.31948,151,0,0,2.39899e-05,5.11374e-07,0,6.80178e-08,0.00330897,0.00330904,151,0.00330889
armadillo-rollers,tight,sweep,331ee,ee,316965,4.59964,2.8899,1.42911,13.0643,0,0,316884,0,3.67342,81,0,0,8.53844e-05,5.37763e-06,0,1.29164e-06,0.0186115,0.0186127,81,0.0186119
armadillo-rollers,tight,sweep,335ee,ee,69302,4.68549,2.32585,0.503281,33.5313,0,0,69090,0,3.12439,210,0,0,5.75602e-05,3.97559e-06,0,1.35783e-06,0.00644539,0.00644675,212,0.00644493
armadillo-rollers,tight,sweep,339ee,ee,103160,5.09498,1.99277,0.583631,16.0433,0,0,103040,0,2.7284,120,0,0,7.03927e-05,2.59912e-06,0,1.40484e-06,0.0241367,0.0241381,120,0.0241356
armadillo-rollers,tight,sweep,342ee,ee,82085,4.90702,1.88039,0.5332,31.136,0,0,81623,0,5.6063,462,0,0,2.82453e-05,2.49657e-06,0,6.28255e-07,0.00203424,0.00203487,462,0.00203466
armadillo-rollers,tight,sweep,346ee,ee,57426,4.91438,1.88718,0.439667,12.5781,0,0,57330,0,2.53381,96,0,0,0.00012026,2.53543e-06,0,5.61142e-07,0.00321876,0.00321932,96,0.00321865
armadillo-rollers,tight,sweep,349vf,vf,14534,4.99447,0.827559,0.99165,3.78478,0,0,14520,0,2.29939,14,0,0,3.24729e-05,1.17943e-05,0,1.59288e-06,0.0074091,0.00741069,14,0.0074091
armadillo-rollers,tight,sweep,352vf,vf,12619,4.8908,0.867046,0.540783,3.14992,0,0,12600,0,1.04467,19,0,0,8.09834e-05,1.45245e-05,0,6.8381e-06,0.0480732,0.04808,19,0.0480733
armadillo-rollers,tight,sweep,356vf,vf,14706,4.7236,0.934724,0.393012,5.24445,0,0,14656,0,1.34633,50,0,0,3.26195e-05,3.0384e-06,0,1.76962e-06,0.0249038,0.0249055,50,0.0249038
armadillo-rollers,tight,sweep,35vf,vf,216958,4.63823,2.10304,0.770473,1.15555,0,0,216931,0,1.28553,27,0,0,1.9609e-06,3.75639e-07,0,3.83044e-07,0.00599041,0.00599079,27,0.00599051
armadillo-rollers,tight,sweep,363vf,vf,106090,4.49286,1.57496,0.898693,1.03319,0,0,106074,0,1.07402,16,0,0,1.06332e-05,7.02483e-07,0,7.09454e-08,0.00788705,0.00788712,16,0.00788701
armadillo-rollers,tight,sweep,367ee,ee,218489,4.9762,1.70846,0.949091,8.85135,0,0,218361,0,1.89511,128,0,0,0.000126601,6.2214e-07,0,5.50952e-07,0.00937937,0.00937992,128,0.00937843
armadillo-rollers,tight,sweep,370ee,ee,123009,4.93505,1.666,0.64462,4.25488,0,0,122947,0,1.4836,62,0,0,1.33985e-05,1.41297e-06,0,6.96189e-07,0.00220054,0.00220123,62,0.0022006
armadillo-rollers,tight,sweep,374ee,ee,42205,4.50009,1.74382,0.906437,3.40306,0,0,42164,0,1.43557,41,0,0,0.000283211,1.52927e-06,0,1.46718e-08,0.00125821,0.00125823,41,0.0012579
armadillo-rollers,tight,sweep,378ee,ee,48991,4.31059,1.77115,0.471282,2.09642,0,0,48947,0,1.45528,44,0,0,4.75756e-05,6.08649e-07,0,7.54665e-07,0.00481131,0.00481207,44,0.00481129
armadillo-rollers,tight,sweep,381ee,ee,47719,4.92596,1.76043,0.661644,5.04289,0,0,47601,0,1.43657,118,0,0,2.37909e-05,4.96665e-07,0,8.49015e-08,0.0009417,0.000941785,118,0.000941753
armadillo-rollers,tight,sweep,384vf,vf,13419,4.76046,0.758473,0.305719,0.422036,0,0,13415,0,1.21385,4,0,0,5.99359e-05,5.70009e-07,0,4.03583e-07,0.00623815,0.00623855,4,0.00623798
armadillo-rollers,tight,sweep,388vf,vf,17036,4.54178,0.821096,2.192,4.79518,0,0,17019,0,3.38617,16,0,0,0.000259075,1.94418e-06,0,8.62124e-07,0.0158499,0.0158507,17,0.0158501
armadillo-rollers,tight,sweep,391vf,vf,17561,4.64696,0.874182,0.719018,3.98718,0,0,17524,0,2.16966,37,0,0,0.000119545,1.17896e-06,0,4.70482e-07,0.00730396,0.00730443,37,0.00730371
armadillo-rollers,tight,sweep,395vf,vf,22790,4.92043,0.892005,0.320055,2.37305,0,0,22764,0,1.69467,26,0,0,0.000105411,3.05279e-06,0,3.21529e-07,0.00658763,0.00658795,26,0.00658751
armadillo-rollers,tight,sweep,399vf,vf,28190,4.73637,1.01319,0.848839,6.90309,0,0,28110,0,2.60424,80,0,0,0.000128987,1.51709e-06,0,4.17648e-07,0.00895098,0.0089514,80,0.00895119
armadillo-rollers,tight,sweep,42ee,ee,335997,4.87614,2.86439,1.30444,0.887461,0,0,335985,0,1.6076,12,0,0,7.2785e-06,1.15468e-06,0,5.85207e-07,0.00885717,0.00885775,12,0.00885677
armadillo-rollers,tight,sweep,45vf,vf,220522,4.55426,2.06663,0.79524,1.63787,0,0,220513,0,0.931332,9,0,0,2.98217e-05,5.24933e-06,0,1.18203e-05,0.044589,0.0446009,9,0.044589
armadillo-rollers,tight,sweep,49vf,vf,60782,5.14445,2.2039,0.555823,2.74347,1,0,60774,0,2.59439,7,0,0,0.000197534,2.36674e-05,0,3.18469e-06,0.00484035,0.00484354,8,0.0048399
armadillo-rollers,tight,sweep,53ee,ee,78081,4.94366,1.39132,0.628621,1.65128,0,0,78065,0,1.61025,16,0,0,2.81136e-05,1.05962e-06,0,1.40498e-06,0.00314894,0.00315035,16,0.00314903
armadillo-rollers,tight,sweep,57ee,ee,127303,4.11709,2.47362,0.662924,2.25017,0,0,127275,0,1.47999,27,0,0,1.69745e-05,3.28104e-06,0,4.37643e-06,0.00984107,0.00984545,28,0.00984097
armadillo-rollers,tight,sweep,60ee,ee,154944,5.01585,2.5342,0.860806,2.71989,0,0,154914,0,2.0442,30,0,0,2.06404e-05,1.65851e-06,0,1.5835e-06,0.0183593,0.0183608,30,0.0183592
armadillo-rollers,tight,sweep,63vf,vf,42577,4.48476,0.946339,0.296728,4.0712,0,0,42500,0,1.10422,75,0,0,1.45625e-05,1.06836e-06,0,8.99002e-07,0.00477055,0.00477144,77,0.00477076
armadillo-rollers,tight,sweep,67vf,vf,19961,4.72639,0.782345,0.58267,2.51608,0,0,19926,0,1.15993,33,0,0,5.25252e-05,1.20202e-06,0,1.21297e-06,0.00504051,0.00504172,35,0.00504017
armadillo-rollers,tight,sweep,70vf,vf,26179,4.96139,1.07738,0.835207,5.34922,0,0,26112,0,1.57592,65,0,0,2.64281e-05,1.36578e-06,0,4.02729e-07,0.0032041,0.00320451,67,0.00320435
armadillo-rollers,tight,sweep,74vf,vf,16046,4.91272,1.06259,0.502577,2.11347,1,0,16027,0,1.34652,14,0,0,6.29761e-05,5.57887e-06,0,0.0145067,0,0.0145067,19,0
armadillo-rollers,tight,sweep,78vf,vf,27297,5.07543,0.823015,0.26716,0.582126,1,0,27292,0,0.855014,4,0,0,1.73305e-05,2.36941e-06,0,0.010025,0,0.010025,5,0
armadillo-rollers,tight,sweep,81ee,ee,134694,4.96795,1.40079,0.775913,1.76235,0,0,134678,0,1.97716,16,0,0,7.47494e-05,1.48671e-06,0,3.53781e-06,0.0452313,0.0452349,16,0.0452318
armadillo-rollers,tight,sweep,85ee,ee,195005,5.00298,1.50252,0.860998,2.87111,0,0,194969,0,1.458,36,0,0,3.71529e-05,1.88432e-06,0,1.06367e-06,0.0012962,0.00129727,36,0.00129652
armadillo-rollers,tight,sweep,89ee,ee,236507,4.57682,1.57803,0.984994,6.04123,0,0,236453,0,1.71157,54,0,0,0.00022224,4.40194e-06,0,5.67508e-06,0.0019207,0.00192638,54,0.0019207
armadillo-rollers,tight,sweep,93ee,ee,220161,4.85675,1.53624,0.914692,9.91503,0,0,220122,0,2.62533,39,0,0,0.000409077,9.12297e-06,0,7.82286e-07,0.00272545,0.00272623,39,0.0027256
armadillo-rollers,tight,sweep,97ee,ee,207900,4.36297,1.51608,3.17795,11.839,0,0,207822,0,3.8826,77,0,0,0.000235339,2.68574e-06,0,8.82471e-07,0.00044442,0.000445302,78,0.000444412
armadillo-rollers,tight,sweep,100ee,ee,225252,1.34258,1.28009,0.886789,6.17082,0,0,225187,0,2.758,65,0,0,0.000110117,1.15441e-06,0,1.13767e-06,0.00102986,0.001031,65,0.00102997
armadillo-rollers,tight,sweep,103vf,vf,75907,1.32425,1.69659,0.520976,0.691723,0,0,75903,0,1.19497,4,0,0,0.000140772,6.61985e-05,0,1.86099e-06,0.218369,0.218371,4,0.218369
armadillo-rollers,tight,sweep,107vf,vf,101595,1.41141,0.892101,0.415251,12.8235,0,0,101062,0,4.0274,530,0,0,6.16231e-05,5.61617e-07,0,8.64332e-08,0.00129992,0.00130001,533,0.00129986
armadillo-rollers,tight,sweep,111ee,ee,94831,2.81326,1.83975,0.544752,1.79351,0,0,94811,0,1.30287,20,0,0,3.09636e-05,1.21061e-06,0,1.75781e-07,0.0142322,0.0142323,20,0.0142322
armadillo-rollers,tight,sweep,115vf,vf,18978,2.72187,0.900293,0.288439,0.357814,0,0,18975,0,0.694795,3,0,0,1.38831e-05,1.82316e-06,0,1.72102e-06,0.00871944,0.00872117,3,0.00871944
armadillo-rollers,tight,sweep,119vf,vf,33604,2.30374,0.82244,0.439826,0.45861,0,0,33600,0,0.899077,4,0,0,9.31144e-06,4.63769e-06,0,4.63769e-06,0.00977039,0.00977503,4,0.00977039
armadillo-rollers,tight,sweep,122ee,ee,137371,2.71105,1.55774,0.693771,1.60408,0,0,137355,0,1.07709,16,0,0,4.35727e-05,3.86259e-06,0,9.92397e-06,0.0228644,0.0228743,16,0.0228672
armadillo-rollers,tight,sweep,126vf,vf,49095,3.27465,0.758953,1.47208,1.09261,0,0,49094,0,1.50114,1,0,0,9.47518e-05,9.47518e-05,0,9.47518e-05,0.37149,0.371585,1,0.37149
armadillo-rollers,tight,sweep,12vf,vf,107536,4.10605,1.6922,1.00717,5.08945,0,0,107500,0,2.1399,34,0,0,0.000335727,6.61307e-06,0,2.61327e-07,0.0003016,0.000301861,36,0.0003016
armadillo-rollers,tight,sweep,134ee,ee,67235,2.97274,1.32681,0.446643,2.36655,0,0,67213,0,0.860294,22,0,0,0.000141787,3.56355e-06,0,1.65444e-06,0.0185483,0.01855,22,0.018549
armadillo-rollers,tight,sweep,138ee,ee,103311,2.84814,1.81089,1.18905,16.6531,0,0,101881,0,5.38125,1430,0,0,1.83929e-05,4.54495e-07,0,2.92883e-07,0.000391306,0.000391598,1430,0.000391245
armadillo-rollers,tight,sweep,140vf,vf,18676,3.18298,0.602574,0.973954,0.073053,0,0,18675,0,0.917477,0,0,0,0,0,0,0,1,1,1,1
armadillo-rollers,tight,sweep,145vf,vf,14520,2.59471,0.577007,0.368149,1.38428,0,0,14504,0,1.67729,15,0,0,2.53054e-05,2.25757e-06,0,1.85539e-06,0.00845501,0.00845687,16,0.00845528
armadillo-rollers,tight,sweep,149vf,vf,17621,2.56421,0.734058,0.535183,1.40645,0,0,17608,0,0.963204,12,0,0,3.08669e-05,1.7316e-06,0,3.72313e-07,0.0899653,0.0899657,13,0.0899653
armadillo-rollers,tight,sweep,153ee,ee,54774,2.61784,1.4124,2.13904,6.91614,0,0,54738,0,2.26864,36,0,0,0.000761246,1.07022e-05,0,9.80071e-06,0.0113463,0.0113561,36,0.0113468
armadillo-rollers,tight,sweep,157ee,ee,51080,2.34406,1.39922,0.699051,2.54383,0,0,51050,0,1.09869,30,0,0,9.38738e-05,2.3749e-06,0,9.94063e-06,0.0157661,0.0157761,30,0.0157661
armadillo-rollers,tight,sweep,15vf,vf,81346,2.46863,1.18569,0.815751,5.8172,0,0,81308,0,1.42175,38,0,0,9.49289e-05,5.59616e-06,0,5.38657e-06,0.00615025,0.00615563,38,0.00615025
armadillo-rollers,tight,sweep,164ee,ee,52133,2.55423,1.90103,0.381077,0.615725,0,0,52123,0,0.841511,10,0,0,0.000105438,1.07768e-06,0,5.45464e-07,0.0559935,0.055994,10,0.0559936
armadillo-rollers,tight,sweep,168ee,ee,43829,2.51592,1.32921,0.525712,2.59563,0,0,43809,0,1.34028,20,0,0,0.000502079,6.54852e-06,0,6.94543e-06,0.0161028,0.0161098,20,0.0161037
armadillo-rollers,tight,sweep,171ee,ee,51464,2.36326,1.5731,1.977,5.78642,0,0,51437,0,2.83112,26,0,0,0.000556547,2.4388e-06,0,4.16994e-07,0.0085998,0.00860021,27,0.00859976
armadillo-rollers,tight,sweep,175ee,ee,51829,2.65963,1.36812,0.863462,2.06231,0,0,51821,0,1.79668,8,0,0,0.00104547,5.05564e-05,0,1.22079e-05,0.0224609,0.0224731,8,0.0224609
armadillo-rollers,tight,sweep,179vf,vf,15919,2.96916,0.613006,0.286423,0.289208,0,0,15915,0,1.00202,4,0,0,7.83533e-06,6.94747e-06,0,3.29603e-07,0.0502247,0.0502251,4,0.0502243
armadillo-rollers,tight,sweep,182ee,ee,52057,2.69451,1.32818,1.29385,5.59132,0,0,52022,0,1.99735,34,0,0,0.000302017,3.22832e-06,0,2.33575e-06,0.00282704,0.00282938,35,0.00282764
armadillo-rollers,tight,sweep,186ee,ee,86111,3.53708,1.43842,0.507697,6.25796,0,0,86023,0,1.83223,88,0,0,0.00032175,4.68735e-07,0,5.3866e-07,0.00233671,0.00233725,88,0.00233662
armadillo-rollers,tight,sweep,18ee,ee,157963,2.44466,1.30575,0.707499,4.02849,0,0,157927,0,2.10119,36,0,0,0.000167007,1.93567e-06,0,2.75877e-06,0.00612692,0.00612967,36,0.00612688
armadillo-rollers,tight,sweep,193ee,ee,60618,3.83227,1.41586,0.475122,5.00036,0,0,60575,0,1.79211,43,0,0,8.33211e-05,4.1757e-06,0,1.20101e-06,0.00437355,0.00437475,43,0.00437355
armadillo-rollers,tight,sweep,197ee,ee,48550,3.81204,1.34431,0.358677,3.92615,0,0,48523,0,1.68456,27,0,0,0.000135443,1.98502e-06,0,6.69781e-07,0.00141048,0.00141115,27,0.00141048
armadillo-rollers,tight,sweep,19vf,vf,50546,4.4022,0.687627,0.506513,0.758474,0,0,50540,0,1.0553,6,0,0,6.04696e-06,2.3169e-06,0,1.53353e-06,0.267323,0.267325,6,0.267323
armadillo-rollers,tight,sweep,203vf,vf,18050,3.78024,0.635277,0.481234,0.387988,0,0,18046,0,2.55941,4,0,0,1.40649e-05,3.74728e-06,0,2.09786e-06,0.0206536,0.0206557,4,0.0206542
armadillo-rollers,tight,sweep,207vf,vf,15228,3.71202,0.66414,0.309303,0.345557,0,0,15224,0,1.33689,4,0,0,3.25912e-05,4.2952e-06,0,3.36693e-06,0.0458746,0.045878,4,0.0458746
armadillo-rollers,tight,sweep,210vf,vf,14783,4.19091,0.957539,1.93901,3.08103,0,0,14769,0,2.56895,14,0,0,0.000164511,2.25646e-06,0,1.02004e-06,0.00194696,0.00194798,14,0.00194693
armadillo-rollers,tight,sweep,214vf,vf,17463,3.88702,1.18048,0.613774,0.90922,0,0,17456,0,2.21382,7,0,0,1.05304e-05,2.28321e-06,0,6.14693e-07,0.00241947,0.00242009,7,0.00241947
armadillo-rollers,tight,sweep,218ee,ee,57259,3.79387,2.46194,1.08291,14.4102,0,0,57141,0,3.85361,117,0,0,0.00155511,3.31359e-06,0,5.62279e-07,0.000527048,0.000527611,118,0.000527382
armadillo-rollers,tight,sweep,221ee,ee,58422,4.5853,2.4078,0.537871,11.9395,0,0,58328,0,6.12743,94,0,0,0.00113087,5.02115e-06,0,9.11131e-07,0.00057539,0.000576301,94,0.000574112
armadillo-rollers,tight,sweep,225ee,ee,69534,3.80091,2.23785,0.736426,5.47036,0,0,69493,0,2.60043,41,0,0,0.000103531,4.15884e-06,0,1.67369e-06,0.000816818,0.000818492,41,0.000816822
armadillo-rollers,tight,sweep,229ee,ee,303368,3.82683,2.44009,1.4013,36.7098,0,0,299350,0,33.7532,4015,0,0,0.00367297,3.52246e-07,0,4.44042e-08,2.86795e-05,2.87239e-05,4018,2.86102e-05
armadillo-rollers,tight,sweep,232ee,ee,74356,3.817,1.81623,0.974082,0.967523,0,0,74343,0,1.21091,13,0,0,5.49337e-05,2.20089e-06,0,1.56815e-06,0.00295019,0.00295176,13,0.00295019
armadillo-rollers,tight,sweep,235vf,vf,25746,3.78827,0.8002,0.51944,1.38594,0,0,25740,0,1.30086,6,0,0,1.99529e-05,9.58202e-06,0,9.58202e-06,0.077322,0.0773316,6,0.077322
armadillo-rollers,tight,sweep,239vf,vf,35150,3.73717,0.866918,0.555023,0.671595,0,0,35146,0,1.16941,4,0,0,2.00943e-05,3.87576e-06,0,4.04728e-06,0.228525,0.228529,4,0.228525
armadillo-rollers,tight,sweep,242vf,vf,50658,3.72667,0.898885,0.320342,0.848295,0,0,50648,0,1.51269,10,0,0,4.47485e-06,5.23562e-07,0,2.94722e-07,0.013407,0.0134073,10,0.013407
armadillo-rollers,tight,sweep,246vf,vf,34492,3.80869,1.01379,0.401908,1.3583,0,0,34485,0,1.57384,7,0,0,2.97204e-05,2.25818e-06,0,1.55805e-05,0.0296759,0.0296915,7,0.0296783
armadillo-rollers,tight,sweep,24vf,vf,51354,3.76251,0.727275,0.544687,2.0616,0,0,51336,0,1.57954,18,0,0,2.31918e-05,2.65447e-06,0,1.01883e-05,0.0533645,0.0533746,18,0.0533628
armadillo-rollers,tight,sweep,253vf,vf,35573,3.67451,0.849702,0.697867,4.11453,0,0,35546,0,2.1456,27,0,0,0.000286837,6.47282e-06,0,1.35935e-07,0.00767663,0.00767676,27,0.0076766
armadillo-rollers,tight,sweep,257ee,ee,116712,3.76402,1.73473,0.862022,27.5535,0,0,116593,0,4.47251,119,0,0,0.000626831,1.38228e-05,0,1.23575e-06,0.00168155,0.00168279,119,0.00168133
armadillo-rollers,tight,sweep,260ee,ee,118287,3.76328,1.82932,0.842214,6.4695,0,0,118237,0,3.23914,50,0,0,0.000846526,5.22592e-06,0,1.67428e-06,0.00157334,0.00157501,50,0.00157356
armadillo-rollers,tight,sweep,264ee,ee,130094,3.78344,1.80974,0.939908,26.2893,0,0,129930,0,4.67698,164,0,0,0.000662816,9.26199e-06,0,1.14507e-06,0.00103504,0.00103619,164,0.00103378
armadillo-rollers,tight,sweep,268ee,ee,130104,3.7764,1.89412,0.952483,28.1159,0,0,129968,0,7.93679,135,0,0,0.00192053,1.08612e-05,0,1.3119e-06,0.000800913,0.000802224,136,0.00080061
armadillo-rollers,tight,sweep,271ee,ee,131744,3.68005,1.88407,1.45973,25.1441,0,0,131671,0,4.48034,72,0,0,0.00222042,5.55073e-05,0,6.02838e-06,0.00370765,0.00371368,73,0.00370789
armadillo-rollers,tight,sweep,274vf,vf,42186,3.75605,1.06429,1.24774,28.539,0,0,42114,0,8.1546,70,0,0,0.00086114,6.84459e-05,0,2.05597e-06,0.0063467,0.00634876,72,0.0063467
armadillo-rollers,tight,sweep,278vf,vf,49349,3.7308,1.3773,0.851015,21.1267,0,0,49273,0,5.83666,75,0,0,0.00733316,1.34475e-05,0,2.81722e-06,0.0115823,0.0115851,76,0.0115829
armadillo-rollers,tight,sweep,281vf,vf,62328,3.72882,1.1912,2.26432,41.832,0,0,61881,0,15.0908,444,0,0,0.00169614,1.29778e-05,0,4.53623e-06,0.00212134,0.00212587,447,0.00212097
armadillo-rollers,tight,sweep,285vf,vf,54416,3.70107,1.11232,1.44648,32.8939,0,0,54302,0,7.18337,112,0,0,0.000654468,2.72935e-05,0,9.28782e-06,0.0070612,0.00707049,114,0.00706005
armadillo-rollers,tight,sweep,289vf,vf,56855,3.67205,1.03619,0.603694,28.5538,0,0,56757,0,7.17447,98,0,0,0.00179746,1.98183e-05,0,7.8245e-07,0.00656686,0.00656764,98,0.00656652
armadillo-rollers,tight,sweep,292ee,ee,175809,3.77502,2.02291,2.09719,35.5728,0,0,175708,0,7.41139,99,0,0,0.00133702,1.41111e-05,0,5.85604e-07,0.00252479,0.00252538,101,0.00252485
armadillo-rollers,tight,sweep,296ee,ee,175448,3.68501,1.92375,2.97943,46.9336,0,0,175277,0,17.574,169,0,0,0.012878,5.97218e-06,0,1.07236e-06,0.000519779,0.000520851,171,0.000519753
armadillo-rollers,tight,sweep,29ee,ee,257518,3.81819,1.45858,0.989858,2.52073,1,0,257507,0,1.73419,8,0,0,5.63906e-05,2.17776e-05,0,6.80206e-06,0.018605,0.0186118,11,0.0186033
armadillo-rollers,tight,sweep,303ee,ee,167165,3.71496,1.6036,1.89041,28.932,0,0,167027,0,6.90034,136,0,0,0.00388137,5.05125e-06,0,1.24051e-06,0.000627267,0.000628508,138,0.000627518
armadillo-rollers,tight,sweep,307ee,ee,168325,3.77902,1.72568,1.25958,52.2739,0,0,168145,0,14.9236,178,0,0,0.00202337,2.57083e-05,0,1.01208e-06,0.00228472,0.00228573,180,0.00228405
armadillo-rollers,tight,sweep,30vf,vf,132560,3.80209,1.03574,0.510128,15.3409,0,0,132469,0,7.76316,90,0,0,0.000189309,8.17785e-07,0,2.58555e-07,0.000885191,0.000885449,91,0.000885129
armadillo-rollers,tight,sweep,313vf,vf,57734,3.75474,0.940003,0.621742,31.6152,0,0,57491,0,6.01345,240,0,0,0.000914397,2.40586e-05,0,1.44336e-05,0.00500668,0.00502111,243,0.00500679
armadillo-rollers,tight,sweep,317vf,vf,77826,4.39404,1.27839,0.584463,35.8068,0,0,77445,0,6.87986,376,0,0,0.00160166,8.15464e-06,0,2.22502e-07,0.000854377,0.0008546,381,0.000854492
armadillo-rollers,tight,sweep,320vf,vf,205206,3.72789,2.81147,0.957251,21.6864,0,0,204474,0,5.83103,728,0,0,0.00156726,6.37497e-06,0,4.45086e-07,0.000239738,0.000240184,732,0.000239491
armadillo-rollers,tight,sweep,324vf,vf,181994,3.7796,1.97917,0.819975,16.2821,0,0,181495,0,5.91189,498,0,0,0.00034952,2.01915e-06,0,3.32151e-07,0.00165962,0.00165995,499,0.00165963
armadillo-rollers,tight,sweep,328vf,vf,275197,3.85169,1.93066,0.909189,9.94408,0,0,275046,0,2.28742,151,0,0,2.39899e-05,5.11374e-07,0,6.80178e-08,0.00330897,0.00330904,151,0.00330889
armadillo-rollers,tight,sweep,331ee,ee,316965,5.48905,2.75556,1.41804,13.1327,0,0,316884,0,3.59711,81,0,0,8.53844e-05,5.37763e-06,0,1.29164e-06,0.0186115,0.0186127,81,0.0186119
armadillo-rollers,tight,sweep,335ee,ee,69302,5.0891,2.22262,0.53256,33.3293,0,0,69090,0,3.06196,210,0,0,5.75602e-05,3.97559e-06,0,5.38282e-07,0.00644621,0.00644675,212,0.00644493
armadillo-rollers,tight,sweep,339ee,ee,103160,5.27437,1.92407,0.579214,15.9965,0,0,103040,0,2.74341,120,0,0,7.03927e-05,2.59912e-06,0,1.40484e-06,0.0241367,0.0241381,120,0.0241356
armadillo-rollers,tight,sweep,342ee,ee,82085,4.92052,1.85351,0.515985,30.9877,0,0,81623,0,5.63061,462,0,0,2.82453e-05,2.49657e-06,0,6.28255e-07,0.00203424,0.00203487,462,0.00203466
armadillo-rollers,tight,sweep,346ee,ee,57426,5.13661,1.82266,0.44517,12.4793,0,0,57330,0,2.51884,96,0,0,0.00012026,2.53543e-06,0,5.61142e-07,0.00321876,0.00321932,96,0.00321865
armadillo-rollers,tight,sweep,349vf,vf,14534,5.22362,0.759081,0.918693,3.75582,0,0,14520,0,2.21251,14,0,0,3.24729e-05,1.17943e-05,0,1.59288e-06,0.0074091,0.00741069,14,0.0074091
armadillo-rollers,tight,sweep,352vf,vf,12619,5.19121,0.809927,0.591662,3.13575,0,0,12600,0,1.02762,19,0,0,8.09834e-05,1.45245e-05,0,6.8381e-06,0.0480732,0.04808,19,0.0480733
armadillo-rollers,tight,sweep,356vf,vf,14706,5.10625,0.713387,0.377332,5.23687,0,0,14656,0,1.30444,50,0,0,3.26195e-05,3.0384e-06,0,1.76962e-06,0.0249038,0.0249055,50,0.0249038
armadillo-rollers,tight,sweep,35vf,vf,216958,5.21975,2.10384,0.731946,1.12477,0,0,216931,0,1.19193,27,0,0,1.9609e-06,3.75639e-07,0,3.83044e-07,0.00599041,0.00599079,27,0.00599051
armadillo-rollers,tight,sweep,363vf,vf,106090,5.41715,1.51019,0.818984,1.00787,0,0,106074,0,1.14915,16,0,0,1.06332e-05,7.02483e-07,0,7.09454e-08,0.00788705,0.00788712,16,0.00788701
armadillo-rollers,tight,sweep,367ee,ee,218489,5.56646,1.70721,0.946147,8.76905,0,0,218361,0,1.83963,128,0,0,0.000126601,6.2214e-07,0,5.50952e-07,0.00937937,0.00937992,128,0.00937843
armadillo-rollers,tight,sweep,370ee,ee,123009,5.10318,1.62549,0.618253,4.30013,0,0,122947,0,1.42549,62,0,0,1.33985e-05,1.41297e-06,0,6.08662e-07,0.00220063,0.00220123,62,0.0022006
armadillo-rollers,tight,sweep,374ee,ee,42205,5.2193,1.6884,0.888966,3.32275,0,0,42164,0,1.42018,41,0,0,0.000283211,1.52927e-06,0,1.46718e-08,0.00125821,0.00125823,41,0.0012579
armadillo-rollers,tight,sweep,378ee,ee,48991,5.08333,1.6756,0.515088,2.12253,0,0,48947,0,1.40937,44,0,0,4.75756e-05,6.08649e-07,0,7.56988e-07,0.00481131,0.00481207,44,0.00481129
armadillo-rollers,tight,sweep,381ee,ee,47719,5.55644,1.73777,0.621997,4.96187,0,0,47601,0,1.40284,118,0,0,2.37909e-05,4.96665e-07,0,8.49015e-08,0.0009417,0.000941785,118,0.000941753
armadillo-rollers,tight,sweep,384vf,vf,13419,5.02087,0.782312,0.289368,0.411379,0,0,13415,0,1.09395,4,0,0,5.99359e-05,5.70009e-07,0,4.03583e-07,0.00623815,0.00623855,4,0.00623798
armadillo-rollers,tight,sweep,388vf,vf,17036,5.30227,0.784168,2.13226,4.77323,0,0,17019,0,3.32806,16,0,0,0.000259075,1.94418e-06,0,8.62124e-07,0.0158499,0.0158507,17,0.0158501
armadillo-rollers,tight,sweep,391vf,vf,17561,5.74952,0.7962,0.612014,3.94839,0,0,17524,0,2.1681,37,0,0,0.000119545,1.17896e-06,0,4.70482e-07,0.00730396,0.00730443,37,0.00730371
armadillo-rollers,tight,sweep,395vf,vf,22790,4.98507,0.801224,0.2462,2.29824,0,0,22764,0,1.69915,26,0,0,0.000105411,3.05279e-06,0,3.21529e-07,0.00658763,0.00658795,26,0.00658751
armadillo-rollers,tight,sweep,399vf,vf,28190,4.89672,0.940196,0.849254,6.80405,0,0,28110,0,2.57836,80,0,0,0.000128987,1.51709e-06,0,4.17648e-07,0.00895098,0.0089514,80,0.00895119
armadillo-rollers,tight,sweep,42ee,ee,335997,5.17415,2.8947,1.28147,0.851398,0,0,335985,0,1.466,12,0,0,7.2785e-06,1.15468e-06,0,5.85207e-07,0.00885717,0.00885775,12,0.00885677
armadillo-rollers,tight,sweep,45vf,vf,220522,5.0194,2.07799,0.760681,1.57365,0,0,220513,0,0.934244,9,0,0,2.98217e-05,5.24933e-06,0,1.18203e-05,0.044589,0.0446009,9,0.044589
armadillo-rollers,tight,sweep,49vf,vf,60782,5.07287,2.19734,0.484529,2.70853,1,0,60774,0,2.51698,7,0,0,0.000197534,2.36674e-05,0,3.18469e-06,0.00484035,0.00484354,8,0.0048399
armadillo-rollers,tight,sweep,53ee,ee,78081,5.01268,1.32834,0.545072,1.63979,0,0,78065,0,1.52447,16,0,0,2.81136e-05,1.05962e-06,0,1.40498e-06,0.00314894,0.00315035,16,0.00314903
armadillo-rollers,tight,sweep,57ee,ee,127303,5.33626,2.36649,0.793544,2.23084,0,0,127275,0,1.42415,27,0,0,1.69745e-05,3.28104e-06,0,4.37643e-06,0.00984107,0.00984545,28,0.00984097
armadillo-rollers,tight,sweep,60ee,ee,154944,5.29606,2.47269,0.850054,2.74337,0,0,154914,0,2.13584,30,0,0,2.06404e-05,1.65851e-06,0,1.5835e-06,0.0183593,0.0183608,30,0.0183592
armadillo-rollers,tight,sweep,63vf,vf,42577,5.18621,1.03495,0.277751,4.02782,0,0,42500,0,1.06131,75,0,0,1.45625e-05,1.06836e-06,0,8.99002e-07,0.00477055,0.00477144,77,0.00477076
armadillo-rollers,tight,sweep,67vf,vf,19961,5.08132,0.764041,0.539664,2.50565,0,0,19926,0,1.11024,33,0,0,5.25252e-05,1.20202e-06,0,1.21297e-06,0.00504051,0.00504172,35,0.00504017
armadillo-rollers,tight,sweep,70vf,vf,26179,5.77714,1.02477,0.799592,5.3447,0,0,26112,0,1.4854,65,0,0,2.64281e-05,1.36578e-06,0,4.02729e-07,0.0032041,0.00320451,67,0.00320435
armadillo-rollers,tight,sweep,74vf,vf,16046,5.23661,1.07862,0.472978,2.08934,1,0,16027,0,1.29359,14,0,0,6.29761e-05,5.57887e-06,0,0.0145067,0,0.0145067,19,0
armadillo-rollers,tight,sweep,78vf,vf,27297,5.50108,0.783208,0.25468,0.575214,1,0,27292,0,0.794249,4,0,0,1.73305e-05,2.36941e-06,0,0.010025,0,0.010025,5,0
armadillo-rollers,tight,sweep,81ee,ee,134694,5.10001,1.42188,0.799656,1.75537,0,0,134678,0,1.89661,16,0,0,7.47494e-05,1.48671e-06,0,3.53781e-06,0.0452313,0.0452349,16,0.0452318
armadillo-rollers,tight,sweep,85ee,ee,195005,5.10778,1.44933,0.851878,2.87316,0,0,194969,0,1.44242,36,0,0,3.71529e-05,1.88432e-06,0,1.06367e-06,0.0012962,0.00129727,36,0.00129652
armadillo-rollers,tight,sweep,89ee,ee,236507,5.29837,1.34415,0.936036,6.12519,0,0,236453,0,1.7507,54,0,0,0.00022224,4.40194e-06,0,5.67508e-06,0.0019207,0.00192638,54,0.0019207
armadillo-rollers,tight,sweep,93ee,ee,220161,5.1922,1.51835,0.903749,9.93109,0,0,220122,0,2.6156,39,0,0,0.000409077,9.12297e-06,0,7.82286e-07,0.00272545,0.00272623,39,0.0027256
armadillo-rollers,tight,sweep,97ee,ee,207900,5.21024,1.41097,3.15738,11.7644,0,0,207822,0,3.96206,77,0,0,0.000235339,2.68574e-06,0,8.82471e-07,0.00044442,0.000445302,78,0.000444412
cloth-ball,tight,cell2d,22ee,ee,93162,1.19047,3.85228,0.511282,0.078685,0,0,93161,0,0.545266,1,0,0,1.53307e-07,1.53307e-07,0,1.53307e-07,0.930994,0.930994,1,0.930994
cloth-ball,tight,cell2d,23ee,ee,75461,6.02042,4.22907,0.485171,0.193051,0,0,75460,0,0.504499,1,0,0,2.24712e-07,2.24712e-07,0,2.24712e-07,0.810556,0.810557,1,0.810556
cloth-ball,tight,cell2d,25ee,ee,55367,4.32206,4.20767,0.34975,0.080254,0,0,55366,0,0.365911,1,0,0,2.2345e-07,2.2345e-07,0,2.2345e-07,0.124038,0.124038,1,0.124038
cloth-ball,tight,cell2d,47ee,ee,142929,4.49569,8.2098,0.755532,0.122109,0,0,142928,0,0.725261,1,0,0,1.39292e-07,1.39292e-07,0,1.39292e-07,0.923549,0.923549,1,0.923549
cloth-ball,tight,cell2d,50ee,ee,204121,4.63754,7.55311,0.906217,0.119069,0,0,204120,0,1.06448,1,0,0,2.09448e-07,2.09448e-07,0,2.09448e-07,0.0871633,0.0871635,1,0.0871633
cloth-ball,tight,cell2d,55ee,ee,292910,4.63089,7.4712,1.3015,0.077662,0,0,292909,0,1.42716,1,0,0,1.67018e-07,1.67018e-07,0,1.67018e-07,0.85804,0.85804,1,0.85804
cloth-ball,tight,cell2d,56ee,ee,402049,4.77504,8.39216,1.62533,0.083741,0,0,402048,0,1.81128,1,0,0,2.28421e-07,2.28421e-07,0,2.28421e-07,0.392759,0.392759,1,0.392759
cloth-ball,tight,cell2d,57ee,ee,553184,4.68868,7.89429,2.12737,2.79935,0,0,553150,0,2.63158,34,0,0,1.51067e-06,3.81027e-07,0,2.44043e-07,0.189111,0.189112,34,0.189111
cloth-ball,tight,cell2d,57vf,vf,174686,1.56588,6.01171,0.697518,0.388086,0,0,174679,0,0.746028,7,0,0,4.43212e-07,3.1466e-07,0,2.26385e-07,0.198356,0.198356,7,0.198356
cloth-ball,tight,cell2d,58ee,ee,677743,4.79498,7.61215,2.6519,17.0594,0,0,677562,0,4.33198,181,0,0,2.70035e-06,3.5091e-07,0,4.35625e-07,0.0177579,0.0177583,181,0.0177574
cloth-ball,tight,cell2d,58vf,vf,217433,4.92515,5.6076,0.922312,3.16382,0,0,217399,0,1.11469,34,0,0,2.67217e-06,3.36691e-07,0,4.27581e-07,0.115568,0.115568,34,0.115568
cloth-ball,tight,cell2d,59ee,ee,813886,4.65588,8.13991,3.12616,20.016,0,0,813446,0,5.26437,440,0,0,3.56329e-06,3.14118e-07,0,1.51128e-07,0.00709703,0.00709718,440,0.00709677
cloth-ball,tight,cell2d,59vf,vf,263782,5.09286,5.16594,1.0457,6.56578,0,0,263694,0,1.49999,88,0,0,1.17018e-06,3.00868e-07,0,3.14383e-07,0.0249849,0.0249852,88,0.0249844
cloth-ball,tight,cell2d,60ee,ee,1077546,4.68631,7.86981,3.95676,24.0906,0,0,1076584,0,7.79493,962,0,0,5.81415e-06,3.16899e-07,0,2.19467e-07,0.00873833,0.00873855,962,0.00873804
cloth-ball,tight,cell2d,60vf,vf,360239,4.63917,4.90925,1.38816,9.88038,0,0,360036,0,2.0731,203,0,0,2.39565e-06,2.88344e-07,0,3.29584e-08,0.061102,0.061102,203,0.0611019
cloth-ball,tight,cell2d,61ee,ee,1426132,4.13429,7.86911,5.14614,31.5737,0,0,1422837,0,13.2595,3295,0,0,9.49728e-06,2.6967e-07,0,3.54506e-07,0.00113774,0.00113809,3295,0.00113726
cloth-ball,tight,cell2d,61vf,vf,487788,4.74682,4.53726,1.74587,11.4508,0,0,487152,0,3.35761,636,0,0,2.26154e-06,2.38049e-07,0,2.12131e-07,0.0118908,0.011891,636,0.0118906
cloth-ball,tight,cell2d,62ee,ee,2016457,4.15592,7.68981,7.07364,41.7479,0,0,2010540,0,19.5207,5917,0,0,1.87306e-05,3.18036e-07,0,3.77201e-08,0.000557266,0.000557304,5917,0.000557184
cloth-ball,tight,cell2d,62vf,vf,711484,4.50366,4.08949,2.41862,14.2726,0,0,710312,0,4.85363,1172,0,0,8.92782e-06,2.67785e-07,0,1.08951e-07,0.00128874,0.00128885,1172,0.00128865
cloth-ball,tight,cell2d,63ee,ee,2949103,4.09202,9.89708,9.86547,35.0471,0,0,2941276,0,24.4976,7827,0,0,1.07755e-05,3.30351e-07,0,2.36165e-07,0.000240694,0.00024093,7827,0.000240445
cloth-ball,tight,cell2d,63vf,vf,1079584,4.27163,3.71078,3.45271,12.0306,0,0,1077958,0,6.65541,1626,0,0,3.93582e-06,2.88482e-07,0,1.09177e-06,0.000689463,0.000690554,1626,0.000688076
cloth-ball,tight,cell2d,64ee,ee,3804130,4.2301,11.5465,12.5088,27.6989,0,0,3793044,0,31.2477,11086,0,0,3.13486e-05,3.16858e-07,0,2.97263e-07,2.14541e-05,2.17513e-05,11086,2.12193e-05
cloth-ball,tight,cell2d,64vf,vf,1414679,4.06194,3.75597,4.38155,14.0563,0,0,1412471,0,8.77731,2208,0,0,1.05311e-05,2.86975e-07,0,3.13327e-07,0.00110717,0.00110748,2208,0.0011065
cloth-ball,tight,cell2d,65ee,ee,4239673,4.27141,15.0211,14.0361,28.8197,0,0,4223323,0,39.1126,16350,0,0,1.82526e-05,2.99943e-07,0,1.51547e-07,0.000112815,0.000112967,16350,0.000112534
cloth-ball,tight,cell2d,65vf,vf,1572147,4.00623,3.92377,4.81571,14.3445,0,0,1568962,0,11.6031,3185,0,0,1.42209e-05,2.73003e-07,0,2.82352e-07,0.000548536,0.000548819,3185,0.000548601
cloth-ball,tight,cell2d,66ee,ee,4852404,4.17663,18.1968,16.1002,47.8654,0,0,4833074,0,46.3091,19329,0,0,1.36364e-05,2.96184e-07,0,9.37219e-08,0.000158927,0.000159021,19330,0.000158787
cloth-ball,tight,cell2d,66vf,vf,1802633,4.0334,4.83162,5.47893,18.4282,0,0,1798776,0,13.3365,3857,0,0,7.44397e-06,2.6443e-07,0,2.27428e-08,0.000152532,0.000152554,3857,0.000152349
cloth-ball,tight,cell2d,67ee,ee,5689944,4.25682,22.2065,18.8563,44.4238,0,0,5667846,0,52.8756,22097,0,0,0.000192801,2.87697e-07,0,2.44222e-06,2.17548e-05,2.4197e-05,22098,1.83582e-05
cloth-ball,tight,cell2d,67vf,vf,2126413,5.43298,5.59387,6.43343,13.6223,0,0,2122157,0,17.1244,4256,0,0,1.62156e-05,2.53776e-07,0,1.30644e-07,8.03232e-05,8.04539e-05,4256,8.02279e-05
cloth-ball,tight,cell2d,68ee,ee,6476896,4.04649,25.4436,21.3566,43.7202,0,0,6456635,0,52.9022,20261,0,0,2.31303e-05,3.18002e-07,0,5.60747e-07,2.17569e-05,2.23177e-05,20261,2.07424e-05
cloth-ball,tight,cell2d,68vf,vf,2431467,5.38431,6.64533,7.41216,17.0032,0,0,2427602,0,20.4451,3865,0,0,2.05652e-05,2.78275e-07,0,4.165e-08,0.000100931,0.000100973,3865,0.000100851
cloth-ball,tight,cell2d,69ee,ee,6751331,5.07459,26.7231,22.3646,49.1294,1,0,6729561,0,54.7289,21769,0,0,2.038e-05,3.06672e-07,0,9.12847e-08,4.16061e-05,4.16973e-05,21770,4.13656e-05
cloth-ball,tight,cell2d,69vf,vf,2526777,5.85511,6.79902,7.76713,16.8246,0,0,2522725,0,34.2475,4051,0,0,8.56904e-06,2.67986e-07,0,1.38329e-07,0.000197017,0.000197155,4052,0.000196934
cloth-ball,tight,cell2d,70ee,ee,6693030,4.77939,28.9221,20.5238,34.3205,0,0,6673914,0,49.5508,19112,0,0,3.29796e-05,3.02891e-07,0,1.66244e-07,0,1.66244e-07,19116,0
cloth-ball,tight,cell2d,70vf,vf,2494148,5.55605,7.05876,7.63618,12.9215,0,0,2490582,0,13.1923,3565,0,0,1.34795e-05,2.67299e-07,0,5.12355e-08,0.000116914,0.000116965,3566,0.000116825
cloth-ball,tight,cell2d,71ee,ee,6122649,4.93686,27.5725,20.6813,38.5585,0,0,6101323,0,53.6885,21323,0,0,3.29026e-05,2.88942e-07,0,8.79031e-08,3.5242e-05,3.53299e-05,21326,3.49283e-05
cloth-ball,tight,cell2d,71vf,vf,2247521,6.39286,7.08618,7.00935,14.371,0,0,2243466,0,18.145,4054,0,0,1.88597e-05,2.54846e-07,0,5.96129e-08,1.25805e-05,1.26401e-05,4055,1.2517e-05
cloth-ball,tight,cell2d,72ee,ee,5360502,5.17974,26.7647,18.5631,43.6961,0,0,5338812,0,46.4124,21689,0,0,2.78849e-05,2.80939e-07,0,1.86162e-07,2.55503e-05,2.57365e-05,21690,2.51532e-05
cloth-ball,tight,cell2d,72vf,vf,1929809,5.52974,7.69484,6.14682,16.2963,0,0,1925720,0,18.9244,4089,0,0,7.11089e-06,2.53146e-07,0,3.01143e-08,4.60236e-05,4.60538e-05,4089,4.60148e-05
cloth-ball,tight,cell2d,73ee,ee,4482728,5.39266,25.5477,16.7072,27.9903,0,0,4463939,0,40.3233,18789,0,0,3.01405e-05,2.8631e-07,0,9.4446e-08,0.000115063,0.000115158,18789,0.000114799
cloth-ball,tight,cell2d,73vf,vf,1569765,6.06957,7.85074,5.16953,11.6746,0,0,1566112,0,17.1291,3653,0,0,7.68216e-06,2.5635e-07,0,3.17018e-07,2.41152e-05,2.44322e-05,3653,2.38419e-05
cloth-ball,tight,cell2d,74ee,ee,3843725,5.21263,25.4095,14.0278,30.398,0,0,3824388,0,38.1838,19337,0,0,1.52563e-05,2.65335e-07,0,1.46087e-07,2.59108e-05,2.60569e-05,19337,2.57492e-05
cloth-ball,tight,cell2d,74vf,vf,1316922,5.57406,7.89231,4.51166,11.9907,0,0,1313249,0,13.3199,3673,0,0,5.0527e-06,2.39293e-07,0,1.72014e-08,0.00122315,0.00122316,3673,0.00122309
cloth-ball,tight,cell2d,75ee,ee,3397981,5.22012,22.4161,12.4673,22.5984,0,0,3385426,0,26.0048,12555,0,0,3.72029e-05,2.91697e-07,0,1.55363e-07,0.000411249,0.000411404,12555,0.000411034
cloth-ball,tight,cell2d,75vf,vf,1144734,5.47934,8.13732,3.98527,12.757,0,0,1142424,0,11.321,2310,0,0,3.31131e-05,2.70562e-07,0,2.23871e-07,0.00019664,0.000196864,2310,0.000196457
cloth-ball,tight,cell2d,76ee,ee,3077110,5.15708,21.7633,11.3648,17.4734,0,0,3069214,0,20.4138,7896,0,0,2.75756e-05,3.71561e-07,0,4.32305e-07,7.87664e-05,7.91987e-05,7896,7.79629e-05
cloth-ball,tight,cell2d,76vf,vf,1021601,5.60046,8.39831,3.61123,7.76677,0,0,1020262,0,7.8819,1339,0,0,1.7323e-05,3.24309e-07,0,3.51441e-07,0.00214939,0.00214974,1339,0.00214911
cloth-ball,tight,cell2d,77ee,ee,2915628,6.2647,21.5302,10.9358,17.6959,0,0,2905869,0,20.9946,9759,0,0,0.000168394,3.29666e-07,0,5.91666e-08,2.17794e-05,2.18386e-05,9759,2.16961e-05
cloth-ball,tight,cell2d,77vf,vf,963888,5.65137,8.70214,3.46416,8.41635,0,0,962143,0,10.2779,1745,0,0,5.96067e-06,2.97311e-07,0,3.34414e-07,0.0017591,0.00175943,1745,0.0017581
cloth-ball,tight,cell2d,78ee,ee,2864389,6.11085,21.9011,10.8235,16.4304,0,0,2851808,0,23.3051,12581,0,0,4.70147e-05,2.71893e-07,0,1.04987e-07,7.81996e-05,7.83046e-05,12581,7.79629e-05
cloth-ball,tight,cell2d,78vf,vf,947065,5.63592,8.91401,3.43463,7.67894,0,0,944840,0,12.0728,2225,0,0,8.30693e-06,2.58714e-07,0,1.00743e-07,0.000849201,0.000849302,2225,0.000849009
cloth-ball,tight,cell2d,79ee,ee,2775535,6.09526,23.6233,10.5148,17.8251,0,0,2764718,0,22.0792,10817,0,0,6.12708e-05,2.77829e-07,0,2.73849e-07,6.19054e-05,6.21793e-05,10817,6.1512e-05
cloth-ball,tight,cell2d,79vf,vf,913895,5.81438,9.2692,3.32353,8.64838,0,0,911879,0,6.22163,2016,0,0,1.73053e-05,2.60552e-07,0,3.61992e-08,0.00072327,0.000723306,2016,0.000723243
cloth-ball,tight,cell2d,80ee,ee,2836713,6.17897,22.6031,11.2286,20.4947,0,0,2825388,0,23.6734,11323,0,0,1.5655e-05,2.71939e-07,0,8.1432e-08,0.000236094,0.000236176,11325,0.000236034
cloth-ball,tight,cell2d,80vf,vf,935635,5.70718,9.60122,3.41377,6.90532,0,0,933489,0,6.96727,2146,0,0,4.79818e-06,2.38319e-07,0,8.59244e-08,0.0037562,0.00375628,2146,0.00375605
cloth-ball,tight,cell2d,81ee,ee,2830785,6.15763,24.3743,10.7665,17.5173,0,0,2819669,0,22.5653,11116,0,0,2.46784e-05,2.67444e-07,0,1.2711e-07,5.2415e-05,5.25421e-05,11116,5.23329e-05
cloth-ball,tight,cell2d,81vf,vf,927924,5.65956,10.077,3.40282,8.27239,0,0,925837,0,5.81969,2087,0,0,9.65595e-06,2.4678e-07,0,5.37128e-08,7.3866e-05,7.39197e-05,2087,7.37906e-05
cloth-ball,tight,cell2d,82ee,ee,2910424,6.07251,24.4874,11.016,18.3668,0,0,2901522,0,21.4461,8902,0,0,1.80337e-05,2.80064e-07,0,2.73521e-07,9.33315e-05,9.36051e-05,8902,9.33409e-05
cloth-ball,tight,cell2d,82vf,vf,949767,5.78014,10.4836,3.45354,7.84991,0,0,948077,0,5.99475,1690,0,0,3.47186e-06,2.58728e-07,0,1.06145e-07,0.000974008,0.000974114,1690,0.000973701
cloth-ball,tight,cell2d,83ee,ee,2987261,6.15261,23.6721,11.2522,17.6084,0,0,2982068,0,18.4489,5193,0,0,2.66115e-05,3.3254e-07,0,8.62464e-08,0.000201488,0.000201574,5193,0.000201225
cloth-ball,tight,cell2d,83vf,vf,969694,6.21152,10.4412,3.50845,7.94363,0,0,968780,0,14.61,914,0,0,5.45018e-06,2.97485e-07,0,1.93641e-07,0.00239953,0.00239972,914,0.00239921
cloth-ball,tight,cell2d,84ee,ee,3119377,6.22832,23.5157,11.7483,17.6625,0,0,3115429,0,17.2708,3948,0,0,2.56074e-05,3.89434e-07,0,8.66519e-08,0.000100126,0.000100213,3948,9.97782e-05
cloth-ball,tight,cell2d,84vf,vf,1011306,6.11075,10.3844,3.66563,6.50364,0,0,1010753,0,17.2403,553,0,0,5.53975e-06,3.44239e-07,0,4.69882e-07,0.00650311,0.00650358,553,0.00650287
cloth-ball,tight,cell2d,85ee,ee,3222564,5.44149,23.0667,12.1746,16.723,0,0,3218179,0,18.0665,4385,0,0,1.31271e-05,3.94602e-07,0,6.84242e-08,2.90526e-05,2.91211e-05,4385,2.89679e-05
cloth-ball,tight,cell2d,85vf,vf,1041160,5.68888,10.6108,3.77107,6.91393,0,0,1040460,0,10.786,700,0,0,5.81867e-06,3.85447e-07,0,1.64631e-07,0.00437785,0.00437801,700,0.0043776
cloth-ball,tight,cell2d,86ee,ee,3347903,5.76625,23.1888,12.8325,15.5425,0,0,3339942,0,23.379,7961,0,0,2.71364e-05,2.75067e-07,0,6.59863e-08,3.1437e-05,3.1503e-05,7961,3.12328e-05
cloth-ball,tight,cell2d,86vf,vf,1076950,6.04631,10.0248,3.94111,6.83957,0,0,1075505,0,15.8115,1445,0,0,5.52735e-06,2.62496e-07,0,4.62155e-08,0.000480229,0.000480275,1445,0.000480056
cloth-ball,tight,cell2d,87ee,ee,3522105,5.82167,22.581,13.6691,16.0633,0,0,3512042,0,23.7183,10063,0,0,3.83242e-05,2.55651e-07,0,1.78096e-07,7.0662e-05,7.08401e-05,10063,7.03335e-05
cloth-ball,tight,cell2d,87vf,vf,1131097,5.96151,10.0853,4.17602,6.55909,0,0,1129323,0,16.1971,1774,0,0,3.50217e-05,2.35244e-07,0,7.33837e-08,0.000161959,0.000162032,1774,0.000161886
cloth-ball,tight,cell2d,88ee,ee,3705732,5.84993,22.5509,14.4306,15.8918,0,0,3692966,0,25.6997,12766,0,0,3.00133e-05,2.44129e-07,0,3.22252e-06,0.000187873,0.000191095,12766,0.000184059
cloth-ball,tight,cell2d,88vf,vf,1187237,5.83505,9.98067,4.33944,6.74133,0,0,1184855,0,9.49994,2382,0,0,5.56419e-06,2.2673e-07,0,1.64903e-07,0.000614762,0.000614926,2382,0.000614643
cloth-ball,tight,cell2d,89ee,ee,3916295,5.73364,24.5568,15.4146,19.4159,0,0,3897178,0,31.5574,19117,0,0,2.49381e-05,2.41704e-07,0,1.51731e-07,1.54718e-05,1.56235e-05,19117,1.52588e-05
cloth-ball,tight,cell2d,89vf,vf,1249990,6.10285,10.1699,4.61393,7.66022,0,0,1246311,0,9.20245,3679,0,0,4.56075e-05,2.32215e-07,0,6.00367e-08,0.000960804,0.000960864,3679,0.000960708
cloth-ball,tight,cell2d,90ee,ee,4210043,6.04643,25.4688,16.9118,24.108,0,0,4180824,0,40.3172,29219,0,0,3.10472e-05,2.24196e-07,0,1.24147e-07,2.61664e-05,2.62906e-05,29219,2.57492e-05
cloth-ball,tight,cell2d,90vf,vf,1340531,5.91748,9.59546,4.98464,8.85897,0,0,1334816,0,10.522,5715,0,0,2.20605e-05,2.18863e-07,0,6.23539e-08,0.000298159,0.000298222,5715,0.000298083
cloth-ball,tight,cell2d,91ee,ee,4569239,6.3605,25.542,18.7537,36.8833,0,0,4513800,0,59.3374,55439,0,0,2.88795e-05,1.92001e-07,0,1.68772e-07,7.63742e-06,7.80619e-06,55439,7.39098e-06
cloth-ball,tight,cell2d,91vf,vf,1452086,4.77223,9.51402,5.40386,9.73955,0,0,1440808,0,16.1684,11278,0,0,0.0001041,1.89363e-07,0,2.33175e-08,0.000131077,0.0001311,11278,0.000131011
cloth-ball,tight,cell2d,92ee,ee,5197332,4.77236,27.6653,21.8727,58.9726,0,0,5102507,0,88.6371,94822,0,0,4.03822e-05,1.85304e-07,0,1.82064e-08,7.47386e-06,7.49207e-06,94825,7.45058e-06
cloth-ball,tight,cell2d,92vf,vf,1655541,5.22044,9.52423,6.22681,14.8889,0,0,1636507,0,22.3158,19032,0,0,7.20258e-05,1.82394e-07,0,8.9015e-08,0.000147593,0.000147682,19034,0.000147104
cloth-ball,tight,cell2d,22ee,ee,93162,1.47235,3.96338,0.481267,0.085854,0,0,93161,0,0.527603,1,0,0,1.53307e-07,1.53307e-07,0,1.53307e-07,0.930994,0.930994,1,0.930994
cloth-ball,tight,cell2d,23ee,ee,75461,5.75617,4.61495,0.445972,0.17158,0,0,75460,0,0.508243,1,0,0,2.24712e-07,2.24712e-07,0,2.24712e-07,0.810556,0.810557,1,0.810556
cloth-ball,tight,cell2d,25ee,ee,55367,6.70635,4.18802,0.356183,0.116829,0,0,55366,0,0.391477,1,0,0,2.2345e-07,2.2345e-07,0,2.2345e-07,0.124038,0.124038,1,0.124038
cloth-ball,tight,cell2d,47ee,ee,142929,5.17388,7.94882,0.701742,0.123037,0,0,142928,0,0.849897,1,0,0,1.39292e-07,1.39292e-07,0,1.39292e-07,0.923549,0.923549,1,0.923549
cloth-ball,tight,cell2d,50ee,ee,204121,4.65175,7.26071,0.916904,0.127996,0,0,204120,0,0.988646,1,0,0,2.09448e-07,2.09448e-07,0,2.09448e-07,0.0871633,0.0871635,1,0.0871633
cloth-ball,tight,cell2d,55ee,ee,292910,4.61082,7.36346,1.32128,0.083709,0,0,292909,0,1.39516,1,0,0,1.67018e-07,1.67018e-07,0,1.67018e-07,0.85804,0.85804,1,0.85804
cloth-ball,tight,cell2d,56ee,ee,402049,4.82298,8.19463,1.64194,0.094686,0,0,402048,0,1.77199,1,0,0,2.28421e-07,2.28421e-07,0,2.28421e-07,0.392759,0.392759,1,0.392759
cloth-ball,tight,cell2d,57ee,ee,553184,4.68666,7.81176,2.17201,2.82885,0,0,553150,0,2.63923,34,0,0,1.51067e-06,3.81027e-07,0,2.44043e-07,0.189111,0.189112,34,0.189111
cloth-ball,tight,cell2d,57vf,vf,174686,1.93969,5.98983,0.751788,0.408342,0,0,174679,0,0.755084,7,0,0,4.43212e-07,3.1466e-07,0,2.26385e-07,0.198356,0.198356,7,0.198356
cloth-ball,tight,cell2d,58ee,ee,677743,4.23336,7.37533,2.63798,17.0942,0,0,677562,0,4.39944,181,0,0,2.70035e-06,3.5091e-07,0,4.35625e-07,0.0177579,0.0177583,181,0.0177574
cloth-ball,tight,cell2d,58vf,vf,217433,5.41275,5.52453,0.88868,3.15947,0,0,217399,0,1.15731,34,0,0,2.67217e-06,3.36691e-07,0,4.27581e-07,0.115568,0.115568,34,0.115568
cloth-ball,tight,cell2d,59ee,ee,813886,4.28011,7.80591,3.18968,20.0367,0,0,813446,0,5.24261,440,0,0,3.56329e-06,3.14118e-07,0,1.51128e-07,0.00709703,0.00709718,440,0.00709677
cloth-ball,tight,cell2d,59vf,vf,263782,4.74925,5.1431,1.07082,6.52271,0,0,263694,0,1.34752,88,0,0,1.17018e-06,3.00868e-07,0,3.14383e-07,0.0249849,0.0249852,88,0.0249844
cloth-ball,tight,cell2d,60ee,ee,1077546,4.20978,7.67465,3.95254,23.9318,0,0,1076584,0,7.87067,962,0,0,5.81415e-06,3.16899e-07,0,2.19467e-07,0.00873833,0.00873855,962,0.00873804
cloth-ball,tight,cell2d,60vf,vf,360239,4.12031,4.89286,1.37075,10.0003,0,0,360036,0,1.95931,203,0,0,2.39565e-06,2.88344e-07,0,3.29584e-08,0.061102,0.061102,203,0.0611019
cloth-ball,tight,cell2d,61ee,ee,1426132,3.89302,7.75336,5.1263,31.6171,0,0,1422837,0,13.0826,3295,0,0,9.49728e-06,2.6967e-07,0,3.54506e-07,0.00113774,0.00113809,3295,0.00113726
cloth-ball,tight,cell2d,61vf,vf,487788,4.15823,4.45479,1.72357,11.467,0,0,487152,0,3.28158,636,0,0,2.26154e-06,2.38049e-07,0,2.12131e-07,0.0118908,0.011891,636,0.0118906
cloth-ball,tight,cell2d,62ee,ee,2016457,3.70038,7.44221,7.03626,42.1429,0,0,2010540,0,19.4601,5917,0,0,1.87306e-05,3.18036e-07,0,3.77201e-08,0.000557266,0.000557304,5917,0.000557184
cloth-ball,tight,cell2d,62vf,vf,711484,3.95202,3.98006,2.41862,14.2719,0,0,710312,0,4.84743,1172,0,0,8.92782e-06,2.67785e-07,0,1.08951e-07,0.00128874,0.00128885,1172,0.00128865
cloth-ball,tight,cell2d,63ee,ee,2949103,3.75449,9.99635,9.87651,35.089,0,0,2941276,0,24.4281,7827,0,0,1.07755e-05,3.30351e-07,0,2.36165e-07,0.000240694,0.00024093,7827,0.000240445
cloth-ball,tight,cell2d,63vf,vf,1079584,3.90819,3.61533,3.449,11.9704,0,0,1077958,0,6.66187,1626,0,0,3.93582e-06,2.88482e-07,0,1.09177e-06,0.000689463,0.000690554,1626,0.000688076
cloth-ball,tight,cell2d,64ee,ee,3804130,3.81798,11.5008,12.4613,27.8918,0,0,3793044,0,31.5842,11086,0,0,3.13486e-05,3.16858e-07,0,2.97263e-07,2.14541e-05,2.17513e-05,11086,2.12193e-05
cloth-ball,tight,cell2d,64vf,vf,1414679,3.88732,3.58307,4.40708,14.0474,0,0,1412471,0,8.2689,2208,0,0,1.05311e-05,2.86975e-07,0,3.13327e-07,0.00110717,0.00110748,2208,0.0011065
cloth-ball,tight,cell2d,65ee,ee,4239673,3.80496,15.0931,13.9544,28.8127,0,0,4223323,0,38.9673,16350,0,0,1.82526e-05,2.99943e-07,0,1.51547e-07,0.000112815,0.000112967,16350,0.000112534
cloth-ball,tight,cell2d,65vf,vf,1572147,3.72685,3.92086,4.82374,14.3598,0,0,1568962,0,10.8678,3185,0,0,1.42209e-05,2.73003e-07,0,2.82352e-07,0.000548536,0.000548819,3185,0.000548601
cloth-ball,tight,cell2d,66ee,ee,4852404,3.83414,18.2298,16.1187,47.8362,0,0,4833074,0,46.0167,19329,0,0,1.36364e-05,2.96184e-07,0,9.37219e-08,0.000158927,0.000159021,19330,0.000158787
cloth-ball,tight,cell2d,66vf,vf,1802633,3.78924,4.83821,5.46798,18.4702,0,0,1798776,0,12.7842,3857,0,0,7.44397e-06,2.6443e-07,0,2.27428e-08,0.000152532,0.000152554,3857,0.000152349
cloth-ball,tight,cell2d,67ee,ee,5689944,3.6879,22.7026,18.8713,44.9378,0,0,5667846,0,52.791,22097,0,0,0.000192801,2.87697e-07,0,2.44222e-06,2.17548e-05,2.4197e-05,22098,1.83582e-05
cloth-ball,tight,cell2d,67vf,vf,2126413,5.20975,5.57333,6.41532,13.7193,0,0,2122157,0,18.0426,4256,0,0,1.62156e-05,2.53776e-07,0,1.30644e-07,8.03232e-05,8.04539e-05,4256,8.02279e-05
cloth-ball,tight,cell2d,68ee,ee,6476896,3.93631,25.3886,21.3454,43.8399,0,0,6456635,0,52.6526,20261,0,0,2.31303e-05,3.18002e-07,0,5.60747e-07,2.17569e-05,2.23177e-05,20261,2.07424e-05
cloth-ball,tight,cell2d,68vf,vf,2431467,5.43422,6.42351,7.38595,16.9979,0,0,2427602,0,32.3139,3865,0,0,2.05652e-05,2.78275e-07,0,4.165e-08,0.000100931,0.000100973,3865,0.000100851
cloth-ball,tight,cell2d,69ee,ee,6751331,5.3516,27.1678,22.3922,48.7288,1,0,6729561,0,54.5355,21769,0,0,2.038e-05,3.06672e-07,0,9.12847e-08,4.16061e-05,4.16973e-05,21770,4.13656e-05
cloth-ball,tight,cell2d,69vf,vf,2526777,5.83041,6.79099,7.78924,16.7379,0,0,2522725,0,36.9238,4051,0,0,8.56904e-06,2.67986e-07,0,1.38329e-07,0.000197017,0.000197155,4052,0.000196934
cloth-ball,tight,cell2d,70ee,ee,6693030,5.16828,28.6813,20.5433,33.6667,0,0,6673914,0,49.6568,19112,0,0,3.29796e-05,3.02891e-07,0,1.66244e-07,0,1.66244e-07,19116,0
cloth-ball,tight,cell2d,70vf,vf,2494148,5.80458,6.917,7.68149,12.9394,0,0,2490582,0,42.6016,3565,0,0,1.34795e-05,2.67299e-07,0,5.28502e-08,0.000116912,0.000116965,3566,0.000116825
cloth-ball,tight,cell2d,71ee,ee,6122649,5.28917,28.0587,20.7329,38.9187,0,0,6101323,0,53.7251,21323,0,0,3.29026e-05,2.88942e-07,0,8.79031e-08,3.5242e-05,3.53299e-05,21326,3.49283e-05
cloth-ball,tight,cell2d,71vf,vf,2247521,5.74273,7.20596,7.06461,14.3725,0,0,2243466,0,28.0583,4054,0,0,1.88597e-05,2.54846e-07,0,5.96129e-08,1.25805e-05,1.26401e-05,4055,1.2517e-05
cloth-ball,tight,cell2d,72ee,ee,5360502,5.09398,27.1301,18.5154,43.7005,0,0,5338812,0,46.3014,21689,0,0,2.78849e-05,2.80939e-07,0,1.86162e-07,2.55503e-05,2.57365e-05,21690,2.51532e-05
cloth-ball,tight,cell2d,72vf,vf,1929809,5.53841,7.7541,6.18982,16.4028,0,0,1925720,0,16.953,4089,0,0,7.11089e-06,2.53146e-07,0,3.01428e-08,4.60236e-05,4.60538e-05,4089,4.60148e-05
cloth-ball,tight,cell2d,73ee,ee,4482728,5.13926,26.1228,16.6427,27.8655,0,0,4463939,0,39.891,18789,0,0,3.01405e-05,2.8631e-07,0,9.4446e-08,0.000115063,0.000115158,18789,0.000114799
cloth-ball,tight,cell2d,73vf,vf,1569765,5.39151,7.69164,5.17494,11.9083,0,0,1566112,0,15.0729,3653,0,0,7.68216e-06,2.5635e-07,0,3.17018e-07,2.41152e-05,2.44322e-05,3653,2.38419e-05
cloth-ball,tight,cell2d,74ee,ee,3843725,5.28556,24.8098,14.0149,30.4831,0,0,3824388,0,38.0386,19337,0,0,1.52563e-05,2.65335e-07,0,1.46087e-07,2.59108e-05,2.60569e-05,19337,2.57492e-05
cloth-ball,tight,cell2d,74vf,vf,1316922,5.51112,7.8293,4.52686,11.9791,0,0,1313249,0,12.4594,3673,0,0,5.0527e-06,2.39293e-07,0,1.72014e-08,0.00122315,0.00122316,3673,0.00122309
cloth-ball,tight,cell2d,75ee,ee,3397981,5.21804,22.0702,12.4709,22.4892,0,0,3385426,0,26.0783,12555,0,0,3.72029e-05,2.91697e-07,0,1.55363e-07,0.000411249,0.000411404,12555,0.000411034
cloth-ball,tight,cell2d,75vf,vf,1144734,5.375,8.12804,4.0247,12.7246,0,0,1142424,0,8.83884,2310,0,0,3.31131e-05,2.70562e-07,0,2.2464e-07,0.00019664,0.000196864,2310,0.000196457
cloth-ball,tight,cell2d,76ee,ee,3077110,5.08364,21.6557,11.3923,17.4956,0,0,3069214,0,20.457,7896,0,0,2.75756e-05,3.71561e-07,0,4.32305e-07,7.87664e-05,7.91987e-05,7896,7.79629e-05
cloth-ball,tight,cell2d,76vf,vf,1021601,5.44773,8.34679,3.65712,7.84043,0,0,1020262,0,13.9942,1339,0,0,1.7323e-05,3.24309e-07,0,3.51441e-07,0.00214939,0.00214974,1339,0.00214911
cloth-ball,tight,cell2d,77ee,ee,2915628,5.8953,21.5696,10.9586,17.7165,0,0,2905869,0,21.1235,9759,0,0,0.000168394,3.29666e-07,0,5.91666e-08,2.17794e-05,2.18386e-05,9759,2.16961e-05
cloth-ball,tight,cell2d,77vf,vf,963888,5.3948,8.64115,3.51226,8.43469,0,0,962143,0,9.03464,1745,0,0,5.96067e-06,2.97311e-07,0,3.34414e-07,0.0017591,0.00175943,1745,0.0017581
cloth-ball,tight,cell2d,78ee,ee,2864389,5.90512,21.9225,10.8655,16.3357,0,0,2851808,0,23.1852,12581,0,0,4.70147e-05,2.71893e-07,0,1.04987e-07,7.81996e-05,7.83046e-05,12581,7.79629e-05
cloth-ball,tight,cell2d,78vf,vf,947065,5.30978,8.81535,3.48413,7.61254,0,0,944840,0,11.4168,2225,0,0,8.30693e-06,2.58714e-07,0,9.91588e-08,0.000849202,0.000849302,2225,0.000849009
cloth-ball,tight,cell2d,79ee,ee,2775535,5.7881,23.519,10.503,17.6472,0,0,2764718,0,22.0997,10817,0,0,6.12708e-05,2.77829e-07,0,2.73849e-07,6.19054e-05,6.21793e-05,10817,6.1512e-05
cloth-ball,tight,cell2d,79vf,vf,913895,5.49662,9.19614,3.3401,8.63085,0,0,911879,0,9.18225,2016,0,0,1.73053e-05,2.60552e-07,0,3.61992e-08,0.00072327,0.000723306,2016,0.000723243
cloth-ball,tight,cell2d,80ee,ee,2836713,5.89159,22.5663,11.237,20.5785,0,0,2825388,0,23.7266,11323,0,0,1.5655e-05,2.71939e-07,0,8.1432e-08,0.000236094,0.000236176,11325,0.000236034
cloth-ball,tight,cell2d,80vf,vf,935635,5.56446,9.50705,3.42788,6.77176,0,0,933489,0,6.6262,2146,0,0,4.79818e-06,2.38319e-07,0,8.59244e-08,0.0037562,0.00375628,2146,0.00375605
cloth-ball,tight,cell2d,81ee,ee,2830785,5.92772,24.3988,10.7838,17.5301,0,0,2819669,0,22.5727,11116,0,0,2.46784e-05,2.67444e-07,0,1.2711e-07,5.2415e-05,5.25421e-05,11116,5.23329e-05
cloth-ball,tight,cell2d,81vf,vf,927924,5.52005,10.0496,3.43684,8.1106,0,0,925837,0,5.82244,2087,0,0,9.65595e-06,2.4678e-07,0,5.37128e-08,7.3866e-05,7.39197e-05,2087,7.37906e-05
cloth-ball,tight,cell2d,82ee,ee,2910424,5.81022,24.4111,10.9949,18.3551,0,0,2901522,0,21.594,8902,0,0,1.80337e-05,2.80064e-07,0,2.74557e-07,9.33305e-05,9.36051e-05,8902,9.33409e-05
cloth-ball,tight,cell2d,82vf,vf,949767,5.49822,10.4201,3.497,7.87954,0,0,948077,0,9.53632,1690,0,0,3.47186e-06,2.58728e-07,0,1.06145e-07,0.000974008,0.000974114,1690,0.000973701
cloth-ball,tight,cell2d,83ee,ee,2987261,5.75966,23.5726,11.2437,17.353,0,0,2982068,0,18.4665,5193,0,0,2.66115e-05,3.3254e-07,0,8.65621e-08,0.000201487,0.000201574,5193,0.000201225
cloth-ball,tight,cell2d,83vf,vf,969694,5.51544,10.4699,3.54237,7.95243,0,0,968780,0,12.4545,914,0,0,5.45018e-06,2.97485e-07,0,1.93641e-07,0.00239953,0.00239972,914,0.00239921
cloth-ball,tight,cell2d,84ee,ee,3119377,5.75076,23.565,11.7346,17.5557,0,0,3115429,0,17.2818,3948,0,0,2.56074e-05,3.89434e-07,0,8.66519e-08,0.000100126,0.000100213,3948,9.97782e-05
cloth-ball,tight,cell2d,84vf,vf,1011306,5.65707,10.286,3.65978,6.52501,0,0,1010753,0,14.5944,553,0,0,5.53975e-06,3.44239e-07,0,4.69882e-07,0.00650311,0.00650358,553,0.00650287
cloth-ball,tight,cell2d,85ee,ee,3222564,5.41759,23.3699,12.1666,16.3418,0,0,3218179,0,17.9987,4385,0,0,1.31271e-05,3.94602e-07,0,6.83959e-08,2.90527e-05,2.91211e-05,4385,2.89679e-05
cloth-ball,tight,cell2d,85vf,vf,1041160,5.55432,10.6785,3.78582,6.93329,0,0,1040460,0,17.4481,700,0,0,5.81867e-06,3.85447e-07,0,1.64631e-07,0.00437785,0.00437801,700,0.0043776
cloth-ball,tight,cell2d,86ee,ee,3347903,5.42658,23.054,12.8241,15.835,0,0,3339942,0,23.423,7961,0,0,2.71364e-05,2.75067e-07,0,6.59863e-08,3.1437e-05,3.1503e-05,7961,3.12328e-05
cloth-ball,tight,cell2d,86vf,vf,1076950,5.58155,10.1368,3.94607,6.86734,0,0,1075505,0,17.697,1445,0,0,5.52735e-06,2.62496e-07,0,4.62155e-08,0.000480229,0.000480275,1445,0.000480056
cloth-ball,tight,cell2d,87ee,ee,3522105,5.58507,22.6261,13.633,16.1346,0,0,3512042,0,23.8474,10063,0,0,3.83242e-05,2.55651e-07,0,1.78096e-07,7.0662e-05,7.08401e-05,10063,7.03335e-05
cloth-ball,tight,cell2d,87vf,vf,1131097,5.61918,10.088,4.13999,6.44297,0,0,1129323,0,6.32297,1774,0,0,3.50217e-05,2.35244e-07,0,7.33837e-08,0.000161959,0.000162032,1774,0.000161886
cloth-ball,tight,cell2d,88ee,ee,3705732,5.42111,22.4951,14.4125,16.0244,0,0,3692966,0,25.6808,12766,0,0,3.00133e-05,2.44129e-07,0,3.22252e-06,0.000187873,0.000191095,12766,0.000184059
cloth-ball,tight,cell2d,88vf,vf,1187237,5.28533,9.8488,4.3547,6.71304,0,0,1184855,0,11.2942,2382,0,0,5.56419e-06,2.2673e-07,0,1.69922e-07,0.000614756,0.000614926,2382,0.000614643
cloth-ball,tight,cell2d,89ee,ee,3916295,5.47291,23.834,15.4069,19.556,0,0,3897178,0,31.4579,19117,0,0,2.49381e-05,2.41704e-07,0,1.51731e-07,1.54718e-05,1.56235e-05,19117,1.52588e-05
cloth-ball,tight,cell2d,89vf,vf,1249990,5.61934,10.3001,4.61655,7.4808,0,0,1246311,0,8.37188,3679,0,0,4.56075e-05,2.32215e-07,0,5.64206e-08,0.000960808,0.000960864,3679,0.000960708
cloth-ball,tight,cell2d,90ee,ee,4210043,5.85473,25.0526,16.8882,24.0428,0,0,4180824,0,40.0564,29219,0,0,3.10472e-05,2.24196e-07,0,1.24147e-07,2.61664e-05,2.62906e-05,29219,2.57492e-05
cloth-ball,tight,cell2d,90vf,vf,1340531,5.71873,9.57456,5.01158,8.70617,0,0,1334816,0,12.3897,5715,0,0,2.20605e-05,2.18863e-07,0,6.26e-08,0.000298159,0.000298222,5715,0.000298083
cloth-ball,tight,cell2d,91ee,ee,4569239,6.02813,25.3402,18.7198,36.6796,0,0,4513800,0,58.9842,55439,0,0,2.88795e-05,1.92001e-07,0,1.68772e-07,7.63742e-06,7.80619e-06,55439,7.39098e-06
cloth-ball,tight,cell2d,91vf,vf,1452086,4.68474,9.64564,5.41493,9.81021,0,0,1440808,0,16.4784,11278,0,0,0.0001041,1.89363e-07,0,2.33175e-08,0.000131077,0.0001311,11278,0.000131011
cloth-ball,tight,cell2d,92ee,ee,5197332,4.77114,27.2674,21.8521,59.0738,0,0,5102507,0,88.5006,94822,0,0,4.03822e-05,1.85304e-07,0,1.81724e-08,7.4739e-06,7.49207e-06,94825,7.45058e-06
cloth-ball,tight,cell2d,92vf,vf,1655541,5.00899,10.2087,6.22115,15.1589,0,0,1636507,0,22.5545,19032,0,0,7.20258e-05,1.82394e-07,0,8.9015e-08,0.000147593,0.000147682,19034,0.000147104
cloth-ball,tight,cell2dmin,22ee,ee,93162,1.03955,0.957411,0.469937,0.077182,0,0,93161,0,0.538768,1,0,0,1.53307e-07,1.53307e-07,0,1.53307e-07,0.930994,0.930994,1,0.930994
cloth-ball,tight,cell2dmin,23ee,ee,75461,2.18787,1.00627,0.427187,0.071934,0,0,75460,0,0.445842,1,0,0,2.24712e-07,2.24712e-07,0,2.24712e-07,0.810556,0.810557,1,0.810556
cloth-ball,tight,cell2dmin,25ee,ee,55367,2.16777,0.961698,0.303319,0.090557,0,0,55366,0,0.33215,1,0,0,2.2345e-07,2.2345e-07,0,2.2345e-07,0.124038,0.124038,1,0.124038
cloth-ball,tight,cell2dmin,47ee,ee,142929,3.12,1.18563,0.692171,0.11446,0,0,142928,0,0.706379,1,0,0,1.39292e-07,1.39292e-07,0,1.39292e-07,0.923549,0.923549,1,0.923549
cloth-ball,tight,cell2dmin,50ee,ee,204121,3.58763,1.99328,0.947427,0.11622,0,0,204120,0,0.959042,1,0,0,2.09448e-07,2.09448e-07,0,2.09448e-07,0.0871633,0.0871635,1,0.0871633
cloth-ball,tight,cell2dmin,55ee,ee,292910,3.46204,2.87988,1.25657,0.106461,0,0,292909,0,1.36415,1,0,0,1.67018e-07,1.67018e-07,0,1.67018e-07,0.85804,0.85804,1,0.85804
cloth-ball,tight,cell2dmin,56ee,ee,402049,3.49388,3.12518,1.5917,0.097821,0,0,402048,0,1.74062,1,0,0,2.28421e-07,2.28421e-07,0,2.28421e-07,0.392759,0.392759,1,0.392759
cloth-ball,tight,cell2dmin,57ee,ee,553184,3.59246,3.55442,2.11296,2.73656,0,0,553150,0,2.31967,34,0,0,1.51067e-06,3.81027e-07,0,3.09256e-07,0.189111,0.189112,34,0.189111
cloth-ball,tight,cell2dmin,57vf,vf,174686,1.41004,5.93636,0.669291,0.509169,0,0,174679,0,0.71617,7,0,0,4.43212e-07,3.1466e-07,0,2.26385e-07,0.198356,0.198356,7,0.198356
cloth-ball,tight,cell2dmin,58ee,ee,677743,3.28204,3.89018,2.54725,16.9048,0,0,677562,0,3.59842,181,0,0,2.70035e-06,3.5091e-07,0,4.13601e-07,0.0177579,0.0177583,181,0.0177574
cloth-ball,tight,cell2dmin,58vf,vf,217433,3.49545,5.52962,0.864838,3.14445,0,0,217399,0,1.13123,34,0,0,2.67217e-06,3.36691e-07,0,4.31269e-07,0.115568,0.115568,34,0.115568
cloth-ball,tight,cell2dmin,59ee,ee,813886,3.27472,4.23235,2.99632,19.7515,0,0,813446,0,4.67183,440,0,0,3.56329e-06,3.14118e-07,0,1.60085e-07,0.00709702,0.00709718,440,0.00709677
cloth-ball,tight,cell2dmin,59vf,vf,263782,3.55275,5.03761,1.05354,6.46924,0,0,263694,0,1.38434,88,0,0,1.17018e-06,3.00868e-07,0,3.14383e-07,0.0249849,0.0249852,88,0.0249844
cloth-ball,tight,cell2dmin,60ee,ee,1077546,3.42828,4.61196,4.09395,23.6212,0,0,1076584,0,6.53081,962,0,0,5.81415e-06,3.16899e-07,0,2.36374e-07,0.00873831,0.00873855,962,0.00873804
cloth-ball,tight,cell2dmin,60vf,vf,360239,2.88522,4.75992,1.33241,9.73244,0,0,360036,0,1.98791,203,0,0,2.39565e-06,2.88344e-07,0,3.29584e-08,0.061102,0.061102,203,0.0611019
cloth-ball,tight,cell2dmin,61ee,ee,1426132,2.73141,4.79588,5.06474,31.0174,0,0,1422837,0,11.3548,3295,0,0,9.49728e-06,2.6967e-07,0,3.93495e-07,0.0011377,0.00113809,3295,0.00113726
cloth-ball,tight,cell2dmin,61vf,vf,487788,3.10464,4.45094,1.72603,11.2786,0,0,487152,0,3.23424,636,0,0,2.26154e-06,2.38049e-07,0,2.12131e-07,0.0118908,0.011891,636,0.0118906
cloth-ball,tight,cell2dmin,62ee,ee,2016457,2.55599,5.3215,6.98142,41.3614,0,0,2010540,0,18.535,5917,0,0,1.87306e-05,3.18036e-07,0,2.76593e-08,0.000557276,0.000557304,5917,0.000557184
cloth-ball,tight,cell2dmin,62vf,vf,711484,2.8873,3.92647,2.3773,14.014,0,0,710312,0,4.72651,1172,0,0,8.92782e-06,2.67785e-07,0,1.08951e-07,0.00128874,0.00128885,1172,0.00128865
cloth-ball,tight,cell2dmin,63ee,ee,2949103,2.5837,5.88302,9.83349,34.2563,0,0,2941276,0,23.1695,7827,0,0,1.07755e-05,3.30351e-07,0,2.36165e-07,0.000240694,0.00024093,7827,0.000240445
cloth-ball,tight,cell2dmin,63vf,vf,1079584,3.00468,3.58719,3.35212,11.8089,0,0,1077958,0,6.65791,1626,0,0,3.93582e-06,2.88482e-07,0,1.09177e-06,0.000689463,0.000690554,1626,0.000688076
cloth-ball,tight,cell2dmin,64ee,ee,3804130,3.70421,6.71176,12.4414,27.1478,0,0,3793044,0,30.0092,11086,0,0,3.13486e-05,3.16858e-07,0,2.97841e-07,2.14535e-05,2.17513e-05,11086,2.12193e-05
cloth-ball,tight,cell2dmin,64vf,vf,1414679,3.15213,3.85239,4.31385,13.7562,0,0,1412471,0,8.27021,2208,0,0,1.05311e-05,2.86975e-07,0,3.13327e-07,0.00110717,0.00110748,2208,0.0011065
cloth-ball,tight,cell2dmin,65ee,ee,4239673,2.74712,4.63394,14.0637,28.4467,0,0,4223323,0,38.363,16350,0,0,1.82526e-05,2.99943e-07,0,1.57719e-07,0.000112809,0.000112967,16350,0.000112534
cloth-ball,tight,cell2dmin,65vf,vf,1572147,2.63355,4.33334,4.71966,14.042,0,0,1568962,0,10.8275,3185,0,0,1.42209e-05,2.73003e-07,0,2.82352e-07,0.000548536,0.000548819,3185,0.000548601
cloth-ball,tight,cell2dmin,66ee,ee,4852404,2.62773,5.06167,16.2287,47.0819,0,0,4833074,0,44.421,19329,0,0,1.36364e-05,2.96184e-07,0,9.39315e-08,0.000158927,0.000159021,19330,0.000158787
cloth-ball,tight,cell2dmin,66vf,vf,1802633,2.75025,4.87214,6.37776,18.2403,0,0,1798776,0,13.1482,3857,0,0,7.44397e-06,2.6443e-07,0,2.27428e-08,0.000152532,0.000152554,3857,0.000152349
cloth-ball,tight,cell2dmin,67ee,ee,5689944,2.72139,4.93278,19.5351,43.9692,0,0,5667846,0,50.3014,22097,0,0,0.000192801,2.87697e-07,0,2.02133e-06,2.21757e-05,2.4197e-05,22098,1.83582e-05
cloth-ball,tight,cell2dmin,67vf,vf,2126413,2.66369,5.72936,6.24726,13.4063,0,0,2122157,0,13.7525,4256,0,0,1.62156e-05,2.53776e-07,0,1.30644e-07,8.03232e-05,8.04539e-05,4256,8.02279e-05
cloth-ball,tight,cell2dmin,68ee,ee,6476896,2.41436,5.46262,21.4274,42.6143,0,0,6456635,0,51.3467,20261,0,0,2.31303e-05,3.18002e-07,0,3.98319e-07,2.19194e-05,2.23177e-05,20261,2.07424e-05
cloth-ball,tight,cell2dmin,68vf,vf,2431467,2.67544,6.53925,7.12532,16.8359,0,0,2427602,0,13.8823,3865,0,0,2.05652e-05,2.78275e-07,0,4.165e-08,0.000100931,0.000100973,3865,0.000100851
cloth-ball,tight,cell2dmin,69ee,ee,6751331,2.60622,5.79992,22.3436,48.424,1,0,6729561,0,52.6442,21769,0,0,2.038e-05,3.06672e-07,0,9.1318e-08,4.1606e-05,4.16973e-05,21770,4.13656e-05
cloth-ball,tight,cell2dmin,69vf,vf,2526777,2.44799,6.90004,7.42121,16.4655,0,0,2522725,0,16.9192,4051,0,0,8.56904e-06,2.67986e-07,0,1.38329e-07,0.000197017,0.000197155,4052,0.000196934
cloth-ball,tight,cell2dmin,70ee,ee,6693030,2.74667,6.06183,20.0227,32.9352,0,0,6673914,0,47.3939,19112,0,0,3.29796e-05,3.02891e-07,0,1.66244e-07,0,1.66244e-07,19116,0
cloth-ball,tight,cell2dmin,70vf,vf,2494148,2.4773,7.0953,7.3655,12.6314,0,0,2490582,0,12.975,3565,0,0,1.34795e-05,2.67299e-07,0,5.12355e-08,0.000116914,0.000116965,3566,0.000116825
cloth-ball,tight,cell2dmin,71ee,ee,6122649,2.40777,6.21501,20.7127,37.4767,0,0,6101323,0,58.3379,21323,0,0,3.29026e-05,2.88942e-07,0,8.7878e-08,3.52421e-05,3.53299e-05,21326,3.49283e-05
cloth-ball,tight,cell2dmin,71vf,vf,2247521,2.474,7.19968,6.75544,14.0751,0,0,2243466,0,12.2998,4054,0,0,1.88597e-05,2.54846e-07,0,5.96129e-08,1.25805e-05,1.26401e-05,4055,1.2517e-05
cloth-ball,tight,cell2dmin,72ee,ee,5360502,2.51195,6.0986,18.6298,42.7752,0,0,5338812,0,46.8253,21689,0,0,2.78849e-05,2.80939e-07,0,1.88598e-07,2.55479e-05,2.57365e-05,21690,2.51532e-05
cloth-ball,tight,cell2dmin,72vf,vf,1929809,2.4556,7.75115,5.93831,16.0963,0,0,1925720,0,12.823,4089,0,0,7.11089e-06,2.53146e-07,0,3.01428e-08,4.60236e-05,4.60538e-05,4089,4.60148e-05
cloth-ball,tight,cell2dmin,73ee,ee,4482728,2.52664,5.79483,16.4482,27.442,0,0,4463939,0,38.592,18789,0,0,3.01405e-05,2.8631e-07,0,9.72362e-08,0.000115061,0.000115158,18789,0.000114799
cloth-ball,tight,cell2dmin,73vf,vf,1569765,2.81838,7.69692,5.90276,11.6503,0,0,1566112,0,11.5928,3653,0,0,7.68216e-06,2.5635e-07,0,3.17018e-07,2.41152e-05,2.44322e-05,3653,2.38419e-05
cloth-ball,tight,cell2dmin,74ee,ee,3843725,2.60187,5.4822,13.9611,30.0218,0,0,3824388,0,34.7274,19337,0,0,1.52563e-05,2.65335e-07,0,1.8749e-07,2.58694e-05,2.60569e-05,19337,2.57492e-05
cloth-ball,tight,cell2dmin,74vf,vf,1316922,2.57637,7.83746,4.33177,11.6133,0,0,1313249,0,9.36691,3673,0,0,5.0527e-06,2.39293e-07,0,1.72014e-08,0.00122315,0.00122316,3673,0.00122309
cloth-ball,tight,cell2dmin,75ee,ee,3397981,2.66549,5.50636,12.4556,22.271,0,0,3385426,0,24.9641,12555,0,0,3.72029e-05,2.91697e-07,0,1.52626e-07,0.000411251,0.000411404,12555,0.000411034
cloth-ball,tight,cell2dmin,75vf,vf,1144734,2.60645,7.86824,3.86487,12.5306,0,0,1142424,0,8.7564,2310,0,0,3.31131e-05,2.70562e-07,0,2.23871e-07,0.00019664,0.000196864,2310,0.000196457
cloth-ball,tight,cell2dmin,76ee,ee,3077110,2.76081,5.39011,11.3228,17.3333,0,0,3069214,0,19.3724,7896,0,0,2.75756e-05,3.71561e-07,0,4.34417e-07,7.87643e-05,7.91987e-05,7896,7.79629e-05
cloth-ball,tight,cell2dmin,76vf,vf,1021601,2.59358,8.19962,3.51144,7.77055,0,0,1020262,0,5.6469,1339,0,0,1.7323e-05,3.24309e-07,0,3.51441e-07,0.00214939,0.00214974,1339,0.00214911
cloth-ball,tight,cell2dmin,77ee,ee,2915628,2.76612,5.07725,10.9292,17.3545,0,0,2905869,0,20.732,9759,0,0,0.000168394,3.29666e-07,0,5.93345e-08,2.17793e-05,2.18386e-05,9759,2.16961e-05
cloth-ball,tight,cell2dmin,77vf,vf,963888,2.6557,8.40064,3.37974,8.25821,0,0,962143,0,5.88728,1745,0,0,5.96067e-06,2.97311e-07,0,3.34414e-07,0.0017591,0.00175943,1745,0.0017581
cloth-ball,tight,cell2dmin,78ee,ee,2864389,2.76424,5.11332,10.7909,16.183,0,0,2851808,0,22.5167,12581,0,0,4.70147e-05,2.71893e-07,0,1.04987e-07,7.81996e-05,7.83046e-05,12581,7.79629e-05
cloth-ball,tight,cell2dmin,78vf,vf,947065,2.54411,8.66597,3.33855,7.47628,0,0,944840,0,11.1718,2225,0,0,8.30693e-06,2.58714e-07,0,9.91588e-08,0.000849202,0.000849302,2225,0.000849009
cloth-ball,tight,cell2dmin,79ee,ee,2775535,2.77601,5.01146,10.461,17.3042,0,0,2764718,0,20.9963,10817,0,0,6.12708e-05,2.77829e-07,0,2.7043e-07,6.19088e-05,6.21793e-05,10817,6.1512e-05
cloth-ball,tight,cell2dmin,79vf,vf,913895,2.65339,8.96152,3.22489,8.44243,0,0,911879,0,5.99889,2016,0,0,1.73053e-05,2.60552e-07,0,3.61992e-08,0.00072327,0.000723306,2016,0.000723243
cloth-ball,tight,cell2dmin,80ee,ee,2836713,2.63387,5.11767,11.0462,20.0757,0,0,2825388,0,22.45,11323,0,0,1.5655e-05,2.71939e-07,0,8.17965e-08,0.000236094,0.000236176,11325,0.000236034
cloth-ball,tight,cell2dmin,80vf,vf,935635,2.69614,9.29159,3.31075,6.6558,0,0,933489,0,5.92196,2146,0,0,4.79818e-06,2.38319e-07,0,8.59244e-08,0.0037562,0.00375628,2146,0.00375605
cloth-ball,tight,cell2dmin,81ee,ee,2830785,2.83671,5.12301,10.7307,17.1905,0,0,2819669,0,23.711,11116,0,0,2.46784e-05,2.67444e-07,0,1.27749e-07,5.24143e-05,5.25421e-05,11116,5.23329e-05
cloth-ball,tight,cell2dmin,81vf,vf,927924,2.69336,9.78172,3.29392,7.9268,0,0,925837,0,5.5438,2087,0,0,9.65595e-06,2.4678e-07,0,5.37128e-08,7.3866e-05,7.39197e-05,2087,7.37906e-05
cloth-ball,tight,cell2dmin,82ee,ee,2910424,2.82743,4.95268,11.055,18.0914,0,0,2901522,0,20.7263,8902,0,0,1.80337e-05,2.80064e-07,0,2.73223e-07,9.33318e-05,9.36051e-05,8902,9.33409e-05
cloth-ball,tight,cell2dmin,82vf,vf,949767,2.89214,10.1582,3.33631,7.74952,0,0,948077,0,5.79797,1690,0,0,3.47186e-06,2.58728e-07,0,1.06145e-07,0.000974008,0.000974114,1690,0.000973701
cloth-ball,tight,cell2dmin,83ee,ee,2987261,2.88689,5.08292,11.2644,17.1379,0,0,2982068,0,17.8673,5193,0,0,2.66115e-05,3.3254e-07,0,8.67404e-08,0.000201487,0.000201574,5193,0.000201225
cloth-ball,tight,cell2dmin,83vf,vf,969694,2.7147,10.1141,3.40153,7.83992,0,0,968780,0,5.13699,914,0,0,5.45018e-06,2.97485e-07,0,1.93641e-07,0.00239953,0.00239972,914,0.00239921
cloth-ball,tight,cell2dmin,84ee,ee,3119377,2.79054,5.10468,11.7335,17.4146,0,0,3115429,0,16.9022,3948,0,0,2.56074e-05,3.89434e-07,0,8.49667e-08,0.000100128,0.000100213,3948,9.97782e-05
cloth-ball,tight,cell2dmin,84vf,vf,1011306,2.9098,10.0426,3.5212,6.30042,0,0,1010753,0,4.88075,553,0,0,5.53975e-06,3.44239e-07,0,4.69882e-07,0.00650311,0.00650358,553,0.00650287
cloth-ball,tight,cell2dmin,85ee,ee,3222564,2.99373,5.1376,12.1573,16.0697,0,0,3218179,0,17.4584,4385,0,0,1.31271e-05,3.94602e-07,0,3.25385e-08,2.90885e-05,2.91211e-05,4385,2.89679e-05
cloth-ball,tight,cell2dmin,85vf,vf,1041160,2.91505,10.263,3.60623,6.76011,0,0,1040460,0,4.84295,700,0,0,5.81867e-06,3.85447e-07,0,1.64631e-07,0.00437785,0.00437801,700,0.0043776
cloth-ball,tight,cell2dmin,86ee,ee,3347903,2.77854,5.23334,12.8709,15.2409,0,0,3339942,0,21.0171,7961,0,0,2.71364e-05,2.75067e-07,0,6.70351e-08,3.14359e-05,3.1503e-05,7961,3.12328e-05
cloth-ball,tight,cell2dmin,86vf,vf,1076950,2.80254,9.83656,3.83095,6.66667,0,0,1075505,0,5.65423,1445,0,0,5.52735e-06,2.62496e-07,0,4.62155e-08,0.000480229,0.000480275,1445,0.000480056
cloth-ball,tight,cell2dmin,87ee,ee,3522105,2.80212,5.35238,13.7813,15.9285,0,0,3512042,0,23.1196,10063,0,0,3.83242e-05,2.55651e-07,0,2.59192e-07,7.0581e-05,7.08401e-05,10063,7.03335e-05
cloth-ball,tight,cell2dmin,87vf,vf,1131097,2.89105,9.82795,4.01664,6.34844,0,0,1129323,0,6.12637,1774,0,0,3.50217e-05,2.35244e-07,0,7.33837e-08,0.000161959,0.000162032,1774,0.000161886
cloth-ball,tight,cell2dmin,88ee,ee,3705732,2.81268,5.41494,14.4661,15.5805,0,0,3692966,0,25.3066,12766,0,0,3.00133e-05,2.44129e-07,0,3.22313e-06,0.000187872,0.000191095,12766,0.000184059
cloth-ball,tight,cell2dmin,88vf,vf,1187237,2.83834,9.66911,4.18304,6.65023,0,0,1184855,0,6.48982,2382,0,0,5.56419e-06,2.2673e-07,0,1.64903e-07,0.000614762,0.000614926,2382,0.000614643
cloth-ball,tight,cell2dmin,89ee,ee,3916295,2.78958,5.40278,15.5554,19.0565,0,0,3897178,0,30.817,19117,0,0,2.49381e-05,2.41704e-07,0,1.50141e-07,1.54733e-05,1.56235e-05,19117,1.52588e-05
cloth-ball,tight,cell2dmin,89vf,vf,1249990,2.79825,10.0142,4.4438,7.38553,0,0,1246311,0,8.14097,3679,0,0,4.56075e-05,2.32215e-07,0,5.64206e-08,0.000960808,0.000960864,3679,0.000960708
cloth-ball,tight,cell2dmin,90ee,ee,4210043,2.62926,5.3991,17.0455,23.7352,0,0,4180824,0,40.1078,29219,0,0,3.10472e-05,2.24196e-07,0,1.39679e-07,2.61509e-05,2.62906e-05,29219,2.57492e-05
cloth-ball,tight,cell2dmin,90vf,vf,1340531,2.74552,9.39469,4.79656,8.58332,0,0,1334816,0,10.5958,5715,0,0,2.20605e-05,2.18863e-07,0,6.26e-08,0.000298159,0.000298222,5715,0.000298083
cloth-ball,tight,cell2dmin,91ee,ee,4569239,2.54879,5.66367,18.8745,36.0046,0,0,4513800,0,57.9473,55439,0,0,2.88795e-05,1.92001e-07,0,1.68723e-07,7.63746e-06,7.80619e-06,55439,7.39098e-06
cloth-ball,tight,cell2dmin,91vf,vf,1452086,3.01076,9.48953,5.30912,9.54937,0,0,1440808,0,15.5157,11278,0,0,0.0001041,1.89363e-07,0,2.21561e-08,0.000131078,0.0001311,11278,0.000131011
cloth-ball,tight,cell2dmin,92ee,ee,5197332,2.80663,7.06097,22.1279,58.2025,0,0,5102507,0,88.2453,94822,0,0,4.03822e-05,1.85304e-07,0,1.83548e-08,7.47371e-06,7.49207e-06,94825,7.45058e-06
cloth-ball,tight,cell2dmin,92vf,vf,1655541,3.09693,9.36931,6.05469,14.5823,0,0,1636507,0,20.8809,19032,0,0,7.20258e-05,1.82394e-07,0,8.9015e-08,0.000147593,0.000147682,19034,0.000147104
cloth-ball,tight,cell2dmin,22ee,ee,93162,1.05469,0.957667,0.502065,0.073758,0,0,93161,0,0.539375,1,0,0,1.53307e-07,1.53307e-07,0,1.53307e-07,0.930994,0.930994,1,0.930994
cloth-ball,tight,cell2dmin,23ee,ee,75461,3.997,0.981858,0.445811,0.066685,0,0,75460,0,0.451282,1,0,0,2.24712e-07,2.24712e-07,0,2.24712e-07,0.810556,0.810557,1,0.810556
cloth-ball,tight,cell2dmin,25ee,ee,55367,2.13478,0.937283,0.306263,0.066942,0,0,55366,0,0.321558,1,0,0,2.2345e-07,2.2345e-07,0,2.2345e-07,0.124038,0.124038,1,0.124038
cloth-ball,tight,cell2dmin,47ee,ee,142929,2.13344,1.12486,0.650732,0.111484,0,0,142928,0,0.693643,1,0,0,1.39292e-07,1.39292e-07,0,1.39292e-07,0.923549,0.923549,1,0.923549
cloth-ball,tight,cell2dmin,50ee,ee,204121,3.57701,1.89041,0.893349,0.116156,0,0,204120,0,0.97741,1,0,0,2.09448e-07,2.09448e-07,0,2.09448e-07,0.0871633,0.0871635,1,0.0871633
cloth-ball,tight,cell2dmin,55ee,ee,292910,3.60834,2.68878,1.22639,0.071614,0,0,292909,0,1.34188,1,0,0,1.67018e-07,1.67018e-07,0,1.67018e-07,0.85804,0.85804,1,0.85804
cloth-ball,tight,cell2dmin,56ee,ee,402049,3.48969,2.87636,1.56802,0.080221,0,0,402048,0,1.74615,1,0,0,2.28421e-07,2.28421e-07,0,2.28421e-07,0.392759,0.392759,1,0.392759
cloth-ball,tight,cell2dmin,57ee,ee,553184,3.39154,3.40278,2.11309,2.74843,0,0,553150,0,2.28118,34,0,0,1.51067e-06,3.81027e-07,0,3.09256e-07,0.189111,0.189112,34,0.189111
cloth-ball,tight,cell2dmin,57vf,vf,174686,1.30204,5.85179,0.665292,0.375252,0,0,174679,0,0.706986,7,0,0,4.43212e-07,3.1466e-07,0,2.26385e-07,0.198356,0.198356,7,0.198356
cloth-ball,tight,cell2dmin,58ee,ee,677743,3.23916,3.54111,2.54959,16.8336,0,0,677562,0,3.53653,181,0,0,2.70035e-06,3.5091e-07,0,4.13601e-07,0.0177579,0.0177583,181,0.0177574
cloth-ball,tight,cell2dmin,58vf,vf,217433,3.33993,5.52725,0.885285,3.12678,0,0,217399,0,1.13325,34,0,0,2.67217e-06,3.36691e-07,0,4.31269e-07,0.115568,0.115568,34,0.115568
cloth-ball,tight,cell2dmin,59ee,ee,813886,3.26544,4.07255,2.99184,19.814,0,0,813446,0,4.62261,440,0,0,3.56329e-06,3.14118e-07,0,1.60085e-07,0.00709702,0.00709718,440,0.00709677
cloth-ball,tight,cell2dmin,59vf,vf,263782,3.47925,5.07847,1.02909,6.42652,0,0,263694,0,1.33295,88,0,0,1.17018e-06,3.00868e-07,0,3.14383e-07,0.0249849,0.0249852,88,0.0249844
cloth-ball,tight,cell2dmin,60ee,ee,1077546,3.21075,4.44498,3.8778,23.6263,0,0,1076584,0,6.32624,962,0,0,5.81415e-06,3.16899e-07,0,2.36374e-07,0.00873831,0.00873855,962,0.00873804
cloth-ball,tight,cell2dmin,60vf,vf,360239,2.99959,4.79979,1.32329,9.73308,0,0,360036,0,1.99047,203,0,0,2.39565e-06,2.88344e-07,0,3.29584e-08,0.061102,0.061102,203,0.0611019
cloth-ball,tight,cell2dmin,61ee,ee,1426132,2.73092,4.65611,5.04644,31.2158,0,0,1422837,0,11.3569,3295,0,0,9.49728e-06,2.6967e-07,0,3.93495e-07,0.0011377,0.00113809,3295,0.00113726
cloth-ball,tight,cell2dmin,61vf,vf,487788,2.77649,4.4749,1.71854,11.3187,0,0,487152,0,3.20861,636,0,0,2.26154e-06,2.38049e-07,0,2.12131e-07,0.0118908,0.011891,636,0.0118906
cloth-ball,tight,cell2dmin,62ee,ee,2016457,2.62245,5.44175,6.96884,41.3874,0,0,2010540,0,18.5058,5917,0,0,1.87306e-05,3.18036e-07,0,2.74854e-08,0.000557276,0.000557304,5917,0.000557184
cloth-ball,tight,cell2dmin,62vf,vf,711484,2.81511,3.96724,2.38146,14.0037,0,0,710312,0,4.71697,1172,0,0,8.92782e-06,2.67785e-07,0,1.08951e-07,0.00128874,0.00128885,1172,0.00128865
cloth-ball,tight,cell2dmin,63ee,ee,2949103,2.81406,6.0113,9.80655,34.3161,0,0,2941276,0,23.169,7827,0,0,1.07755e-05,3.30351e-07,0,2.36165e-07,0.000240694,0.00024093,7827,0.000240445
cloth-ball,tight,cell2dmin,63vf,vf,1079584,2.56575,3.70459,3.37596,11.9058,0,0,1077958,0,6.60607,1626,0,0,3.93582e-06,2.88482e-07,0,1.09177e-06,0.000689463,0.000690554,1626,0.000688076
cloth-ball,tight,cell2dmin,64ee,ee,3804130,3.21526,6.25222,12.4333,27.2084,0,0,3793044,0,29.913,11086,0,0,3.13486e-05,3.16858e-07,0,2.97841e-07,2.14535e-05,2.17513e-05,11086,2.12193e-05
cloth-ball,tight,cell2dmin,64vf,vf,1414679,3.03786,3.77217,4.26592,13.8593,0,0,1412471,0,8.22042,2208,0,0,1.05311e-05,2.86975e-07,0,3.13327e-07,0.00110717,0.00110748,2208,0.0011065
cloth-ball,tight,cell2dmin,65ee,ee,4239673,2.26022,4.42463,13.9653,28.3911,0,0,4223323,0,38.278,16350,0,0,1.82526e-05,2.99943e-07,0,1.57719e-07,0.000112809,0.000112967,16350,0.000112534
cloth-ball,tight,cell2dmin,65vf,vf,1572147,2.3142,4.0736,4.70546,14.0887,0,0,1568962,0,10.7357,3185,0,0,1.42209e-05,2.73003e-07,0,2.82352e-07,0.000548536,0.000548819,3185,0.000548601
cloth-ball,tight,cell2dmin,66ee,ee,4852404,2.10701,5.03693,16.2141,46.8639,0,0,4833074,0,44.295,19329,0,0,1.36364e-05,2.96184e-07,0,9.39315e-08,0.000158927,0.000159021,19330,0.000158787
cloth-ball,tight,cell2dmin,66vf,vf,1802633,2.17152,4.90622,6.16836,18.228,0,0,1798776,0,13.1882,3857,0,0,7.44397e-06,2.6443e-07,0,2.27428e-08,0.000152532,0.000152554,3857,0.000152349
cloth-ball,tight,cell2dmin,67ee,ee,5689944,2.10249,4.94532,19.4455,43.8675,0,0,5667846,0,50.4056,22097,0,0,0.000192801,2.87697e-07,0,2.02133e-06,2.21757e-05,2.4197e-05,22098,1.83582e-05
cloth-ball,tight,cell2dmin,67vf,vf,2126413,2.18425,5.78651,6.24864,13.3669,0,0,2122157,0,13.682,4256,0,0,1.62156e-05,2.53776e-07,0,1.30644e-07,8.03232e-05,8.04539e-05,4256,8.02279e-05
cloth-ball,tight,cell2dmin,68ee,ee,6476896,2.03667,5.59298,21.4679,42.5431,0,0,6456635,0,51.2509,20261,0,0,2.31303e-05,3.18002e-07,0,3.98319e-07,2.19194e-05,2.23177e-05,20261,2.07424e-05
cloth-ball,tight,cell2dmin,68vf,vf,2431467,2.2134,6.58402,7.10679,16.66,0,0,2427602,0,13.8778,3865,0,0,2.05652e-05,2.78275e-07,0,4.165e-08,0.000100931,0.000100973,3865,0.000100851
cloth-ball,tight,cell2dmin,69ee,ee,6751331,2.27849,5.74597,22.3435,48.4469,1,0,6729561,0,52.7542,21769,0,0,2.038e-05,3.06672e-07,0,9.1318e-08,4.1606e-05,4.16973e-05,21770,4.13656e-05
cloth-ball,tight,cell2dmin,69vf,vf,2526777,2.60968,7.0074,7.45916,16.455,0,0,2522725,0,16.9535,4051,0,0,8.56904e-06,2.67986e-07,0,1.38329e-07,0.000197017,0.000197155,4052,0.000196934
cloth-ball,tight,cell2dmin,70ee,ee,6693030,2.63809,6.26618,20.1893,32.7107,0,0,6673914,0,47.473,19112,0,0,3.29796e-05,3.02891e-07,0,1.66244e-07,0,1.66244e-07,19116,0
cloth-ball,tight,cell2dmin,70vf,vf,2494148,2.57451,7.2409,7.38761,12.6627,0,0,2490582,0,13.2222,3565,0,0,1.34795e-05,2.67299e-07,0,5.12355e-08,0.000116914,0.000116965,3566,0.000116825
cloth-ball,tight,cell2dmin,71ee,ee,6122649,2.64833,6.43756,20.7685,37.735,0,0,6101323,0,58.4978,21323,0,0,3.29026e-05,2.88942e-07,0,8.7878e-08,3.52421e-05,3.53299e-05,21326,3.49283e-05
cloth-ball,tight,cell2dmin,71vf,vf,2247521,4.24713,7.7165,6.86027,14.0778,0,0,2243466,0,12.4547,4054,0,0,1.88597e-05,2.54846e-07,0,5.96129e-08,1.25805e-05,1.26401e-05,4055,1.2517e-05
cloth-ball,tight,cell2dmin,72ee,ee,5360502,2.4694,6.52847,18.5783,43.218,0,0,5338812,0,46.9813,21689,0,0,2.78849e-05,2.80939e-07,0,1.88598e-07,2.55479e-05,2.57365e-05,21690,2.51532e-05
cloth-ball,tight,cell2dmin,72vf,vf,1929809,2.48728,8.21264,6.02039,16.0361,0,0,1925720,0,13.0485,4089,0,0,7.11089e-06,2.53146e-07,0,3.01428e-08,4.60236e-05,4.60538e-05,4089,4.60148e-05
cloth-ball,tight,cell2dmin,73ee,ee,4482728,2.67378,6.12676,16.4765,27.6802,0,0,4463939,0,38.5767,18789,0,0,3.01405e-05,2.8631e-07,0,9.62407e-08,0.000115061,0.000115158,18789,0.000114799
cloth-ball,tight,cell2dmin,73vf,vf,1569765,2.73579,8.08951,5.97367,11.4919,0,0,1566112,0,11.9193,3653,0,0,7.68216e-06,2.5635e-07,0,3.17018e-07,2.41152e-05,2.44322e-05,3653,2.38419e-05
cloth-ball,tight,cell2dmin,74ee,ee,3843725,2.71822,5.82638,13.9767,29.9503,0,0,3824388,0,35.2433,19337,0,0,1.52563e-05,2.65335e-07,0,1.8749e-07,2.58694e-05,2.60569e-05,19337,2.57492e-05
cloth-ball,tight,cell2dmin,74vf,vf,1316922,2.57208,8.11492,4.38115,11.6809,0,0,1313249,0,9.51622,3673,0,0,5.0527e-06,2.39293e-07,0,1.72014e-08,0.00122315,0.00122316,3673,0.00122309
cloth-ball,tight,cell2dmin,75ee,ee,3397981,2.9754,5.87192,12.4344,22.2513,0,0,3385426,0,25.0534,12555,0,0,3.72029e-05,2.91697e-07,0,1.52626e-07,0.000411251,0.000411404,12555,0.000411034
cloth-ball,tight,cell2dmin,75vf,vf,1144734,2.60536,8.34381,3.93405,12.5204,0,0,1142424,0,8.93029,2310,0,0,3.31131e-05,2.70562e-07,0,2.23871e-07,0.00019664,0.000196864,2310,0.000196457
cloth-ball,tight,cell2dmin,76ee,ee,3077110,2.81591,5.62402,11.324,17.3348,0,0,3069214,0,19.5089,7896,0,0,2.75756e-05,3.71561e-07,0,4.34417e-07,7.87643e-05,7.91987e-05,7896,7.79629e-05
cloth-ball,tight,cell2dmin,76vf,vf,1021601,2.73038,8.59161,3.76404,7.64572,0,0,1020262,0,5.66869,1339,0,0,1.7323e-05,3.24309e-07,0,3.51441e-07,0.00214939,0.00214974,1339,0.00214911
cloth-ball,tight,cell2dmin,77ee,ee,2915628,3.99037,5.43036,10.9103,17.4888,0,0,2905869,0,20.8453,9759,0,0,0.000168394,3.29666e-07,0,5.93345e-08,2.17793e-05,2.18386e-05,9759,2.16961e-05
cloth-ball,tight,cell2dmin,77vf,vf,963888,2.75313,8.82127,3.39356,8.29171,0,0,962143,0,6.02202,1745,0,0,5.96067e-06,2.97311e-07,0,3.34414e-07,0.0017591,0.00175943,1745,0.0017581
cloth-ball,tight,cell2dmin,78ee,ee,2864389,2.68411,5.30585,10.8479,16.0771,0,0,2851808,0,22.5828,12581,0,0,4.70147e-05,2.71893e-07,0,1.04987e-07,7.81996e-05,7.83046e-05,12581,7.79629e-05
cloth-ball,tight,cell2dmin,78vf,vf,947065,2.54962,9.10209,3.40828,7.5159,0,0,944840,0,11.2773,2225,0,0,8.30693e-06,2.58714e-07,0,9.91588e-08,0.000849202,0.000849302,2225,0.000849009
cloth-ball,tight,cell2dmin,79ee,ee,2775535,2.60594,5.14301,10.5811,17.5023,0,0,2764718,0,21.0883,10817,0,0,6.12708e-05,2.77829e-07,0,2.73849e-07,6.19054e-05,6.21793e-05,10817,6.1512e-05
cloth-ball,tight,cell2dmin,79vf,vf,913895,2.81227,9.42845,3.28553,8.44675,0,0,911879,0,6.15965,2016,0,0,1.73053e-05,2.60552e-07,0,3.61992e-08,0.00072327,0.000723306,2016,0.000723243
cloth-ball,tight,cell2dmin,80ee,ee,2836713,2.87729,5.30633,11.1523,20.1339,0,0,2825388,0,22.5939,11323,0,0,1.5655e-05,2.71939e-07,0,8.17965e-08,0.000236094,0.000236176,11325,0.000236034
cloth-ball,tight,cell2dmin,80vf,vf,935635,2.79569,9.63932,3.36137,6.62924,0,0,933489,0,5.94958,2146,0,0,4.79818e-06,2.38319e-07,0,8.59244e-08,0.0037562,0.00375628,2146,0.00375605
cloth-ball,tight,cell2dmin,81ee,ee,2830785,2.79665,5.34771,10.7371,17.2997,0,0,2819669,0,23.8609,11116,0,0,2.46784e-05,2.67444e-07,0,1.27749e-07,5.24143e-05,5.25421e-05,11116,5.23329e-05
cloth-ball,tight,cell2dmin,81vf,vf,927924,2.91882,10.1096,3.32588,7.99921,0,0,925837,0,5.69922,2087,0,0,9.65595e-06,2.4678e-07,0,5.37128e-08,7.3866e-05,7.39197e-05,2087,7.37906e-05
cloth-ball,tight,cell2dmin,82ee,ee,2910424,2.89421,5.30083,11.0033,18.0726,0,0,2901522,0,20.8706,8902,0,0,1.80337e-05,2.80064e-07,0,2.73223e-07,9.33318e-05,9.36051e-05,8902,9.33409e-05
cloth-ball,tight,cell2dmin,82vf,vf,949767,2.95197,10.5923,3.41145,7.69877,0,0,948077,0,5.98174,1690,0,0,3.47186e-06,2.58728e-07,0,1.06145e-07,0.000974008,0.000974114,1690,0.000973701
cloth-ball,tight,cell2dmin,83ee,ee,2987261,3.03322,5.3184,11.3081,17.1761,0,0,2982068,0,17.9795,5193,0,0,2.66115e-05,3.3254e-07,0,8.67404e-08,0.000201487,0.000201574,5193,0.000201225
cloth-ball,tight,cell2dmin,83vf,vf,969694,2.73569,10.4883,3.44133,7.87163,0,0,968780,0,5.29565,914,0,0,5.45018e-06,2.97485e-07,0,1.93641e-07,0.00239953,0.00239972,914,0.00239921
cloth-ball,tight,cell2dmin,84ee,ee,3119377,2.87745,5.44454,11.7308,17.3519,0,0,3115429,0,17.034,3948,0,0,2.56074e-05,3.89434e-07,0,8.49667e-08,0.000100128,0.000100213,3948,9.97782e-05
cloth-ball,tight,cell2dmin,84vf,vf,1011306,2.81748,10.4932,3.6052,6.31779,0,0,1010753,0,5.01473,553,0,0,5.53975e-06,3.44239e-07,0,4.69882e-07,0.00650311,0.00650358,553,0.00650287
cloth-ball,tight,cell2dmin,85ee,ee,3222564,3.03581,5.40982,12.2994,16.2399,0,0,3218179,0,17.6246,4385,0,0,1.31271e-05,3.94602e-07,0,3.25385e-08,2.90885e-05,2.91211e-05,4385,2.89679e-05
cloth-ball,tight,cell2dmin,85vf,vf,1041160,2.85486,10.727,3.66949,6.84337,0,0,1040460,0,4.993,700,0,0,5.81867e-06,3.85447e-07,0,1.64631e-07,0.00437785,0.00437801,700,0.0043776
cloth-ball,tight,cell2dmin,86ee,ee,3347903,2.88241,5.51714,12.9258,15.4518,0,0,3339942,0,21.2641,7961,0,0,2.71364e-05,2.75067e-07,0,6.70351e-08,3.14359e-05,3.1503e-05,7961,3.12328e-05
cloth-ball,tight,cell2dmin,86vf,vf,1076950,3.02106,10.2598,3.8434,6.63849,0,0,1075505,0,5.80075,1445,0,0,5.52735e-06,2.62496e-07,0,4.62155e-08,0.000480229,0.000480275,1445,0.000480056
cloth-ball,tight,cell2dmin,87ee,ee,3522105,2.9778,5.5966,13.7513,15.9662,0,0,3512042,0,23.192,10063,0,0,3.83242e-05,2.55651e-07,0,2.59192e-07,7.0581e-05,7.08401e-05,10063,7.03335e-05
cloth-ball,tight,cell2dmin,87vf,vf,1131097,2.99194,10.1885,4.0584,6.33043,0,0,1129323,0,6.27312,1774,0,0,3.50217e-05,2.35244e-07,0,7.33837e-08,0.000161959,0.000162032,1774,0.000161886
cloth-ball,tight,cell2dmin,88ee,ee,3705732,3.07402,5.59138,14.5079,15.5866,0,0,3692966,0,25.5368,12766,0,0,3.00133e-05,2.44129e-07,0,3.22266e-06,0.000187872,0.000191095,12766,0.000184059
cloth-ball,tight,cell2dmin,88vf,vf,1187237,2.91614,10.05,4.24777,6.6588,0,0,1184855,0,6.66194,2382,0,0,5.56419e-06,2.2673e-07,0,1.64903e-07,0.000614762,0.000614926,2382,0.000614643
cloth-ball,tight,cell2dmin,89ee,ee,3916295,3.34479,5.65631,15.5189,19.2178,0,0,3897178,0,31.0236,19117,0,0,2.49381e-05,2.41704e-07,0,1.52134e-07,1.54714e-05,1.56235e-05,19117,1.52588e-05
cloth-ball,tight,cell2dmin,89vf,vf,1249990,3.00756,10.3238,4.49221,7.38448,0,0,1246311,0,8.32202,3679,0,0,4.56075e-05,2.32215e-07,0,5.64206e-08,0.000960808,0.000960864,3679,0.000960708
cloth-ball,tight,cell2dmin,90ee,ee,4210043,2.99517,5.65301,17.0272,23.7994,0,0,4180824,0,39.7771,29219,0,0,3.10472e-05,2.24196e-07,0,1.39679e-07,2.61509e-05,2.62906e-05,29219,2.57492e-05
cloth-ball,tight,cell2dmin,90vf,vf,1340531,3.07376,9.69055,4.84222,8.61062,0,0,1334816,0,10.676,5715,0,0,2.20605e-05,2.18863e-07,0,6.26e-08,0.000298159,0.000298222,5715,0.000298083
cloth-ball,tight,cell2dmin,91ee,ee,4569239,2.97412,5.98286,18.9324,35.7281,0,0,4513800,0,58.2822,55439,0,0,2.88795e-05,1.92001e-07,0,1.68701e-07,7.63749e-06,7.80619e-06,55439,7.39098e-06
cloth-ball,tight,cell2dmin,91vf,vf,1452086,2.93018,9.10887,5.22726,9.63513,0,0,1440808,0,15.6178,11278,0,0,0.0001041,1.89363e-07,0,2.33175e-08,0.000131077,0.0001311,11278,0.000131011
cloth-ball,tight,cell2dmin,92ee,ee,5197332,2.83841,6.88504,22.1179,58.095,0,0,5102507,0,88.4708,94822,0,0,4.03822e-05,1.85304e-07,0,1.87078e-08,7.47336e-06,7.49207e-06,94825,7.45058e-06
cloth-ball,tight,cell2dmin,92vf,vf,1655541,3.27583,8.81797,5.99879,14.6306,0,0,1636507,0,20.902,19032,0,0,7.20258e-05,1.82394e-07,0,8.9015e-08,0.000147593,0.000147682,19034,0.000147104
cloth-ball,tight,cell2dminsort,22ee,ee,93162,1.06855,0.946632,0.472532,0.079454,0,0,93161,0,0.551058,1,0,0,1.53307e-07,1.53307e-07,0,1.53307e-07,0.930994,0.930994,1,0.930994
cloth-ball,tight,cell2dminsort,23ee,ee,75461,2.29879,0.97799,0.429013,0.078334,0,0,75460,0,0.466612,1,0,0,2.24712e-07,2.24712e-07,0,2.24712e-07,0.810556,0.810557,1,0.810556
cloth-ball,tight,cell2dminsort,25ee,ee,55367,3.34455,0.947336,0.306808,0.075518,0,0,55366,0,0.330071,1,0,0,2.2345e-07,2.2345e-07,0,2.2345e-07,0.124038,0.124038,1,0.124038
cloth-ball,tight,cell2dminsort,47ee,ee,142929,2.4567,1.11005,0.659215,0.116157,0,0,142928,0,0.711693,1,0,0,1.39292e-07,1.39292e-07,0,1.39292e-07,0.923549,0.923549,1,0.923549
cloth-ball,tight,cell2dminsort,50ee,ee,204121,2.34445,1.76267,0.879433,0.117117,0,0,204120,0,1.04093,1,0,0,2.09448e-07,2.09448e-07,0,2.09448e-07,0.0871633,0.0871635,1,0.0871633
cloth-ball,tight,cell2dminsort,55ee,ee,292910,2.36823,2.46131,1.26563,0.07699,0,0,292909,0,1.40441,1,0,0,1.67018e-07,1.67018e-07,0,1.67018e-07,0.85804,0.85804,1,0.85804
cloth-ball,tight,cell2dminsort,56ee,ee,402049,2.44099,2.59171,1.61052,0.082206,0,0,402048,0,1.75221,1,0,0,2.28421e-07,2.28421e-07,0,2.28421e-07,0.392759,0.392759,1,0.392759
cloth-ball,tight,cell2dminsort,57ee,ee,553184,2.38279,3.17419,2.2017,2.76354,0,0,553150,0,2.30858,34,0,0,1.51067e-06,3.81027e-07,0,3.01871e-07,0.189111,0.189112,34,0.189111
cloth-ball,tight,cell2dminsort,57vf,vf,174686,1.13495,5.9865,1.06144,0.37887,0,0,174679,0,0.75006,7,0,0,4.43212e-07,3.1466e-07,0,2.26385e-07,0.198356,0.198356,7,0.198356
cloth-ball,tight,cell2dminsort,58ee,ee,677743,2.27959,3.38724,2.55229,17.1608,0,0,677562,0,3.61485,181,0,0,2.70035e-06,3.5091e-07,0,3.55314e-07,0.0177579,0.0177583,181,0.0177574
cloth-ball,tight,cell2dminsort,58vf,vf,217433,2.79561,6.49135,0.977191,3.17265,0,0,217399,0,1.15808,34,0,0,2.67217e-06,3.36691e-07,0,4.31269e-07,0.115568,0.115568,34,0.115568
cloth-ball,tight,cell2dminsort,59ee,ee,813886,3.25777,4.29352,3.06082,19.9859,0,0,813446,0,4.74349,440,0,0,3.56329e-06,3.14118e-07,0,1.6181e-07,0.00709702,0.00709718,440,0.00709677
cloth-ball,tight,cell2dminsort,59vf,vf,263782,3.40532,5.95108,1.08804,6.5373,0,0,263694,0,1.50012,88,0,0,1.17018e-06,3.00868e-07,0,3.14383e-07,0.0249849,0.0249852,88,0.0249844
cloth-ball,tight,cell2dminsort,60ee,ee,1077546,3.26065,4.7824,4.0214,23.8853,0,0,1076584,0,6.79349,962,0,0,5.81415e-06,3.16899e-07,0,2.29491e-07,0.00873832,0.00873855,962,0.00873804
cloth-ball,tight,cell2dminsort,60vf,vf,360239,2.94475,5.63457,1.40364,9.88221,0,0,360036,0,2.07223,203,0,0,2.39565e-06,2.88344e-07,0,3.29584e-08,0.061102,0.061102,203,0.0611019
cloth-ball,tight,cell2dminsort,61ee,ee,1426132,3.0788,4.95405,5.22162,31.9298,0,0,1422837,0,11.6671,3295,0,0,9.49728e-06,2.6967e-07,0,3.54335e-07,0.00113774,0.00113809,3295,0.00113726
cloth-ball,tight,cell2dminsort,61vf,vf,487788,3.16485,5.23484,1.82453,11.501,0,0,487152,0,3.29825,636,0,0,2.26154e-06,2.38049e-07,0,1.61753e-07,0.0118909,0.011891,636,0.0118906
cloth-ball,tight,cell2dminsort,62ee,ee,2016457,2.90799,5.2174,7.18954,41.9231,0,0,2010540,0,18.7797,5917,0,0,1.87306e-05,3.18036e-07,0,2.76422e-08,0.000557276,0.000557304,5917,0.000557184
cloth-ball,tight,cell2dminsort,62vf,vf,711484,2.98994,4.58766,2.4895,14.2547,0,0,710312,0,4.82816,1172,0,0,8.92782e-06,2.67785e-07,0,1.08951e-07,0.00128874,0.00128885,1172,0.00128865
cloth-ball,tight,cell2dminsort,63ee,ee,2949103,3.06453,6.33791,10.0192,35.0253,0,0,2941276,0,23.9516,7827,0,0,1.07755e-05,3.30351e-07,0,1.93426e-07,0.000240736,0.00024093,7827,0.000240445
cloth-ball,tight,cell2dminsort,63vf,vf,1079584,2.98363,4.10799,3.49511,11.9339,0,0,1077958,0,6.76872,1626,0,0,3.93582e-06,2.88482e-07,0,1.09177e-06,0.000689463,0.000690554,1626,0.000688076
cloth-ball,tight,cell2dminsort,64ee,ee,3804130,3.36596,6.61484,12.7195,27.68,0,0,3793044,0,30.4887,11086,0,0,3.13486e-05,3.16858e-07,0,2.9781e-07,2.14535e-05,2.17513e-05,11086,2.12193e-05
cloth-ball,tight,cell2dminsort,64vf,vf,1414679,3.20795,4.1518,4.37566,14.0204,0,0,1412471,0,8.26241,2208,0,0,1.05311e-05,2.86975e-07,0,3.13327e-07,0.00110717,0.00110748,2208,0.0011065
cloth-ball,tight,cell2dminsort,65ee,ee,4239673,2.64636,4.52644,14.306,29.0391,0,0,4223323,0,38.8481,16350,0,0,1.82526e-05,2.99943e-07,0,1.56488e-07,0.00011281,0.000112967,16350,0.000112534
cloth-ball,tight,cell2dminsort,65vf,vf,1572147,2.54969,4.65197,4.80416,14.29,0,0,1568962,0,10.9841,3185,0,0,1.42209e-05,2.73003e-07,0,2.82352e-07,0.000548536,0.000548819,3185,0.000548601
cloth-ball,tight,cell2dminsort,66ee,ee,4852404,2.41565,4.78234,16.5028,47.79,0,0,4833074,0,44.7128,19329,0,0,1.36364e-05,2.96184e-07,0,9.39382e-08,0.000158927,0.000159021,19330,0.000158787
cloth-ball,tight,cell2dminsort,66vf,vf,1802633,2.64832,5.30194,6.23888,18.4589,0,0,1798776,0,13.2573,3857,0,0,7.44397e-06,2.6443e-07,0,2.27428e-08,0.000152532,0.000152554,3857,0.000152349
cloth-ball,tight,cell2dminsort,67ee,ee,5689944,5.3685,4.3796,19.9839,44.6497,0,0,5667846,0,51.2046,22097,0,0,0.000192801,2.87697e-07,0,2.02138e-06,2.21756e-05,2.4197e-05,22098,1.83582e-05
cloth-ball,tight,cell2dminsort,67vf,vf,2126413,5.68289,5.95181,6.38351,13.8438,0,0,2122157,0,13.9625,4256,0,0,1.62156e-05,2.53776e-07,0,1.30644e-07,8.03232e-05,8.04539e-05,4256,8.02279e-05
cloth-ball,tight,cell2dminsort,68ee,ee,6476896,5.58459,4.8625,21.9313,43.521,0,0,6456635,0,52.2189,20261,0,0,2.31303e-05,3.18002e-07,0,5.56428e-07,2.17612e-05,2.23177e-05,20261,2.07424e-05
cloth-ball,tight,cell2dminsort,68vf,vf,2431467,7.41152,7.46022,7.20746,16.958,0,0,2427602,0,15.3436,3865,0,0,2.05652e-05,2.78275e-07,0,4.165e-08,0.000100931,0.000100973,3865,0.000100851
cloth-ball,tight,cell2dminsort,69ee,ee,6751331,6.03495,5.39007,22.9725,49.1386,1,0,6729561,0,54.5699,21769,0,0,2.038e-05,3.06672e-07,0,9.19062e-08,4.16054e-05,4.16973e-05,21770,4.13656e-05
cloth-ball,tight,cell2dminsort,69vf,vf,2526777,8.38474,8.74422,7.65257,16.9543,0,0,2522725,0,19.5454,4051,0,0,8.56904e-06,2.67986e-07,0,1.38329e-07,0.000197017,0.000197155,4052,0.000196934
cloth-ball,tight,cell2dminsort,70ee,ee,6693030,8.53559,6.41794,19.5085,33.4545,0,0,6673914,0,48.404,19112,0,0,3.29796e-05,3.02891e-07,0,1.66244e-07,0,1.66244e-07,19116,0
cloth-ball,tight,cell2dminsort,70vf,vf,2494148,6.47452,7.60636,7.62438,12.9736,0,0,2490582,0,14.1194,3565,0,0,1.34795e-05,2.67299e-07,0,5.12355e-08,0.000116914,0.000116965,3566,0.000116825
cloth-ball,tight,cell2dminsort,71ee,ee,6122649,6.59125,6.1648,21.3861,38.3954,0,0,6101323,0,60.03,21323,0,0,3.29026e-05,2.88942e-07,0,8.78894e-08,3.52421e-05,3.53299e-05,21326,3.49283e-05
cloth-ball,tight,cell2dminsort,71vf,vf,2247521,6.49362,7.9005,7.02049,14.286,0,0,2243466,0,12.9546,4054,0,0,1.88597e-05,2.54846e-07,0,5.96129e-08,1.25805e-05,1.26401e-05,4055,1.2517e-05
cloth-ball,tight,cell2dminsort,72ee,ee,5360502,6.4917,6.09722,19.0749,44.036,0,0,5338812,0,48.4131,21689,0,0,2.78849e-05,2.80939e-07,0,1.85379e-07,2.55511e-05,2.57365e-05,21690,2.51532e-05
cloth-ball,tight,cell2dminsort,72vf,vf,1929809,6.34502,8.45444,6.19498,16.6043,0,0,1925720,0,13.5878,4089,0,0,7.11089e-06,2.53146e-07,0,3.01428e-08,4.60236e-05,4.60538e-05,4089,4.60148e-05
cloth-ball,tight,cell2dminsort,73ee,ee,4482728,3.2172,5.69697,16.2696,28.0712,0,0,4463939,0,40.041,18789,0,0,3.01405e-05,2.8631e-07,0,9.37668e-08,0.000115064,0.000115158,18789,0.000114799
cloth-ball,tight,cell2dminsort,73vf,vf,1569765,3.14814,8.40986,6.11565,11.7765,0,0,1566112,0,12.098,3653,0,0,7.68216e-06,2.5635e-07,0,3.17018e-07,2.41152e-05,2.44322e-05,3653,2.38419e-05
cloth-ball,tight,cell2dminsort,74ee,ee,3843725,3.23713,5.18652,14.3759,30.4685,0,0,3824388,0,36.3009,19337,0,0,1.52563e-05,2.65335e-07,0,1.87574e-07,2.58693e-05,2.60569e-05,19337,2.57492e-05
cloth-ball,tight,cell2dminsort,74vf,vf,1316922,3.00261,8.41732,4.49102,11.9608,0,0,1313249,0,9.87779,3673,0,0,5.0527e-06,2.39293e-07,0,1.72014e-08,0.00122315,0.00122316,3673,0.00122309
cloth-ball,tight,cell2dminsort,75ee,ee,3397981,3.30852,5.14767,12.8313,22.5641,0,0,3385426,0,26.3022,12555,0,0,3.72029e-05,2.91697e-07,0,1.53245e-07,0.000411251,0.000411404,12555,0.000411034
cloth-ball,tight,cell2dminsort,75vf,vf,1144734,3.17899,8.51213,4.00246,12.9525,0,0,1142424,0,9.22322,2310,0,0,3.31131e-05,2.70562e-07,0,2.23871e-07,0.00019664,0.000196864,2310,0.000196457
cloth-ball,tight,cell2dminsort,76ee,ee,3077110,3.23227,5.10428,11.6314,17.517,0,0,3069214,0,20.3964,7896,0,0,2.75756e-05,3.71561e-07,0,4.34328e-07,7.87644e-05,7.91987e-05,7896,7.79629e-05
cloth-ball,tight,cell2dminsort,76vf,vf,1021601,3.1859,8.82265,3.64714,7.80805,0,0,1020262,0,5.90218,1339,0,0,1.7323e-05,3.24309e-07,0,3.51441e-07,0.00214939,0.00214974,1339,0.00214911
cloth-ball,tight,cell2dminsort,77ee,ee,2915628,3.27371,4.80583,11.7587,18.0583,0,0,2905869,0,21.943,9759,0,0,0.000168394,3.29666e-07,0,5.93451e-08,2.17792e-05,2.18386e-05,9759,2.16961e-05
cloth-ball,tight,cell2dminsort,77vf,vf,963888,3.08862,8.99634,3.49479,8.49066,0,0,962143,0,6.26905,1745,0,0,5.96067e-06,2.97311e-07,0,3.34414e-07,0.0017591,0.00175943,1745,0.0017581
cloth-ball,tight,cell2dminsort,78ee,ee,2864389,3.2931,4.84314,11.1453,16.4368,0,0,2851808,0,23.6932,12581,0,0,4.70147e-05,2.71893e-07,0,1.04706e-07,7.81999e-05,7.83046e-05,12581,7.79629e-05
cloth-ball,tight,cell2dminsort,78vf,vf,947065,3.26324,9.27205,3.47348,7.77535,0,0,944840,0,11.5529,2225,0,0,8.30693e-06,2.58714e-07,0,9.91588e-08,0.000849202,0.000849302,2225,0.000849009
cloth-ball,tight,cell2dminsort,79ee,ee,2775535,3.28782,4.81459,10.8278,17.6898,0,0,2764718,0,21.9389,10817,0,0,6.12708e-05,2.77829e-07,0,2.72313e-07,6.19069e-05,6.21793e-05,10817,6.1512e-05
cloth-ball,tight,cell2dminsort,79vf,vf,913895,3.05048,9.57738,3.36174,8.59181,0,0,911879,0,6.27081,2016,0,0,1.73053e-05,2.60552e-07,0,3.61992e-08,0.00072327,0.000723306,2016,0.000723243
cloth-ball,tight,cell2dminsort,80ee,ee,2836713,3.26715,4.82253,11.0307,20.428,0,0,2825388,0,23.2855,11323,0,0,1.5655e-05,2.71939e-07,0,8.01673e-08,0.000236096,0.000236176,11325,0.000236034
cloth-ball,tight,cell2dminsort,80vf,vf,935635,3.1123,10.099,3.41524,6.77269,0,0,933489,0,6.09395,2146,0,0,4.79818e-06,2.38319e-07,0,8.59244e-08,0.0037562,0.00375628,2146,0.00375605
cloth-ball,tight,cell2dminsort,81ee,ee,2830785,3.26647,4.84087,11.4838,17.5977,0,0,2819669,0,24.8566,11116,0,0,2.46784e-05,2.67444e-07,0,1.27749e-07,5.24143e-05,5.25421e-05,11116,5.23329e-05
cloth-ball,tight,cell2dminsort,81vf,vf,927924,3.11246,10.4924,3.99548,8.11732,0,0,925837,0,6.10589,2087,0,0,9.65595e-06,2.4678e-07,0,5.37128e-08,7.3866e-05,7.39197e-05,2087,7.37906e-05
cloth-ball,tight,cell2dminsort,82ee,ee,2910424,3.40164,4.95571,11.3061,18.576,0,0,2901522,0,21.6961,8902,0,0,1.80337e-05,2.80064e-07,0,2.73315e-07,9.33317e-05,9.36051e-05,8902,9.33409e-05
cloth-ball,tight,cell2dminsort,82vf,vf,949767,3.41498,10.8527,3.46682,7.9205,0,0,948077,0,6.32515,1690,0,0,3.47186e-06,2.58728e-07,0,1.06145e-07,0.000974008,0.000974114,1690,0.000973701
cloth-ball,tight,cell2dminsort,83ee,ee,2987261,3.64077,4.95139,11.5485,17.5474,0,0,2982068,0,18.5874,5193,0,0,2.66115e-05,3.3254e-07,0,8.6166e-08,0.000201488,0.000201574,5193,0.000201225
cloth-ball,tight,cell2dminsort,83vf,vf,969694,3.31454,10.8705,3.54493,8.05291,0,0,968780,0,5.45183,914,0,0,5.45018e-06,2.97485e-07,0,1.93641e-07,0.00239953,0.00239972,914,0.00239921
cloth-ball,tight,cell2dminsort,84ee,ee,3119377,3.38049,4.92205,12.1935,17.9248,0,0,3115429,0,17.9236,3948,0,0,2.56074e-05,3.89434e-07,0,8.41757e-08,0.000100129,0.000100213,3948,9.97782e-05
cloth-ball,tight,cell2dminsort,84vf,vf,1011306,3.36782,10.7996,3.6488,6.43657,0,0,1010753,0,5.4564,553,0,0,5.53975e-06,3.44239e-07,0,4.69882e-07,0.00650311,0.00650358,553,0.00650287
cloth-ball,tight,cell2dminsort,85ee,ee,3222564,3.39969,5.03318,12.5262,16.792,0,0,3218179,0,18.8559,4385,0,0,1.31271e-05,3.94602e-07,0,3.25549e-08,2.90885e-05,2.91211e-05,4385,2.89679e-05
cloth-ball,tight,cell2dminsort,85vf,vf,1041160,3.19012,11.0182,3.79414,7.03652,0,0,1040460,0,5.29849,700,0,0,5.81867e-06,3.85447e-07,0,1.64631e-07,0.00437785,0.00437801,700,0.0043776
cloth-ball,tight,cell2dminsort,86ee,ee,3347903,3.41809,5.1958,13.247,15.7277,0,0,3339942,0,22.3062,7961,0,0,2.71364e-05,2.75067e-07,0,6.75034e-08,3.14355e-05,3.1503e-05,7961,3.12328e-05
cloth-ball,tight,cell2dminsort,86vf,vf,1076950,3.4011,10.5302,3.95561,6.79493,0,0,1075505,0,6.05533,1445,0,0,5.52735e-06,2.62496e-07,0,4.62155e-08,0.000480229,0.000480275,1445,0.000480056
cloth-ball,tight,cell2dminsort,87ee,ee,3522105,3.49796,5.08294,14.0915,16.3008,0,0,3512042,0,24.3048,10063,0,0,3.83242e-05,2.55651e-07,0,2.56546e-07,7.05836e-05,7.08401e-05,10063,7.03335e-05
cloth-ball,tight,cell2dminsort,87vf,vf,1131097,3.34027,10.4888,4.16559,6.41964,0,0,1129323,0,6.65372,1774,0,0,3.50217e-05,2.35244e-07,0,7.33837e-08,0.000161959,0.000162032,1774,0.000161886
cloth-ball,tight,cell2dminsort,88ee,ee,3705732,3.40877,5.21561,14.8999,15.8494,0,0,3692966,0,26.9386,12766,0,0,3.00133e-05,2.44129e-07,0,3.23866e-06,0.000187856,0.000191095,12766,0.000184059
cloth-ball,tight,cell2dminsort,88vf,vf,1187237,3.37562,10.3164,4.35137,6.71103,0,0,1184855,0,6.86232,2382,0,0,5.56419e-06,2.2673e-07,0,1.64903e-07,0.000614762,0.000614926,2382,0.000614643
cloth-ball,tight,cell2dminsort,89ee,ee,3916295,3.50375,5.15775,16.5203,19.4711,0,0,3897178,0,32.1811,19117,0,0,2.49381e-05,2.41704e-07,0,1.50103e-07,1.54734e-05,1.56235e-05,19117,1.52588e-05
cloth-ball,tight,cell2dminsort,89vf,vf,1249990,3.3961,10.6974,4.59927,7.44947,0,0,1246311,0,8.56659,3679,0,0,4.56075e-05,2.32215e-07,0,5.64206e-08,0.000960808,0.000960864,3679,0.000960708
cloth-ball,tight,cell2dminsort,90ee,ee,4210043,3.33854,5.50389,17.6482,24.1916,0,0,4180824,0,41.0339,29219,0,0,3.10472e-05,2.24196e-07,0,1.39904e-07,2.61507e-05,2.62906e-05,29219,2.57492e-05
cloth-ball,tight,cell2dminsort,90vf,vf,1340531,3.30263,10.0395,4.97533,8.6943,0,0,1334816,0,10.9541,5715,0,0,2.20605e-05,2.18863e-07,0,6.26e-08,0.000298159,0.000298222,5715,0.000298083
cloth-ball,tight,cell2dminsort,91ee,ee,4569239,3.48113,5.59333,19.4902,36.8682,0,0,4513800,0,60.0538,55439,0,0,2.88795e-05,1.92001e-07,0,1.68537e-07,7.63765e-06,7.80619e-06,55439,7.39098e-06
cloth-ball,tight,cell2dminsort,91vf,vf,1452086,3.67027,9.38059,5.46923,9.72224,0,0,1440808,0,16.2304,11278,0,0,0.0001041,1.89363e-07,0,2.33175e-08,0.000131077,0.0001311,11278,0.000131011
cloth-ball,tight,cell2dminsort,92ee,ee,5197332,3.89606,7.83157,22.8091,59.0978,0,0,5102507,0,90.7508,94822,0,0,4.03822e-05,1.85304e-07,0,1.82262e-08,7.47384e-06,7.49207e-06,94825,7.45058e-06
cloth-ball,tight,cell2dminsort,92vf,vf,1655541,4.40555,9.70932,6.26448,14.858,0,0,1636507,0,21.6911,19032,0,0,7.20258e-05,1.82394e-07,0,8.9015e-08,0.000147593,0.000147682,19034,0.000147104
cloth-ball,tight,cell2dminsort,22ee,ee,93162,2.76495,1.07447,0.488756,0.174748,0,0,93161,0,0.588336,1,0,0,1.53307e-07,1.53307e-07,0,1.53307e-07,0.930994,0.930994,1,0.930994
cloth-ball,tight,cell2dminsort,23ee,ee,75461,4.57034,1.1288,0.449429,0.1383,0,0,75460,0,0.509618,1,0,0,2.24712e-07,2.24712e-07,0,2.24712e-07,0.810556,0.810557,1,0.810556
cloth-ball,tight,cell2dminsort,25ee,ee,55367,3.82444,1.00154,0.356919,0.082878,0,0,55366,0,0.384022,1,0,0,2.2345e-07,2.2345e-07,0,2.2345e-07,0.124038,0.124038,1,0.124038
cloth-ball,tight,cell2dminsort,47ee,ee,142929,3.43316,1.16586,0.750924,0.116541,0,0,142928,0,0.729869,1,0,0,1.39292e-07,1.39292e-07,0,1.39292e-07,0.923549,0.923549,1,0.923549
cloth-ball,tight,cell2dminsort,50ee,ee,204121,3.40346,1.78424,0.957127,0.118877,0,0,204120,0,0.975015,1,0,0,2.09448e-07,2.09448e-07,0,2.09448e-07,0.0871633,0.0871635,1,0.0871633
cloth-ball,tight,cell2dminsort,55ee,ee,292910,3.5465,2.58809,1.30985,0.077694,0,0,292909,0,1.34659,1,0,0,1.67018e-07,1.67018e-07,0,1.67018e-07,0.85804,0.85804,1,0.85804
cloth-ball,tight,cell2dminsort,56ee,ee,402049,3.59959,2.66572,1.67916,0.084286,0,0,402048,0,1.74764,1,0,0,2.28421e-07,2.28421e-07,0,2.28421e-07,0.392759,0.392759,1,0.392759
cloth-ball,tight,cell2dminsort,57ee,ee,553184,3.52276,3.39642,2.11418,2.75369,0,0,553150,0,2.40918,34,0,0,1.51067e-06,3.81027e-07,0,3.01871e-07,0.189111,0.189112,34,0.189111
cloth-ball,tight,cell2dminsort,57vf,vf,174686,1.43775,5.95191,0.679822,0.382294,0,0,174679,0,0.730317,7,0,0,4.43212e-07,3.1466e-07,0,2.26385e-07,0.198356,0.198356,7,0.198356
cloth-ball,tight,cell2dminsort,58ee,ee,677743,3.38209,3.45303,2.62422,17.0358,0,0,677562,0,3.52189,181,0,0,2.70035e-06,3.5091e-07,0,3.55314e-07,0.0177579,0.0177583,181,0.0177574
cloth-ball,tight,cell2dminsort,58vf,vf,217433,3.64106,5.71508,0.896809,3.15112,0,0,217399,0,1.12557,34,0,0,2.67217e-06,3.36691e-07,0,4.31269e-07,0.115568,0.115568,34,0.115568
cloth-ball,tight,cell2dminsort,59ee,ee,813886,3.50183,4.05638,3.03838,19.962,0,0,813446,0,4.65722,440,0,0,3.56329e-06,3.14118e-07,0,1.6181e-07,0.00709702,0.00709718,440,0.00709677
cloth-ball,tight,cell2dminsort,59vf,vf,263782,3.5793,5.09676,1.03687,6.55813,0,0,263694,0,1.3704,88,0,0,1.17018e-06,3.00868e-07,0,3.14383e-07,0.0249849,0.0249852,88,0.0249844
cloth-ball,tight,cell2dminsort,60ee,ee,1077546,3.28152,4.51105,3.99372,23.8273,0,0,1076584,0,6.72261,962,0,0,5.81415e-06,3.16899e-07,0,2.29491e-07,0.00873832,0.00873855,962,0.00873804
cloth-ball,tight,cell2dminsort,60vf,vf,360239,3.26737,4.8034,1.36966,9.85014,0,0,360036,0,1.98696,203,0,0,2.39565e-06,2.88344e-07,0,3.29584e-08,0.061102,0.061102,203,0.0611019
cloth-ball,tight,cell2dminsort,61ee,ee,1426132,3.02344,4.82749,5.46258,31.6245,0,0,1422837,0,11.7324,3295,0,0,9.49728e-06,2.6967e-07,0,3.54335e-07,0.00113774,0.00113809,3295,0.00113726
cloth-ball,tight,cell2dminsort,61vf,vf,487788,3.11765,5.2455,1.73746,11.433,0,0,487152,0,3.29742,636,0,0,2.26154e-06,2.38049e-07,0,2.12131e-07,0.0118908,0.011891,636,0.0118906
cloth-ball,tight,cell2dminsort,62ee,ee,2016457,2.9893,5.60126,7.15533,41.9332,0,0,2010540,0,18.9256,5917,0,0,1.87306e-05,3.18036e-07,0,2.76422e-08,0.000557276,0.000557304,5917,0.000557184
cloth-ball,tight,cell2dminsort,62vf,vf,711484,2.9756,3.95126,2.39325,14.3358,0,0,710312,0,4.82906,1172,0,0,8.92782e-06,2.67785e-07,0,1.08951e-07,0.00128874,0.00128885,1172,0.00128865
cloth-ball,tight,cell2dminsort,63ee,ee,2949103,2.88111,6.35916,10.0051,34.9805,0,0,2941276,0,24.2153,7827,0,0,1.07755e-05,3.30351e-07,0,1.93426e-07,0.000240736,0.00024093,7827,0.000240445
cloth-ball,tight,cell2dminsort,63vf,vf,1079584,2.85938,3.6097,3.43284,11.9795,0,0,1077958,0,6.74424,1626,0,0,3.93582e-06,2.88482e-07,0,1.09177e-06,0.000689463,0.000690554,1626,0.000688076
cloth-ball,tight,cell2dminsort,64ee,ee,3804130,3.56372,6.47535,12.7151,27.8225,0,0,3793044,0,30.5461,11086,0,0,3.13486e-05,3.16858e-07,0,2.9781e-07,2.14535e-05,2.17513e-05,11086,2.12193e-05
cloth-ball,tight,cell2dminsort,64vf,vf,1414679,3.13313,3.69222,4.35426,13.9945,0,0,1412471,0,8.27476,2208,0,0,1.05311e-05,2.86975e-07,0,3.13327e-07,0.00110717,0.00110748,2208,0.0011065
cloth-ball,tight,cell2dminsort,65ee,ee,4239673,2.54445,4.35205,14.316,28.8545,0,0,4223323,0,38.7391,16350,0,0,1.82526e-05,2.99943e-07,0,1.56488e-07,0.00011281,0.000112967,16350,0.000112534
cloth-ball,tight,cell2dminsort,65vf,vf,1572147,2.59558,4.09855,4.79959,14.3775,0,0,1568962,0,10.9689,3185,0,0,1.42209e-05,2.73003e-07,0,2.82352e-07,0.000548536,0.000548819,3185,0.000548601
cloth-ball,tight,cell2dminsort,66ee,ee,4852404,2.50179,4.61959,16.5304,47.7248,0,0,4833074,0,44.8228,19329,0,0,1.36364e-05,2.96184e-07,0,9.39382e-08,0.000158927,0.000159021,19330,0.000158787
cloth-ball,tight,cell2dminsort,66vf,vf,1802633,2.73833,4.95901,6.25638,18.4503,0,0,1798776,0,13.3938,3857,0,0,7.44397e-06,2.6443e-07,0,2.27428e-08,0.000152532,0.000152554,3857,0.000152349
cloth-ball,tight,cell2dminsort,67ee,ee,5689944,5.58465,4.38558,19.899,44.713,0,0,5667846,0,51.1179,22097,0,0,0.000192801,2.87697e-07,0,2.02138e-06,2.21756e-05,2.4197e-05,22098,1.83582e-05
cloth-ball,tight,cell2dminsort,67vf,vf,2126413,5.72439,5.82491,6.40521,13.6152,0,0,2122157,0,14.025,4256,0,0,1.62156e-05,2.53776e-07,0,1.30644e-07,8.03232e-05,8.04539e-05,4256,8.02279e-05
cloth-ball,tight,cell2dminsort,68ee,ee,6476896,5.74036,5.02307,21.9384,43.447,0,0,6456635,0,52.3314,20261,0,0,2.31303e-05,3.18002e-07,0,5.56428e-07,2.17612e-05,2.23177e-05,20261,2.07424e-05
cloth-ball,tight,cell2dminsort,68vf,vf,2431467,5.8945,7.19015,7.29456,16.998,0,0,2427602,0,15.3382,3865,0,0,2.05652e-05,2.78275e-07,0,4.165e-08,0.000100931,0.000100973,3865,0.000100851
cloth-ball,tight,cell2dminsort,69ee,ee,6751331,6.36521,6.27241,22.9543,49.33,1,0,6729561,0,54.717,21769,0,0,2.038e-05,3.06672e-07,0,9.19062e-08,4.16054e-05,4.16973e-05,21770,4.13656e-05
cloth-ball,tight,cell2dminsort,69vf,vf,2526777,6.75522,7.58729,7.74873,16.7169,0,0,2522725,0,18.1569,4051,0,0,8.56904e-06,2.67986e-07,0,1.38329e-07,0.000197017,0.000197155,4052,0.000196934
cloth-ball,tight,cell2dminsort,70ee,ee,6693030,7.30755,6.33718,19.4543,33.6316,0,0,6673914,0,48.5645,19112,0,0,3.29796e-05,3.02891e-07,0,1.66244e-07,0,1.66244e-07,19116,0
cloth-ball,tight,cell2dminsort,70vf,vf,2494148,6.5925,7.73423,7.64063,12.9462,0,0,2490582,0,14.122,3565,0,0,1.34795e-05,2.67299e-07,0,5.12355e-08,0.000116914,0.000116965,3566,0.000116825
cloth-ball,tight,cell2dminsort,71ee,ee,6122649,6.83473,6.29984,21.3729,38.4312,0,0,6101323,0,60.1849,21323,0,0,3.29026e-05,2.88942e-07,0,8.79261e-08,3.5242e-05,3.53299e-05,21326,3.49283e-05
cloth-ball,tight,cell2dminsort,71vf,vf,2247521,6.57128,7.56224,6.98673,14.4012,0,0,2243466,0,12.9999,4054,0,0,1.88597e-05,2.54846e-07,0,5.96129e-08,1.25805e-05,1.26401e-05,4055,1.2517e-05
cloth-ball,tight,cell2dminsort,72ee,ee,5360502,6.81643,6.26445,19.0191,43.6302,0,0,5338812,0,48.2628,21689,0,0,2.78849e-05,2.80939e-07,0,1.85379e-07,2.55511e-05,2.57365e-05,21690,2.51532e-05
cloth-ball,tight,cell2dminsort,72vf,vf,1929809,6.77013,9.52362,6.16304,16.2965,0,0,1925720,0,13.5601,4089,0,0,7.11089e-06,2.53146e-07,0,3.01428e-08,4.60236e-05,4.60538e-05,4089,4.60148e-05
cloth-ball,tight,cell2dminsort,73ee,ee,4482728,3.69344,5.68462,16.3419,27.9747,0,0,4463939,0,39.9344,18789,0,0,3.01405e-05,2.8631e-07,0,9.37668e-08,0.000115064,0.000115158,18789,0.000114799
cloth-ball,tight,cell2dminsort,73vf,vf,1569765,3.50682,8.12897,6.18758,11.7182,0,0,1566112,0,12.3819,3653,0,0,7.68216e-06,2.5635e-07,0,3.17018e-07,2.41152e-05,2.44322e-05,3653,2.38419e-05
cloth-ball,tight,cell2dminsort,74ee,ee,3843725,3.70227,5.23462,14.3878,30.3247,0,0,3824388,0,36.3347,19337,0,0,1.52563e-05,2.65335e-07,0,1.87574e-07,2.58693e-05,2.60569e-05,19337,2.57492e-05
cloth-ball,tight,cell2dminsort,74vf,vf,1316922,3.40266,8.6359,4.52503,11.8783,0,0,1313249,0,9.95065,3673,0,0,5.0527e-06,2.39293e-07,0,1.72014e-08,0.00122315,0.00122316,3673,0.00122309
cloth-ball,tight,cell2dminsort,75ee,ee,3397981,3.49133,5.3813,12.8338,22.5242,0,0,3385426,0,26.2872,12555,0,0,3.72029e-05,2.91697e-07,0,1.53245e-07,0.000411251,0.000411404,12555,0.000411034
cloth-ball,tight,cell2dminsort,75vf,vf,1144734,3.45495,8.78195,4.06277,12.7456,0,0,1142424,0,9.19755,2310,0,0,3.31131e-05,2.70562e-07,0,2.23871e-07,0.00019664,0.000196864,2310,0.000196457
cloth-ball,tight,cell2dminsort,76ee,ee,3077110,3.79113,5.19651,11.6056,17.9711,0,0,3069214,0,20.4308,7896,0,0,2.75756e-05,3.71561e-07,0,4.34328e-07,7.87644e-05,7.91987e-05,7896,7.79629e-05
cloth-ball,tight,cell2dminsort,76vf,vf,1021601,3.4762,9.07368,3.70982,7.75503,0,0,1020262,0,5.85806,1339,0,0,1.7323e-05,3.24309e-07,0,3.51441e-07,0.00214939,0.00214974,1339,0.00214911
cloth-ball,tight,cell2dminsort,77ee,ee,2915628,3.63482,5.11622,11.6161,17.7651,0,0,2905869,0,22.0005,9759,0,0,0.000168394,3.29666e-07,0,5.93451e-08,2.17792e-05,2.18386e-05,9759,2.16961e-05
cloth-ball,tight,cell2dminsort,77vf,vf,963888,3.43316,9.28014,3.52973,8.57053,0,0,962143,0,6.28726,1745,0,0,5.96067e-06,2.97311e-07,0,3.34414e-07,0.0017591,0.00175943,1745,0.0017581
cloth-ball,tight,cell2dminsort,78ee,ee,2864389,3.65526,4.88493,11.1534,16.4286,0,0,2851808,0,23.7261,12581,0,0,4.70147e-05,2.71893e-07,0,1.04987e-07,7.81996e-05,7.83046e-05,12581,7.79629e-05
cloth-ball,tight,cell2dminsort,78vf,vf,947065,3.56183,9.55847,3.4538,7.6303,0,0,944840,0,11.6187,2225,0,0,8.30693e-06,2.58714e-07,0,1.00743e-07,0.000849201,0.000849302,2225,0.000849009
cloth-ball,tight,cell2dminsort,79ee,ee,2775535,3.70477,4.93178,10.8518,17.7415,0,0,2764718,0,21.9695,10817,0,0,6.12708e-05,2.77829e-07,0,2.72313e-07,6.19069e-05,6.21793e-05,10817,6.1512e-05
cloth-ball,tight,cell2dminsort,79vf,vf,913895,3.52609,9.86973,3.37748,8.6097,0,0,911879,0,6.3166,2016,0,0,1.73053e-05,2.60552e-07,0,3.61992e-08,0.00072327,0.000723306,2016,0.000723243
cloth-ball,tight,cell2dminsort,80ee,ee,2836713,3.7824,5.02553,10.9954,20.4425,0,0,2825388,0,23.4659,11323,0,0,1.5655e-05,2.71939e-07,0,8.01673e-08,0.000236096,0.000236176,11325,0.000236034
cloth-ball,tight,cell2dminsort,80vf,vf,935635,3.68384,10.1489,3.46113,6.81253,0,0,933489,0,6.14394,2146,0,0,4.79818e-06,2.38319e-07,0,8.59244e-08,0.0037562,0.00375628,2146,0.00375605
cloth-ball,tight,cell2dminsort,81ee,ee,2830785,3.72582,4.94857,11.4771,17.4663,0,0,2819669,0,25.0417,11116,0,0,2.46784e-05,2.67444e-07,0,1.27749e-07,5.24143e-05,5.25421e-05,11116,5.23329e-05
cloth-ball,tight,cell2dminsort,81vf,vf,927924,3.65376,10.6379,3.97411,8.11544,0,0,925837,0,6.27763,2087,0,0,9.65595e-06,2.4678e-07,0,5.37128e-08,7.3866e-05,7.39197e-05,2087,7.37906e-05
cloth-ball,tight,cell2dminsort,82ee,ee,2910424,3.79331,5.15254,11.3087,18.3737,0,0,2901522,0,21.8798,8902,0,0,1.80337e-05,2.80064e-07,0,2.73315e-07,9.33317e-05,9.36051e-05,8902,9.33409e-05
cloth-ball,tight,cell2dminsort,82vf,vf,949767,3.62749,11.1108,3.49162,7.87215,0,0,948077,0,6.32294,1690,0,0,3.47186e-06,2.58728e-07,0,1.06145e-07,0.000974008,0.000974114,1690,0.000973701
cloth-ball,tight,cell2dminsort,83ee,ee,2987261,3.80777,5.00541,11.5409,17.4449,0,0,2982068,0,18.6867,5193,0,0,2.66115e-05,3.3254e-07,0,8.6166e-08,0.000201488,0.000201574,5193,0.000201225
cloth-ball,tight,cell2dminsort,83vf,vf,969694,3.72989,11.112,3.5464,7.89845,0,0,968780,0,5.45378,914,0,0,5.45018e-06,2.97485e-07,0,1.93641e-07,0.00239953,0.00239972,914,0.00239921
cloth-ball,tight,cell2dminsort,84ee,ee,3119377,3.86438,5.11734,12.0528,17.8822,0,0,3115429,0,18.0679,3948,0,0,2.56074e-05,3.89434e-07,0,8.41757e-08,0.000100129,0.000100213,3948,9.97782e-05
cloth-ball,tight,cell2dminsort,84vf,vf,1011306,3.84051,11.0696,3.70153,6.42274,0,0,1010753,0,5.37698,553,0,0,5.53975e-06,3.44239e-07,0,4.69882e-07,0.00650311,0.00650358,553,0.00650287
cloth-ball,tight,cell2dminsort,85ee,ee,3222564,3.98019,5.14835,12.5789,16.4599,0,0,3218179,0,19.0255,4385,0,0,1.31271e-05,3.94602e-07,0,7.04184e-08,2.90507e-05,2.91211e-05,4385,2.89679e-05
cloth-ball,tight,cell2dminsort,85vf,vf,1041160,3.74694,11.2151,3.79603,6.8691,0,0,1040460,0,5.35247,700,0,0,5.81867e-06,3.85447e-07,0,1.64631e-07,0.00437785,0.00437801,700,0.0043776
cloth-ball,tight,cell2dminsort,86ee,ee,3347903,4.0838,5.32063,13.2258,15.8073,0,0,3339942,0,22.461,7961,0,0,2.71364e-05,2.75067e-07,0,6.75034e-08,3.14355e-05,3.1503e-05,7961,3.12328e-05
cloth-ball,tight,cell2dminsort,86vf,vf,1076950,3.69949,10.8049,4.00678,6.83829,0,0,1075505,0,6.03389,1445,0,0,5.52735e-06,2.62496e-07,0,4.62155e-08,0.000480229,0.000480275,1445,0.000480056
cloth-ball,tight,cell2dminsort,87ee,ee,3522105,3.90191,5.19788,14.1168,16.2933,0,0,3512042,0,24.4367,10063,0,0,3.83242e-05,2.55651e-07,0,2.56546e-07,7.05836e-05,7.08401e-05,10063,7.03335e-05
cloth-ball,tight,cell2dminsort,87vf,vf,1131097,3.71129,10.6776,4.18188,6.44863,0,0,1129323,0,6.69691,1774,0,0,3.50217e-05,2.35244e-07,0,7.33837e-08,0.000161959,0.000162032,1774,0.000161886
cloth-ball,tight,cell2dminsort,88ee,ee,3705732,3.85804,5.45205,14.8748,15.8346,0,0,3692966,0,26.9918,12766,0,0,3.00133e-05,2.44129e-07,0,3.23866e-06,0.000187856,0.000191095,12766,0.000184059
cloth-ball,tight,cell2dminsort,88vf,vf,1187237,3.7792,10.5886,4.41585,6.81144,0,0,1184855,0,6.93819,2382,0,0,5.56419e-06,2.2673e-07,0,1.64903e-07,0.000614762,0.000614926,2382,0.000614643
cloth-ball,tight,cell2dminsort,89ee,ee,3916295,3.72205,5.42911,16.4703,19.5686,0,0,3897178,0,32.4007,19117,0,0,2.49381e-05,2.41704e-07,0,1.50103e-07,1.54734e-05,1.56235e-05,19117,1.52588e-05
cloth-ball,tight,cell2dminsort,89vf,vf,1249990,3.62298,10.9259,4.6321,7.5423,0,0,1246311,0,8.56474,3679,0,0,4.56075e-05,2.32215e-07,0,5.64206e-08,0.000960808,0.000960864,3679,0.000960708
cloth-ball,tight,cell2dminsort,90ee,ee,4210043,3.84486,5.66366,17.6416,24.1361,0,0,4180824,0,41.0123,29219,0,0,3.10472e-05,2.24196e-07,0,1.39904e-07,2.61507e-05,2.62906e-05,29219,2.57492e-05
cloth-ball,tight,cell2dminsort,90vf,vf,1340531,3.72659,10.2347,4.98889,8.69308,0,0,1334816,0,11.0228,5715,0,0,2.20605e-05,2.18863e-07,0,6.26e-08,0.000298159,0.000298222,5715,0.000298083
cloth-ball,tight,cell2dminsort,91ee,ee,4569239,3.68298,5.88676,19.4245,36.6666,0,0,4513800,0,59.8346,55439,0,0,2.88795e-05,1.92001e-07,0,1.68558e-07,7.63763e-06,7.80619e-06,55439,7.39098e-06
cloth-ball,tight,cell2dminsort,91vf,vf,1452086,4.03625,9.3211,5.39173,9.81331,0,0,1440808,0,16.336,11278,0,0,0.0001041,1.89363e-07,0,2.33175e-08,0.000131077,0.0001311,11278,0.000131011
cloth-ball,tight,cell2dminsort,92ee,ee,5197332,3.85648,7.88159,22.8131,59.3557,0,0,5102507,0,90.9427,94822,0,0,4.03822e-05,1.85304e-07,0,1.82262e-08,7.47384e-06,7.49207e-06,94825,7.45058e-06
cloth-ball,tight,cell2dminsort,92vf,vf,1655541,4.4362,9.4906,6.26499,14.8546,0,0,1636507,0,21.733,19032,0,0,7.20258e-05,1.82394e-07,0,8.9015e-08,0.000147593,0.000147682,19034,0.000147104
cloth-ball,tight,sweep,22ee,ee,93162,3.27558,2.48793,0.519344,0.084157,0,0,93161,0,0.609294,1,0,0,1.53307e-07,1.53307e-07,0,1.53307e-07,0.930994,0.930994,1,0.930994
cloth-ball,tight,sweep,23ee,ee,75461,4.45561,2.35187,0.483698,0.085277,0,0,75460,0,0.514544,1,0,0,2.24712e-07,2.24712e-07,0,2.24712e-07,0.810556,0.810557,1,0.810556
cloth-ball,tight,sweep,25ee,ee,55367,4.50124,2.14211,0.44133,0.080189,0,0,55366,0,0.387349,1,0,0,2.2345e-07,2.2345e-07,0,2.2345e-07,0.124038,0.124038,1,0.124038
cloth-ball,tight,sweep,47ee,ee,142929,4.57967,3.49445,0.728458,0.11974,0,0,142928,0,0.736618,1,0,0,1.39292e-07,1.39292e-07,0,1.39292e-07,0.923549,0.923549,1,0.923549
cloth-ball,tight,sweep,50ee,ee,204121,4.61468,4.12445,0.985282,0.118877,0,0,204120,0,1.03651,1,0,0,2.09448e-07,2.09448e-07,0,2.09448e-07,0.0871633,0.0871635,1,0.0871633
cloth-ball,tight,sweep,55ee,ee,292910,4.4965,4.13828,1.36396,0.083229,0,0,292909,0,1.45455,1,0,0,1.67018e-07,1.67018e-07,0,1.67018e-07,0.85804,0.85804,1,0.85804
cloth-ball,tight,sweep,56ee,ee,402049,4.63352,5.20093,1.71937,0.082622,0,0,402048,0,1.78824,1,0,0,2.28421e-07,2.28421e-07,0,2.28421e-07,0.392759,0.392759,1,0.392759
cloth-ball,tight,sweep,57ee,ee,553184,4.46963,5.60783,2.27228,2.70654,0,0,553150,0,2.45836,34,0,0,1.51067e-06,3.81027e-07,0,2.51242e-07,0.189111,0.189112,34,0.189111
cloth-ball,tight,sweep,57vf,vf,174686,3.77774,3.35955,0.724842,0.376021,0,0,174679,0,0.773257,7,0,0,4.43212e-07,3.1466e-07,0,3.23649e-07,0.198355,0.198356,7,0.198356
cloth-ball,tight,sweep,58ee,ee,677743,4.82721,5.86696,2.81476,16.8456,0,0,677562,0,3.15702,181,0,0,2.70035e-06,3.5091e-07,0,5.05535e-07,0.0177578,0.0177583,181,0.0177574
cloth-ball,tight,sweep,58vf,vf,217433,4.5638,3.459,0.93738,3.13203,0,0,217399,0,1.19081,34,0,0,2.67217e-06,3.36691e-07,0,4.33836e-07,0.115568,0.115568,34,0.115568
cloth-ball,tight,sweep,59ee,ee,813886,4.66332,6.37517,3.2111,19.7124,0,0,813446,0,3.965,440,0,0,3.56329e-06,3.14118e-07,0,1.5602e-07,0.00709702,0.00709718,440,0.00709677
cloth-ball,tight,sweep,59vf,vf,263782,6.04315,3.86942,1.08067,6.44345,0,0,263694,0,1.21638,88,0,0,1.17018e-06,3.00868e-07,0,2.34908e-07,0.0249849,0.0249852,88,0.0249844
cloth-ball,tight,sweep,60ee,ee,1077546,5.33197,7.32218,4.18832,23.5213,0,0,1076584,0,6.95253,962,0,0,5.81415e-06,3.16899e-07,0,3.12307e-07,0.00873824,0.00873855,962,0.00873804
cloth-ball,tight,sweep,60vf,vf,360239,4.73035,4.28749,1.41532,9.76153,0,0,360036,0,2.15981,203,0,0,2.39565e-06,2.88344e-07,0,4.30849e-08,0.061102,0.061102,203,0.0611019
cloth-ball,tight,sweep,61ee,ee,1426132,4.59557,7.95336,5.32816,31.1066,0,0,1422837,0,11.6897,3295,0,0,9.49728e-06,2.6967e-07,0,4.20728e-07,0.00113767,0.00113809,3295,0.00113726
cloth-ball,tight,sweep,61vf,vf,487788,4.69058,4.5399,1.81915,11.2468,0,0,487152,0,3.021,636,0,0,2.26154e-06,2.38049e-07,0,2.97407e-07,0.0118907,0.011891,636,0.0118906
cloth-ball,tight,sweep,62ee,ee,2016457,4.78664,8.48691,7.21441,41.2865,0,0,2010540,0,17.0877,5917,0,0,1.87306e-05,3.18036e-07,0,2.70159e-08,0.000557277,0.000557304,5917,0.000557184
cloth-ball,tight,sweep,62vf,vf,711484,4.8826,4.78274,2.47999,13.9953,0,0,710312,0,5.29958,1172,0,0,8.92782e-06,2.67785e-07,0,1.12211e-07,0.00128874,0.00128885,1172,0.00128865
cloth-ball,tight,sweep,63ee,ee,2949103,4.15635,10.0105,9.9741,34.3193,0,0,2941276,0,21.7653,7827,0,0,1.07755e-05,3.30351e-07,0,1.88827e-07,0.000240741,0.00024093,7827,0.000240445
cloth-ball,tight,sweep,63vf,vf,1079584,4.0106,5.48134,3.48066,11.8317,0,0,1077958,0,6.06215,1626,0,0,3.93582e-06,2.88482e-07,0,1.04829e-06,0.000689506,0.000690554,1626,0.000688076
cloth-ball,tight,sweep,64ee,ee,3804130,4.02724,11.3599,12.6395,27.2097,0,0,3793044,0,28.8484,11086,0,0,3.13486e-05,3.16858e-07,0,3.14231e-07,2.14371e-05,2.17513e-05,11086,2.12193e-05
cloth-ball,tight,sweep,64vf,vf,1414679,5.51324,6.63724,4.40297,13.8211,0,0,1412471,0,7.65747,2208,0,0,1.05311e-05,2.86975e-07,0,3.51208e-07,0.00110713,0.00110748,2208,0.0011065
cloth-ball,tight,sweep,65ee,ee,4239673,4.3847,13.3847,14.2111,28.5047,0,0,4223323,0,37.0664,16350,0,0,1.82526e-05,2.99943e-07,0,1.5737e-07,0.00011281,0.000112967,16350,0.000112534
cloth-ball,tight,sweep,65vf,vf,1572147,4.12138,7.97618,4.92987,13.9869,0,0,1568962,0,10.2214,3185,0,0,1.42209e-05,2.73003e-07,0,3.11889e-07,0.000548507,0.000548819,3185,0.000548601
cloth-ball,tight,sweep,66ee,ee,4852404,5.62092,15.0854,16.3534,46.9234,0,0,4833074,0,43.0107,19329,0,0,1.36364e-05,2.96184e-07,0,1.1983e-07,0.000158901,0.000159021,19330,0.000158787
cloth-ball,tight,sweep,66vf,vf,1802633,4.01422,8.8685,5.54028,18.0784,0,0,1798776,0,12.3004,3857,0,0,7.44397e-06,2.6443e-07,0,2.42865e-08,0.00015253,0.000152554,3857,0.000152349
cloth-ball,tight,sweep,67ee,ee,5689944,4.13952,17.4267,19.0759,44.2678,0,0,5667846,0,48.7715,22097,0,0,0.000192801,2.87697e-07,0,2.4511e-06,2.17459e-05,2.4197e-05,22098,1.83582e-05
cloth-ball,tight,sweep,67vf,vf,2126413,6.56435,9.14308,6.5016,13.4434,0,0,2122157,0,15.2971,4256,0,0,1.62156e-05,2.53776e-07,0,1.02237e-07,8.03516e-05,8.04539e-05,4256,8.02279e-05
cloth-ball,tight,sweep,68ee,ee,6476896,6.38019,18.8586,21.6966,43.2482,0,0,6456635,0,50.1183,20261,0,0,2.31303e-05,3.18002e-07,0,5.47489e-07,2.17702e-05,2.23177e-05,20261,2.07424e-05
cloth-ball,tight,sweep,68vf,vf,2431467,6.10516,10.2823,7.33418,16.9138,0,0,2427602,0,19.3922,3865,0,0,2.05652e-05,2.78275e-07,0,2.25574e-08,0.00010095,0.000100973,3865,0.000100851
cloth-ball,tight,sweep,69ee,ee,6751331,6.51184,20.6557,22.6677,48.447,1,0,6729561,0,51.4795,21769,0,0,2.038e-05,3.06672e-07,0,5.97874e-08,4.16375e-05,4.16973e-05,21770,4.13656e-05
cloth-ball,tight,sweep,69vf,vf,2526777,6.39789,10.9143,7.63078,16.5328,0,0,2522725,0,18.989,4051,0,0,8.56904e-06,2.67986e-07,0,1.35984e-07,0.000197019,0.000197155,4052,0.000196934
cloth-ball,tight,sweep,70ee,ee,6693030,7.94434,22.9557,20.0134,33.2452,0,0,6673914,0,46.4356,19112,0,0,3.29796e-05,3.02891e-07,0,1.66244e-07,0,1.66244e-07,19116,0
cloth-ball,tight,sweep,70vf,vf,2494148,6.52297,11.2282,7.55091,12.722,0,0,2490582,0,23.9535,3565,0,0,1.34795e-05,2.67299e-07,0,3.90914e-08,0.000116926,0.000116965,3566,0.000116825
cloth-ball,tight,sweep,71ee,ee,6122649,8.34961,22.9699,21.054,38.2365,0,0,6101323,0,47.0705,21323,0,0,3.29026e-05,2.88942e-07,0,9.26281e-08,3.52373e-05,3.53299e-05,21326,3.49283e-05
cloth-ball,tight,sweep,71vf,vf,2247521,7.28564,12.1401,6.95365,14.0396,0,0,2243466,0,12.4533,4054,0,0,1.88597e-05,2.54846e-07,0,4.53347e-08,1.25947e-05,1.26401e-05,4055,1.2517e-05
cloth-ball,tight,sweep,72ee,ee,5360502,7.73161,21.5068,18.805,43.4132,0,0,5338812,0,45.142,21689,0,0,2.78849e-05,2.80939e-07,0,1.81455e-07,2.5555e-05,2.57365e-05,21690,2.51532e-05
cloth-ball,tight,sweep,72vf,vf,1929809,8.73276,11.736,6.22401,16.1264,0,0,1925720,0,17.97,4089,0,0,7.11089e-06,2.53146e-07,0,2.06238e-08,4.60331e-05,4.60538e-05,4089,4.60148e-05
cloth-ball,tight,sweep,73ee,ee,4482728,6.80306,22.6596,16.1322,27.7297,0,0,4463939,0,37.4498,18789,0,0,3.01405e-05,2.8631e-07,0,1.28183e-07,0.00011503,0.000115158,18789,0.000114799
cloth-ball,tight,sweep,73vf,vf,1569765,6.28407,11.602,5.20359,11.5612,0,0,1566112,0,10.8449,3653,0,0,7.68216e-06,2.5635e-07,0,3.36736e-07,2.40954e-05,2.44322e-05,3653,2.38419e-05
cloth-ball,tight,sweep,74ee,ee,3843725,6.6333,23.9685,14.2556,29.9843,0,0,3824388,0,34.9116,19337,0,0,1.52563e-05,2.65335e-07,0,1.73029e-07,2.58838e-05,2.60569e-05,19337,2.57492e-05
cloth-ball,tight,sweep,74vf,vf,1316922,5.80159,11.23,4.59525,11.7336,0,0,1313249,0,10.2138,3673,0,0,5.0527e-06,2.39293e-07,0,2.4476e-08,0.00122314,0.00122316,3673,0.00122309
cloth-ball,tight,sweep,75ee,ee,3397981,6.64316,22.8898,12.7193,22.2065,0,0,3385426,0,26.319,12555,0,0,3.72029e-05,2.91697e-07,0,1.37003e-07,0.000411267,0.000411404,12555,0.000411034
cloth-ball,tight,sweep,75vf,vf,1144734,6.14522,11.0738,4.14333,12.522,0,0,1142424,0,13.041,2310,0,0,3.31131e-05,2.70562e-07,0,1.9839e-07,0.000196666,0.000196864,2310,0.000196457
cloth-ball,tight,sweep,76ee,ee,3077110,6.07447,21.6521,11.5907,17.1951,0,0,3069214,0,20.5116,7896,0,0,2.75756e-05,3.71561e-07,0,4.56863e-07,7.87418e-05,7.91987e-05,7896,7.79629e-05
cloth-ball,tight,sweep,76vf,vf,1021601,6.73193,11.2269,3.77505,7.78217,0,0,1020262,0,11.2272,1339,0,0,1.7323e-05,3.24309e-07,0,2.87176e-07,0.00214945,0.00214974,1339,0.00214911
cloth-ball,tight,sweep,77ee,ee,2915628,6.06468,21.7159,11.1737,17.3908,0,0,2905869,0,20.5698,9759,0,0,0.000168394,3.29666e-07,0,4.95121e-08,2.17891e-05,2.18386e-05,9759,2.16961e-05
cloth-ball,tight,sweep,77vf,vf,963888,6.80946,13.1594,3.61967,8.33613,0,0,962143,0,5.49043,1745,0,0,5.96067e-06,2.97311e-07,0,3.25461e-07,0.00175911,0.00175943,1745,0.0017581
cloth-ball,tight,sweep,78ee,ee,2864389,6.31626,22.3886,11.0848,16.1053,0,0,2851808,0,22.0589,12581,0,0,4.70147e-05,2.71893e-07,0,1.5337e-07,7.81512e-05,7.83046e-05,12581,7.79629e-05
cloth-ball,tight,sweep,78vf,vf,947065,6.73874,13.7028,3.5062,7.56569,0,0,944840,0,11.4582,2225,0,0,8.30693e-06,2.58714e-07,0,7.8111e-08,0.000849223,0.000849302,2225,0.000849009
cloth-ball,tight,sweep,79ee,ee,2775535,6.38634,21.1733,11.1135,17.3598,0,0,2764718,0,21.1869,10817,0,0,6.12708e-05,2.77829e-07,0,2.70435e-07,6.19088e-05,6.21793e-05,10817,6.1512e-05
cloth-ball,tight,sweep,79vf,vf,913895,5.92238,12.4352,3.46473,8.62678,0,0,911879,0,5.79717,2016,0,0,1.73053e-05,2.60552e-07,0,2.26306e-08,0.000723283,0.000723306,2016,0.000723243
cloth-ball,tight,sweep,80ee,ee,2836713,6.29354,21.5848,10.8975,20.0947,0,0,2825388,0,23.2906,11323,0,0,1.5655e-05,2.71939e-07,0,7.27343e-08,0.000236103,0.000236176,11325,0.000236034
cloth-ball,tight,sweep,80vf,vf,935635,5.83899,11.2382,3.48434,6.72293,0,0,933489,0,5.75039,2146,0,0,4.79818e-06,2.38319e-07,0,5.14932e-08,0.00375623,0.00375628,2146,0.00375605
cloth-ball,tight,sweep,81ee,ee,2830785,6.21245,20.6521,10.8842,17.2419,0,0,2819669,0,22.4869,11116,0,0,2.46784e-05,2.67444e-07,0,1.21332e-07,5.24207e-05,5.25421e-05,11116,5.23329e-05
cloth-ball,tight,sweep,81vf,vf,927924,5.8668,11.5644,3.49305,7.94226,0,0,925837,0,5.77951,2087,0,0,9.65595e-06,2.4678e-07,0,7.47739e-08,7.38449e-05,7.39197e-05,2087,7.37906e-05
cloth-ball,tight,sweep,82ee,ee,2910424,6.46451,22.9296,11.1421,18.0168,0,0,2901522,0,22.2498,8902,0,0,1.80337e-05,2.80064e-07,0,2.0198e-07,9.34031e-05,9.36051e-05,8902,9.33409e-05
cloth-ball,tight,sweep,82vf,vf,949767,6.82232,12.6339,3.56901,7.77493,0,0,948077,0,6.89234,1690,0,0,3.47186e-06,2.58728e-07,0,1.15587e-07,0.000973998,0.000974114,1690,0.000973701
cloth-ball,tight,sweep,83ee,ee,2987261,6.23213,24.0592,11.407,17.2763,0,0,2982068,0,19.3422,5193,0,0,2.66115e-05,3.3254e-07,0,1.16657e-07,0.000201457,0.000201574,5193,0.000201225
cloth-ball,tight,sweep,83vf,vf,969694,7.03848,12.5529,3.58072,7.83768,0,0,968780,0,5.07828,914,0,0,5.45018e-06,2.97485e-07,0,1.3448e-07,0.00239959,0.00239972,914,0.00239921
cloth-ball,tight,sweep,84ee,ee,3119377,5.88593,25.5974,12.3216,17.3237,0,0,3115429,0,17.5555,3948,0,0,2.56074e-05,3.89434e-07,0,1.00842e-07,0.000100112,0.000100213,3948,9.97782e-05
cloth-ball,tight,sweep,84vf,vf,1011306,6.73033,15.6695,3.70974,6.38355,0,0,1010753,0,4.63023,553,0,0,5.53975e-06,3.44239e-07,0,4.62343e-07,0.00650312,0.00650358,553,0.00650287
cloth-ball,tight,sweep,85ee,ee,3222564,6.10007,24.862,12.3218,15.9897,0,0,3218179,0,17.5924,4385,0,0,1.31271e-05,3.94602e-07,0,3.83292e-08,2.90827e-05,2.91211e-05,4385,2.89679e-05
cloth-ball,tight,sweep,85vf,vf,1041160,6.9468,13.1348,3.82123,6.87333,0,0,1040460,0,9.09221,700,0,0,5.81867e-06,3.85447e-07,0,8.0236e-08,0.00437793,0.00437801,700,0.0043776
cloth-ball,tight,sweep,86ee,ee,3347903,5.97173,26.8542,12.9777,15.4024,0,0,3339942,0,24.2532,7961,0,0,2.71364e-05,2.75067e-07,0,6.82486e-08,3.14347e-05,3.1503e-05,7961,3.12328e-05
cloth-ball,tight,sweep,86vf,vf,1076950,6.74648,14.6547,4.01774,6.69391,0,0,1075505,0,5.69913,1445,0,0,5.52735e-06,2.62496e-07,0,3.85279e-08,0.000480237,0.000480275,1445,0.000480056
cloth-ball,tight,sweep,87ee,ee,3522105,6.33658,27.9527,14.2854,15.9034,0,0,3512042,0,25.4619,10063,0,0,3.83242e-05,2.55651e-07,0,2.45749e-07,7.05944e-05,7.08401e-05,10063,7.03335e-05
cloth-ball,tight,sweep,87vf,vf,1131097,6.1283,13.8775,4.18691,6.47379,0,0,1129323,0,6.16378,1774,0,0,3.50217e-05,2.35244e-07,0,7.20912e-08,0.00016196,0.000162032,1774,0.000161886
cloth-ball,tight,sweep,88ee,ee,3705732,6.67446,27.8862,14.536,15.6087,0,0,3692966,0,25.2414,12766,0,0,3.00133e-05,2.44129e-07,0,3.22997e-06,0.000187865,0.000191095,12766,0.000184059
cloth-ball,tight,sweep,88vf,vf,1187237,6.43984,14.2946,4.43715,6.66854,0,0,1184855,0,8.77673,2382,0,0,5.56419e-06,2.2673e-07,0,1.39306e-07,0.000614787,0.000614926,2382,0.000614643
cloth-ball,tight,sweep,89ee,ee,3916295,6.87906,27.9961,15.5505,19.0917,0,0,3897178,0,31.0674,19117,0,0,2.49381e-05,2.41704e-07,0,1.51886e-07,1.54716e-05,1.56235e-05,19117,1.52588e-05
cloth-ball,tight,sweep,89vf,vf,1249990,5.82719,16.1846,4.67608,7.35021,0,0,1246311,0,8.19409,3679,0,0,4.56075e-05,2.32215e-07,0,6.06202e-08,0.000960803,0.000960864,3679,0.000960708
cloth-ball,tight,sweep,90ee,ee,4210043,6.27335,29.8428,22.1933,23.9121,0,0,4180824,0,41.7592,29219,0,0,3.10472e-05,2.24196e-07,0,1.86546e-07,2.6104e-05,2.62906e-05,29219,2.57492e-05
cloth-ball,tight,sweep,90vf,vf,1340531,6.20737,15.1644,4.94606,8.60051,0,0,1334816,0,10.2034,5715,0,0,2.20605e-05,2.18863e-07,0,4.96211e-08,0.000298172,0.000298222,5715,0.000298083
cloth-ball,tight,sweep,91ee,ee,4569239,6.08772,28.155,18.864,36.2128,0,0,4513800,0,56.9686,55439,0,0,2.88795e-05,1.92001e-07,0,2.04974e-07,7.60121e-06,7.80619e-06,55439,7.39098e-06
cloth-ball,tight,sweep,91vf,vf,1452086,7.02945,15.9927,5.35949,9.56848,0,0,1440808,0,14.3738,11278,0,0,0.0001041,1.89363e-07,0,3.0407e-08,0.00013107,0.0001311,11278,0.000131011
cloth-ball,tight,sweep,92ee,ee,5197332,7.22436,28.3956,22.0359,58.3462,0,0,5102507,0,86.5464,94822,0,0,4.03822e-05,1.85304e-07,0,2.92339e-08,7.46284e-06,7.49207e-06,94825,7.45058e-06
cloth-ball,tight,sweep,92vf,vf,1655541,5.78063,15.477,6.00708,14.6128,0,0,1636507,0,19.9589,19032,0,0,7.20258e-05,1.82394e-07,0,1.04187e-07,0.000147577,0.000147682,19034,0.000147104
cloth-ball,tight,sweep,22ee,ee,93162,3.88401,2.47497,0.520016,0.079166,0,0,93161,0,0.612974,1,0,0,1.53307e-07,1.53307e-07,0,1.53307e-07,0.930994,0.930994,1,0.930994
cloth-ball,tight,sweep,23ee,ee,75461,4.16906,2.37926,0.486321,0.072766,0,0,75460,0,0.49013,1,0,0,2.24712e-07,2.24712e-07,0,2.24712e-07,0.810556,0.810557,1,0.810556
cloth-ball,tight,sweep,25ee,ee,55367,4.55452,2.15747,0.40194,0.080542,0,0,55366,0,0.399188,1,0,0,2.2345e-07,2.2345e-07,0,2.2345e-07,0.124038,0.124038,1,0.124038
cloth-ball,tight,sweep,47ee,ee,142929,4.29664,3.50735,0.78116,0.119485,0,0,142928,0,0.815303,1,0,0,1.39292e-07,1.39292e-07,0,1.39292e-07,0.923549,0.923549,1,0.923549
cloth-ball,tight,sweep,50ee,ee,204121,4.48534,4.17347,0.964387,0.118428,0,0,204120,0,1.04115,1,0,0,2.09448e-07,2.09448e-07,0,2.09448e-07,0.0871633,0.0871635,1,0.0871633
cloth-ball,tight,sweep,55ee,ee,292910,4.40076,4.1026,1.33698,0.077054,0,0,292909,0,1.39874,1,0,0,1.67018e-07,1.67018e-07,0,1.67018e-07,0.85804,0.85804,1,0.85804
cloth-ball,tight,sweep,56ee,ee,402049,4.21475,5.23975,1.70596,0.088158,0,0,402048,0,1.77668,1,0,0,2.28421e-07,2.28421e-07,0,2.28421e-07,0.392759,0.392759,1,0.392759
cloth-ball,tight,sweep,57ee,ee,553184,4.38521,5.5455,3.73589,2.72926,0,0,553150,0,2.46207,34,0,0,1.51067e-06,3.81027e-07,0,2.51242e-07,0.189111,0.189112,34,0.189111
cloth-ball,tight,sweep,57vf,vf,174686,3.12154,3.33555,0.717003,0.381045,0,0,174679,0,0.765513,7,0,0,4.43212e-07,3.1466e-07,0,3.23649e-07,0.198355,0.198356,7,0.198356
cloth-ball,tight,sweep,58ee,ee,677743,4.24429,5.82395,2.82462,16.7203,0,0,677562,0,3.15437,181,0,0,2.70035e-06,3.5091e-07,0,5.05535e-07,0.0177578,0.0177583,181,0.0177574
cloth-ball,tight,sweep,58vf,vf,217433,4.54716,3.50134,0.916836,3.14919,0,0,217399,0,1.14953,34,0,0,2.67217e-06,3.36691e-07,0,4.33836e-07,0.115568,0.115568,34,0.115568
cloth-ball,tight,sweep,59ee,ee,813886,4.46505,6.38813,3.20851,19.6641,0,0,813446,0,3.98273,440,0,0,3.56329e-06,3.14118e-07,0,1.46936e-07,0.00709703,0.00709718,440,0.00709677
cloth-ball,tight,sweep,59vf,vf,263782,4.50223,3.85188,1.11494,6.44441,0,0,263694,0,1.18857,88,0,0,1.17018e-06,3.00868e-07,0,2.34908e-07,0.0249849,0.0249852,88,0.0249844
cloth-ball,tight,sweep,60ee,ee,1077546,4.31353,7.2954,4.18589,23.6424,0,0,1076584,0,6.92238,962,0,0,5.81415e-06,3.16899e-07,0,2.77475e-07,0.00873827,0.00873855,962,0.00873804
cloth-ball,tight,sweep,60vf,vf,360239,4.47091,4.26694,1.39679,9.7126,0,0,360036,0,2.14483,203,0,0,2.39565e-06,2.88344e-07,0,4.30849e-08,0.061102,0.061102,203,0.0611019
cloth-ball,tight,sweep,61ee,ee,1426132,4.45919,8.67148,5.43529,31.1255,0,0,1422837,0,11.7188,3295,0,0,9.49728e-06,2.6967e-07,0,3.91005e-07,0.0011377,0.00113809,3295,0.00113726
cloth-ball,tight,sweep,61vf,vf,487788,5.10052,4.73458,1.86388,11.3715,0,0,487152,0,3.02039,636,0,0,2.26154e-06,2.38049e-07,0,3.12813e-07,0.0118907,0.011891,636,0.0118906
cloth-ball,tight,sweep,62ee,ee,2016457,4.95137,8.82217,7.22657,41.3433,0,0,2010540,0,17.1541,5917,0,0,1.87306e-05,3.18036e-07,0,2.81928e-08,0.000557276,0.000557304,5917,0.000557184
cloth-ball,tight,sweep,62vf,vf,711484,5.35325,5.06145,2.48322,14.1547,0,0,710312,0,5.2959,1172,0,0,8.92782e-06,2.67785e-07,0,1.10386e-07,0.00128874,0.00128885,1172,0.00128865
cloth-ball,tight,sweep,63ee,ee,2949103,4.44627,9.90994,10.0037,34.1551,0,0,2941276,0,21.7376,7827,0,0,1.07755e-05,3.30351e-07,0,1.88827e-07,0.000240741,0.00024093,7827,0.000240445
cloth-ball,tight,sweep,63vf,vf,1079584,4.55583,5.67276,3.50997,11.7766,0,0,1077958,0,5.83938,1626,0,0,3.93582e-06,2.88482e-07,0,1.04829e-06,0.000689506,0.000690554,1626,0.000688076
cloth-ball,tight,sweep,64ee,ee,3804130,4.59711,11.7191,12.7168,27.4131,0,0,3793044,0,28.7782,11086,0,0,3.13486e-05,3.16858e-07,0,3.14231e-07,2.14371e-05,2.17513e-05,11086,2.12193e-05
cloth-ball,tight,sweep,64vf,vf,1414679,4.52953,6.81106,4.43065,13.8205,0,0,1412471,0,7.65055,2208,0,0,1.05311e-05,2.86975e-07,0,3.51208e-07,0.00110713,0.00110748,2208,0.0011065
cloth-ball,tight,sweep,65ee,ee,4239673,4.42854,13.4525,14.225,28.3703,0,0,4223323,0,36.9652,16350,0,0,1.82526e-05,2.99943e-07,0,1.5737e-07,0.00011281,0.000112967,16350,0.000112534
cloth-ball,tight,sweep,65vf,vf,1572147,4.3871,7.82143,4.9116,14.108,0,0,1568962,0,10.1996,3185,0,0,1.42209e-05,2.73003e-07,0,3.11889e-07,0.000548507,0.000548819,3185,0.000548601
cloth-ball,tight,sweep,66ee,ee,4852404,4.55014,15.5447,16.4133,47.1455,0,0,4833074,0,43.0396,19329,0,0,1.36364e-05,2.96184e-07,0,1.1983e-07,0.000158901,0.000159021,19330,0.000158787
cloth-ball,tight,sweep,66vf,vf,1802633,3.76795,8.73289,5.55113,18.1703,0,0,1798776,0,12.2957,3857,0,0,7.44397e-06,2.6443e-07,0,2.42865e-08,0.00015253,0.000152554,3857,0.000152349
cloth-ball,tight,sweep,67ee,ee,5689944,3.93201,17.2906,19.0671,44.1682,0,0,5667846,0,49.0512,22097,0,0,0.000192801,2.87697e-07,0,2.4511e-06,2.17459e-05,2.4197e-05,22098,1.83582e-05
cloth-ball,tight,sweep,67vf,vf,2126413,6.31037,9.23495,6.54627,13.4778,0,0,2122157,0,14.9942,4256,0,0,1.62156e-05,2.53776e-07,0,1.02237e-07,8.03516e-05,8.04539e-05,4256,8.02279e-05
cloth-ball,tight,sweep,68ee,ee,6476896,6.69474,18.7796,21.7151,43.37,0,0,6456635,0,50.0627,20261,0,0,2.31303e-05,3.18002e-07,0,5.47489e-07,2.17702e-05,2.23177e-05,20261,2.07424e-05
cloth-ball,tight,sweep,68vf,vf,2431467,6.9116,10.4749,7.4161,16.9088,0,0,2427602,0,32.6747,3865,0,0,2.05652e-05,2.78275e-07,0,6.25535e-08,0.00010091,0.000100973,3865,0.000100851
cloth-ball,tight,sweep,69ee,ee,6751331,7.59689,21.2857,22.7503,50.7079,1,0,6729561,0,52.0204,21769,0,0,2.038e-05,3.06672e-07,0,5.97874e-08,4.16375e-05,4.16973e-05,21770,4.13656e-05
cloth-ball,tight,sweep,69vf,vf,2526777,6.60515,10.9594,7.68034,16.6201,0,0,2522725,0,31.9755,4051,0,0,8.56904e-06,2.67986e-07,0,1.35984e-07,0.000197019,0.000197155,4052,0.000196934
cloth-ball,tight,sweep,70ee,ee,6693030,7.73788,23.5327,20.0679,33.3364,0,0,6673914,0,46.7782,19112,0,0,3.29796e-05,3.02891e-07,0,1.66244e-07,0,1.66244e-07,19116,0
cloth-ball,tight,sweep,70vf,vf,2494148,6.33763,11.2608,7.55046,12.7142,0,0,2490582,0,18.3571,3565,0,0,1.34795e-05,2.67299e-07,0,3.90914e-08,0.000116926,0.000116965,3566,0.000116825
cloth-ball,tight,sweep,71ee,ee,6122649,6.53008,23.105,21.0641,38.0288,0,0,6101323,0,47.0555,21323,0,0,3.29026e-05,2.88942e-07,0,9.26281e-08,3.52373e-05,3.53299e-05,21326,3.49283e-05
cloth-ball,tight,sweep,71vf,vf,2247521,6.04164,12.1433,7.00149,14.0634,0,0,2243466,0,12.4015,4054,0,0,1.88597e-05,2.54846e-07,0,4.60019e-08,1.25941e-05,1.26401e-05,4055,1.2517e-05
cloth-ball,tight,sweep,72ee,ee,5360502,7.18033,21.6248,18.8065,43.5001,0,0,5338812,0,45.0277,21689,0,0,2.78849e-05,2.80939e-07,0,1.81447e-07,2.5555e-05,2.57365e-05,21690,2.51532e-05
cloth-ball,tight,sweep,72vf,vf,1929809,6.84616,11.2249,6.17934,16.2611,0,0,1925720,0,17.0175,4089,0,0,7.11089e-06,2.53146e-07,0,2.06238e-08,4.60331e-05,4.60538e-05,4089,4.60148e-05
cloth-ball,tight,sweep,73ee,ee,4482728,6.67599,22.4732,16.3527,27.4603,0,0,4463939,0,37.4139,18789,0,0,3.01405e-05,2.8631e-07,0,1.28183e-07,0.00011503,0.000115158,18789,0.000114799
cloth-ball,tight,sweep,73vf,vf,1569765,5.79615,11.5599,5.2153,11.5494,0,0,1566112,0,10.7536,3653,0,0,7.68216e-06,2.5635e-07,0,3.36736e-07,2.40954e-05,2.44322e-05,3653,2.38419e-05
cloth-ball,tight,sweep,74ee,ee,3843725,6.71673,23.3446,14.2921,29.78,0,0,3824388,0,34.941,19337,0,0,1.52563e-05,2.65335e-07,0,1.72887e-07,2.5884e-05,2.60569e-05,19337,2.57492e-05
cloth-ball,tight,sweep,74vf,vf,1316922,5.74226,11.0278,4.55977,11.6781,0,0,1313249,0,10.2434,3673,0,0,5.0527e-06,2.39293e-07,0,2.4476e-08,0.00122314,0.00122316,3673,0.00122309
cloth-ball,tight,sweep,75ee,ee,3397981,6.26788,23.22,12.7588,22.1284,0,0,3385426,0,26.4147,12555,0,0,3.72029e-05,2.91697e-07,0,1.37003e-07,0.000411267,0.000411404,12555,0.000411034
cloth-ball,tight,sweep,75vf,vf,1144734,6.31021,10.9866,4.10788,12.6711,0,0,1142424,0,13.0289,2310,0,0,3.31131e-05,2.70562e-07,0,1.9839e-07,0.000196666,0.000196864,2310,0.000196457
cloth-ball,tight,sweep,76ee,ee,3077110,6.22317,22.1767,11.5674,17.104,0,0,3069214,0,20.5122,7896,0,0,2.75756e-05,3.71561e-07,0,4.56863e-07,7.87418e-05,7.91987e-05,7896,7.79629e-05
cloth-ball,tight,sweep,76vf,vf,1021601,6.76031,11.5653,3.74203,7.63183,0,0,1020262,0,8.93781,1339,0,0,1.7323e-05,3.24309e-07,0,2.87176e-07,0.00214945,0.00214974,1339,0.00214911
cloth-ball,tight,sweep,77ee,ee,2915628,6.52236,21.6506,11.1563,17.4307,0,0,2905869,0,20.5386,9759,0,0,0.000168394,3.29666e-07,0,4.95121e-08,2.17891e-05,2.18386e-05,9759,2.16961e-05
cloth-ball,tight,sweep,77vf,vf,963888,6.82914,11.3293,3.55897,8.22362,0,0,962143,0,5.15953,1745,0,0,5.96067e-06,2.97311e-07,0,3.25461e-07,0.00175911,0.00175943,1745,0.0017581
cloth-ball,tight,sweep,78ee,ee,2864389,6.38746,26.3038,11.1283,16.1056,0,0,2851808,0,22.1627,12581,0,0,4.70147e-05,2.71893e-07,0,1.5337e-07,7.81512e-05,7.83046e-05,12581,7.79629e-05
cloth-ball,tight,sweep,78vf,vf,947065,6.82264,12.9661,3.57458,7.52291,0,0,944840,0,11.3231,2225,0,0,8.30693e-06,2.58714e-07,0,7.8111e-08,0.000849223,0.000849302,2225,0.000849009
cloth-ball,tight,sweep,79ee,ee,2775535,6.46128,21.3638,11.1814,17.4958,0,0,2764718,0,21.1644,10817,0,0,6.12708e-05,2.77829e-07,0,2.70435e-07,6.19088e-05,6.21793e-05,10817,6.1512e-05
cloth-ball,tight,sweep,79vf,vf,913895,5.86085,12.0777,3.40006,8.45738,0,0,911879,0,5.83365,2016,0,0,1.73053e-05,2.60552e-07,0,2.26306e-08,0.000723283,0.000723306,2016,0.000723243
cloth-ball,tight,sweep,80ee,ee,2836713,6.40451,20.8864,10.8672,20.0411,0,0,2825388,0,23.2289,11323,0,0,1.5655e-05,2.71939e-07,0,7.27343e-08,0.000236103,0.000236176,11325,0.000236034
cloth-ball,tight,sweep,80vf,vf,935635,5.83538,11.18,3.44422,6.64332,0,0,933489,0,5.79627,2146,0,0,4.79818e-06,2.38319e-07,0,5.14932e-08,0.00375623,0.00375628,2146,0.00375605
cloth-ball,tight,sweep,81ee,ee,2830785,6.34307,20.7072,10.9002,17.3034,0,0,2819669,0,22.4519,11116,0,0,2.46784e-05,2.67444e-07,0,1.21332e-07,5.24207e-05,5.25421e-05,11116,5.23329e-05
cloth-ball,tight,sweep,81vf,vf,927924,5.80011,11.4902,3.45337,8.06497,0,0,925837,0,5.78175,2087,0,0,9.65595e-06,2.4678e-07,0,7.47739e-08,7.38449e-05,7.39197e-05,2087,7.37906e-05
cloth-ball,tight,sweep,82ee,ee,2910424,6.17834,22.9492,11.1775,18.1416,0,0,2901522,0,22.1678,8902,0,0,1.80337e-05,2.80064e-07,0,2.0203e-07,9.3403e-05,9.36051e-05,8902,9.33409e-05
cloth-ball,tight,sweep,82vf,vf,949767,6.92581,12.6862,3.51465,7.78604,0,0,948077,0,8.4608,1690,0,0,3.47186e-06,2.58728e-07,0,1.15587e-07,0.000973998,0.000974114,1690,0.000973701
cloth-ball,tight,sweep,83ee,ee,2987261,6.02062,24.9242,11.4132,17.0317,0,0,2982068,0,19.3811,5193,0,0,2.66115e-05,3.3254e-07,0,1.16657e-07,0.000201457,0.000201574,5193,0.000201225
cloth-ball,tight,sweep,83vf,vf,969694,6.79442,12.5606,3.54713,7.83084,0,0,968780,0,5.00938,914,0,0,5.45018e-06,2.97485e-07,0,1.3448e-07,0.00239959,0.00239972,914,0.00239921
cloth-ball,tight,sweep,84ee,ee,3119377,5.91233,25.1039,12.282,17.4457,0,0,3115429,0,17.4572,3948,0,0,2.56074e-05,3.89434e-07,0,1.00842e-07,0.000100112,0.000100213,3948,9.97782e-05
cloth-ball,tight,sweep,84vf,vf,1011306,7.06174,15.7266,3.72481,6.31389,0,0,1010753,0,4.63724,553,0,0,5.53975e-06,3.44239e-07,0,4.62343e-07,0.00650312,0.00650358,553,0.00650287
cloth-ball,tight,sweep,85ee,ee,3222564,5.99278,24.8589,12.2999,16.2074,0,0,3218179,0,17.5327,4385,0,0,1.31271e-05,3.94602e-07,0,3.83292e-08,2.90827e-05,2.91211e-05,4385,2.89679e-05
cloth-ball,tight,sweep,85vf,vf,1041160,6.88402,13.2121,3.7819,6.77128,0,0,1040460,0,5.46624,700,0,0,5.81867e-06,3.85447e-07,0,9.29151e-08,0.00437792,0.00437801,700,0.0043776
cloth-ball,tight,sweep,86ee,ee,3347903,5.97422,26.622,13.0178,15.3438,0,0,3339942,0,24.215,7961,0,0,2.71364e-05,2.75067e-07,0,6.82248e-08,3.14347e-05,3.1503e-05,7961,3.12328e-05
cloth-ball,tight,sweep,86vf,vf,1076950,6.61881,14.6544,3.99882,6.69039,0,0,1075505,0,5.67903,1445,0,0,5.52735e-06,2.62496e-07,0,3.85485e-08,0.000480237,0.000480275,1445,0.000480056
cloth-ball,tight,sweep,87ee,ee,3522105,6.886,27.3682,14.2695,15.9106,0,0,3512042,0,25.4694,10063,0,0,3.83242e-05,2.55651e-07,0,2.45749e-07,7.05944e-05,7.08401e-05,10063,7.03335e-05
cloth-ball,tight,sweep,87vf,vf,1131097,6.17223,14.0512,4.14628,6.36656,0,0,1129323,0,6.19712,1774,0,0,3.50217e-05,2.35244e-07,0,7.20912e-08,0.00016196,0.000162032,1774,0.000161886
cloth-ball,tight,sweep,88ee,ee,3705732,6.58793,28.6336,14.5458,15.6551,0,0,3692966,0,25.2748,12766,0,0,3.00133e-05,2.44129e-07,0,3.22997e-06,0.000187865,0.000191095,12766,0.000184059
cloth-ball,tight,sweep,88vf,vf,1187237,6.20045,14.0665,4.38745,6.56614,0,0,1184855,0,6.4751,2382,0,0,5.56419e-06,2.2673e-07,0,1.39306e-07,0.000614787,0.000614926,2382,0.000614643
cloth-ball,tight,sweep,89ee,ee,3916295,6.83429,29.4947,15.5721,19.1967,0,0,3897178,0,30.9677,19117,0,0,2.49381e-05,2.41704e-07,0,1.51889e-07,1.54716e-05,1.56235e-05,19117,1.52588e-05
cloth-ball,tight,sweep,89vf,vf,1249990,6.00619,14.6498,4.61484,7.37363,0,0,1246311,0,8.17547,3679,0,0,4.56075e-05,2.32215e-07,0,6.06202e-08,0.000960803,0.000960864,3679,0.000960708
cloth-ball,tight,sweep,90ee,ee,4210043,6.15095,28.5188,17.6087,23.811,0,0,4180824,0,39.6202,29219,0,0,3.10472e-05,2.24196e-07,0,1.87226e-07,2.61034e-05,2.62906e-05,29219,2.57492e-05
cloth-ball,tight,sweep,90vf,vf,1340531,6.448,15.0326,4.92117,8.54963,0,0,1334816,0,10.1211,5715,0,0,2.20605e-05,2.18863e-07,0,4.96211e-08,0.000298172,0.000298222,5715,0.000298083
cloth-ball,tight,sweep,91ee,ee,4569239,5.41894,28.5522,18.8755,36.3354,0,0,4513800,0,56.6862,55439,0,0,2.88795e-05,1.92001e-07,0,2.04953e-07,7.60123e-06,7.80619e-06,55439,7.39098e-06
cloth-ball,tight,sweep,91vf,vf,1452086,6.92219,15.3889,5.35235,9.58992,0,0,1440808,0,14.2627,11278,0,0,0.0001041,1.89363e-07,0,3.0414e-08,0.00013107,0.0001311,11278,0.000131011
cloth-ball,tight,sweep,92ee,ee,5197332,7.83455,28.7211,22.0829,58.0889,0,0,5102507,0,86.6048,94822,0,0,4.03822e-05,1.85304e-07,0,2.92339e-08,7.46284e-06,7.49207e-06,94825,7.45058e-06
cloth-ball,tight,sweep,92vf,vf,1655541,6.85439,17.1335,6.11185,14.5651,0,0,1636507,0,21.4285,19032,0,0,7.20258e-05,1.82394e-07,0,1.04187e-07,0.000147577,0.000147682,19034,0.000147104
cloth-funnel,tight,cell2d,103ee,ee,27918,1.28451,2.0451,0.266233,0.137692,0,0,27915,0,0.332759,3,0,0,0.0018329,0.000776686,0,0.000298219,0.174438,0.174737,3,0.174438
cloth-funnel,tight,cell2d,108ee,ee,27957,1.81109,2.06679,0.256441,0.071902,0,0,27956,0,0.258297,1,0,0,0.00107803,0.00107803,0,0.00107803,0.258789,0.259867,1,0.258789
cloth-funnel,tight,cell2d,120ee,ee,28253,1.93313,1.95566,0.348727,0.108989,0,0,28252,0,0.330423,1,0,0,0.00144089,0.00144089,0,0.00144089,0.236328,0.237769,1,0.236328
cloth-funnel,tight,cell2d,133ee,ee,29054,1.84834,1.95765,0.267897,0.08627,0,0,29053,0,0.292888,1,0,0,0.00185058,0.00185058,0,0.00185058,0.320068,0.321919,1,0.320068
cloth-funnel,tight,cell2d,143ee,ee,33560,1.83483,1.72373,0.265721,0.094782,0,0,33558,0,0.356727,2,0,0,0.00124909,0.00124909,0,0.00104071,0.562378,0.563419,2,0.562378
cloth-funnel,tight,cell2d,148vf,vf,11130,1.25702,0.649199,0.148316,0.13766,0,0,11129,0,0.153596,1,0,0,0.000250163,0.000250163,0,0.000250163,0.484619,0.484869,1,0.484619
cloth-funnel,tight,cell2d,159ee,ee,33644,1.76501,1.41401,0.251801,0.071551,0,0,33643,0,0.266169,1,0,0,0.000819231,0.000819231,0,0.000819231,0.785522,0.786342,1,0.785522
cloth-funnel,tight,cell2d,167ee,ee,33268,1.73307,1.25686,0.264281,0.101086,0,0,33265,0,0.333143,3,0,0,1.82791e-06,1.3762e-06,0,3.21562e-06,0.0236493,0.0236525,3,0.0236511
cloth-funnel,tight,cell2d,174ee,ee,35429,1.81266,1.34083,0.284633,0.087614,0,0,35428,0,0.346487,1,0,0,0.00231309,0.00231309,0,0.00231309,0.792847,0.79516,1,0.792847
cloth-funnel,tight,cell2d,178ee,ee,34357,1.8141,1.30669,0.267193,0.074206,0,0,34356,0,0.276024,0,0,0,0,0,0,0,1,1,1,1
cloth-funnel,tight,cell2d,185ee,ee,35908,1.83598,1.28195,0.275769,0.07443,0,0,35907,0,0.291609,1,0,0,0.000574723,0.000574723,0,0.000574723,0.231812,0.232386,1,0.231812
cloth-funnel,tight,cell2d,190ee,ee,34548,1.81054,1.27718,0.727309,0.327703,0,0,34546,0,0.787339,2,0,0,0.000750072,0.000750072,0,0.000750072,0.0976028,0.0983529,2,0.0976028
cloth-funnel,tight,cell2d,195ee,ee,33831,1.84462,1.17885,0.647279,1.48876,0,0,33828,0,0.699822,2,0,0,0.00055228,0.00055228,0,0.00055228,0.376942,0.377494,3,0.376942
cloth-funnel,tight,cell2d,202vf,vf,8685,1.82293,0.304248,0.193979,0.09891,0,0,8684,0,0.241721,1,0,0,0.00160953,0.00160953,0,0.00160953,0.749023,0.750633,1,0.749023
cloth-funnel,tight,cell2d,208ee,ee,39836,1.65288,1.09284,0.3086,0.099293,0,0,39833,0,0.324088,3,0,0,0.000325483,0.00022659,0,0.000193217,0.126953,0.127146,3,0.126953
cloth-funnel,tight,cell2d,213ee,ee,42234,1.8395,1.15082,0.346647,0.081149,0,0,42232,0,0.321239,2,0,0,0.00116341,0.00116341,0,0.0010729,0.839202,0.840275,2,0.839111
cloth-funnel,tight,cell2d,217vf,vf,8203,1.87627,0.308791,0.197979,0.12486,0,0,8202,0,0.203739,1,0,0,0.00135005,0.00135005,0,0.00135005,0.460938,0.462288,1,0.460938
cloth-funnel,tight,cell2d,222ee,ee,31483,1.66328,1.07347,0.423157,0.147708,0,0,31480,0,0.370007,3,0,0,0.00125555,0.00102144,0,0.00106702,0.700872,0.701939,3,0.700684
cloth-funnel,tight,cell2d,226vf,vf,7265,1.80207,0.293336,0.128029,0.094141,0,0,7264,0,0.14246,1,0,0,0.00073251,0.00073251,0,0.00073251,0.120361,0.121094,1,0.120361
cloth-funnel,tight,cell2d,229vf,vf,7373,1.64213,0.296568,0.118493,0.07139,0,0,7372,0,0.142556,1,0,0,0.000455516,0.000455516,0,0.000455516,0.419434,0.419889,1,0.419434
cloth-funnel,tight,cell2d,232vf,vf,6983,1.6661,0.268601,0.119612,0.097438,0,0,6981,0,0.132573,1,0,0,0.000100973,0.000100973,0,0.000100973,0.387268,0.387369,2,0.387268
cloth-funnel,tight,cell2d,237ee,ee,35558,1.63468,1.07306,0.432117,1.04154,0,0,35541,0,0.663567,16,0,0,0.000709232,0,0,0,0,0,17,0
cloth-funnel,tight,cell2d,239vf,vf,7056,1.8293,0.283993,0.099037,0.071582,0,0,7055,0,0.100605,1,0,0,0.000136962,0.000136962,0,0.000136962,0.508545,0.508682,1,0.508545
cloth-funnel,tight,cell2d,242vf,vf,7623,1.65205,0.2982,0.112541,0.107198,0,0,7620,0,0.119229,3,0,0,0.000459821,4.61658e-06,0,0.000459821,0.261475,0.261934,3,0.261475
cloth-funnel,tight,cell2d,246ee,ee,33161,1.6621,1.09376,0.324152,0.88404,0,0,33144,0,0.59336,15,0,0,0.00118529,0,0,0,0,0,17,0
cloth-funnel,tight,cell2d,249ee,ee,33438,1.83531,1.03089,0.295096,1.06538,0,0,33419,0,0.657135,19,0,0,0.0199673,0,0,0,0,0,19,0
cloth-funnel,tight,cell2d,252vf,vf,6739,1.77816,0.283864,0.090238,0.072446,0,0,6738,0,0.095485,1,0,0,0.000620903,0.000620903,0,0.000620903,0.179565,0.180186,1,0.179565
cloth-funnel,tight,cell2d,255ee,ee,34941,1.65848,1.08909,0.318904,0.905096,1,0,34926,0,0.731533,14,0,0,0.000471506,0,0,0,0,0,15,0
cloth-funnel,tight,cell2d,258vf,vf,6105,1.78479,0.275449,0.111421,0.07907,0,0,6104,0,0.137148,1,0,0,0.00376489,0.00376489,0,0.00376489,0.570068,0.573833,1,0.570068
cloth-funnel,tight,cell2d,262ee,ee,34323,1.63183,1.07312,0.287161,0.777548,1,0,34306,0,0.486067,16,0,0,0.00199497,0,0,0,0,0,17,0
cloth-funnel,tight,cell2d,265vf,vf,6576,1.84674,0.280312,0.109534,0.069566,0,0,6575,0,0.113565,1,0,0,0.000203828,0.000203828,0,0.000203828,0.00183105,0.00203488,1,0.00183105
cloth-funnel,tight,cell2d,269ee,ee,38675,1.61417,1.1345,0.247802,0.766988,0,0,38656,0,0.473875,18,0,0,0.00115964,0,0,0,0,0,19,0
cloth-funnel,tight,cell2d,273ee,ee,33807,1.78546,1.03239,0.264313,1.03159,0,0,33790,0,0.568433,16,0,0,0.0394946,0,0,0,0,0,17,0
cloth-funnel,tight,cell2d,276vf,vf,6291,1.80984,0.274905,0.118269,0.074206,0,0,6290,0,0.132765,1,0,0,6.73357e-05,6.73357e-05,0,6.73357e-05,0.95813,0.958197,1,0.95813
cloth-funnel,tight,cell2d,280vf,vf,7078,1.62796,0.274905,0.172667,0.15958,0,0,7076,0,0.246106,2,0,0,0.000262588,0.000262588,0,0.000101369,0.124004,0.124106,2,0.124004
cloth-funnel,tight,cell2d,283vf,vf,6728,1.61279,0.265081,0.161019,0.06995,0,0,6727,0,0.176444,1,0,0,0.000109089,0.000109089,0,0.000109089,0.898926,0.899035,1,0.898926
cloth-funnel,tight,cell2d,287ee,ee,38287,1.61631,1.03818,1.03876,1.97844,0,0,38258,0,1.00599,29,0,0,0.0330471,4.4323e-06,0,0,0,0,29,0
cloth-funnel,tight,cell2d,290vf,vf,6752,1.78395,0.251897,0.179515,0.131581,0,0,6751,0,0.373654,1,0,0,0.00021766,0.00021766,0,0.00021766,0.00215149,0.00236915,1,0.00215149
cloth-funnel,tight,cell2d,293vf,vf,7020,1.66687,0.25225,1.6165,4.02466,0,0,7017,0,1.6701,2,0,0,0.00361514,0.00361514,0,0.00361514,0.0572662,0.0608814,3,0.0572662
cloth-funnel,tight,cell2d,296vf,vf,7007,1.61461,0.270201,0.356983,1.55042,0,0,6998,0,0.802603,6,0,0,0.000856794,0.000113205,0,0.000112122,0.00615778,0.0062699,9,0.00614929
cloth-funnel,tight,cell2d,299ee,ee,41326,1.68988,1.02855,0.849961,6.41916,0,0,41287,0,2.20231,33,0,0,0.0491759,1.02334e-05,0,0,0,0,39,0
cloth-funnel,tight,cell2d,302ee,ee,42707,1.84216,1.05344,0.911784,4.56535,0,0,42665,0,1.46252,37,0,0,0.00148866,8.47324e-06,0,0,0,0,42,0
cloth-funnel,tight,cell2d,305ee,ee,42453,1.8427,1.01655,0.617264,4.27096,0,0,42418,0,1.34989,32,0,0,0.0964526,5.65929e-06,0,0,0,0,35,0
cloth-funnel,tight,cell2d,308ee,ee,45470,1.78869,1.13056,0.53701,3.01464,0,0,45423,0,1.40604,44,0,0,0.000815545,8.93609e-06,0,0,0,0,47,0
cloth-funnel,tight,cell2d,310vf,vf,7929,1.81237,0.270937,0.599152,57.8741,2,0,7909,0,52.3897,10,0,0,0.00276797,8.3859e-05,0,0.00382584,0.000146516,0.00397235,20,0.000144958
cloth-funnel,tight,cell2d,313vf,vf,7921,1.66152,0.245881,5.05939,12.1778,0,0,7907,0,6.91799,6,0,0,0.0179777,0.00193104,0,0.00193104,0,0.00193104,14,0
cloth-funnel,tight,cell2d,316vf,vf,7728,1.64648,0.251866,2.6703,12.854,0,0,7709,0,7.32922,11,0,0,0.00515806,0.000237711,0,0.000237711,0.00437164,0.00460935,19,0.00437164
cloth-funnel,tight,cell2d,319vf,vf,7580,1.66383,0.249114,0.442324,1.06052,0,0,7573,0,0.834154,5,0,0,0.000549011,2.21782e-05,0,6.05979e-07,0.106859,0.10686,7,0.106859
cloth-funnel,tight,cell2d,322ee,ee,45748,1.57001,1.17315,0.52933,6.28982,0,0,45682,0,1.63989,63,0,0,0.0396855,5.72723e-06,0,0,0,0,66,0
cloth-funnel,tight,cell2d,325ee,ee,51043,1.79336,1.14915,2.27191,4.58903,0,0,50981,0,1.61385,61,0,0,0.0625551,2.73905e-06,0,0,0,0,62,0
cloth-funnel,tight,cell2d,328ee,ee,60460,1.81736,1.19216,0.349815,2.58141,0,0,60421,0,1.0888,37,0,0,0.00240896,5.71589e-06,0,0,0,0,39,0
cloth-funnel,tight,cell2d,331ee,ee,55679,1.81906,1.16435,0.350262,1.70888,0,0,55649,0,0.688046,28,0,0,0.000170854,5.59872e-06,0,0,0,0,30,0
cloth-funnel,tight,cell2d,335ee,ee,47736,1.80197,1.15453,0.310616,0.863498,0,0,47716,0,0.581361,19,0,0,0.000996606,0,0,0,0,0,20,0
cloth-funnel,tight,cell2d,337vf,vf,7989,1.79007,0.276057,0.348055,0.440021,0,0,7985,0,0.38383,4,0,0,0.00127867,0.000113881,0,4.21604e-05,0.00117111,0.00121327,4,0.00117111
cloth-funnel,tight,cell2d,340vf,vf,7459,1.63442,0.25129,0.553457,0.511219,0,0,7458,0,0.556914,0,0,0,0,0,0,0,1,1,1,1
cloth-funnel,tight,cell2d,343vf,vf,7167,1.61842,0.256825,0.428053,0.482259,0,0,7165,0,0.46482,1,0,0,5.26327e-05,5.26327e-05,0,5.26327e-05,0.203152,0.203204,2,0.203152
cloth-funnel,tight,cell2d,347ee,ee,47595,1.61746,1.04679,0.350583,1.22208,0,0,47572,0,0.679694,23,0,0,0.0407121,0,0,0,0,0,23,0
cloth-funnel,tight,cell2d,350ee,ee,43598,1.79416,1.0312,0.251066,1.08503,0,0,43576,0,0.561393,20,0,0,9.44074e-05,0,0,0,0,0,22,0
cloth-funnel,tight,cell2d,353vf,vf,7074,1.78661,0.275064,0.151388,0.126972,0,0,7072,0,0.137725,1,0,0,0.00163364,0.00163364,0,0.00163364,0.00253296,0.0041666,2,0.00253296
cloth-funnel,tight,cell2d,356vf,vf,7324,1.59125,0.269593,0.084894,0.074942,1,0,7323,0,0.197563,0,0,0,0,0,0,1,0,1,1,0
cloth-funnel,tight,cell2d,360ee,ee,46845,1.65506,1.10711,0.755212,2.27204,1,0,46813,0,0.767468,29,0,0,0.0172735,1.11865e-05,0,0,0,0,32,0
cloth-funnel,tight,cell2d,363ee,ee,44897,1.78479,1.11594,0.340504,1.2336,0,0,44875,0,0.685006,22,0,0,0.0103239,0,0,0,0,0,22,0
cloth-funnel,tight,cell2d,366vf,vf,7180,1.79541,0.257593,0.264377,0.35839,0,0,7178,0,0.264665,1,0,0,0.000348707,0.000348707,0,0.000348707,0.159126,0.159475,2,0.159126
cloth-funnel,tight,cell2d,369vf,vf,8239,1.68351,0.284281,0.139132,0.094429,0,0,8237,0,0.153404,2,0,0,0.0010651,0.0010651,0,0.0010651,0.76062,0.761685,2,0.76062
cloth-funnel,tight,cell2d,373ee,ee,46792,1.66652,1.11987,0.357079,1.18935,0,0,46766,0,0.532626,25,0,0,0.00419522,0,0,0,0,0,26,0
cloth-funnel,tight,cell2d,376ee,ee,47824,1.79941,1.05178,0.690318,2.19582,0,0,47796,0,0.786443,26,0,0,0.00110793,5.26305e-06,0,0,0,0,28,0
cloth-funnel,tight,cell2d,378vf,vf,7964,1.77163,0.2838,0.68827,0.651727,0,0,7962,0,0.673774,1,0,0,0.00374804,0.00374804,0,0.00374804,0.215683,0.219431,2,0.215683
cloth-funnel,tight,cell2d,381vf,vf,10616,1.63266,0.292057,0.604464,0.741101,0,0,10612,0,0.700718,2,0,0,0.000414227,0.000414227,0,8.0384e-06,1.14441e-05,1.94825e-05,4,1.14441e-05
cloth-funnel,tight,cell2d,384vf,vf,15759,1.64428,0.341015,0.178363,0.123581,0,0,15757,0,0.191483,2,0,0,2.15698e-05,2.15698e-05,0,6.08717e-06,0.844894,0.8449,2,0.844894
cloth-funnel,tight,cell2d,387vf,vf,21176,1.61845,0.37871,0.496211,0.839818,0,0,21174,0,0.491604,2,0,0,0.000258315,0.000258315,0,0.000258315,0.014267,0.0145253,2,0.014267
cloth-funnel,tight,cell2d,390ee,ee,110978,1.65116,1.40124,0.571281,1.3376,0,0,110956,0,0.879177,22,0,0,0.000192703,0,0,0,0,0,22,0
cloth-funnel,tight,cell2d,393vf,vf,29443,1.87528,0.418261,0.252281,0.295705,0,0,29440,0,0.376886,3,0,0,0.00230415,0.00102598,0,0.00102598,0.000244141,0.00127012,3,0.000244141
cloth-funnel,tight,cell2d,399ee,ee,256500,1.73128,2.19959,1.18621,0.818699,0,0,256485,0,1.42508,15,0,0,0.0016105,0,0,0,0,0,15,0
cloth-funnel,tight,cell2d,405ee,ee,455642,1.87819,3.1323,1.84222,0.91636,0,0,455626,0,2.19338,16,0,0,0.000689562,0,0,0,0,0,16,0
cloth-funnel,tight,cell2d,409ee,ee,450739,1.93748,3.41594,1.75736,1.03796,0,0,450720,0,1.93054,19,0,0,0.00275799,0,0,0,0,0,19,0
cloth-funnel,tight,cell2d,414ee,ee,388206,1.89595,3.3026,1.59285,0.684206,0,0,388191,0,1.71928,15,0,0,0.000689295,0,0,0,0,0,15,0
cloth-funnel,tight,cell2d,418vf,vf,203660,2.005,1.59829,0.77774,0.896905,0,0,203650,0,1.36316,10,0,0,0.000284583,3.8147e-06,0,0,0,0,10,0
cloth-funnel,tight,cell2d,421vf,vf,88447,1.84949,1.14755,0.641647,0.380214,0,0,88443,0,0.597776,4,0,0,0,0,0,0,0,0,4,0
cloth-funnel,tight,cell2d,424vf,vf,25307,1.78165,0.417429,0.193499,0.321463,0,0,25304,0,0.283481,3,0,0,0.00068,0.00036851,0,0,0,0,3,0
cloth-funnel,tight,cell2d,427ee,ee,39608,1.70565,1.18858,0.355255,0.981927,0,0,39583,0,0.568273,23,0,0,0.000713517,0,0,0,0,0,25,0
cloth-funnel,tight,cell2d,431ee,ee,20512,1.93032,1.23059,0.16102,1.04212,0,0,20495,0,0.430069,16,0,0,0.000999855,0,0,0,0,0,17,0
cloth-funnel,tight,cell2d,435vf,vf,3474,1.89448,0.296728,0.263289,0.121309,0,0,3473,0,0.259257,1,0,0,0.000593729,0.000593729,0,0.000593729,0.616089,0.616683,1,0.616089
cloth-funnel,tight,cell2d,440ee,ee,15203,1.65048,1.31347,0.449781,1.0312,0,0,15187,0,0.533042,16,0,0,0.00285608,0,0,0,0,0,16,0
cloth-funnel,tight,cell2d,443vf,vf,2985,1.92817,0.284344,0.140029,0.092798,0,0,2984,0,0.161211,1,0,0,0.000741035,0.000741035,0,0.000741035,0.0863037,0.0870447,1,0.0863037
cloth-funnel,tight,cell2d,448vf,vf,2797,1.66066,0.372982,0.274137,0.116989,0,0,2796,0,0.1743,1,0,0,0.000569012,0.000569012,0,0.000569012,0.525269,0.525838,1,0.525269
cloth-funnel,tight,cell2d,451vf,vf,2784,1.66556,0.374263,0.277016,0.256441,0,0,2781,0,0.301688,3,0,0,0.00121463,0.00113114,0,0.00113114,0.0181885,0.0193196,3,0.0181885
cloth-funnel,tight,cell2d,457ee,ee,13409,1.6709,1.44591,0.202618,0.75774,0,0,13394,0,0.442261,13,0,0,0,0,0,0,0,0,15,0
cloth-funnel,tight,cell2d,460vf,vf,2774,1.87118,0.417909,0.226266,0.079998,0,0,2773,0,0.164284,1,0,0,0.00038065,0.00038065,0,0.00038065,0.533813,0.534194,1,0.533813
cloth-funnel,tight,cell2d,465ee,ee,13368,1.6596,1.42832,0.357814,1.22857,0,0,13353,0,0.499379,15,0,0,0.00124605,0,0,0,0,0,15,0
cloth-funnel,tight,cell2d,469ee,ee,13367,1.8684,1.43929,0.142812,0.991878,0,0,13351,0,0.596529,16,0,0,0.00315822,0,0,0,0,0,16,0
cloth-funnel,tight,cell2d,473vf,vf,2770,1.8507,0.4613,0.206106,0.079645,0,0,2769,0,0.207323,1,0,0,0.000166584,0.000166584,0,0.000166584,0.47229,0.472457,1,0.47229
cloth-funnel,tight,cell2d,476vf,vf,2769,1.66341,0.589521,0.263353,0.083742,0,0,2768,0,0.217498,1,0,0,0.000426484,0.000426484,0,0.000426484,0.841797,0.842223,1,0.841797
cloth-funnel,tight,cell2d,479vf,vf,2775,1.663,0.479827,0.225274,0.078014,0,0,2773,0,0.23897,2,0,0,0.000425942,0.000425942,0,0.000375606,0.226491,0.226866,2,0.22644
cloth-funnel,tight,cell2d,482vf,vf,2776,1.68396,0.518099,0.283288,0.082302,0,0,2775,0,0.292601,1,0,0,0.000809604,0.000809604,0,0.000809604,0.164062,0.164872,1,0.164062
cloth-funnel,tight,cell2d,486vf,vf,2772,1.6598,0.495891,0.224731,0.09507,0,0,2771,0,0.239353,1,0,0,0.00109881,0.00109881,0,0.00109881,0.575439,0.576538,1,0.575439
cloth-funnel,tight,cell2d,490ee,ee,13332,1.63855,1.45955,0.203515,1.2023,0,0,13317,0,0.45234,14,0,0,0.00367546,0,0,0,0,0,15,0
cloth-funnel,tight,cell2d,492vf,vf,2761,1.83931,0.48226,0.198523,0.08131,0,0,2760,0,0.174555,1,0,0,0.000886826,0.000886826,0,0.000886826,0.0264893,0.0273761,1,0.0264893
cloth-funnel,tight,cell2d,496ee,ee,13344,1.64952,1.44259,0.184507,0.710189,0,0,13330,0,0.489363,14,0,0,0.000386597,0,0,0,0,0,14,0
cloth-funnel,tight,cell2d,53ee,ee,27746,2.00817,2.0274,0.242938,0.080126,0,0,27745,0,0.254809,1,0,0,0.000504498,0.000504498,0,0.000504498,0.736694,0.737199,1,0.736694
cloth-funnel,tight,cell2d,64ee,ee,27689,1.97508,2.03124,0.316088,0.088798,0,0,27688,0,0.270841,1,0,0,0.00534556,0.00534556,0,0.00534556,0.166016,0.171361,1,0.166016
cloth-funnel,tight,cell2d,103ee,ee,27918,1.22749,2.02488,0.287417,0.138556,0,0,27915,0,0.325111,3,0,0,0.0018329,0.000776686,0,0.000298219,0.174438,0.174737,3,0.174438
cloth-funnel,tight,cell2d,108ee,ee,27957,1.73138,2.08698,0.266105,0.090814,0,0,27956,0,0.280569,1,0,0,0.00107803,0.00107803,0,0.00107803,0.258789,0.259867,1,0.258789
cloth-funnel,tight,cell2d,120ee,ee,28253,1.87877,2.09978,0.314264,0.109885,0,0,28252,0,0.330647,1,0,0,0.00144089,0.00144089,0,0.00144089,0.236328,0.237769,1,0.236328
cloth-funnel,tight,cell2d,133ee,ee,29054,1.92193,2.09146,0.28428,0.08659,0,0,29053,0,0.293497,1,0,0,0.00185058,0.00185058,0,0.00185058,0.320068,0.321919,1,0.320068
cloth-funnel,tight,cell2d,143ee,ee,33560,1.87221,1.88504,0.267033,0.094014,0,0,33558,0,0.364215,2,0,0,0.00124909,0.00124909,0,0.00104071,0.562378,0.563419,2,0.562378
cloth-funnel,tight,cell2d,148vf,vf,11130,1.29017,0.544946,0.149564,0.095069,0,0,11129,0,0.157884,1,0,0,0.000250163,0.000250163,0,0.000250163,0.484619,0.484869,1,0.484619
cloth-funnel,tight,cell2d,159ee,ee,33644,1.71755,1.39078,0.252569,0.07763,0,0,33643,0,0.269049,1,0,0,0.000819231,0.000819231,0,0.000819231,0.785522,0.786342,1,0.785522
cloth-funnel,tight,cell2d,167ee,ee,33268,1.75074,1.39888,0.28428,0.100286,0,0,33265,0,0.359415,3,0,0,1.82791e-06,1.3762e-06,0,3.21562e-06,0.0236493,0.0236525,3,0.0236511
cloth-funnel,tight,cell2d,174ee,ee,35429,1.79007,1.33587,0.290104,0.085694,0,0,35428,0,0.308344,1,0,0,0.00231309,0.00231309,0,0.00231309,0.792847,0.79516,1,0.792847
cloth-funnel,tight,cell2d,178ee,ee,34357,1.83243,1.27994,0.266585,0.069214,0,0,34356,0,0.280344,0,0,0,0,0,0,0,1,1,1,1
cloth-funnel,tight,cell2d,185ee,ee,35908,1.80949,1.35545,0.278488,0.07555,0,0,35907,0,0.346007,1,0,0,0.000574723,0.000574723,0,0.000574723,0.231812,0.232386,1,0.231812
cloth-funnel,tight,cell2d,190ee,ee,34548,1.80549,1.35372,0.733549,0.323576,0,0,34546,0,0.772332,2,0,0,0.000750072,0.000750072,0,0.000750072,0.0976028,0.0983529,2,0.0976028
cloth-funnel,tight,cell2d,195ee,ee,33831,1.84994,1.31225,0.664015,1.4366,0,0,33828,0,0.770412,2,0,0,0.00055228,0.00055228,0,0.00055228,0.376942,0.377494,3,0.376942
cloth-funnel,tight,cell2d,202vf,vf,8685,1.79336,0.276473,0.191995,0.097085,0,0,8684,0,0.172636,1,0,0,0.00160953,0.00160953,0,0.00160953,0.749023,0.750633,1,0.749023
cloth-funnel,tight,cell2d,208ee,ee,39836,1.64332,1.26637,0.324856,0.09779,0,0,39833,0,0.310167,3,0,0,0.000325483,0.00022659,0,0.000193217,0.126953,0.127146,3,0.126953
cloth-funnel,tight,cell2d,213ee,ee,42234,1.82101,1.29145,0.353207,0.083614,0,0,42232,0,0.326199,2,0,0,0.00116341,0.00116341,0,0.0010729,0.839202,0.840275,2,0.839111
cloth-funnel,tight,cell2d,217vf,vf,8203,1.82958,0.259129,0.189371,0.120924,0,0,8202,0,0.256409,1,0,0,0.00135005,0.00135005,0,0.00135005,0.460938,0.462288,1,0.460938
cloth-funnel,tight,cell2d,222ee,ee,31483,1.6197,1.22819,0.404726,0.141052,0,0,31480,0,0.421429,3,0,0,0.00125555,0.00102144,0,0.00106702,0.700872,0.701939,3,0.700684
cloth-funnel,tight,cell2d,226vf,vf,7265,1.85301,0.249017,0.128669,0.072606,0,0,7264,0,0.132508,1,0,0,0.00073251,0.00073251,0,0.00073251,0.120361,0.121094,1,0.120361
cloth-funnel,tight,cell2d,229vf,vf,7373,1.6094,0.243194,0.164379,0.068222,0,0,7372,0,0.140253,1,0,0,0.000455516,0.000455516,0,0.000455516,0.419434,0.419889,1,0.419434
cloth-funnel,tight,cell2d,232vf,vf,6983,1.56972,0.23849,0.117949,0.098653,0,0,6981,0,0.126685,1,0,0,0.000100973,0.000100973,0,0.000100973,0.387268,0.387369,2,0.387268
cloth-funnel,tight,cell2d,237ee,ee,35558,1.57449,1.27801,0.446389,1.04586,0,0,35541,0,0.629775,16,0,0,0.000709232,0,0,0,0,0,17,0
cloth-funnel,tight,cell2d,239vf,vf,7056,1.75743,0.263161,0.101854,0.061663,0,0,7055,0,0.100349,1,0,0,0.000136962,0.000136962,0,0.000136962,0.508545,0.508682,1,0.508545
cloth-funnel,tight,cell2d,242vf,vf,7623,1.65096,0.282329,0.113469,0.108317,0,0,7620,0,0.122301,3,0,0,0.000459821,4.61658e-06,0,0.000459821,0.261475,0.261934,3,0.261475
cloth-funnel,tight,cell2d,246ee,ee,33161,1.62559,1.10541,0.349655,0.87972,0,0,33144,0,0.603184,15,0,0,0.00118529,0,0,0,0,0,17,0
cloth-funnel,tight,cell2d,249ee,ee,33438,1.85141,1.10096,0.29708,1.05517,0,0,33419,0,0.655855,19,0,0,0.0199673,0,0,0,0,0,19,0
cloth-funnel,tight,cell2d,252vf,vf,6739,1.80546,0.276025,0.093053,0.071934,0,0,6738,0,0.094526,1,0,0,0.000620903,0.000620903,0,0.000620903,0.179565,0.180186,1,0.179565
cloth-funnel,tight,cell2d,255ee,ee,34941,1.67628,1.08148,0.340983,0.869737,1,0,34926,0,0.685006,14,0,0,0.000471506,0,0,0,0,0,15,0
cloth-funnel,tight,cell2d,258vf,vf,6105,1.79547,0.264569,0.115965,0.077182,0,0,6104,0,0.122173,1,0,0,0.00376489,0.00376489,0,0.00376489,0.570068,0.573833,1,0.570068
cloth-funnel,tight,cell2d,262ee,ee,34323,1.58902,1.08851,0.287513,0.77838,1,0,34306,0,0.496307,16,0,0,0.00199497,0,0,0,0,0,17,0
cloth-funnel,tight,cell2d,265vf,vf,6576,1.79131,0.26025,0.108477,0.070174,0,0,6575,0,0.108989,1,0,0,0.000203828,0.000203828,0,0.000203828,0.00183105,0.00203488,1,0.00183105
cloth-funnel,tight,cell2d,269ee,ee,38675,1.61119,1.17318,0.275129,0.818411,0,0,38656,0,0.498067,18,0,0,0.00115964,0,0,0,0,0,19,0
cloth-funnel,tight,cell2d,273ee,ee,33807,1.87749,1.07533,0.265401,0.993478,0,0,33790,0,0.564081,16,0,0,0.0394946,0,0,0,0,0,17,0
cloth-funnel,tight,cell2d,276vf,vf,6291,1.81253,0.253177,0.103389,0.053726,0,0,6290,0,0.110846,1,0,0,6.73357e-05,6.73357e-05,0,6.73357e-05,0.95813,0.958197,1,0.95813
cloth-funnel,tight,cell2d,280vf,vf,7078,1.59948,0.256121,0.172348,0.158332,0,0,7076,0,0.330135,2,0,0,0.000262588,0.000262588,0,0.000101369,0.124004,0.124106,2,0.124004
cloth-funnel,tight,cell2d,283vf,vf,6728,1.63836,0.254106,0.160668,0.071774,0,0,6727,0,0.175259,1,0,0,0.000109089,0.000109089,0,0.000109089,0.898926,0.899035,1,0.898926
cloth-funnel,tight,cell2d,287ee,ee,38287,1.61855,1.12279,1.02583,1.97617,0,0,38258,0,0.990022,29,0,0,0.0330471,4.4323e-06,0,0,0,0,29,0
cloth-funnel,tight,cell2d,290vf,vf,6752,1.78008,0.25081,0.181627,0.129436,0,0,6751,0,0.383638,1,0,0,0.00021766,0.00021766,0,0.00021766,0.00215149,0.00236915,1,0.00215149
cloth-funnel,tight,cell2d,293vf,vf,7020,1.60636,0.252282,1.62316,4.02556,0,0,7017,0,1.64108,2,0,0,0.00361514,0.00361514,0,0.00361514,0.0572662,0.0608814,3,0.0572662
cloth-funnel,tight,cell2d,296vf,vf,7007,1.65522,0.249114,0.36543,1.59474,0,0,6998,0,0.797931,6,0,0,0.000856794,0.000113205,0,0.000112122,0.00615778,0.0062699,9,0.00614929
cloth-funnel,tight,cell2d,299ee,ee,41326,1.63759,1.15776,0.795371,6.43599,0,0,41287,0,2.16263,33,0,0,0.0491759,1.02334e-05,0,0,0,0,39,0
cloth-funnel,tight,cell2d,302ee,ee,42707,1.76949,1.14234,0.92212,4.56734,0,0,42665,0,1.43692,37,0,0,0.00148866,8.47324e-06,0,0,0,0,42,0
cloth-funnel,tight,cell2d,305ee,ee,42453,1.78603,1.07594,0.683086,4.22267,0,0,42418,0,1.41728,32,0,0,0.0964526,5.65929e-06,0,0,0,0,35,0
cloth-funnel,tight,cell2d,308ee,ee,45470,1.76162,1.19063,0.416885,3.0611,0,0,45423,0,1.39686,44,0,0,0.000815545,8.93609e-06,0,0,0,0,47,0
cloth-funnel,tight,cell2d,310vf,vf,7929,1.75189,0.265017,0.614319,58.1578,2,0,7909,0,52.6757,10,0,0,0.00276797,8.3859e-05,0,0.00382584,0.000146516,0.00397235,20,0.000144958
cloth-funnel,tight,cell2d,313vf,vf,7921,1.58421,0.257818,5.04976,12.1557,0,0,7907,0,7.00974,6,0,0,0.0179777,0.00193104,0,0.00193104,0,0.00193104,14,0
cloth-funnel,tight,cell2d,316vf,vf,7728,1.60348,0.248634,2.72498,12.867,0,0,7709,0,7.31747,11,0,0,0.00515806,0.000237711,0,0.000237711,0.00437164,0.00460935,19,0.00437164
cloth-funnel,tight,cell2d,319vf,vf,7580,1.61717,0.247641,0.444117,1.05469,0,0,7573,0,0.863145,5,0,0,0.000549011,2.21782e-05,0,6.05979e-07,0.106859,0.10686,7,0.106859
cloth-funnel,tight,cell2d,322ee,ee,45748,1.5917,1.17587,0.620752,6.30118,0,0,45682,0,1.63145,63,0,0,0.0396855,5.72723e-06,0,0,0,0,66,0
cloth-funnel,tight,cell2d,325ee,ee,51043,1.77717,1.23302,2.23805,4.60362,0,0,50981,0,1.58082,61,0,0,0.0625551,2.73905e-06,0,0,0,0,62,0
cloth-funnel,tight,cell2d,328ee,ee,60460,1.79227,1.27408,0.347767,2.54547,0,0,60421,0,1.03098,37,0,0,0.00240896,5.71589e-06,0,0,0,0,39,0
cloth-funnel,tight,cell2d,331ee,ee,55679,1.74399,1.25955,0.305816,1.66488,0,0,55649,0,0.682222,28,0,0,0.000170854,5.59872e-06,0,0,0,0,30,0
cloth-funnel,tight,cell2d,335ee,ee,47736,1.73867,1.22109,0.365494,0.854858,0,0,47716,0,0.577745,19,0,0,0.000996606,0,0,0,0,0,20,0
cloth-funnel,tight,cell2d,337vf,vf,7989,1.74895,0.276505,0.34735,0.46114,0,0,7985,0,0.373559,4,0,0,0.00127867,0.000113881,0,4.21604e-05,0.00117111,0.00121327,4,0.00117111
cloth-funnel,tight,cell2d,340vf,vf,7459,1.61976,0.265018,0.558546,0.516883,0,0,7458,0,0.547281,0,0,0,0,0,0,0,1,1,1,1
cloth-funnel,tight,cell2d,343vf,vf,7167,1.58252,0.252921,0.474516,0.472532,0,0,7165,0,0.443861,1,0,0,5.26327e-05,5.26327e-05,0,5.26327e-05,0.203152,0.203204,2,0.203152
cloth-funnel,tight,cell2d,347ee,ee,47595,1.61045,1.30512,0.306424,1.18643,0,0,47572,0,0.698637,23,0,0,0.0407121,0,0,0,0,0,23,0
cloth-funnel,tight,cell2d,350ee,ee,43598,1.73307,1.17687,0.251929,1.04404,0,0,43576,0,0.578545,20,0,0,9.44074e-05,0,0,0,0,0,22,0
cloth-funnel,tight,cell2d,353vf,vf,7074,1.78293,0.271801,0.130876,0.123165,0,0,7072,0,0.139645,1,0,0,0.00163364,0.00163364,0,0.00163364,0.00253296,0.0041666,2,0.00253296
cloth-funnel,tight,cell2d,356vf,vf,7324,1.55308,0.267673,0.084894,0.068478,1,0,7323,0,0.142204,0,0,0,0,0,0,1,0,1,1,0
cloth-funnel,tight,cell2d,360ee,ee,46845,1.61701,1.15997,0.788715,2.37975,1,0,46813,0,0.740269,29,0,0,0.0172735,1.11865e-05,0,0,0,0,32,0
cloth-funnel,tight,cell2d,363ee,ee,44897,1.77896,1.15216,0.361911,1.21494,0,0,44875,0,0.680142,22,0,0,0.0103239,0,0,0,0,0,22,0
cloth-funnel,tight,cell2d,366vf,vf,7180,1.73176,0.342359,0.269433,0.363286,0,0,7178,0,0.271385,1,0,0,0.000348707,0.000348707,0,0.000348707,0.159126,0.159475,2,0.159126
cloth-funnel,tight,cell2d,369vf,vf,8239,1.60226,0.281464,0.140412,0.095709,0,0,8237,0,0.154652,2,0,0,0.0010651,0.0010651,0,0.0010651,0.76062,0.761685,2,0.76062
cloth-funnel,tight,cell2d,373ee,ee,46792,1.61919,1.2223,0.363254,1.20576,0,0,46766,0,0.519379,25,0,0,0.00419522,0,0,0,0,0,26,0
cloth-funnel,tight,cell2d,376ee,ee,47824,1.79608,1.14851,0.696621,2.15818,0,0,47796,0,0.743853,26,0,0,0.00110793,5.26305e-06,0,0,0,0,28,0
cloth-funnel,tight,cell2d,378vf,vf,7964,1.77112,0.293433,0.674159,0.648751,0,0,7962,0,0.710061,1,0,0,0.00374804,0.00374804,0,0.00374804,0.215683,0.219431,2,0.215683
cloth-funnel,tight,cell2d,381vf,vf,10616,1.62386,0.317368,0.607024,0.731917,0,0,10612,0,0.704845,2,0,0,0.000414227,0.000414227,0,8.0384e-06,1.14441e-05,1.94825e-05,4,1.14441e-05
cloth-funnel,tight,cell2d,384vf,vf,15759,1.60997,0.373462,0.176027,0.123901,0,0,15757,0,0.226586,2,0,0,2.15698e-05,2.15698e-05,0,6.08717e-06,0.844894,0.8449,2,0.844894
cloth-funnel,tight,cell2d,387vf,vf,21176,1.69327,0.438164,0.492851,0.846953,0,0,21174,0,0.497619,2,0,0,0.000258315,0.000258315,0,0.000258315,0.014267,0.0145253,2,0.014267
cloth-funnel,tight,cell2d,390ee,ee,110978,1.57366,1.63858,0.557617,1.37993,0,0,110956,0,0.876841,22,0,0,0.000192703,0,0,0,0,0,22,0
cloth-funnel,tight,cell2d,393vf,vf,29443,1.75307,0.497107,0.277017,0.299609,0,0,29440,0,0.362774,3,0,0,0.00230415,0.00102598,0,0.00102598,0.000244141,0.00127012,3,0.000244141
cloth-funnel,tight,cell2d,399ee,ee,256500,1.65618,2.22909,1.14544,0.809323,0,0,256485,0,1.40271,15,0,0,0.0016105,0,0,0,0,0,15,0
cloth-funnel,tight,cell2d,405ee,ee,455642,1.76738,3.07918,1.8331,0.919528,0,0,455626,0,2.1858,16,0,0,0.000689562,0,0,0,0,0,16,0
cloth-funnel,tight,cell2d,409ee,ee,450739,1.75823,3.43162,1.69743,1.01476,0,0,450720,0,2.00974,19,0,0,0.00275799,0,0,0,0,0,19,0
cloth-funnel,tight,cell2d,414ee,ee,388206,1.81355,3.2516,1.54927,0.686926,0,0,388191,0,1.66959,15,0,0,0.000689295,0,0,0,0,0,15,0
cloth-funnel,tight,cell2d,418vf,vf,203660,1.82792,1.6397,0.688622,0.899785,0,0,203650,0,1.42716,10,0,0,0.000284583,3.8147e-06,0,0,0,0,10,0
cloth-funnel,tight,cell2d,421vf,vf,88447,1.88712,1.1384,0.567825,0.457236,0,0,88443,0,0.601392,4,0,0,0,0,0,0,0,0,4,0
cloth-funnel,tight,cell2d,424vf,vf,25307,1.77061,0.572177,0.188283,0.31868,0,0,25304,0,0.288121,3,0,0,0.00068,0.00036851,0,0,0,0,3,0
cloth-funnel,tight,cell2d,427ee,ee,39608,1.69941,1.29475,0.409109,0.968967,0,0,39583,0,0.54885,23,0,0,0.000713517,0,0,0,0,0,25,0
cloth-funnel,tight,cell2d,431ee,ee,20512,1.80846,1.22947,0.168412,1.03562,0,0,20495,0,0.466484,16,0,0,0.000999855,0,0,0,0,0,17,0
cloth-funnel,tight,cell2d,435vf,vf,3474,1.8037,0.28828,0.264601,0.119101,0,0,3473,0,0.262841,1,0,0,0.000593729,0.000593729,0,0.000593729,0.616089,0.616683,1,0.616089
cloth-funnel,tight,cell2d,440ee,ee,15203,1.6453,1.3655,0.437749,1.03293,0,0,15187,0,0.549681,16,0,0,0.00285608,0,0,0,0,0,16,0
cloth-funnel,tight,cell2d,443vf,vf,2985,1.80734,0.289209,0.140092,0.070014,0,0,2984,0,0.16518,1,0,0,0.000741035,0.000741035,0,0.000741035,0.0863037,0.0870447,1,0.0863037
cloth-funnel,tight,cell2d,448vf,vf,2797,1.63884,0.377558,0.293336,0.109405,0,0,2796,0,0.190107,1,0,0,0.000569012,0.000569012,0,0.000569012,0.525269,0.525838,1,0.525269
cloth-funnel,tight,cell2d,451vf,vf,2784,1.66847,0.403605,0.281113,0.253881,0,0,2781,0,0.293592,3,0,0,0.00121463,0.00113114,0,0.00113114,0.0181885,0.0193196,3,0.0181885
cloth-funnel,tight,cell2d,457ee,ee,13409,1.64511,1.45561,0.207739,0.738956,0,0,13394,0,0.471987,13,0,0,0,0,0,0,0,0,15,0
cloth-funnel,tight,cell2d,460vf,vf,2774,1.8291,0.443349,0.239353,0.07299,0,0,2773,0,0.162876,1,0,0,0.00038065,0.00038065,0,0.00038065,0.533813,0.534194,1,0.533813
cloth-funnel,tight,cell2d,465ee,ee,13368,1.6373,1.46067,0.300952,1.21226,0,0,13353,0,0.497043,15,0,0,0.00124605,0,0,0,0,0,15,0
cloth-funnel,tight,cell2d,469ee,ee,13367,1.78504,1.45209,0.142812,1.00212,0,0,13351,0,0.6132,16,0,0,0.00315822,0,0,0,0,0,16,0
cloth-funnel,tight,cell2d,473vf,vf,2770,1.79042,0.472372,0.212538,0.052415,0,0,2769,0,0.178556,1,0,0,0.000166584,0.000166584,0,0.000166584,0.47229,0.472457,1,0.47229
cloth-funnel,tight,cell2d,476vf,vf,2769,1.62978,0.498451,0.269528,0.074014,0,0,2768,0,0.25401,1,0,0,0.000426484,0.000426484,0,0.000426484,0.841797,0.842223,1,0.841797
cloth-funnel,tight,cell2d,479vf,vf,2775,1.65458,0.496179,0.243834,0.073918,0,0,2773,0,0.235738,2,0,0,0.000425942,0.000425942,0,0.000375606,0.226491,0.226866,2,0.22644
cloth-funnel,tight,cell2d,482vf,vf,2776,1.62082,0.52501,0.290905,0.08099,0,0,2775,0,0.28972,1,0,0,0.000809604,0.000809604,0,0.000809604,0.164062,0.164872,1,0.164062
cloth-funnel,tight,cell2d,486vf,vf,2772,1.65234,0.504883,0.229242,0.086878,0,0,2771,0,0.196955,1,0,0,0.00109881,0.00109881,0,0.00109881,0.575439,0.576538,1,0.575439
cloth-funnel,tight,cell2d,490ee,ee,13332,1.62488,1.44745,0.200699,1.18733,0,0,13317,0,0.462676,14,0,0,0.00367546,0,0,0,0,0,15,0
cloth-funnel,tight,cell2d,492vf,vf,2761,1.83246,0.501906,0.206491,0.071742,0,0,2760,0,0.190459,1,0,0,0.000886826,0.000886826,0,0.000886826,0.0264893,0.0273761,1,0.0264893
cloth-funnel,tight,cell2d,496ee,ee,13344,1.6342,1.44748,0.188699,0.713998,0,0,13330,0,0.489491,14,0,0,0.000386597,0,0,0,0,0,14,0
cloth-funnel,tight,cell2d,53ee,ee,27746,1.9644,2.05572,0.242426,0.079934,0,0,27745,0,0.284728,1,0,0,0.000504498,0.000504498,0,0.000504498,0.736694,0.737199,1,0.736694
cloth-funnel,tight,cell2d,64ee,ee,27689,2.0036,2.09953,0.290617,0.084766,0,0,27688,0,0.290616,1,0,0,0.00534556,0.00534556,0,0.00534556,0.166016,0.171361,1,0.166016
cloth-funnel,tight,cell2dmin,103ee,ee,27918,0.957891,0.413652,0.297335,0.141468,0,0,27915,0,0.330774,3,0,0,0.0018329,0.000776686,0,0.000272232,0.174464,0.174737,3,0.174438
cloth-funnel,tight,cell2dmin,108ee,ee,27957,1.18512,0.434707,0.282104,0.06947,0,0,27956,0,0.252056,1,0,0,0.00107803,0.00107803,0,0.00107803,0.258789,0.259867,1,0.258789
cloth-funnel,tight,cell2dmin,120ee,ee,28253,1.18009,0.431091,0.344502,0.109181,0,0,28252,0,0.33391,1,0,0,0.00144089,0.00144089,0,0.00144089,0.236328,0.237769,1,0.236328
cloth-funnel,tight,cell2dmin,133ee,ee,29054,1.18003,0.472626,0.275063,0.085309,0,0,29053,0,0.29004,1,0,0,0.00185058,0.00185058,0,0.00185058,0.320068,0.321919,1,0.320068
cloth-funnel,tight,cell2dmin,143ee,ee,33560,1.21328,0.699563,0.272184,0.098877,0,0,33558,0,0.356405,2,0,0,0.00124909,0.00124909,0,0.00104071,0.562378,0.563419,2,0.562378
cloth-funnel,tight,cell2dmin,148vf,vf,11130,0.931972,0.491185,0.173851,0.093373,0,0,11129,0,0.155547,1,0,0,0.000250163,0.000250163,0,0.000250163,0.484619,0.484869,1,0.484619
cloth-funnel,tight,cell2dmin,159ee,ee,33644,1.16336,0.40418,0.251736,0.074686,0,0,33643,0,0.255673,1,0,0,0.000819231,0.000819231,0,0.000819231,0.785522,0.786342,1,0.785522
cloth-funnel,tight,cell2dmin,167ee,ee,33268,1.13945,0.390836,0.238169,0.110109,0,0,33265,0,0.320791,3,0,0,1.82791e-06,1.3762e-06,0,1.52914e-06,0.023651,0.0236525,3,0.0236511
cloth-funnel,tight,cell2dmin,174ee,ee,35429,1.13293,0.636141,0.286679,0.099421,0,0,35428,0,0.291031,1,0,0,0.00231309,0.00231309,0,0.00231309,0.792847,0.79516,1,0.792847
cloth-funnel,tight,cell2dmin,178ee,ee,34357,1.15939,0.403156,0.255256,0.087902,0,0,34356,0,0.260473,0,0,0,0,0,0,0,1,1,1,1
cloth-funnel,tight,cell2dmin,185ee,ee,35908,1.17795,0.393588,0.273112,0.074718,0,0,35907,0,0.294903,1,0,0,0.000574723,0.000574723,0,0.000574723,0.231812,0.232386,1,0.231812
cloth-funnel,tight,cell2dmin,190ee,ee,34548,1.17392,0.396148,0.873126,0.320214,0,0,34546,0,0.938819,2,0,0,0.000750072,0.000750072,0,0.000750072,0.0976028,0.0983529,2,0.0976028
cloth-funnel,tight,cell2dmin,195ee,ee,33831,1.22924,0.417843,1.00807,1.41519,0,0,33828,0,1.04237,2,0,0,0.00055228,0.00055228,0,0.00055228,0.376942,0.377494,3,0.376942
cloth-funnel,tight,cell2dmin,202vf,vf,8685,1.29644,0.404724,0.194042,0.102013,0,0,8684,0,0.21209,1,0,0,0.00160953,0.00160953,0,0.00160953,0.749023,0.750633,1,0.749023
cloth-funnel,tight,cell2dmin,208ee,ee,39836,1.23401,0.412275,0.276248,0.095869,0,0,39833,0,0.285079,3,0,0,0.000325483,0.00022659,0,0.000193217,0.126953,0.127146,3,0.126953
cloth-funnel,tight,cell2dmin,213ee,ee,42234,1.20764,0.387477,0.299031,0.078429,0,0,42232,0,0.306198,2,0,0,0.00116341,0.00116341,0,0.0010729,0.839202,0.840275,2,0.839111
cloth-funnel,tight,cell2dmin,217vf,vf,8203,1.2933,0.390389,0.188218,0.122909,0,0,8202,0,0.229849,1,0,0,0.00135005,0.00135005,0,0.00135005,0.460938,0.462288,1,0.460938
cloth-funnel,tight,cell2dmin,222ee,ee,31483,1.22057,0.373749,0.365429,0.143195,0,0,31480,0,0.408531,3,0,0,0.00125555,0.00102144,0,0.00127073,0.700668,0.701939,3,0.700684
cloth-funnel,tight,cell2dmin,226vf,vf,7265,1.19993,0.415315,0.126812,0.076542,0,0,7264,0,0.136188,1,0,0,0.00073251,0.00073251,0,0.00073251,0.120361,0.121094,1,0.120361
cloth-funnel,tight,cell2dmin,229vf,vf,7373,1.19763,0.375892,0.117277,0.075262,0,0,7372,0,0.161627,1,0,0,0.000455516,0.000455516,0,0.000455516,0.419434,0.419889,1,0.419434
cloth-funnel,tight,cell2dmin,232vf,vf,6983,1.18326,0.348662,0.117436,0.099165,0,0,6981,0,0.124412,1,0,0,0.000100973,0.000100973,0,0.000100973,0.387268,0.387369,2,0.387268
cloth-funnel,tight,cell2dmin,237ee,ee,35558,1.16931,0.392053,0.406483,1.07562,0,0,35541,0,0.87079,16,0,0,0.000709232,0,0,0,0,0,17,0
cloth-funnel,tight,cell2dmin,239vf,vf,7056,1.2088,0.358006,0.100029,0.072542,0,0,7055,0,0.100157,1,0,0,0.000136962,0.000136962,0,0.000136962,0.508545,0.508682,1,0.508545
cloth-funnel,tight,cell2dmin,242vf,vf,7623,1.18745,0.372884,0.110237,0.110557,0,0,7620,0,0.116445,3,0,0,0.000459821,4.61658e-06,0,0.000459821,0.261475,0.261934,3,0.261475
cloth-funnel,tight,cell2dmin,246ee,ee,33161,1.18841,0.390549,0.285815,0.879078,0,0,33144,0,0.590926,15,0,0,0.00118529,0,0,0,0,0,17,0
cloth-funnel,tight,cell2dmin,249ee,ee,33438,1.20998,0.366549,0.240024,1.05165,0,0,33419,0,0.645101,19,0,0,0.0199673,0,0,0,0,0,19,0
cloth-funnel,tight,cell2dmin,252vf,vf,6739,1.18253,0.3821,0.088989,0.07443,0,0,6738,0,0.091902,1,0,0,0.000620903,0.000620903,0,0.000620903,0.179565,0.180186,1,0.179565
cloth-funnel,tight,cell2dmin,255ee,ee,34941,1.14611,0.391572,0.640076,0.852486,1,0,34926,0,0.79636,14,0,0,0.000471506,0,0,0,0,0,15,0
cloth-funnel,tight,cell2dmin,258vf,vf,6105,1.19712,0.34351,0.110013,0.082462,0,0,6104,0,0.118716,1,0,0,0.00376489,0.00376489,0,0.00376489,0.570068,0.573833,1,0.570068
cloth-funnel,tight,cell2dmin,262ee,ee,34323,1.18435,0.371285,0.277879,0.776936,1,0,34306,0,0.413172,16,0,0,0.00199497,0,0,0,0,0,17,0
cloth-funnel,tight,cell2dmin,265vf,vf,6576,1.19689,0.366869,0.106845,0.084413,0,0,6575,0,0.106813,1,0,0,0.000203828,0.000203828,0,0.000203828,0.00183105,0.00203488,1,0.00183105
cloth-funnel,tight,cell2dmin,269ee,ee,38675,1.14301,0.378548,0.319959,0.761161,0,0,38656,0,0.480817,18,0,0,0.00115964,0,0,0,0,0,19,0
cloth-funnel,tight,cell2dmin,273ee,ee,33807,1.2566,0.371285,0.806407,0.963427,0,0,33790,0,0.588431,16,0,0,0.0394946,0,0,0,0,0,17,0
cloth-funnel,tight,cell2dmin,276vf,vf,6291,1.19308,0.358709,0.1135,0.078878,0,0,6290,0,0.122269,1,0,0,6.73357e-05,6.73357e-05,0,6.73357e-05,0.95813,0.958197,1,0.95813
cloth-funnel,tight,cell2dmin,280vf,vf,7078,1.17164,0.364918,0.157435,0.145756,0,0,7076,0,0.187098,2,0,0,0.000262588,0.000262588,0,0.000101369,0.124004,0.124106,2,0.124004
cloth-funnel,tight,cell2dmin,283vf,vf,6728,1.17168,0.365845,0.154652,0.102525,0,0,6727,0,0.185434,1,0,0,0.000109089,0.000109089,0,0.000109089,0.898926,0.899035,1,0.898926
cloth-funnel,tight,cell2dmin,287ee,ee,38287,1.20547,0.375509,0.740554,1.91223,0,0,38258,0,0.768041,29,0,0,0.0330471,4.4323e-06,0,0,0,0,29,0
cloth-funnel,tight,cell2dmin,290vf,vf,6752,1.25484,0.232121,0.19913,0.135868,0,0,6751,0,0.470418,1,0,0,0.00021766,0.00021766,0,0.00021766,0.00215149,0.00236915,1,0.00215149
cloth-funnel,tight,cell2dmin,293vf,vf,7020,1.23542,0.230009,1.60555,4.00279,0,0,7017,0,1.64741,2,0,0,0.00361514,0.00361514,0,0.00361514,0.0572662,0.0608814,3,0.0572662
cloth-funnel,tight,cell2dmin,296vf,vf,7007,1.28428,0.232249,0.369973,1.57774,0,0,6998,0,0.869094,6,0,0,0.000856794,0.000113205,0,0.000112122,0.00615778,0.0062699,9,0.00614929
cloth-funnel,tight,cell2dmin,299ee,ee,41326,1.29593,0.403412,0.871238,6.37098,0,0,41287,0,1.9746,33,0,0,0.0491759,1.02334e-05,0,0,0,0,39,0
cloth-funnel,tight,cell2dmin,302ee,ee,42707,1.27954,0.403636,1.04234,4.56015,0,0,42665,0,1.19273,37,0,0,0.00148866,8.47324e-06,0,0,0,0,42,0
cloth-funnel,tight,cell2dmin,305ee,ee,42453,1.29734,0.393972,0.637036,4.23869,0,0,42418,0,1.38793,32,0,0,0.0964526,5.65929e-06,0,0,0,0,35,0
cloth-funnel,tight,cell2dmin,308ee,ee,45470,1.32754,0.409971,0.417428,2.97028,0,0,45423,0,0.918916,44,0,0,0.000815545,8.93609e-06,0,0,0,0,47,0
cloth-funnel,tight,cell2dmin,310vf,vf,7929,1.31145,0.223194,1.65016,57.4412,2,0,7909,0,51.8818,10,0,0,0.00276797,8.3859e-05,0,0.00382584,0.000146516,0.00397235,20,0.000144958
cloth-funnel,tight,cell2dmin,313vf,vf,7921,1.24694,0.229625,5.07639,12.0433,0,0,7907,0,7.005,6,0,0,0.0179777,0.00193104,0,0.00193104,0,0.00193104,14,0
cloth-funnel,tight,cell2dmin,316vf,vf,7728,1.20876,0.225754,2.65275,12.7335,0,0,7709,0,7.22813,11,0,0,0.00515806,0.000237711,0,0.000237711,0.00437164,0.00460935,19,0.00437164
cloth-funnel,tight,cell2dmin,319vf,vf,7580,1.26006,0.227769,0.460082,1.05536,0,0,7573,0,0.879365,5,0,0,0.000549011,2.21782e-05,0,6.05979e-07,0.106859,0.10686,7,0.106859
cloth-funnel,tight,cell2dmin,322ee,ee,45748,1.28454,0.407892,0.534319,6.23764,0,0,45682,0,1.56037,63,0,0,0.0396855,5.72723e-06,0,0,0,0,66,0
cloth-funnel,tight,cell2dmin,325ee,ee,51043,1.29004,0.434675,0.340566,4.57135,0,0,50981,0,3.16122,61,0,0,0.0625551,2.73905e-06,0,0,0,0,62,0
cloth-funnel,tight,cell2dmin,328ee,ee,60460,1.32118,0.441651,0.371413,2.59883,0,0,60421,0,0.933508,37,0,0,0.00240896,5.71589e-06,0,0,0,0,39,0
cloth-funnel,tight,cell2dmin,331ee,ee,55679,1.30111,0.421108,0.322966,1.73896,0,0,55649,0,0.746314,28,0,0,0.000170854,5.59872e-06,0,0,0,0,30,0
cloth-funnel,tight,cell2dmin,335ee,ee,47736,1.29084,0.40498,0.401364,0.895397,0,0,47716,0,0.553423,19,0,0,0.000996606,0,0,0,0,0,20,0
cloth-funnel,tight,cell2dmin,337vf,vf,7989,1.31775,0.233113,0.369173,0.464274,0,0,7985,0,0.390004,4,0,0,0.00127867,0.000113881,0,4.21604e-05,0.00117111,0.00121327,4,0.00117111
cloth-funnel,tight,cell2dmin,340vf,vf,7459,1.24892,0.227513,0.573871,0.534832,0,0,7458,0,0.579406,0,0,0,0,0,0,0,1,1,1,1
cloth-funnel,tight,cell2dmin,343vf,vf,7167,1.25782,0.236665,0.452819,0.484722,0,0,7165,0,0.444338,1,0,0,5.26327e-05,5.26327e-05,0,5.26327e-05,0.203152,0.203204,2,0.203152
cloth-funnel,tight,cell2dmin,347ee,ee,47595,1.25331,0.410004,0.370485,1.19728,0,0,47572,0,0.679179,23,0,0,0.0407121,0,0,0,0,0,23,0
cloth-funnel,tight,cell2dmin,350ee,ee,43598,1.29727,0.415059,0.264248,1.07763,0,0,43576,0,0.699403,20,0,0,9.44074e-05,0,0,0,0,0,22,0
cloth-funnel,tight,cell2dmin,353vf,vf,7074,1.25977,0.246489,0.13686,0.134811,0,0,7072,0,0.142364,1,0,0,0.00163364,0.00163364,0,0.00163364,0.00253296,0.0041666,2,0.00253296
cloth-funnel,tight,cell2dmin,356vf,vf,7324,1.29599,0.241624,0.094909,0.085246,1,0,7323,0,0.139484,0,0,0,0,0,0,1,0,1,1,0
cloth-funnel,tight,cell2dmin,360ee,ee,46845,1.25398,0.446867,0.31599,2.33478,1,0,46813,0,0.802472,29,0,0,0.0172735,1.11865e-05,0,0,0,0,32,0
cloth-funnel,tight,cell2dmin,363ee,ee,44897,1.31212,0.405076,0.304407,1.20806,0,0,44875,0,0.635213,22,0,0,0.0103239,0,0,0,0,0,22,0
cloth-funnel,tight,cell2dmin,366vf,vf,7180,1.33014,0.236185,0.285527,0.367093,0,0,7178,0,0.269976,1,0,0,0.000348707,0.000348707,0,0.000348707,0.159126,0.159475,2,0.159126
cloth-funnel,tight,cell2dmin,369vf,vf,8239,1.2718,0.229049,0.145275,0.096285,0,0,8237,0,0.157052,2,0,0,0.0010651,0.0010651,0,0.0010651,0.76062,0.761685,2,0.76062
cloth-funnel,tight,cell2dmin,373ee,ee,46792,1.28626,0.397588,0.366197,1.19033,0,0,46766,0,0.888005,25,0,0,0.00419522,0,0,0,0,0,26,0
cloth-funnel,tight,cell2dmin,376ee,ee,47824,1.34956,0.405716,0.460658,2.16774,0,0,47796,0,0.839079,26,0,0,0.00110793,5.26305e-06,0,0,0,0,28,0
cloth-funnel,tight,cell2dmin,378vf,vf,7964,1.27388,0.257752,0.715947,0.65166,0,0,7962,0,0.690603,1,0,0,0.00374804,0.00374804,0,0.00374804,0.215683,0.219431,2,0.215683
cloth-funnel,tight,cell2dmin,381vf,vf,10616,1.27734,0.262521,0.618669,0.736041,0,0,10612,0,0.708427,2,0,0,0.000414227,0.000414227,0,8.0384e-06,1.14441e-05,1.94825e-05,4,1.14441e-05
cloth-funnel,tight,cell2dmin,384vf,vf,15759,1.24147,0.310838,0.179035,0.128156,0,0,15757,0,0.226073,2,0,0,2.15698e-05,2.15698e-05,0,6.08717e-06,0.844894,0.8449,2,0.844894
cloth-funnel,tight,cell2dmin,387vf,vf,21176,1.2646,0.343861,0.505041,0.827272,0,0,21174,0,0.518897,2,0,0,0.000258315,0.000258315,0,0.000258315,0.014267,0.0145253,2,0.014267
cloth-funnel,tight,cell2dmin,390ee,ee,110978,1.2454,0.745162,0.557295,1.36028,0,0,110956,0,0.9305,22,0,0,0.000192703,0,0,0,0,0,22,0
cloth-funnel,tight,cell2dmin,393vf,vf,29443,1.32479,0.406804,0.284471,0.317686,0,0,29440,0,0.425907,3,0,0,0.00230415,0.00102598,0,0.00102598,0.000244141,0.00127012,3,0.000244141
cloth-funnel,tight,cell2dmin,399ee,ee,256500,1.27788,1.47093,1.21452,0.828839,0,0,256485,0,1.58997,15,0,0,0.0016105,0,0,0,0,0,15,0
cloth-funnel,tight,cell2dmin,405ee,ee,455642,1.38898,1.50344,1.91389,0.947299,0,0,455626,0,2.42834,16,0,0,0.000689562,0,0,0,0,0,16,0
cloth-funnel,tight,cell2dmin,409ee,ee,450739,1.38735,1.36098,1.67611,1.03597,0,0,450720,0,2.12269,19,0,0,0.00275799,0,0,0,0,0,19,0
cloth-funnel,tight,cell2dmin,414ee,ee,388206,1.35986,1.37058,1.4868,0.706827,0,0,388191,0,1.78683,15,0,0,0.000689295,0,0,0,0,0,15,0
cloth-funnel,tight,cell2dmin,418vf,vf,203660,1.72545,1.72897,0.776105,0.959299,0,0,203650,0,1.41138,10,0,0,0.000284583,3.8147e-06,0,0,0,0,10,0
cloth-funnel,tight,cell2dmin,421vf,vf,88447,1.98912,1.3543,0.572078,0.445746,0,0,88443,0,0.623053,4,0,0,0,0,0,0,0,0,4,0
cloth-funnel,tight,cell2dmin,424vf,vf,25307,1.80075,0.616237,0.212442,0.385621,0,0,25304,0,0.323606,3,0,0,0.00068,0.00036851,0,0,0,0,3,0
cloth-funnel,tight,cell2dmin,427ee,ee,39608,1.81035,0.586959,0.533487,1.03031,0,0,39583,0,0.680012,23,0,0,0.000713517,0,0,0,0,0,25,0
cloth-funnel,tight,cell2dmin,431ee,ee,20512,1.84436,0.640845,0.210777,1.12973,0,0,20495,0,0.456978,16,0,0,0.000999855,0,0,0,0,0,17,0
cloth-funnel,tight,cell2dmin,435vf,vf,3474,1.7931,0.469042,0.290967,0.153467,0,0,3473,0,0.28396,1,0,0,0.000593729,0.000593729,0,0.000593729,0.616089,0.616683,1,0.616089
cloth-funnel,tight,cell2dmin,440ee,ee,15203,1.85082,0.662988,0.374325,1.10787,0,0,15187,0,0.505456,16,0,0,0.00285608,0,0,0,0,0,16,0
cloth-funnel,tight,cell2dmin,443vf,vf,2985,1.82974,0.43557,0.154812,0.164923,0,0,2984,0,0.180474,1,0,0,0.000741035,0.000741035,0,0.000741035,0.0863037,0.0870447,1,0.0863037
cloth-funnel,tight,cell2dmin,448vf,vf,2797,1.82878,0.408211,0.227098,0.151516,0,0,2796,0,0.285559,1,0,0,0.000569012,0.000569012,0,0.000569012,0.525269,0.525838,1,0.525269
cloth-funnel,tight,cell2dmin,451vf,vf,2784,1.78391,0.470226,0.265784,0.264984,0,0,2781,0,0.440051,3,0,0,0.00121463,0.00113114,0,0.00113114,0.0181885,0.0193196,3,0.0181885
cloth-funnel,tight,cell2dmin,457ee,ee,13409,1.79268,0.716203,0.288311,0.84023,0,0,13394,0,0.445907,13,0,0,0,0,0,0,0,0,15,0
cloth-funnel,tight,cell2dmin,460vf,vf,2774,1.81118,0.477809,0.230169,0.151067,0,0,2773,0,0.213626,1,0,0,0.00038065,0.00038065,0,0.00038065,0.533813,0.534194,1,0.533813
cloth-funnel,tight,cell2dmin,465ee,ee,13368,1.76311,0.819687,0.216218,1.28342,0,0,13353,0,0.436466,15,0,0,0.00124605,0,0,0,0,0,15,0
cloth-funnel,tight,cell2dmin,469ee,ee,13367,1.84478,0.79556,0.356085,1.05107,0,0,13351,0,0.52552,16,0,0,0.00315822,0,0,0,0,0,16,0
cloth-funnel,tight,cell2dmin,473vf,vf,2770,1.78638,0.553327,0.199386,0.154299,0,0,2769,0,0.222777,1,0,0,0.000166584,0.000166584,0,0.000166584,0.47229,0.472457,1,0.47229
cloth-funnel,tight,cell2dmin,476vf,vf,2769,1.73896,0.589454,0.306263,0.162204,0,0,2768,0,0.273303,1,0,0,0.000426484,0.000426484,0,0.000426484,0.841797,0.842223,1,0.841797
cloth-funnel,tight,cell2dmin,479vf,vf,2775,1.70398,0.563855,0.279512,0.163643,0,0,2773,0,0.202714,2,0,0,0.000425942,0.000425942,0,0.000425942,0.22644,0.226866,2,0.22644
cloth-funnel,tight,cell2dmin,482vf,vf,2776,1.8139,0.582671,0.324438,0.152187,0,0,2775,0,0.299735,1,0,0,0.000809604,0.000809604,0,0.000809604,0.164062,0.164872,1,0.164062
cloth-funnel,tight,cell2dmin,486vf,vf,2772,1.78027,0.589134,0.226906,0.159452,0,0,2771,0,0.23852,1,0,0,0.00109881,0.00109881,0,0.00109881,0.575439,0.576538,1,0.575439
cloth-funnel,tight,cell2dmin,490ee,ee,13332,1.82746,0.778313,0.209817,1.26707,0,0,13317,0,0.546064,14,0,0,0.00367546,0,0,0,0,0,15,0
cloth-funnel,tight,cell2dmin,492vf,vf,2761,1.82667,0.568591,0.195258,0.153723,0,0,2760,0,0.214841,1,0,0,0.000886826,0.000886826,0,0.000886826,0.0264893,0.0273761,1,0.0264893
cloth-funnel,tight,cell2dmin,496ee,ee,13344,1.76017,0.774473,0.21193,0.801416,0,0,13330,0,0.677067,14,0,0,0.000386597,0,0,0,0,0,14,0
cloth-funnel,tight,cell2dmin,53ee,ee,27746,1.93975,0.558639,0.278104,0.163707,0,0,27745,0,0.328374,1,0,0,0.000504498,0.000504498,0,0.000504498,0.736694,0.737199,1,0.736694
cloth-funnel,tight,cell2dmin,64ee,ee,27689,1.87985,0.551631,0.307767,0.160475,0,0,27688,0,0.301143,1,0,0,0.00534556,0.00534556,0,0.00534556,0.166016,0.171361,1,0.166016
cloth-funnel,tight,cell2dmin,103ee,ee,27918,0.892133,0.406228,0.265977,0.134044,0,0,27915,0,0.273368,3,0,0,0.0018329,0.000776686,0,0.000298219,0.174438,0.174737,3,0.174438
cloth-funnel,tight,cell2dmin,108ee,ee,27957,1.08438,0.421203,0.258105,0.064318,0,0,27956,0,0.256984,1,0,0,0.00107803,0.00107803,0,0.00107803,0.258789,0.259867,1,0.258789
cloth-funnel,tight,cell2dmin,120ee,ee,28253,1.11888,0.921252,0.302583,0.100093,0,0,28252,0,0.322775,1,0,0,0.00144089,0.00144089,0,0.00144089,0.236328,0.237769,1,0.236328
cloth-funnel,tight,cell2dmin,133ee,ee,29054,1.19139,0.414036,0.272088,0.086878,0,0,29053,0,0.286455,1,0,0,0.00185058,0.00185058,0,0.00185058,0.320068,0.321919,1,0.320068
cloth-funnel,tight,cell2dmin,143ee,ee,33560,2.41673,0.41266,0.260184,0.096157,0,0,33558,0,0.34415,2,0,0,0.00124909,0.00124909,0,0.00104071,0.562378,0.563419,2,0.562378
cloth-funnel,tight,cell2dmin,148vf,vf,11130,0.951587,0.599855,0.147868,0.093149,0,0,11129,0,0.159579,1,0,0,0.000250163,0.000250163,0,0.000250163,0.484619,0.484869,1,0.484619
cloth-funnel,tight,cell2dmin,159ee,ee,33644,1.23756,0.577679,0.250937,0.111548,0,0,33643,0,0.269592,1,0,0,0.000819231,0.000819231,0,0.000819231,0.785522,0.786342,1,0.785522
cloth-funnel,tight,cell2dmin,167ee,ee,33268,1.52927,0.436499,0.237401,0.096381,0,0,33265,0,0.315926,3,0,0,1.82791e-06,1.3762e-06,0,1.52914e-06,0.023651,0.0236525,3,0.0236511
cloth-funnel,tight,cell2dmin,174ee,ee,35429,1.16713,0.406388,0.282232,0.081566,0,0,35428,0,0.31487,1,0,0,0.00231309,0.00231309,0,0.00231309,0.792847,0.79516,1,0.792847
cloth-funnel,tight,cell2dmin,178ee,ee,34357,1.20131,0.40178,0.249272,0.068158,0,0,34356,0,0.26172,0,0,0,0,0,0,0,1,1,1,1
cloth-funnel,tight,cell2dmin,185ee,ee,35908,1.23008,0.3941,0.298872,0.072702,0,0,35907,0,0.293943,1,0,0,0.000574723,0.000574723,0,0.000574723,0.231812,0.232386,1,0.231812
cloth-funnel,tight,cell2dmin,190ee,ee,34548,1.18515,0.39426,0.869638,0.313046,0,0,34546,0,0.908165,2,0,0,0.000750072,0.000750072,0,0.000750072,0.0976028,0.0983529,2,0.0976028
cloth-funnel,tight,cell2dmin,195ee,ee,33831,1.23772,0.382708,1.02071,1.47074,0,0,33828,0,1.03187,2,0,0,0.00055228,0.00055228,0,0.00055228,0.376942,0.377494,3,0.376942
cloth-funnel,tight,cell2dmin,202vf,vf,8685,1.22268,0.455731,0.169275,0.106013,0,0,8684,0,0.181018,1,0,0,0.00160953,0.00160953,0,0.00160953,0.749023,0.750633,1,0.749023
cloth-funnel,tight,cell2dmin,208ee,ee,39836,1.13581,0.394452,0.273496,0.089694,0,0,39833,0,0.283192,3,0,0,0.000325483,0.00022659,0,0.000193217,0.126953,0.127146,3,0.126953
cloth-funnel,tight,cell2dmin,213ee,ee,42234,1.21158,0.45333,0.310199,0.07667,0,0,42232,0,0.306231,2,0,0,0.00116341,0.00116341,0,0.0010729,0.839202,0.840275,2,0.839111
cloth-funnel,tight,cell2dmin,217vf,vf,8203,1.18857,0.472946,0.209338,0.122012,0,0,8202,0,0.233081,1,0,0,0.00135005,0.00135005,0,0.00135005,0.460938,0.462288,1,0.460938
cloth-funnel,tight,cell2dmin,222ee,ee,31483,1.12173,0.364757,0.351798,0.141755,0,0,31480,0,0.423603,3,0,0,0.00125555,0.00102144,0,0.00127073,0.700668,0.701939,3,0.700684
cloth-funnel,tight,cell2dmin,226vf,vf,7265,1.16259,0.466322,0.139612,0.07923,0,0,7264,0,0.12838,1,0,0,0.00073251,0.00073251,0,0.00073251,0.120361,0.121094,1,0.120361
cloth-funnel,tight,cell2dmin,229vf,vf,7373,1.11798,0.437107,0.117117,0.076126,0,0,7372,0,0.14102,1,0,0,0.000455516,0.000455516,0,0.000455516,0.419434,0.419889,1,0.419434
cloth-funnel,tight,cell2dmin,232vf,vf,6983,1.13616,0.428436,0.118013,0.103229,0,0,6981,0,0.123516,1,0,0,0.000100973,0.000100973,0,0.000100973,0.387268,0.387369,2,0.387268
cloth-funnel,tight,cell2dmin,237ee,ee,35558,1.12761,0.416212,0.406388,1.05312,0,0,35541,0,0.828935,16,0,0,0.000709232,0,0,0,0,0,17,0
cloth-funnel,tight,cell2dmin,239vf,vf,7056,1.18192,0.445458,0.103517,0.083165,0,0,7055,0,0.099645,1,0,0,0.000136962,0.000136962,0,0.000136962,0.508545,0.508682,1,0.508545
cloth-funnel,tight,cell2dmin,242vf,vf,7623,1.13075,0.392852,0.110557,0.116348,0,0,7620,0,0.114076,3,0,0,0.000459821,4.61658e-06,0,0.000459821,0.261475,0.261934,3,0.261475
cloth-funnel,tight,cell2dmin,246ee,ee,33161,1.14205,0.391732,0.279704,0.878566,0,0,33144,0,0.571631,15,0,0,0.00118529,0,0,0,0,0,17,0
cloth-funnel,tight,cell2dmin,249ee,ee,33438,1.17744,0.380213,0.23804,1.04903,0,0,33419,0,0.637837,19,0,0,0.0199673,0,0,0,0,0,19,0
cloth-funnel,tight,cell2dmin,252vf,vf,6739,1.19673,0.443474,0.102045,0.062974,0,0,6738,0,0.090782,1,0,0,0.000620903,0.000620903,0,0.000620903,0.179565,0.180186,1,0.179565
cloth-funnel,tight,cell2dmin,255ee,ee,34941,1.16457,0.369429,0.628654,0.871462,1,0,34926,0,0.756809,14,0,0,0.000471506,0,0,0,0,0,15,0
cloth-funnel,tight,cell2dmin,258vf,vf,6105,1.16765,0.436467,0.110685,0.091613,0,0,6104,0,0.126364,1,0,0,0.00376489,0.00376489,0,0.00376489,0.570068,0.573833,1,0.570068
cloth-funnel,tight,cell2dmin,262ee,ee,34323,1.12957,0.371125,0.279191,0.772649,1,0,34306,0,0.374133,16,0,0,0.00199497,0,0,0,0,0,17,0
cloth-funnel,tight,cell2dmin,265vf,vf,6576,1.18297,0.414964,0.108509,0.106044,0,0,6575,0,0.107964,1,0,0,0.000203828,0.000203828,0,0.000203828,0.00183105,0.00203488,1,0.00183105
cloth-funnel,tight,cell2dmin,269ee,ee,38675,1.1255,0.372757,0.297432,0.758857,0,0,38656,0,0.47173,18,0,0,0.00115964,0,0,0,0,0,19,0
cloth-funnel,tight,cell2dmin,273ee,ee,33807,1.15462,0.364085,0.326134,0.982371,0,0,33790,0,0.583535,16,0,0,0.0394946,0,0,0,0,0,17,0
cloth-funnel,tight,cell2dmin,276vf,vf,6291,1.14294,0.43074,0.103389,0.082653,0,0,6290,0,0.099581,1,0,0,6.73357e-05,6.73357e-05,0,6.73357e-05,0.95813,0.958197,1,0.95813
cloth-funnel,tight,cell2dmin,280vf,vf,7078,1.12157,0.422131,0.155963,0.166363,0,0,7076,0,0.253017,2,0,0,0.000262588,0.000262588,0,0.000101369,0.124004,0.124106,2,0.124004
cloth-funnel,tight,cell2dmin,283vf,vf,6728,1.10627,0.431155,0.157468,0.072445,0,0,6727,0,0.194842,1,0,0,0.000109089,0.000109089,0,0.000109089,0.898926,0.899035,1,0.898926
cloth-funnel,tight,cell2dmin,287ee,ee,38287,1.13677,0.395637,0.740234,1.9458,0,0,38258,0,0.808616,29,0,0,0.0330471,4.4323e-06,0,0,0,0,29,0
cloth-funnel,tight,cell2dmin,290vf,vf,6752,1.14086,0.439603,0.179995,0.128028,0,0,6751,0,0.374837,1,0,0,0.00021766,0.00021766,0,0.00021766,0.00215149,0.00236915,1,0.00215149
cloth-funnel,tight,cell2dmin,293vf,vf,7020,1.1055,0.438483,1.60533,3.94622,0,0,7017,0,1.6131,2,0,0,0.00361514,0.00361514,0,0.00361514,0.0572662,0.0608814,3,0.0572662
cloth-funnel,tight,cell2dmin,296vf,vf,7007,1.15501,0.278808,0.357685,1.52095,0,0,6998,0,0.807144,6,0,0,0.000856794,0.000113205,0,0.000112122,0.00615778,0.0062699,9,0.00614929
cloth-funnel,tight,cell2dmin,299ee,ee,41326,1.28079,0.397364,0.834823,6.37399,0,0,41287,0,1.9641,33,0,0,0.0491759,1.02334e-05,0,0,0,0,39,0
cloth-funnel,tight,cell2dmin,302ee,ee,42707,1.27817,0.366005,0.989187,4.46579,0,0,42665,0,1.04234,37,0,0,0.00148866,8.47324e-06,0,0,0,0,42,0
cloth-funnel,tight,cell2dmin,305ee,ee,42453,1.22428,0.389108,0.613582,4.19677,0,0,42418,0,1.36946,32,0,0,0.0964526,5.65929e-06,0,0,0,0,35,0
cloth-funnel,tight,cell2dmin,308ee,ee,45470,1.28185,0.356053,0.410932,3.02046,0,0,45423,0,0.930084,44,0,0,0.000815545,8.93609e-06,0,0,0,0,47,0
cloth-funnel,tight,cell2dmin,310vf,vf,7929,1.28681,0.305719,1.60334,57.4512,2,0,7909,0,51.6544,10,0,0,0.00276797,8.3859e-05,0,0.00382584,0.000146516,0.00397235,20,0.000144958
cloth-funnel,tight,cell2dmin,313vf,vf,7921,1.1624,0.322679,4.92686,11.9996,0,0,7907,0,6.86466,6,0,0,0.0179777,0.00193104,0,0.00193104,0,0.00193104,14,0
cloth-funnel,tight,cell2dmin,316vf,vf,7728,1.16425,0.281015,2.62914,12.6701,0,0,7709,0,7.22689,11,0,0,0.00515806,0.000237711,0,0.000237711,0.00437164,0.00460935,19,0.00437164
cloth-funnel,tight,cell2dmin,319vf,vf,7580,1.1542,0.270776,0.433971,1.06973,0,0,7573,0,0.813544,5,0,0,0.000549011,2.21782e-05,0,6.05979e-07,0.106859,0.10686,7,0.106859
cloth-funnel,tight,cell2dmin,322ee,ee,45748,1.15862,0.387989,0.559087,6.1787,0,0,45682,0,1.51259,63,0,0,0.0396855,5.72723e-06,0,0,0,0,66,0
cloth-funnel,tight,cell2dmin,325ee,ee,51043,1.24863,0.386548,0.317303,4.52393,0,0,50981,0,3.04477,61,0,0,0.0625551,2.73905e-06,0,0,0,0,62,0
cloth-funnel,tight,cell2dmin,328ee,ee,60460,1.29375,0.392244,0.360629,2.56591,0,0,60421,0,0.914117,37,0,0,0.00240896,5.71589e-06,0,0,0,0,39,0
cloth-funnel,tight,cell2dmin,331ee,ee,55679,1.22675,0.390964,0.324983,1.65429,0,0,55649,0,0.725194,28,0,0,0.000170854,5.59872e-06,0,0,0,0,30,0
cloth-funnel,tight,cell2dmin,335ee,ee,47736,1.19296,0.387413,0.370229,0.858279,0,0,47716,0,0.535472,19,0,0,0.000996606,0,0,0,0,0,20,0
cloth-funnel,tight,cell2dmin,337vf,vf,7989,1.21184,0.289271,0.34479,0.42834,0,0,7985,0,0.353238,4,0,0,0.00127867,0.000113881,0,4.21604e-05,0.00117111,0.00121327,4,0.00117111
cloth-funnel,tight,cell2dmin,340vf,vf,7459,1.33196,0.976803,0.55032,0.504785,0,0,7458,0,0.555759,0,0,0,0,0,0,0,1,1,1,1
cloth-funnel,tight,cell2dmin,343vf,vf,7167,1.13181,0.302423,0.436723,0.457363,0,0,7165,0,0.432947,1,0,0,5.26327e-05,5.26327e-05,0,5.26327e-05,0.203152,0.203204,2,0.203152
cloth-funnel,tight,cell2dmin,347ee,ee,47595,1.15469,0.380276,0.33903,1.16454,0,0,47572,0,0.670956,23,0,0,0.0407121,0,0,0,0,0,23,0
cloth-funnel,tight,cell2dmin,350ee,ee,43598,1.2694,0.364149,0.263352,1.05171,0,0,43576,0,0.706315,20,0,0,9.44074e-05,0,0,0,0,0,22,0
cloth-funnel,tight,cell2dmin,353vf,vf,7074,1.25065,0.310039,0.131388,0.121821,0,0,7072,0,0.140636,1,0,0,0.00163364,0.00163364,0,0.00163364,0.00253296,0.0041666,2,0.00253296
cloth-funnel,tight,cell2dmin,356vf,vf,7324,1.10918,0.290392,0.083133,0.074046,1,0,7323,0,0.160827,0,0,0,0,0,0,1,0,1,1,0
cloth-funnel,tight,cell2dmin,360ee,ee,46845,1.15325,0.390388,0.314967,2.28457,1,0,46813,0,0.771081,29,0,0,0.0172735,1.11865e-05,0,0,0,0,32,0
cloth-funnel,tight,cell2dmin,363ee,ee,44897,1.25446,0.381333,0.30108,1.18614,0,0,44875,0,0.635309,22,0,0,0.0103239,0,0,0,0,0,22,0
cloth-funnel,tight,cell2dmin,366vf,vf,7180,1.29343,0.291032,0.263256,0.350038,0,0,7178,0,0.258168,1,0,0,0.000348707,0.000348707,0,0.000348707,0.159126,0.159475,2,0.159126
cloth-funnel,tight,cell2dmin,369vf,vf,8239,1.15923,0.301751,0.135548,0.091934,0,0,8237,0,0.153564,2,0,0,0.0010651,0.0010651,0,0.0010651,0.76062,0.761685,2,0.76062
cloth-funnel,tight,cell2dmin,373ee,ee,46792,1.29526,0.371957,0.354901,1.15763,0,0,46766,0,0.836519,25,0,0,0.00419522,0,0,0,0,0,26,0
cloth-funnel,tight,cell2dmin,376ee,ee,47824,1.23171,0.377749,0.428371,2.14227,0,0,47796,0,0.832583,26,0,0,0.00110793,5.26305e-06,0,0,0,0,28,0
cloth-funnel,tight,cell2dmin,378vf,vf,7964,1.2783,0.335638,0.663085,0.636525,0,0,7962,0,0.689835,1,0,0,0.00374804,0.00374804,0,0.00374804,0.215683,0.219431,2,0.215683
cloth-funnel,tight,cell2dmin,381vf,vf,10616,1.17241,0.316183,0.59835,0.719755,0,0,10612,0,0.680108,2,0,0,0.000414227,0.000414227,0,8.0384e-06,1.14441e-05,1.94825e-05,4,1.14441e-05
cloth-funnel,tight,cell2dmin,384vf,vf,15759,1.18396,0.354837,0.171643,0.127548,0,0,15757,0,0.190651,2,0,0,2.15698e-05,2.15698e-05,0,6.08717e-06,0.844894,0.8449,2,0.844894
cloth-funnel,tight,cell2dmin,387vf,vf,21176,1.2775,0.422515,0.472146,0.799816,0,0,21174,0,0.500625,2,0,0,0.000258315,0.000258315,0,0.000258315,0.014267,0.0145253,2,0.014267
cloth-funnel,tight,cell2dmin,390ee,ee,110978,1.13862,0.594127,0.556623,1.32934,0,0,110956,0,0.879622,22,0,0,0.000192703,0,0,0,0,0,22,0
cloth-funnel,tight,cell2dmin,393vf,vf,29443,1.30492,0.434804,0.243768,0.276951,0,0,29440,0,0.33391,3,0,0,0.00230415,0.00102598,0,0.00102598,0.000244141,0.00127012,3,0.000244141
cloth-funnel,tight,cell2dmin,399ee,ee,256500,1.18835,1.19676,1.10778,0.818088,0,0,256485,0,1.54482,15,0,0,0.0016105,0,0,0,0,0,15,0
cloth-funnel,tight,cell2dmin,405ee,ee,455642,1.31679,1.12435,1.84478,0.938212,0,0,455626,0,2.31564,16,0,0,0.000689562,0,0,0,0,0,16,0
cloth-funnel,tight,cell2dmin,409ee,ee,450739,1.2927,1.07552,1.67662,1.00669,0,0,450720,0,2.05351,19,0,0,0.00275799,0,0,0,0,0,19,0
cloth-funnel,tight,cell2dmin,414ee,ee,388206,1.30595,1.06253,1.51164,0.703307,0,0,388191,0,1.70766,15,0,0,0.000689295,0,0,0,0,0,15,0
cloth-funnel,tight,cell2dmin,418vf,vf,203660,1.32691,1.5932,0.679403,0.880614,0,0,203650,0,1.31827,10,0,0,0.000284583,3.8147e-06,0,0,0,0,10,0
cloth-funnel,tight,cell2dmin,421vf,vf,88447,1.32601,1.15641,0.558448,0.357781,0,0,88443,0,0.600558,4,0,0,0,0,0,0,0,0,4,0
cloth-funnel,tight,cell2dmin,424vf,vf,25307,1.199,0.47909,0.186426,0.311031,0,0,25304,0,0.294488,3,0,0,0.00068,0.00036851,0,0,0,0,3,0
cloth-funnel,tight,cell2dmin,427ee,ee,39608,1.11065,0.499473,0.238969,0.963395,0,0,39583,0,0.544432,23,0,0,0.000713517,0,0,0,0,0,25,0
cloth-funnel,tight,cell2dmin,431ee,ee,20512,1.13513,0.519665,0.18857,1.04646,0,0,20495,0,0.404564,16,0,0,0.000999855,0,0,0,0,0,17,0
cloth-funnel,tight,cell2dmin,435vf,vf,3474,1.16675,0.300663,0.2534,0.115613,0,0,3473,0,0.251865,1,0,0,0.000593729,0.000593729,0,0.000593729,0.616089,0.616683,1,0.616089
cloth-funnel,tight,cell2dmin,440ee,ee,15203,1.07143,0.576526,0.285048,1.03021,0,0,15187,0,0.426739,16,0,0,0.00285608,0,0,0,0,0,16,0
cloth-funnel,tight,cell2dmin,443vf,vf,2985,1.14851,0.286264,0.13654,0.072862,0,0,2984,0,0.177018,1,0,0,0.000741035,0.000741035,0,0.000741035,0.0863037,0.0870447,1,0.0863037
cloth-funnel,tight,cell2dmin,448vf,vf,2797,1.08374,0.340246,0.252728,0.102397,0,0,2796,0,0.239193,1,0,0,0.000569012,0.000569012,0,0.000569012,0.525269,0.525838,1,0.525269
cloth-funnel,tight,cell2dmin,451vf,vf,2784,1.0641,0.348565,0.245945,0.251865,0,0,2781,0,0.286487,3,0,0,0.00121463,0.00113114,0,0.00113114,0.0181885,0.0193196,3,0.0181885
cloth-funnel,tight,cell2dmin,457ee,ee,13409,1.08195,0.636621,0.247801,0.735274,0,0,13394,0,0.373045,13,0,0,0,0,0,0,0,0,15,0
cloth-funnel,tight,cell2dmin,460vf,vf,2774,1.15081,0.391605,0.256536,0.067902,0,0,2773,0,0.164123,1,0,0,0.00038065,0.00038065,0,0.00038065,0.533813,0.534194,1,0.533813
cloth-funnel,tight,cell2dmin,465ee,ee,13368,1.04979,0.662861,0.19817,1.1783,0,0,13353,0,0.365109,15,0,0,0.00124605,0,0,0,0,0,15,0
cloth-funnel,tight,cell2dmin,469ee,ee,13367,1.13053,0.626605,0.327735,0.968323,0,0,13351,0,0.519024,16,0,0,0.00315822,0,0,0,0,0,16,0
cloth-funnel,tight,cell2dmin,473vf,vf,2770,1.12083,0.432147,0.214617,0.086942,0,0,2769,0,0.167963,1,0,0,0.000166584,0.000166584,0,0.000166584,0.47229,0.472457,1,0.47229
cloth-funnel,tight,cell2dmin,476vf,vf,2769,1.10137,0.474962,0.230073,0.086941,0,0,2768,0,0.275448,1,0,0,0.000426484,0.000426484,0,0.000426484,0.841797,0.842223,1,0.841797
cloth-funnel,tight,cell2dmin,479vf,vf,2775,1.04231,0.504049,0.205242,0.091453,0,0,2773,0,0.245721,2,0,0,0.000425942,0.000425942,0,0.000375606,0.226491,0.226866,2,0.22644
cloth-funnel,tight,cell2dmin,482vf,vf,2776,1.04566,0.496882,0.268216,0.100125,0,0,2775,0,0.279959,1,0,0,0.000809604,0.000809604,0,0.000809604,0.164062,0.164872,1,0.164062
cloth-funnel,tight,cell2dmin,486vf,vf,2772,1.0895,0.505233,0.207898,0.086366,0,0,2771,0,0.213049,1,0,0,0.00109881,0.00109881,0,0.00109881,0.575439,0.576538,1,0.575439
cloth-funnel,tight,cell2dmin,490ee,ee,13332,1.07962,0.645196,0.183835,1.19987,0,0,13317,0,0.418483,14,0,0,0.00367546,0,0,0,0,0,15,0
cloth-funnel,tight,cell2dmin,492vf,vf,2761,1.13398,0.483409,0.156828,0.077597,0,0,2760,0,0.205657,1,0,0,0.000886826,0.000886826,0,0.000886826,0.0264893,0.0273761,1,0.0264893
cloth-funnel,tight,cell2dmin,496ee,ee,13344,1.09149,0.6707,0.235929,0.677004,0,0,13330,0,0.574479,14,0,0,0.000386597,0,0,0,0,0,14,0
cloth-funnel,tight,cell2dmin,53ee,ee,27746,1.13677,0.426068,0.268312,0.079326,0,0,27745,0,0.277015,1,0,0,0.000504498,0.000504498,0,0.000504498,0.736694,0.737199,1,0.736694
cloth-funnel,tight,cell2dmin,64ee,ee,27689,1.15293,0.413204,0.252632,0.084381,0,0,27688,0,0.292599,1,0,0,0.00534556,0.00534556,0,0.00534556,0.166016,0.171361,1,0.166016
cloth-funnel,tight,cell2dminsort,103ee,ee,27918,0.937959,0.287225,0.250841,0.137277,0,0,27915,0,0.286328,3,0,0,0.0018329,0.000776686,0,0.000298219,0.174438,0.174737,3,0.174438
cloth-funnel,tight,cell2dminsort,108ee,ee,27957,1.33865,0.314072,0.257241,0.086398,0,0,27956,0,0.268889,1,0,0,0.00107803,0.00107803,0,0.00107803,0.258789,0.259867,1,0.258789
cloth-funnel,tight,cell2dminsort,120ee,ee,28253,1.32873,0.548498,0.327831,0.110845,0,0,28252,0,0.342519,1,0,0,0.00144089,0.00144089,0,0.00144089,0.236328,0.237769,1,0.236328
cloth-funnel,tight,cell2dminsort,133ee,ee,29054,1.3479,0.305304,0.299672,0.088062,0,0,29053,0,0.31644,1,0,0,0.00185058,0.00185058,0,0.00185058,0.320068,0.321919,1,0.320068
cloth-funnel,tight,cell2dminsort,143ee,ee,33560,1.3255,0.307608,0.269337,0.098301,0,0,33558,0,0.381942,2,0,0,0.00124909,0.00124909,0,0.00104071,0.562378,0.563419,2,0.562378
cloth-funnel,tight,cell2dminsort,148vf,vf,11130,1.07088,0.487923,0.148124,0.097181,0,0,11129,0,0.158268,1,0,0,0.000250163,0.000250163,0,0.000250163,0.484619,0.484869,1,0.484619
cloth-funnel,tight,cell2dminsort,159ee,ee,33644,1.29712,0.329079,0.299672,0.076158,0,0,33643,0,0.286489,1,0,0,0.000819231,0.000819231,0,0.000819231,0.785522,0.786342,1,0.785522
cloth-funnel,tight,cell2dminsort,167ee,ee,33268,1.43807,0.503155,0.239802,0.098461,0,0,33265,0,0.334935,3,0,0,1.82791e-06,1.3762e-06,0,1.52914e-06,0.023651,0.0236525,3,0.0236511
cloth-funnel,tight,cell2dminsort,174ee,ee,35429,1.29168,0.428532,0.273049,0.086653,0,0,35428,0,0.31212,1,0,0,0.00231309,0.00231309,0,0.00231309,0.792847,0.79516,1,0.792847
cloth-funnel,tight,cell2dminsort,178ee,ee,34357,1.31488,0.374934,0.247898,0.074687,0,0,34356,0,0.355862,0,0,0,0,0,0,0,1,1,1,1
cloth-funnel,tight,cell2dminsort,185ee,ee,35908,1.27968,0.373558,0.283672,0.09251,0,0,35907,0,0.299225,1,0,0,0.000574723,0.000574723,0,0.000574723,0.231812,0.232386,1,0.231812
cloth-funnel,tight,cell2dminsort,190ee,ee,34548,1.29613,0.404661,0.878281,0.325015,0,0,34546,0,0.943111,2,0,0,0.000750072,0.000750072,0,0.000750072,0.0976028,0.0983529,2,0.0976028
cloth-funnel,tight,cell2dminsort,195ee,ee,33831,1.33504,0.365975,1.00823,1.43311,0,0,33828,0,1.04416,2,0,0,0.00055228,0.00055228,0,0.00055228,0.376942,0.377494,3,0.376942
cloth-funnel,tight,cell2dminsort,202vf,vf,8685,1.29881,0.275673,0.197371,0.100413,0,0,8684,0,0.190139,1,0,0,0.00160953,0.00160953,0,0.00160953,0.749023,0.750633,1,0.749023
cloth-funnel,tight,cell2dminsort,208ee,ee,39836,1.25536,0.355223,0.273753,0.097438,0,0,39833,0,0.295992,3,0,0,0.000325483,0.00022659,0,0.000193217,0.126953,0.127146,3,0.126953
cloth-funnel,tight,cell2dminsort,213ee,ee,42234,1.31405,0.36975,0.290393,0.079006,0,0,42232,0,0.31788,2,0,0,0.00116341,0.00116341,0,0.0010729,0.839202,0.840275,2,0.839111
cloth-funnel,tight,cell2dminsort,217vf,vf,8203,1.39843,0.257657,0.195067,0.123421,0,0,8202,0,0.22089,1,0,0,0.00135005,0.00135005,0,0.00135005,0.460938,0.462288,1,0.460938
cloth-funnel,tight,cell2dminsort,222ee,ee,31483,1.3528,0.366934,0.347895,0.143708,0,0,31480,0,0.37903,3,0,0,0.00125555,0.00102144,0,0.00127073,0.700668,0.701939,3,0.700684
cloth-funnel,tight,cell2dminsort,226vf,vf,7265,1.41081,0.257177,0.127389,0.073694,0,0,7264,0,0.134332,1,0,0,0.00073251,0.00073251,0,0.00073251,0.120361,0.121094,1,0.120361
cloth-funnel,tight,cell2dminsort,229vf,vf,7373,1.35097,0.254361,0.139101,0.073598,0,0,7372,0,0.14022,1,0,0,0.000455516,0.000455516,0,0.000455516,0.419434,0.419889,1,0.419434
cloth-funnel,tight,cell2dminsort,232vf,vf,6983,1.33027,0.244345,0.117597,0.095806,0,0,6981,0,0.123549,1,0,0,0.000100973,0.000100973,0,0.000100973,0.387268,0.387369,2,0.387268
cloth-funnel,tight,cell2dminsort,237ee,ee,35558,1.37232,0.396661,0.402614,1.06189,0,0,35541,0,0.863273,16,0,0,0.000709232,0,0,0,0,0,17,0
cloth-funnel,tight,cell2dminsort,239vf,vf,7056,1.35904,0.232794,0.104989,0.070366,0,0,7055,0,0.104254,1,0,0,0.000136962,0.000136962,0,0.000136962,0.508545,0.508682,1,0.508545
cloth-funnel,tight,cell2dminsort,242vf,vf,7623,1.38396,0.224346,0.113437,0.108989,0,0,7620,0,0.118525,3,0,0,0.000459821,4.61658e-06,0,0.000459821,0.261475,0.261934,3,0.261475
cloth-funnel,tight,cell2dminsort,246ee,ee,33161,1.31267,0.367639,0.277816,0.883657,0,0,33144,0,0.595729,15,0,0,0.00118529,0,0,0,0,0,17,0
cloth-funnel,tight,cell2dminsort,249ee,ee,33438,1.43059,0.385398,0.234681,1.06685,0,0,33419,0,0.646063,19,0,0,0.0199673,0,0,0,0,0,19,0
cloth-funnel,tight,cell2dminsort,252vf,vf,6739,1.39846,0.334583,0.090302,0.075774,0,0,6738,0,0.097469,1,0,0,0.000620903,0.000620903,0,0.000620903,0.179565,0.180186,1,0.179565
cloth-funnel,tight,cell2dminsort,255ee,ee,34941,1.37513,0.358679,0.637775,0.86033,1,0,34926,0,0.805035,14,0,0,0.000471506,0,0,0,0,0,15,0
cloth-funnel,tight,cell2dminsort,258vf,vf,6105,1.44707,0.282425,0.112029,0.08227,0,0,6104,0,0.118717,1,0,0,0.00376489,0.00376489,0,0.00376489,0.570068,0.573833,1,0.570068
cloth-funnel,tight,cell2dminsort,262ee,ee,34323,1.3144,0.379382,0.347383,0.7779,1,0,34306,0,0.417525,16,0,0,0.00199497,0,0,0,0,0,17,0
cloth-funnel,tight,cell2dminsort,265vf,vf,6576,1.66745,0.337751,0.107773,0.076446,0,0,6575,0,0.107101,1,0,0,0.000203828,0.000203828,0,0.000203828,0.00183105,0.00203488,1,0.00183105
cloth-funnel,tight,cell2dminsort,269ee,ee,38675,1.32352,0.399734,0.408245,0.814154,0,0,38656,0,0.738509,18,0,0,0.00115964,0,0,0,0,0,19,0
cloth-funnel,tight,cell2dminsort,273ee,ee,33807,1.39129,0.353559,0.307351,0.988102,0,0,33790,0,0.616784,16,0,0,0.0394946,0,0,0,0,0,17,0
cloth-funnel,tight,cell2dminsort,276vf,vf,6291,1.43107,0.350871,0.124893,0.07923,0,0,6290,0,0.145532,1,0,0,6.73357e-05,6.73357e-05,0,6.73357e-05,0.95813,0.958197,1,0.95813
cloth-funnel,tight,cell2dminsort,280vf,vf,7078,1.36912,0.277977,0.158396,0.151548,0,0,7076,0,0.254009,2,0,0,0.000262588,0.000262588,0,0.000101369,0.124004,0.124106,2,0.124004
cloth-funnel,tight,cell2dminsort,283vf,vf,6728,1.34752,0.320824,0.15766,0.073374,0,0,6727,0,0.190043,1,0,0,0.000109089,0.000109089,0,0.000109089,0.898926,0.899035,1,0.898926
cloth-funnel,tight,cell2dminsort,287ee,ee,38287,1.31414,0.36127,1.02772,1.95384,0,0,38258,0,1.06516,29,0,0,0.0330471,4.4323e-06,0,0,0,0,29,0
cloth-funnel,tight,cell2dminsort,290vf,vf,6752,1.43827,0.285689,0.180027,0.131133,0,0,6751,0,0.366166,1,0,0,0.00021766,0.00021766,0,0.00021766,0.00215149,0.00236915,1,0.00215149
cloth-funnel,tight,cell2dminsort,293vf,vf,7020,1.32233,0.274457,1.62597,4.02207,0,0,7017,0,1.66616,2,0,0,0.00361514,0.00361514,0,0.00361514,0.0572662,0.0608814,3,0.0572662
cloth-funnel,tight,cell2dminsort,296vf,vf,7007,1.36169,0.284057,0.357334,1.54946,0,0,6998,0,0.792716,6,0,0,0.000856794,0.000113205,0,0.000112122,0.00615778,0.0062699,9,0.00614929
cloth-funnel,tight,cell2dminsort,299ee,ee,41326,1.38704,0.380566,0.845578,6.44038,0,0,41287,0,2.02843,33,0,0,0.0491759,1.02334e-05,0,0,0,0,39,0
cloth-funnel,tight,cell2dminsort,302ee,ee,42707,1.41372,0.378678,0.955655,4.5378,0,0,42665,0,1.45033,37,0,0,0.00148866,8.47324e-06,0,0,0,0,42,0
cloth-funnel,tight,cell2dminsort,305ee,ee,42453,1.63272,0.361687,0.562993,4.25912,0,0,42418,0,1.42495,32,0,0,0.0964526,5.65929e-06,0,0,0,0,35,0
cloth-funnel,tight,cell2dminsort,308ee,ee,45470,1.57839,0.37711,0.440309,3.04939,0,0,45423,0,1.00407,44,0,0,0.000815545,8.93609e-06,0,0,0,0,47,0
cloth-funnel,tight,cell2dminsort,310vf,vf,7929,1.59631,0.3022,0.60792,57.9373,2,0,7909,0,52.7713,10,0,0,0.00276797,8.3859e-05,0,0.00382584,0.000146516,0.00397235,20,0.000144958
cloth-funnel,tight,cell2dminsort,313vf,vf,7921,1.43942,0.228538,5.10486,12.309,0,0,7907,0,7.02167,6,0,0,0.0179777,0.00193104,0,0.00193104,0,0.00193104,14,0
cloth-funnel,tight,cell2dminsort,316vf,vf,7728,1.43913,0.242457,2.73983,12.8733,0,0,7709,0,7.30829,11,0,0,0.00515806,0.000237711,0,0.000237711,0.00437164,0.00460935,19,0.00437164
cloth-funnel,tight,cell2dminsort,319vf,vf,7580,1.58959,0.227866,0.410709,1.06032,0,0,7573,0,0.843818,5,0,0,0.000549011,2.21782e-05,0,6.05979e-07,0.106859,0.10686,7,0.106859
cloth-funnel,tight,cell2dminsort,322ee,ee,45748,1.46332,0.365047,0.926663,6.30412,0,0,45682,0,1.37309,63,0,0,0.0396855,5.72723e-06,0,0,0,0,66,0
cloth-funnel,tight,cell2dminsort,325ee,ee,51043,1.53177,0.381878,0.324088,4.58474,0,0,50981,0,2.91688,61,0,0,0.0625551,2.73905e-06,0,0,0,0,62,0
cloth-funnel,tight,cell2dminsort,328ee,ee,60460,1.47631,0.39455,0.367798,2.65516,0,0,60421,0,1.03453,37,0,0,0.00240896,5.71589e-06,0,0,0,0,39,0
cloth-funnel,tight,cell2dminsort,331ee,ee,55679,1.46169,0.381943,0.323383,1.70645,0,0,55649,0,0.62008,28,0,0,0.000170854,5.59872e-06,0,0,0,0,30,0
cloth-funnel,tight,cell2dminsort,335ee,ee,47736,1.48866,0.372055,0.43074,0.922696,0,0,47716,0,0.55717,19,0,0,0.000996606,0,0,0,0,0,20,0
cloth-funnel,tight,cell2dminsort,337vf,vf,7989,1.53903,0.230842,0.364854,0.461364,0,0,7985,0,0.369239,4,0,0,0.00127867,0.000113881,0,4.21604e-05,0.00117111,0.00121327,4,0.00117111
cloth-funnel,tight,cell2dminsort,340vf,vf,7459,1.4975,0.222298,0.581297,0.522771,0,0,7458,0,0.560113,0,0,0,0,0,0,0,1,1,1,1
cloth-funnel,tight,cell2dminsort,343vf,vf,7167,1.4534,0.229562,0.468052,0.482836,0,0,7165,0,0.467859,1,0,0,5.26327e-05,5.26327e-05,0,5.26327e-05,0.203152,0.203204,2,0.203152
cloth-funnel,tight,cell2dminsort,347ee,ee,47595,1.43702,0.377398,0.36895,1.20896,0,0,47572,0,0.668302,23,0,0,0.0407121,0,0,0,0,0,23,0
cloth-funnel,tight,cell2dminsort,350ee,ee,43598,1.52694,0.380854,0.265369,1.07402,0,0,43576,0,0.708077,20,0,0,9.44074e-05,0,0,0,0,0,22,0
cloth-funnel,tight,cell2dminsort,353vf,vf,7074,1.53634,0.240442,0.132892,0.139613,0,0,7072,0,0.147036,1,0,0,0.00163364,0.00163364,0,0.00163364,0.00253296,0.0041666,2,0.00253296
cloth-funnel,tight,cell2dminsort,356vf,vf,7324,1.439,0.253754,0.093437,0.08531,1,0,7323,0,0.135741,0,0,0,0,0,0,1,0,1,1,0
cloth-funnel,tight,cell2dminsort,360ee,ee,46845,1.42332,0.374486,0.318136,2.35162,1,0,46813,0,0.809418,29,0,0,0.0172735,1.11865e-05,0,0,0,0,32,0
cloth-funnel,tight,cell2dminsort,363ee,ee,44897,1.43897,0.384694,0.306584,1.20877,0,0,44875,0,0.628847,22,0,0,0.0103239,0,0,0,0,0,22,0
cloth-funnel,tight,cell2dminsort,366vf,vf,7180,1.50844,0.239386,0.289304,0.364118,0,0,7178,0,0.273369,1,0,0,0.000348707,0.000348707,0,0.000348707,0.159126,0.159475,2,0.159126
cloth-funnel,tight,cell2dminsort,369vf,vf,8239,1.4335,0.238074,0.139708,0.099038,0,0,8237,0,0.153148,2,0,0,0.0010651,0.0010651,0,0.0010651,0.76062,0.761685,2,0.76062
cloth-funnel,tight,cell2dminsort,373ee,ee,46792,1.4951,0.377526,0.350967,1.17939,0,0,46766,0,0.856745,25,0,0,0.00419522,0,0,0,0,0,26,0
cloth-funnel,tight,cell2dminsort,376ee,ee,47824,1.4965,0.401462,0.45458,2.16442,0,0,47796,0,0.878953,26,0,0,0.00110793,5.26305e-06,0,0,0,0,28,0
cloth-funnel,tight,cell2dminsort,378vf,vf,7964,1.49154,0.243226,0.679726,0.658735,0,0,7962,0,0.718221,1,0,0,0.00374804,0.00374804,0,0.00374804,0.215683,0.219431,2,0.215683
cloth-funnel,tight,cell2dminsort,381vf,vf,10616,1.44703,0.263097,0.648239,0.747661,0,0,10612,0,0.701934,2,0,0,0.000414227,0.000414227,0,8.0384e-06,1.14441e-05,1.94825e-05,4,1.14441e-05
cloth-funnel,tight,cell2dminsort,384vf,vf,15759,1.44217,0.291224,0.176763,0.14438,0,0,15757,0,0.188635,2,0,0,2.15698e-05,2.15698e-05,0,6.08717e-06,0.844894,0.8449,2,0.844894
cloth-funnel,tight,cell2dminsort,387vf,vf,21176,1.44108,0.348791,0.493587,0.873481,0,0,21174,0,0.521298,2,0,0,0.000258315,0.000258315,0,0.000258315,0.014267,0.0145253,2,0.014267
cloth-funnel,tight,cell2dminsort,390ee,ee,110978,1.49068,0.739597,0.554865,1.38179,0,0,110956,0,0.908296,22,0,0,0.000192703,0,0,0,0,0,22,0
cloth-funnel,tight,cell2dminsort,393vf,vf,29443,1.58703,0.430133,0.244698,0.296376,0,0,29440,0,0.398357,3,0,0,0.00230415,0.00102598,0,0.00102598,0.000244141,0.00127012,3,0.000244141
cloth-funnel,tight,cell2dminsort,399ee,ee,256500,1.40521,1.48588,1.14387,0.833258,0,0,256485,0,1.56031,15,0,0,0.0016105,0,0,0,0,0,15,0
cloth-funnel,tight,cell2dminsort,405ee,ee,455642,1.5391,1.29401,1.95038,0.946823,0,0,455626,0,2.40701,16,0,0,0.000689562,0,0,0,0,0,16,0
cloth-funnel,tight,cell2dminsort,409ee,ee,450739,1.46732,1.34956,1.80479,1.04893,0,0,450720,0,2.19473,19,0,0,0.00275799,0,0,0,0,0,19,0
cloth-funnel,tight,cell2dminsort,414ee,ee,388206,1.49356,1.22554,1.60188,0.70187,0,0,388191,0,2.0172,15,0,0,0.000689295,0,0,0,0,0,15,0
cloth-funnel,tight,cell2dminsort,418vf,vf,203660,1.4823,1.60117,0.746988,0.914216,0,0,203650,0,1.38886,10,0,0,0.000284583,3.8147e-06,0,0,0,0,10,0
cloth-funnel,tight,cell2dminsort,421vf,vf,88447,1.48265,1.18989,0.574289,0.387446,0,0,88443,0,0.651726,4,0,0,0,0,0,0,0,0,4,0
cloth-funnel,tight,cell2dminsort,424vf,vf,25307,1.30835,0.405653,0.192219,0.329239,0,0,25304,0,0.295352,3,0,0,0.00068,0.00036851,0,0,0,0,3,0
cloth-funnel,tight,cell2dminsort,427ee,ee,39608,1.28233,0.37759,0.341431,1.00913,0,0,39583,0,0.613584,23,0,0,0.000713517,0,0,0,0,0,25,0
cloth-funnel,tight,cell2dminsort,431ee,ee,20512,1.27773,0.358775,0.604464,1.04532,0,0,20495,0,0.438516,16,0,0,0.000999855,0,0,0,0,0,17,0
cloth-funnel,tight,cell2dminsort,435vf,vf,3474,1.31945,0.272057,0.260249,0.128732,0,0,3473,0,0.266169,1,0,0,0.000593729,0.000593729,0,0.000593729,0.616089,0.616683,1,0.616089
cloth-funnel,tight,cell2dminsort,440ee,ee,15203,1.25296,0.363607,0.324247,1.04608,0,0,15187,0,0.420309,16,0,0,0.00285608,0,0,0,0,0,16,0
cloth-funnel,tight,cell2dminsort,443vf,vf,2985,1.35836,0.285817,0.141852,0.104446,0,0,2984,0,0.173852,1,0,0,0.000741035,0.000741035,0,0.000741035,0.0863037,0.0870447,1,0.0863037
cloth-funnel,tight,cell2dminsort,448vf,vf,2797,1.30534,0.362774,0.214298,0.111325,0,0,2796,0,0.253722,1,0,0,0.000569012,0.000569012,0,0.000569012,0.525269,0.525838,1,0.525269
cloth-funnel,tight,cell2dminsort,451vf,vf,2784,1.28093,0.379926,0.295288,0.265273,0,0,2781,0,0.309432,3,0,0,0.00121463,0.00113114,0,0.00113114,0.0181885,0.0193196,3,0.0181885
cloth-funnel,tight,cell2dminsort,457ee,ee,13409,1.31936,0.375446,0.242618,0.76766,0,0,13394,0,0.420149,13,0,0,0,0,0,0,0,0,15,0
cloth-funnel,tight,cell2dminsort,460vf,vf,2774,1.32745,0.466996,0.207546,0.083134,0,0,2773,0,0.269753,1,0,0,0.00038065,0.00038065,0,0.00038065,0.533813,0.534194,1,0.533813
cloth-funnel,tight,cell2dminsort,465ee,ee,13368,1.24768,0.377238,0.200283,1.24643,0,0,13353,0,0.409813,15,0,0,0.00124605,0,0,0,0,0,15,0
cloth-funnel,tight,cell2dminsort,469ee,ee,13367,1.30742,0.37791,0.330839,1.0073,0,0,13351,0,0.511827,16,0,0,0.00315822,0,0,0,0,0,16,0
cloth-funnel,tight,cell2dminsort,473vf,vf,2770,1.32224,0.477619,0.22953,0.07859,0,0,2769,0,0.213531,1,0,0,0.000166584,0.000166584,0,0.000166584,0.47229,0.472457,1,0.47229
cloth-funnel,tight,cell2dminsort,476vf,vf,2769,1.27024,0.495955,0.276409,0.08787,0,0,2768,0,0.304728,1,0,0,0.000426484,0.000426484,0,0.000426484,0.841797,0.842223,1,0.841797
cloth-funnel,tight,cell2dminsort,479vf,vf,2775,1.38153,0.501939,0.245209,0.102462,0,0,2773,0,0.24697,2,0,0,0.000425942,0.000425942,0,0.000375606,0.226491,0.226866,2,0.22644
cloth-funnel,tight,cell2dminsort,482vf,vf,2776,1.33949,0.553554,0.3094,0.090621,0,0,2775,0,0.284504,1,0,0,0.000809604,0.000809604,0,0.000809604,0.164062,0.164872,1,0.164062
cloth-funnel,tight,cell2dminsort,486vf,vf,2772,1.31245,0.557138,0.225114,0.094717,0,0,2771,0,0.231034,1,0,0,0.00109881,0.00109881,0,0.00109881,0.575439,0.576538,1,0.575439
cloth-funnel,tight,cell2dminsort,490ee,ee,13332,1.28941,0.390358,0.179387,1.23053,0,0,13317,0,0.523475,14,0,0,0.00367546,0,0,0,0,0,15,0
cloth-funnel,tight,cell2dminsort,492vf,vf,2761,1.38243,0.498643,0.212858,0.08771,0,0,2760,0,0.214299,1,0,0,0.000886826,0.000886826,0,0.000886826,0.0264893,0.0273761,1,0.0264893
cloth-funnel,tight,cell2dminsort,496ee,ee,13344,1.30752,0.386166,0.256249,0.788748,0,0,13330,0,0.588048,14,0,0,0.000386597,0,0,0,0,0,14,0
cloth-funnel,tight,cell2dminsort,53ee,ee,27746,1.4151,0.432981,0.281656,0.087166,0,0,27745,0,0.269625,1,0,0,0.000504498,0.000504498,0,0.000504498,0.736694,0.737199,1,0.736694
cloth-funnel,tight,cell2dminsort,64ee,ee,27689,1.47276,0.351639,0.253593,0.093118,0,0,27688,0,0.336919,1,0,0,0.00534556,0.00534556,0,0.00534556,0.166016,0.171361,1,0.166016
cloth-funnel,tight,cell2dminsort,103ee,ee,27918,0.972614,0.281913,0.267513,0.134813,0,0,27915,0,0.284601,3,0,0,0.0018329,0.000776686,0,0.000298219,0.174438,0.174737,3,0.174438
cloth-funnel,tight,cell2dminsort,108ee,ee,27957,1.20563,0.30172,1.2792,0.07635,0,0,27956,0,0.267545,1,0,0,0.00107803,0.00107803,0,0.00107803,0.258789,0.259867,1,0.258789
cloth-funnel,tight,cell2dminsort,120ee,ee,28253,1.29888,0.303864,0.313976,0.110781,0,0,28252,0,0.330552,1,0,0,0.00144089,0.00144089,0,0.00144089,0.236328,0.237769,1,0.236328
cloth-funnel,tight,cell2dminsort,133ee,ee,29054,1.33792,0.615952,0.28524,0.096157,0,0,29053,0,0.298553,1,0,0,0.00185058,0.00185058,0,0.00185058,0.320068,0.321919,1,0.320068
cloth-funnel,tight,cell2dminsort,143ee,ee,33560,1.40179,0.300824,0.271289,0.120797,0,0,33558,0,0.329175,2,0,0,0.00124909,0.00124909,0,0.00104071,0.562378,0.563419,2,0.562378
cloth-funnel,tight,cell2dminsort,148vf,vf,11130,1.13949,0.536018,0.159004,0.092286,0,0,11129,0,0.157148,1,0,0,0.000250163,0.000250163,0,0.000250163,0.484619,0.484869,1,0.484619
cloth-funnel,tight,cell2dminsort,159ee,ee,33644,1.32499,0.491827,0.259993,0.07411,0,0,33643,0,0.269081,1,0,0,0.000819231,0.000819231,0,0.000819231,0.785522,0.786342,1,0.785522
cloth-funnel,tight,cell2dminsort,167ee,ee,33268,1.42003,0.389845,0.238714,0.108765,0,0,33265,0,0.355927,3,0,0,1.82791e-06,1.3762e-06,0,1.52914e-06,0.023651,0.0236525,3,0.0236511
cloth-funnel,tight,cell2dminsort,174ee,ee,35429,1.33017,0.376502,0.282713,0.09363,0,0,35428,0,0.303192,1,0,0,0.00231309,0.00231309,0,0.00231309,0.792847,0.79516,1,0.792847
cloth-funnel,tight,cell2dminsort,178ee,ee,34357,1.33868,0.387509,0.259834,0.074782,0,0,34356,0,0.264153,0,0,0,0,0,0,0,1,1,1,1
cloth-funnel,tight,cell2dminsort,185ee,ee,35908,1.3982,0.361271,0.280152,0.07859,0,0,35907,0,0.294393,1,0,0,0.000574723,0.000574723,0,0.000574723,0.231812,0.232386,1,0.231812
cloth-funnel,tight,cell2dminsort,190ee,ee,34548,1.31456,0.427509,0.892169,0.329048,0,0,34546,0,0.938055,2,0,0,0.000750072,0.000750072,0,0.000750072,0.0976028,0.0983529,2,0.0976028
cloth-funnel,tight,cell2dminsort,195ee,ee,33831,1.39132,0.377718,1.06596,1.47868,0,0,33828,0,1.06413,2,0,0,0.00055228,0.00055228,0,0.00055228,0.376942,0.377494,3,0.376942
cloth-funnel,tight,cell2dminsort,202vf,vf,8685,1.33459,0.30252,0.184155,0.114429,0,0,8684,0,0.220507,1,0,0,0.00160953,0.00160953,0,0.00160953,0.749023,0.750633,1,0.749023
cloth-funnel,tight,cell2dminsort,208ee,ee,39836,1.33993,0.353238,0.273881,0.098109,0,0,39833,0,0.290296,3,0,0,0.000325483,0.00022659,0,0.000193217,0.126953,0.127146,3,0.126953
cloth-funnel,tight,cell2dminsort,213ee,ee,42234,1.39334,0.362358,0.291608,0.088445,0,0,42232,0,0.310904,2,0,0,0.00116341,0.00116341,0,0.0010729,0.839202,0.840275,2,0.839111
cloth-funnel,tight,cell2dminsort,217vf,vf,8203,1.44406,0.313912,0.192155,0.125725,0,0,8202,0,0.223322,1,0,0,0.00135005,0.00135005,0,0.00135005,0.460938,0.462288,1,0.460938
cloth-funnel,tight,cell2dminsort,222ee,ee,31483,1.35289,0.348854,0.335192,0.146716,0,0,31480,0,0.397813,3,0,0,0.00125555,0.00102144,0,0.00127073,0.700668,0.701939,3,0.700684
cloth-funnel,tight,cell2dminsort,226vf,vf,7265,1.46505,0.280153,0.127293,0.073918,0,0,7264,0,0.135996,1,0,0,0.00073251,0.00073251,0,0.00073251,0.120361,0.121094,1,0.120361
cloth-funnel,tight,cell2dminsort,229vf,vf,7373,1.3767,0.303544,0.118589,0.076574,0,0,7372,0,0.138556,1,0,0,0.000455516,0.000455516,0,0.000455516,0.419434,0.419889,1,0.419434
cloth-funnel,tight,cell2dminsort,232vf,vf,6983,1.38745,0.271001,0.119036,0.096222,0,0,6981,0,0.169628,1,0,0,0.000100973,0.000100973,0,0.000100973,0.387268,0.387369,2,0.387268
cloth-funnel,tight,cell2dminsort,237ee,ee,35558,1.65772,0.36447,0.430261,1.07085,0,0,35541,0,0.847018,16,0,0,0.000709232,0,0,0,0,0,17,0
cloth-funnel,tight,cell2dminsort,239vf,vf,7056,1.51302,0.246681,0.09891,0.071006,0,0,7055,0,0.102365,1,0,0,0.000136962,0.000136962,0,0.000136962,0.508545,0.508682,1,0.508545
cloth-funnel,tight,cell2dminsort,242vf,vf,7623,1.46402,0.237114,0.111741,0.115165,0,0,7620,0,0.121693,3,0,0,0.000459821,4.61658e-06,0,0.000459821,0.261475,0.261934,3,0.261475
cloth-funnel,tight,cell2dminsort,246ee,ee,33161,1.435,0.353143,0.279864,0.88836,0,0,33144,0,0.595569,15,0,0,0.00118529,0,0,0,0,0,17,0
cloth-funnel,tight,cell2dminsort,249ee,ee,33438,1.66232,0.400342,0.23881,1.07504,0,0,33419,0,0.643471,19,0,0,0.0199673,0,0,0,0,0,19,0
cloth-funnel,tight,cell2dminsort,252vf,vf,6739,1.5462,0.236761,0.17206,0.084446,0,0,6738,0,0.097213,1,0,0,0.000620903,0.000620903,0,0.000620903,0.179565,0.180186,1,0.179565
cloth-funnel,tight,cell2dminsort,255ee,ee,34941,1.4991,0.404854,0.651823,0.879433,1,0,34926,0,0.798475,14,0,0,0.000471506,0,0,0,0,0,15,0
cloth-funnel,tight,cell2dminsort,258vf,vf,6105,1.68223,0.231098,0.112829,0.083614,0,0,6104,0,0.132669,1,0,0,0.00376489,0.00376489,0,0.00376489,0.570068,0.573833,1,0.570068
cloth-funnel,tight,cell2dminsort,262ee,ee,34323,1.49225,0.538801,0.316664,0.786507,1,0,34306,0,0.431061,16,0,0,0.00199497,0,0,0,0,0,17,0
cloth-funnel,tight,cell2dminsort,265vf,vf,6576,1.61938,0.22841,0.110109,0.07651,0,0,6575,0,0.109341,1,0,0,0.000203828,0.000203828,0,0.000203828,0.00183105,0.00203488,1,0.00183105
cloth-funnel,tight,cell2dminsort,269ee,ee,38675,1.3838,0.382614,0.37695,0.775243,0,0,38656,0,0.487828,18,0,0,0.00115964,0,0,0,0,0,19,0
cloth-funnel,tight,cell2dminsort,273ee,ee,33807,1.52009,0.355862,0.310136,0.973095,0,0,33790,0,0.705518,16,0,0,0.0394946,0,0,0,0,0,17,0
cloth-funnel,tight,cell2dminsort,276vf,vf,6291,1.70568,0.235034,0.110589,0.077342,0,0,6290,0,0.104061,1,0,0,6.73357e-05,6.73357e-05,0,6.73357e-05,0.95813,0.958197,1,0.95813
cloth-funnel,tight,cell2dminsort,280vf,vf,7078,1.4565,0.249434,0.179195,0.1695,0,0,7076,0,0.280057,2,0,0,0.000262588,0.000262588,0,0.000101369,0.124004,0.124106,2,0.124004
cloth-funnel,tight,cell2dminsort,283vf,vf,6728,1.45555,0.233114,0.167227,0.085342,0,0,6727,0,0.265945,1,0,0,0.000109089,0.000109089,0,0.000109089,0.898926,0.899035,1,0.898926
cloth-funnel,tight,cell2dminsort,287ee,ee,38287,1.54857,0.365559,1.0489,2.0066,0,0,38258,0,1.08068,29,0,0,0.0330471,4.4323e-06,0,0,0,0,29,0
cloth-funnel,tight,cell2dminsort,290vf,vf,6752,1.6229,0.234554,0.183771,0.133117,0,0,6751,0,0.395094,1,0,0,0.00021766,0.00021766,0,0.00021766,0.00215149,0.00236915,1,0.00215149
cloth-funnel,tight,cell2dminsort,293vf,vf,7020,1.53583,0.239738,1.66245,4.06415,0,0,7017,0,1.63103,2,0,0,0.00361514,0.00361514,0,0.00361514,0.0572662,0.0608814,3,0.0572662
cloth-funnel,tight,cell2dminsort,296vf,vf,7007,1.49999,0.245338,0.385461,1.56281,0,0,6998,0,0.803787,6,0,0,0.000856794,0.000113205,0,0.000112122,0.00615778,0.0062699,9,0.00614929
cloth-funnel,tight,cell2dminsort,299ee,ee,41326,1.53596,0.362934,0.861802,6.50063,0,0,41287,0,1.9692,33,0,0,0.0491759,1.02334e-05,0,0,0,0,39,0
cloth-funnel,tight,cell2dminsort,302ee,ee,42707,1.55029,0.370903,0.967046,4.59063,0,0,42665,0,1.5143,37,0,0,0.00148866,8.47324e-06,0,0,0,0,42,0
cloth-funnel,tight,cell2dminsort,305ee,ee,42453,1.62569,0.360567,0.552177,4.26818,0,0,42418,0,1.40022,32,0,0,0.0964526,5.65929e-06,0,0,0,0,35,0
cloth-funnel,tight,cell2dminsort,308ee,ee,45470,1.58818,0.361206,0.375862,3.0341,0,0,45423,0,0.98967,44,0,0,0.000815545,8.93609e-06,0,0,0,0,47,0
cloth-funnel,tight,cell2dminsort,310vf,vf,7929,1.57833,0.241786,1.66092,57.8935,2,0,7909,0,52.4657,10,0,0,0.00276797,8.3859e-05,0,0.00382584,0.000146516,0.00397235,20,0.000144958
cloth-funnel,tight,cell2dminsort,313vf,vf,7921,1.4815,0.240122,5.08175,12.2956,0,0,7907,0,6.90859,6,0,0,0.0179777,0.00193104,0,0.00193104,0,0.00193104,14,0
cloth-funnel,tight,cell2dminsort,316vf,vf,7728,1.45052,0.23241,2.69919,12.8499,0,0,7709,0,7.32122,11,0,0,0.00515806,0.000237711,0,0.000237711,0.00437164,0.00460935,19,0.00437164
cloth-funnel,tight,cell2dminsort,319vf,vf,7580,1.55314,0.236218,0.505555,1.06048,0,0,7573,0,0.841994,5,0,0,0.000549011,2.21782e-05,0,6.05979e-07,0.106859,0.10686,7,0.106859
cloth-funnel,tight,cell2dminsort,322ee,ee,45748,1.53561,0.370998,0.941671,6.30252,0,0,45682,0,1.34509,63,0,0,0.0396855,5.72723e-06,0,0,0,0,66,0
cloth-funnel,tight,cell2dminsort,325ee,ee,51043,1.4822,0.368662,0.308024,4.59876,0,0,50981,0,2.96901,61,0,0,0.0625551,2.73905e-06,0,0,0,0,62,0
cloth-funnel,tight,cell2dminsort,328ee,ee,60460,1.53231,0.384822,0.372406,2.59084,0,0,60421,0,0.969191,37,0,0,0.00240896,5.71589e-06,0,0,0,0,39,0
cloth-funnel,tight,cell2dminsort,331ee,ee,55679,1.53833,0.372246,0.324856,1.7269,0,0,55649,0,0.613264,28,0,0,0.000170854,5.59872e-06,0,0,0,0,30,0
cloth-funnel,tight,cell2dminsort,335ee,ee,47736,1.5151,0.360918,0.377814,0.945095,0,0,47716,0,0.541842,19,0,0,0.000996606,0,0,0,0,0,20,0
cloth-funnel,tight,cell2dminsort,337vf,vf,7989,1.51606,0.254778,0.354998,0.496659,0,0,7985,0,0.369207,4,0,0,0.00127867,0.000113881,0,4.21604e-05,0.00117111,0.00121327,4,0.00117111
cloth-funnel,tight,cell2dminsort,340vf,vf,7459,1.43516,0.240506,0.571729,0.526162,0,0,7458,0,0.562801,0,0,0,0,0,0,0,1,1,1,1
cloth-funnel,tight,cell2dminsort,343vf,vf,7167,1.38291,0.301272,0.44082,0.480116,0,0,7165,0,0.445909,1,0,0,5.26327e-05,5.26327e-05,0,5.26327e-05,0.203152,0.203204,2,0.203152
cloth-funnel,tight,cell2dminsort,347ee,ee,47595,1.44707,0.368951,0.322647,1.20522,0,0,47572,0,0.680302,23,0,0,0.0407121,0,0,0,0,0,23,0
cloth-funnel,tight,cell2dminsort,350ee,ee,43598,1.77637,0.360471,0.268441,1.06903,0,0,43576,0,0.694701,20,0,0,9.44074e-05,0,0,0,0,0,22,0
cloth-funnel,tight,cell2dminsort,353vf,vf,7074,1.52796,0.239129,0.132605,0.135613,0,0,7072,0,0.135772,1,0,0,0.00163364,0.00163364,0,0.00163364,0.00253296,0.0041666,2,0.00253296
cloth-funnel,tight,cell2dminsort,356vf,vf,7324,1.37308,0.24281,0.086685,0.075102,1,0,7323,0,0.146492,0,0,0,0,0,0,1,0,1,1,0
cloth-funnel,tight,cell2dminsort,360ee,ee,46845,3.25297,0.379638,0.325463,2.33453,1,0,46813,0,0.78926,29,0,0,0.0172735,1.11865e-05,0,0,0,0,32,0
cloth-funnel,tight,cell2dminsort,363ee,ee,44897,1.50111,0.413269,0.303385,1.22781,0,0,44875,0,0.678574,22,0,0,0.0103239,0,0,0,0,0,22,0
cloth-funnel,tight,cell2dminsort,366vf,vf,7180,1.5335,0.23273,0.277017,0.401494,0,0,7178,0,0.260889,1,0,0,0.000348707,0.000348707,0,0.000348707,0.159126,0.159475,2,0.159126
cloth-funnel,tight,cell2dminsort,369vf,vf,8239,1.41126,0.239737,0.138333,0.103965,0,0,8237,0,0.156796,2,0,0,0.0010651,0.0010651,0,0.0010651,0.76062,0.761685,2,0.76062
cloth-funnel,tight,cell2dminsort,373ee,ee,46792,1.4224,0.414389,0.360887,1.23501,0,0,46766,0,0.964966,25,0,0,0.00419522,0,0,0,0,0,26,0
cloth-funnel,tight,cell2dminsort,376ee,ee,47824,1.54005,0.359063,0.449972,2.16634,0,0,47796,0,0.899529,26,0,0,0.00110793,5.26305e-06,0,0,0,0,28,0
cloth-funnel,tight,cell2dminsort,378vf,vf,7964,1.55663,0.276152,0.675087,0.657198,0,0,7962,0,0.719661,1,0,0,0.00374804,0.00374804,0,0.00374804,0.215683,0.219431,2,0.215683
cloth-funnel,tight,cell2dminsort,381vf,vf,10616,1.6285,0.270585,0.621071,0.744045,0,0,10612,0,0.70059,2,0,0,0.000414227,0.000414227,0,8.0384e-06,1.14441e-05,1.94825e-05,4,1.14441e-05
cloth-funnel,tight,cell2dminsort,384vf,vf,15759,1.4392,0.29628,0.175515,0.132925,0,0,15757,0,0.188123,2,0,0,2.15698e-05,2.15698e-05,0,6.08717e-06,0.844894,0.8449,2,0.844894
cloth-funnel,tight,cell2dminsort,387vf,vf,21176,1.40768,0.344695,0.498098,0.853642,0,0,21174,0,0.510163,2,0,0,0.000258315,0.000258315,0,0.000258315,0.014267,0.0145253,2,0.014267
cloth-funnel,tight,cell2dminsort,390ee,ee,110978,1.51097,0.675759,0.559185,1.38646,0,0,110956,0,0.91204,22,0,0,0.000192703,0,0,0,0,0,22,0
cloth-funnel,tight,cell2dminsort,393vf,vf,29443,1.55298,0.428436,0.279193,0.305688,0,0,29440,0,0.397846,3,0,0,0.00230415,0.00102598,0,0.00102598,0.000244141,0.00127012,3,0.000244141
cloth-funnel,tight,cell2dminsort,399ee,ee,256500,1.52252,1.40572,1.14282,0.835274,0,0,256485,0,1.67074,15,0,0,0.0016105,0,0,0,0,0,15,0
cloth-funnel,tight,cell2dminsort,405ee,ee,455642,1.51513,1.23789,1.9355,0.934407,0,0,455626,0,2.364,16,0,0,0.000689562,0,0,0,0,0,16,0
cloth-funnel,tight,cell2dminsort,409ee,ee,450739,1.50978,1.19888,1.77144,1.02231,0,0,450720,0,2.18461,19,0,0,0.00275799,0,0,0,0,0,19,0
cloth-funnel,tight,cell2dminsort,414ee,ee,388206,1.70674,1.26982,1.53417,0.695022,0,0,388191,0,1.83211,15,0,0,0.000689295,0,0,0,0,0,15,0
cloth-funnel,tight,cell2dminsort,418vf,vf,203660,1.50793,1.67048,0.73742,0.904328,0,0,203650,0,1.34621,10,0,0,0.000284583,3.8147e-06,0,0,0,0,10,0
cloth-funnel,tight,cell2dminsort,421vf,vf,88447,1.49606,1.1928,0.572401,0.383222,0,0,88443,0,0.627856,4,0,0,0,0,0,0,0,0,4,0
cloth-funnel,tight,cell2dminsort,424vf,vf,25307,1.32371,0.442964,0.191099,0.330359,0,0,25304,0,0.284697,3,0,0,0.00068,0.00036851,0,0,0,0,3,0
cloth-funnel,tight,cell2dminsort,427ee,ee,39608,1.26909,0.417269,0.356982,1.02001,0,0,39583,0,0.561778,23,0,0,0.000713517,0,0,0,0,0,25,0
cloth-funnel,tight,cell2dminsort,431ee,ee,20512,1.29709,0.349878,0.178876,1.06586,0,0,20495,0,0.402197,16,0,0,0.000999855,0,0,0,0,0,17,0
cloth-funnel,tight,cell2dminsort,435vf,vf,3474,1.36329,0.268697,0.261305,0.120541,0,0,3473,0,0.265113,1,0,0,0.000593729,0.000593729,0,0.000593729,0.616089,0.616683,1,0.616089
cloth-funnel,tight,cell2dminsort,440ee,ee,15203,1.24646,0.394422,0.24809,1.04231,0,0,15187,0,0.452276,16,0,0,0.00285608,0,0,0,0,0,16,0
cloth-funnel,tight,cell2dminsort,443vf,vf,2985,1.33584,0.284312,0.139421,0.076158,0,0,2984,0,0.172539,1,0,0,0.000741035,0.000741035,0,0.000741035,0.0863037,0.0870447,1,0.0863037
cloth-funnel,tight,cell2dminsort,448vf,vf,2797,1.27955,0.440213,0.292568,0.116796,0,0,2796,0,0.195867,1,0,0,0.000569012,0.000569012,0,0.000569012,0.525269,0.525838,1,0.525269
cloth-funnel,tight,cell2dminsort,451vf,vf,2784,1.26291,0.374774,0.311704,0.269881,0,0,2781,0,0.311,3,0,0,0.00121463,0.00113114,0,0.00113114,0.0181885,0.0193196,3,0.0181885
cloth-funnel,tight,cell2dminsort,457ee,ee,13409,1.28761,0.402262,0.241561,0.754412,0,0,13394,0,0.427189,13,0,0,0,0,0,0,0,0,15,0
cloth-funnel,tight,cell2dminsort,460vf,vf,2774,1.31293,0.50309,0.241466,0.075806,0,0,2773,0,0.215098,1,0,0,0.00038065,0.00038065,0,0.00038065,0.533813,0.534194,1,0.533813
cloth-funnel,tight,cell2dminsort,465ee,ee,13368,1.24214,0.367223,0.21545,1.23523,0,0,13353,0,0.373334,15,0,0,0.00124605,0,0,0,0,0,15,0
cloth-funnel,tight,cell2dminsort,469ee,ee,13367,1.31315,0.406069,0.330135,1.00369,0,0,13351,0,0.52629,16,0,0,0.00315822,0,0,0,0,0,16,0
cloth-funnel,tight,cell2dminsort,473vf,vf,2770,1.38268,0.500403,0.215131,0.080414,0,0,2769,0,0.228282,1,0,0,0.000166584,0.000166584,0,0.000166584,0.47229,0.472457,1,0.47229
cloth-funnel,tight,cell2dminsort,476vf,vf,2769,1.2735,0.505363,0.273849,0.073598,0,0,2768,0,0.277817,1,0,0,0.000426484,0.000426484,0,0.000426484,0.841797,0.842223,1,0.841797
cloth-funnel,tight,cell2dminsort,479vf,vf,2775,1.24742,0.490707,0.233114,0.109405,0,0,2773,0,0.252825,2,0,0,0.000425942,0.000425942,0,0.000375606,0.226491,0.226866,2,0.22644
cloth-funnel,tight,cell2dminsort,482vf,vf,2776,1.24787,0.524018,0.306072,0.08435,0,0,2775,0,0.289209,1,0,0,0.000809604,0.000809604,0,0.000809604,0.164062,0.164872,1,0.164062
cloth-funnel,tight,cell2dminsort,486vf,vf,2772,1.27741,0.522995,0.229562,0.092382,0,0,2771,0,0.227834,1,0,0,0.00109881,0.00109881,0,0.00109881,0.575439,0.576538,1,0.575439
cloth-funnel,tight,cell2dminsort,490ee,ee,13332,1.25066,0.363318,0.177723,1.20688,0,0,13317,0,0.499443,14,0,0,0.00367546,0,0,0,0,0,15,0
cloth-funnel,tight,cell2dminsort,492vf,vf,2761,1.31165,0.490579,0.212155,0.086078,0,0,2760,0,0.216058,1,0,0,0.000886826,0.000886826,0,0.000886826,0.0264893,0.0273761,1,0.0264893
cloth-funnel,tight,cell2dminsort,496ee,ee,13344,1.26861,0.361078,0.196923,0.732205,0,0,13330,0,0.640943,14,0,0,0.000386597,0,0,0,0,0,14,0
cloth-funnel,tight,cell2dminsort,53ee,ee,27746,1.3623,0.342167,0.249466,0.087869,0,0,27745,0,0.315319,1,0,0,0.000504498,0.000504498,0,0.000504498,0.736694,0.737199,1,0.736694
cloth-funnel,tight,cell2dminsort,64ee,ee,27689,1.42745,0.349175,0.281304,0.093374,0,0,27688,0,0.291609,1,0,0,0.00534556,0.00534556,0,0.00534556,0.166016,0.171361,1,0.166016
cloth-funnel,tight,sweep,103ee,ee,27918,1.22934,0.768713,0.187546,0.136508,0,0,27915,0,0.207514,3,0,0,0.0018329,0.000776686,0,0.000298219,0.174438,0.174737,3,0.174438
cloth-funnel,tight,sweep,108ee,ee,27957,1.27823,0.757545,0.20953,0.066398,0,0,27956,0,0.192826,1,0,0,0.00107803,0.00107803,0,0.00107803,0.258789,0.259867,1,0.258789
cloth-funnel,tight,sweep,120ee,ee,28253,1.29836,0.755434,0.234841,0.107293,0,0,28252,0,0.218841,1,0,0,0.00144089,0.00144089,0,0.00144089,0.236328,0.237769,1,0.236328
cloth-funnel,tight,sweep,133ee,ee,29054,1.26393,0.815976,0.18665,0.082686,0,0,29053,0,0.196026,1,0,0,0.00185058,0.00185058,0,0.00185058,0.320068,0.321919,1,0.320068
cloth-funnel,tight,sweep,143ee,ee,33560,1.27375,0.7922,0.216154,0.091549,0,0,33558,0,0.20841,2,0,0,0.00124909,0.00124909,0,0.00104071,0.562378,0.563419,2,0.562378
cloth-funnel,tight,sweep,148vf,vf,11130,1.17686,0.326934,0.153339,0.099869,0,0,11129,0,0.15478,1,0,0,0.000250163,0.000250163,0,0.000250163,0.484619,0.484869,1,0.484619
cloth-funnel,tight,sweep,159ee,ee,33644,1.86174,0.974178,0.196634,0.072318,0,0,33643,0,0.232314,1,0,0,0.000819231,0.000819231,0,0.000819231,0.785522,0.786342,1,0.785522
cloth-funnel,tight,sweep,167ee,ee,33268,1.84491,1.27318,0.291224,0.098397,0,0,33265,0,0.302231,3,0,0,1.82791e-06,1.3762e-06,0,1.52914e-06,0.023651,0.0236525,3,0.0236511
cloth-funnel,tight,sweep,174ee,ee,35429,1.54959,1.30118,0.217466,0.084798,0,0,35428,0,0.228409,1,0,0,0.00231309,0.00231309,0,0.00231309,0.792847,0.79516,1,0.792847
cloth-funnel,tight,sweep,178ee,ee,34357,1.65672,1.1782,0.224922,0.068894,0,0,34356,0,0.227097,0,0,0,0,0,0,0,1,1,1,1
cloth-funnel,tight,sweep,185ee,ee,35908,1.55717,1.13981,0.220474,0.074109,0,0,35907,0,0.240792,1,0,0,0.000574723,0.000574723,0,0.000574723,0.231812,0.232386,1,0.231812
cloth-funnel,tight,sweep,190ee,ee,34548,1.71732,1.21401,0.911109,0.314007,0,0,34546,0,0.977442,2,0,0,0.000750072,0.000750072,0,0.000750072,0.0976028,0.0983529,2,0.0976028
cloth-funnel,tight,sweep,195ee,ee,33831,1.79588,1.01802,1.53195,1.41071,0,0,33828,0,1.61038,2,0,0,0.00055228,0.00055228,0,0.00055228,0.376942,0.377494,3,0.376942
cloth-funnel,tight,sweep,202vf,vf,8685,1.72225,0.524144,0.170811,0.095485,0,0,8684,0,0.151675,1,0,0,0.00160953,0.00160953,0,0.00160953,0.749023,0.750633,1,0.749023
cloth-funnel,tight,sweep,208ee,ee,39836,1.77096,1.1239,0.268024,0.093405,0,0,39833,0,0.301495,3,0,0,0.000325483,0.00022659,0,0.000193217,0.126953,0.127146,3,0.126953
cloth-funnel,tight,sweep,213ee,ee,42234,1.78712,1.18185,0.285304,0.076765,0,0,42232,0,0.297783,2,0,0,0.00116341,0.00116341,0,0.00116341,0.839111,0.840275,2,0.839111
cloth-funnel,tight,sweep,217vf,vf,8203,1.96356,0.436723,0.18665,0.120445,0,0,8202,0,0.180634,1,0,0,0.00135005,0.00135005,0,0.00135005,0.460938,0.462288,1,0.460938
cloth-funnel,tight,sweep,222ee,ee,31483,1.55183,0.944771,0.298231,0.143163,0,0,31480,0,0.250649,3,0,0,0.00125555,0.00102144,0,0.00125555,0.700684,0.701939,3,0.700684
cloth-funnel,tight,sweep,226vf,vf,7265,1.57362,0.386453,0.13734,0.069758,0,0,7264,0,0.12902,1,0,0,0.00073251,0.00073251,0,0.00073251,0.120361,0.121094,1,0.120361
cloth-funnel,tight,sweep,229vf,vf,7373,1.84682,0.494577,0.179419,0.076349,0,0,7372,0,0.135355,1,0,0,0.000455516,0.000455516,0,0.000455516,0.419434,0.419889,1,0.419434
cloth-funnel,tight,sweep,232vf,vf,6983,1.70875,0.37026,0.119805,0.094462,0,0,6981,0,0.127868,1,0,0,0.000100973,0.000100973,0,0.000100973,0.387268,0.387369,2,0.387268
cloth-funnel,tight,sweep,237ee,ee,35558,1.71768,1.27519,0.499697,1.02051,0,0,35541,0,0.512689,16,0,0,0.000709232,0,0,0,0,0,17,0
cloth-funnel,tight,sweep,239vf,vf,7056,1.77559,0.371189,0.103869,0.068094,0,0,7055,0,0.090173,1,0,0,0.000136962,0.000136962,0,0.000136962,0.508545,0.508682,1,0.508545
cloth-funnel,tight,sweep,242vf,vf,7623,1.67102,0.373749,0.113725,0.107709,0,0,7620,0,0.102877,3,0,0,0.000459821,4.61658e-06,0,0.000459821,0.261475,0.261934,3,0.261475
cloth-funnel,tight,sweep,246ee,ee,33161,1.69614,1.14739,0.191322,0.860807,0,0,33144,0,0.53016,15,0,0,0.00118529,0,0,0,0,0,17,0
cloth-funnel,tight,sweep,249ee,ee,33438,2.61672,0.816871,0.185594,1.04019,0,0,33419,0,0.657965,19,0,0,0.0199673,0,0,0,0,0,19,0
cloth-funnel,tight,sweep,252vf,vf,6739,1.84772,0.415412,0.123036,0.064062,0,0,6738,0,0.101149,1,0,0,0.000620903,0.000620903,0,0.000620903,0.179565,0.180186,1,0.179565
cloth-funnel,tight,sweep,255ee,ee,34941,1.78158,0.982403,0.517552,0.835911,1,0,34926,0,0.648173,14,0,0,0.000471506,0,0,0,0,0,15,0
cloth-funnel,tight,sweep,258vf,vf,6105,1.95991,0.44181,0.121789,0.082717,0,0,6104,0,0.119196,1,0,0,0.00376489,0.00376489,0,0.00376489,0.570068,0.573833,1,0.570068
cloth-funnel,tight,sweep,262ee,ee,34323,1.7498,0.968163,0.188794,0.793128,1,0,34306,0,0.462834,16,0,0,0.00199497,0,0,0,0,0,17,0
cloth-funnel,tight,sweep,265vf,vf,6576,1.75204,0.422643,0.105117,0.075485,0,0,6575,0,0.097693,1,0,0,0.000203828,0.000203828,0,0.000203828,0.00183105,0.00203488,1,0.00183105
cloth-funnel,tight,sweep,269ee,ee,38675,1.83844,0.979715,0.224633,0.757898,0,0,38656,0,0.376885,18,0,0,0.00115964,0,0,0,0,0,19,0
cloth-funnel,tight,sweep,273ee,ee,33807,1.86695,1.03997,0.183834,0.9545,0,0,33790,0,0.410004,16,0,0,0.0394946,0,0,0,0,0,17,0
cloth-funnel,tight,sweep,276vf,vf,6291,2.05847,0.378676,0.106493,0.072446,0,0,6290,0,0.106397,1,0,0,6.73357e-05,6.73357e-05,0,6.73357e-05,0.95813,0.958197,1,0.95813
cloth-funnel,tight,sweep,280vf,vf,7078,2.00711,0.334549,0.191419,0.14086,0,0,7076,0,0.187354,2,0,0,0.000262588,0.000262588,0,0.000112202,0.123994,0.124106,2,0.124004
cloth-funnel,tight,sweep,283vf,vf,6728,1.93585,0.325687,0.127388,0.071262,0,0,6727,0,0.164763,1,0,0,0.000109089,0.000109089,0,0.000109089,0.898926,0.899035,1,0.898926
cloth-funnel,tight,sweep,287ee,ee,38287,1.78446,1.00643,0.73889,1.9408,0,0,38258,0,0.870406,29,0,0,0.0330471,4.4323e-06,0,0,0,0,29,0
cloth-funnel,tight,sweep,290vf,vf,6752,1.93322,0.315127,0.225401,0.12406,0,0,6751,0,0.249881,1,0,0,0.00021766,0.00021766,0,0.00021766,0.00215149,0.00236915,1,0.00215149
cloth-funnel,tight,sweep,293vf,vf,7020,1.80545,0.472657,1.59557,3.97735,0,0,7017,0,1.6508,2,0,0,0.00361514,0.00361514,0,0.00361514,0.0572662,0.0608814,3,0.0572662
cloth-funnel,tight,sweep,296vf,vf,7007,2.08583,0.311318,0.361077,1.52821,0,0,6998,0,1.05024,6,0,0,0.000856794,0.000113205,0,0.000115938,0.00615396,0.0062699,9,0.00614929
cloth-funnel,tight,sweep,299ee,ee,41326,1.89434,0.800776,0.224601,6.3552,0,0,41287,0,1.91857,33,0,0,0.0491759,1.02334e-05,0,0,0,0,39,0
cloth-funnel,tight,sweep,302ee,ee,42707,2.12573,1.0105,0.471506,4.5222,0,0,42665,0,1.88369,37,0,0,0.00148866,8.47324e-06,0,0,0,0,42,0
cloth-funnel,tight,sweep,305ee,ee,42453,1.845,0.87911,0.829223,4.17181,0,0,42418,0,1.06096,32,0,0,0.0964526,5.65929e-06,0,0,0,0,35,0
cloth-funnel,tight,sweep,308ee,ee,45470,1.78417,1.02403,0.28652,3.03642,0,0,45423,0,1.25155,44,0,0,0.000815545,8.93609e-06,0,0,0,0,47,0
cloth-funnel,tight,sweep,310vf,vf,7929,2.02128,0.323318,3.1551,57.2116,2,0,7909,0,56.3453,10,0,0,0.00276797,8.3859e-05,0,0.00382739,0.000144958,0.00397235,20,0.000144958
cloth-funnel,tight,sweep,313vf,vf,7921,2.82728,0.422163,5.16784,11.969,0,0,7907,0,8.64012,6,0,0,0.0179777,0.00193104,0,0.00193104,0,0.00193104,14,0
cloth-funnel,tight,sweep,316vf,vf,7728,1.74798,0.373653,2.14854,12.6617,0,0,7709,0,8.60787,11,0,0,0.00515806,0.000237711,0,0.000237711,0.00437164,0.00460935,19,0.00437164
cloth-funnel,tight,sweep,319vf,vf,7580,2.40726,0.355413,0.760489,1.03741,0,0,7573,0,0.851943,5,0,0,0.000549011,2.21782e-05,0,2.63649e-06,0.106857,0.10686,7,0.106859
cloth-funnel,tight,sweep,322ee,ee,45748,1.70517,1.04195,0.354005,6.22692,0,0,45682,0,1.37807,63,0,0,0.0396855,5.72723e-06,0,0,0,0,66,0
cloth-funnel,tight,sweep,325ee,ee,51043,1.69605,0.842183,0.492113,4.47436,0,0,50981,0,3.24445,61,0,0,0.0625551,2.73905e-06,0,0,0,0,62,0
cloth-funnel,tight,sweep,328ee,ee,60460,1.82682,0.942692,0.309654,2.53176,0,0,60421,0,0.640397,37,0,0,0.00240896,5.71589e-06,0,0,0,0,39,0
cloth-funnel,tight,sweep,331ee,ee,55679,1.73841,0.887749,0.542896,1.69953,0,0,55649,0,0.612461,28,0,0,0.000170854,5.59872e-06,0,0,0,0,30,0
cloth-funnel,tight,sweep,335ee,ee,47736,1.56866,1.00979,0.280856,0.855174,0,0,47716,0,0.491057,19,0,0,0.000996606,0,0,0,0,0,20,0
cloth-funnel,tight,sweep,337vf,vf,7989,1.99223,0.368852,0.331894,0.433651,0,0,7985,0,0.368853,4,0,0,0.00127867,0.000113881,0,3.91118e-05,0.00117416,0.00121327,4,0.00117111
cloth-funnel,tight,sweep,340vf,vf,7459,1.67854,0.32015,0.562511,0.542832,0,0,7458,0,0.596718,0,0,0,0,0,0,0,1,1,1,1
cloth-funnel,tight,sweep,343vf,vf,7167,1.91201,0.312759,0.417875,0.457842,0,0,7165,0,0.469074,1,0,0,5.26327e-05,5.26327e-05,0,5.26327e-05,0.203152,0.203204,2,0.203152
cloth-funnel,tight,sweep,347ee,ee,47595,1.8739,0.874598,0.304823,1.19542,0,0,47572,0,0.732362,23,0,0,0.0407121,0,0,0,0,0,23,0
cloth-funnel,tight,sweep,350ee,ee,43598,1.87982,1.0416,0.251992,1.05427,0,0,43576,0,0.675212,20,0,0,9.44074e-05,0,0,0,0,0,22,0
cloth-funnel,tight,sweep,353vf,vf,7074,1.61266,0.378324,0.133084,0.127484,0,0,7072,0,0.150908,1,0,0,0.00163364,0.00163364,0,0.00163364,0.00253296,0.0041666,2,0.00253296
cloth-funnel,tight,sweep,356vf,vf,7324,1.59598,0.298135,0.111612,0.071774,1,0,7323,0,0.119997,0,0,0,0,0,0,1,0,1,1,0
cloth-funnel,tight,sweep,360ee,ee,46845,1.98292,0.877254,0.241304,2.29356,1,0,46813,0,1.03382,29,0,0,0.0172735,1.11865e-05,0,0,0,0,32,0
cloth-funnel,tight,sweep,363ee,ee,44897,1.75883,1.01104,0.28492,1.21206,0,0,44875,0,0.789608,22,0,0,0.0103239,0,0,0,0,0,22,0
cloth-funnel,tight,sweep,366vf,vf,7180,1.8867,0.38898,0.257145,0.342101,0,0,7178,0,0.305943,1,0,0,0.000348707,0.000348707,0,0.000348707,0.159126,0.159475,2,0.159126
cloth-funnel,tight,sweep,369vf,vf,8239,1.93732,0.345301,0.118173,0.094205,0,0,8237,0,0.126012,2,0,0,0.0010651,0.0010651,0,0.0010651,0.76062,0.761685,2,0.76062
cloth-funnel,tight,sweep,373ee,ee,46792,1.64274,0.862342,0.243641,1.17347,0,0,46766,0,0.45365,25,0,0,0.00419522,0,0,0,0,0,26,0
cloth-funnel,tight,sweep,376ee,ee,47824,2.03629,1.0393,0.347925,2.1128,0,0,47796,0,0.871942,26,0,0,0.00110793,5.26305e-06,0,0,0,0,28,0
cloth-funnel,tight,sweep,378vf,vf,7964,1.97104,0.343222,0.65806,0.631757,0,0,7962,0,0.667052,1,0,0,0.00374804,0.00374804,0,0.00374804,0.215683,0.219431,2,0.215683
cloth-funnel,tight,sweep,381vf,vf,10616,2.09459,0.401716,0.636237,0.716139,0,0,10612,0,0.699179,2,0,0,0.000414227,0.000414227,0,8.0384e-06,1.14441e-05,1.94825e-05,4,1.14441e-05
cloth-funnel,tight,sweep,384vf,vf,15759,1.5371,0.477266,0.226905,0.126812,0,0,15757,0,0.232057,2,0,0,2.15698e-05,2.15698e-05,0,8.70276e-06,0.844892,0.8449,2,0.844894
cloth-funnel,tight,sweep,387vf,vf,21176,1.79902,0.512016,0.601774,0.799464,0,0,21174,0,0.598958,2,0,0,0.000258315,0.000258315,0,0.000258315,0.014267,0.0145253,2,0.014267
cloth-funnel,tight,sweep,390ee,ee,110978,1.85313,1.23903,0.529552,1.36316,0,0,110956,0,0.895718,22,0,0,0.000192703,0,0,0,0,0,22,0
cloth-funnel,tight,sweep,393vf,vf,29443,1.6323,0.56795,0.183323,0.284183,0,0,29440,0,0.191962,3,0,0,0.00230415,0.00102598,0,0.00102598,0.000244141,0.00127012,3,0.000244141
cloth-funnel,tight,sweep,399ee,ee,256500,1.60578,1.73326,0.937188,0.80292,0,0,256485,0,1.22927,15,0,0,0.0016105,0,0,0,0,0,15,0
cloth-funnel,tight,sweep,405ee,ee,455642,1.82558,3.12071,1.61777,0.9393,0,0,455626,0,2.10858,16,0,0,0.000689562,0,0,0,0,0,16,0
cloth-funnel,tight,sweep,409ee,ee,450739,2.07917,3.31542,1.68181,1.00886,0,0,450720,0,1.9082,19,0,0,0.00275799,0,0,0,0,0,19,0
cloth-funnel,tight,sweep,414ee,ee,388206,1.75272,3.88612,1.4262,0.678028,0,0,388191,0,2.01847,15,0,0,0.000689295,0,0,0,0,0,15,0
cloth-funnel,tight,sweep,418vf,vf,203660,1.88622,2.21629,0.583855,0.902597,0,0,203650,0,2.07917,10,0,0,0.000284583,3.8147e-06,0,0,0,0,10,0
cloth-funnel,tight,sweep,421vf,vf,88447,2.0112,3.12016,0.299511,0.369685,0,0,88443,0,0.449906,4,0,0,0,0,0,0,0,0,4,0
cloth-funnel,tight,sweep,424vf,vf,25307,1.90951,2.8498,0.204666,0.310935,0,0,25304,0,0.228985,3,0,0,0.00068,0.00036851,0,0,0,0,3,0
cloth-funnel,tight,sweep,427ee,ee,39608,1.88903,3.66744,0.287768,0.944548,0,0,39583,0,0.66478,23,0,0,0.000713517,0,0,0,0,0,25,0
cloth-funnel,tight,sweep,431ee,ee,20512,1.84023,3.76139,0.150843,1.04861,0,0,20495,0,0.505137,16,0,0,0.000999855,0,0,0,0,0,17,0
cloth-funnel,tight,sweep,435vf,vf,3474,1.84142,1.14854,0.219705,0.11606,0,0,3473,0,0.225465,1,0,0,0.000593729,0.000593729,0,0.000593729,0.616089,0.616683,1,0.616089
cloth-funnel,tight,sweep,440ee,ee,15203,2.07088,4.70482,0.61947,1.03299,0,0,15187,0,1.2134,16,0,0,0.00285608,0,0,0,0,0,16,0
cloth-funnel,tight,sweep,443vf,vf,2985,2.01776,1.27215,0.128828,0.066526,0,0,2984,0,0.178139,1,0,0,0.000741035,0.000741035,0,0.000741035,0.0863037,0.0870447,1,0.0863037
cloth-funnel,tight,sweep,448vf,vf,2797,1.83985,1.23747,0.265432,0.104476,0,0,2796,0,0.258904,1,0,0,0.000569012,0.000569012,0,0.000569012,0.525269,0.525838,1,0.525269
cloth-funnel,tight,sweep,451vf,vf,2784,1.73057,1.18588,0.265176,0.252824,0,0,2781,0,0.275064,3,0,0,0.00121463,0.00113114,0,0.00108202,0.0182376,0.0193196,3,0.0181885
cloth-funnel,tight,sweep,457ee,ee,13409,2.09878,5.4726,0.132028,0.743562,0,0,13394,0,0.514513,13,0,0,0,0,0,0,0,0,15,0
cloth-funnel,tight,sweep,460vf,vf,2774,2.10039,1.04742,0.172763,0.074814,0,0,2773,0,0.174267,1,0,0,0.00038065,0.00038065,0,0.00038065,0.533813,0.534194,1,0.533813
cloth-funnel,tight,sweep,465ee,ee,13368,2.03504,5.61958,0.297655,1.21142,0,0,13353,0,0.730442,15,0,0,0.00124605,0,0,0,0,0,15,0
cloth-funnel,tight,sweep,469ee,ee,13367,1.74568,5.82827,0.244984,0.987395,0,0,13351,0,0.771433,16,0,0,0.00315822,0,0,0,0,0,16,0
cloth-funnel,tight,sweep,473vf,vf,2770,1.74856,0.999842,0.170202,0.086238,0,0,2769,0,0.245689,1,0,0,0.000166584,0.000166584,0,0.000166584,0.47229,0.472457,1,0.47229
cloth-funnel,tight,sweep,476vf,vf,2769,1.94791,1.01623,0.142363,0.087997,0,0,2768,0,0.236953,1,0,0,0.000426484,0.000426484,0,0.000426484,0.841797,0.842223,1,0.841797
cloth-funnel,tight,sweep,479vf,vf,2775,1.94721,0.961859,0.240504,0.082749,0,0,2773,0,0.213786,2,0,0,0.000425942,0.000425942,0,0.000425942,0.22644,0.226866,2,0.22644
cloth-funnel,tight,sweep,482vf,vf,2776,2.09578,0.959555,0.214938,0.077181,0,0,2775,0,0.223065,1,0,0,0.000809604,0.000809604,0,0.000809604,0.164062,0.164872,1,0.164062
cloth-funnel,tight,sweep,486vf,vf,2772,1.81329,1.01885,0.185882,0.08835,0,0,2771,0,0.183995,1,0,0,0.00109881,0.00109881,0,0.00109881,0.575439,0.576538,1,0.575439
cloth-funnel,tight,sweep,490ee,ee,13332,1.80711,5.61516,0.195066,1.17728,0,0,13317,0,0.741098,14,0,0,0.00367546,0,0,0,0,0,15,0
cloth-funnel,tight,sweep,492vf,vf,2761,2.02266,0.945955,0.125852,0.071581,0,0,2760,0,0.147196,1,0,0,0.000886826,0.000886826,0,0.000886826,0.0264893,0.0273761,1,0.0264893
cloth-funnel,tight,sweep,496ee,ee,13344,1.84839,5.61596,0.134844,0.723147,0,0,13330,0,0.52136,14,0,0,0.000386597,0,0,0,0,0,14,0
cloth-funnel,tight,sweep,53ee,ee,27746,1.81915,1.02061,0.20105,0.086398,0,0,27745,0,0.199002,1,0,0,0.000504498,0.000504498,0,0.000504498,0.736694,0.737199,1,0.736694
cloth-funnel,tight,sweep,64ee,ee,27689,2.04125,1.05123,0.185467,0.112285,0,0,27688,0,0.197786,1,0,0,0.00534556,0.00534556,0,0.00534556,0.166016,0.171361,1,0.166016
cloth-funnel,tight,sweep,103ee,ee,27918,2.22182,0.776072,0.222681,0.141212,0,0,27915,0,0.218489,3,0,0,0.0018329,0.000776686,0,0.000298219,0.174438,0.174737,3,0.174438
cloth-funnel,tight,sweep,108ee,ee,27957,2.33081,0.799464,0.223577,0.065118,0,0,27956,0,0.233401,1,0,0,0.00107803,0.00107803,0,0.00107803,0.258789,0.259867,1,0.258789
cloth-funnel,tight,sweep,120ee,ee,28253,2.35302,0.787497,0.279735,0.111965,0,0,28252,0,0.22553,1,0,0,0.00144089,0.00144089,0,0.00144089,0.236328,0.237769,1,0.236328
cloth-funnel,tight,sweep,133ee,ee,29054,2.33158,0.846439,0.189882,0.087101,0,0,29053,0,0.211194,1,0,0,0.00185058,0.00185058,0,0.00185058,0.320068,0.321919,1,0.320068
cloth-funnel,tight,sweep,143ee,ee,33560,2.34889,0.876165,0.195162,0.096253,0,0,33558,0,0.22729,2,0,0,0.00124909,0.00124909,0,0.00104071,0.562378,0.563419,2,0.562378
cloth-funnel,tight,sweep,148vf,vf,11130,2.26768,0.352438,0.154139,0.096765,0,0,11129,0,0.181211,1,0,0,0.000250163,0.000250163,0,0.000250163,0.484619,0.484869,1,0.484619
cloth-funnel,tight,sweep,159ee,ee,33644,2.46741,1.26543,0.209593,0.099709,0,0,33643,0,0.227801,1,0,0,0.000819231,0.000819231,0,0.000819231,0.785522,0.786342,1,0.785522
cloth-funnel,tight,sweep,167ee,ee,33268,2.33903,1.29545,0.306038,0.097405,0,0,33265,0,0.347126,3,0,0,1.82791e-06,1.3762e-06,0,1.52914e-06,0.023651,0.0236525,3,0.0236511
cloth-funnel,tight,sweep,174ee,ee,35429,2.33855,1.32121,0.226137,0.087038,0,0,35428,0,0.22521,1,0,0,0.00231309,0.00231309,0,0.00231309,0.792847,0.79516,1,0.792847
cloth-funnel,tight,sweep,178ee,ee,34357,2.3615,1.18208,0.227993,0.062526,0,0,34356,0,0.228441,0,0,0,0,0,0,0,1,1,1,1
cloth-funnel,tight,sweep,185ee,ee,35908,2.33932,1.17936,0.222041,0.085117,0,0,35907,0,0.226169,1,0,0,0.000574723,0.000574723,0,0.000574723,0.231812,0.232386,1,0.231812
cloth-funnel,tight,sweep,190ee,ee,34548,3.19962,1.24198,0.900997,0.329462,0,0,34546,0,0.961763,2,0,0,0.000750072,0.000750072,0,0.000750072,0.0976028,0.0983529,2,0.0976028
cloth-funnel,tight,sweep,195ee,ee,33831,2.38281,1.0327,1.54453,1.4125,0,0,33828,0,1.57397,2,0,0,0.00055228,0.00055228,0,0.00055228,0.376942,0.377494,3,0.376942
cloth-funnel,tight,sweep,202vf,vf,8685,2.32543,0.547375,0.173243,0.107741,0,0,8684,0,0.155995,1,0,0,0.00160953,0.00160953,0,0.00160953,0.749023,0.750633,1,0.749023
cloth-funnel,tight,sweep,208ee,ee,39836,2.38994,1.14921,0.277048,0.095293,0,0,39833,0,0.306839,3,0,0,0.000325483,0.00022659,0,0.000193217,0.126953,0.127146,3,0.126953
cloth-funnel,tight,sweep,213ee,ee,42234,2.30835,1.22348,0.302935,0.077821,0,0,42232,0,0.301495,2,0,0,0.00116341,0.00116341,0,0.00116341,0.839111,0.840275,2,0.839111
cloth-funnel,tight,sweep,217vf,vf,8203,2.29606,0.444786,0.174587,0.128221,0,0,8202,0,0.196058,1,0,0,0.00135005,0.00135005,0,0.00135005,0.460938,0.462288,1,0.460938
cloth-funnel,tight,sweep,222ee,ee,31483,2.32895,0.968483,0.24844,0.141596,0,0,31480,0,0.266136,3,0,0,0.00125555,0.00102144,0,0.00125555,0.700684,0.701939,3,0.700684
cloth-funnel,tight,sweep,226vf,vf,7265,2.32163,0.390164,0.128604,0.081117,0,0,7264,0,0.13478,1,0,0,0.00073251,0.00073251,0,0.00073251,0.120361,0.121094,1,0.120361
cloth-funnel,tight,sweep,229vf,vf,7373,2.28681,0.417107,0.19001,0.077213,0,0,7372,0,0.14214,1,0,0,0.000455516,0.000455516,0,0.000455516,0.419434,0.419889,1,0.419434
cloth-funnel,tight,sweep,232vf,vf,6983,2.28348,0.372821,0.119164,0.101309,0,0,6981,0,0.127389,1,0,0,0.000100973,0.000100973,0,0.000100973,0.387268,0.387369,2,0.387268
cloth-funnel,tight,sweep,237ee,ee,35558,2.57845,1.10048,0.485458,1.02839,0,0,35541,0,0.507216,16,0,0,0.000709232,0,0,0,0,0,17,0
cloth-funnel,tight,sweep,239vf,vf,7056,2.30768,0.369749,0.110652,0.06883,0,0,7055,0,0.110461,1,0,0,0.000136962,0.000136962,0,0.000136962,0.508545,0.508682,1,0.508545
cloth-funnel,tight,sweep,242vf,vf,7623,2.28355,0.451923,0.122044,0.109661,0,0,7620,0,0.101661,3,0,0,0.000459821,4.61658e-06,0,0.000459821,0.261475,0.261934,3,0.261475
cloth-funnel,tight,sweep,246ee,ee,33161,2.3214,1.11926,0.184314,0.869766,0,0,33144,0,0.533008,15,0,0,0.00118529,0,0,0,0,0,17,0
cloth-funnel,tight,sweep,249ee,ee,33438,2.3255,0.822632,0.19113,1.04007,0,0,33419,0,0.649932,19,0,0,0.0199673,0,0,0,0,0,19,0
cloth-funnel,tight,sweep,252vf,vf,6739,2.31724,0.383541,0.134012,0.050494,0,0,6738,0,0.10182,1,0,0,0.000620903,0.000620903,0,0.000620903,0.179565,0.180186,1,0.179565
cloth-funnel,tight,sweep,255ee,ee,34941,2.27561,0.950339,0.515377,0.832935,1,0,34926,0,0.649132,14,0,0,0.000471506,0,0,0,0,0,15,0
cloth-funnel,tight,sweep,258vf,vf,6105,2.35705,0.405524,0.131452,0.078942,0,0,6104,0,0.108733,1,0,0,0.00376489,0.00376489,0,0.00376489,0.570068,0.573833,1,0.570068
cloth-funnel,tight,sweep,262ee,ee,34323,2.21347,0.986274,0.204954,0.787976,1,0,34306,0,0.462482,16,0,0,0.00199497,0,0,0,0,0,17,0
cloth-funnel,tight,sweep,265vf,vf,6576,2.3335,0.389332,0.103517,0.073181,0,0,6575,0,0.088861,1,0,0,0.000203828,0.000203828,0,0.000203828,0.00183105,0.00203488,1,0.00183105
cloth-funnel,tight,sweep,269ee,ee,38675,2.34534,0.998018,0.220762,0.754857,0,0,38656,0,0.414931,18,0,0,0.00115964,0,0,0,0,0,19,0
cloth-funnel,tight,sweep,273ee,ee,33807,2.31452,1.03303,0.186683,1.00685,0,0,33790,0,0.424371,16,0,0,0.0394946,0,0,0,0,0,17,0
cloth-funnel,tight,sweep,276vf,vf,6291,2.35254,0.369685,0.107613,0.054334,0,0,6290,0,0.113116,1,0,0,6.73357e-05,6.73357e-05,0,6.73357e-05,0.95813,0.958197,1,0.95813
cloth-funnel,tight,sweep,280vf,vf,7078,2.25436,0.351637,0.20969,0.187514,0,0,7076,0,0.228473,2,0,0,0.000262588,0.000262588,0,0.000112202,0.123994,0.124106,2,0.124004
cloth-funnel,tight,sweep,283vf,vf,6728,2.35897,0.409268,0.132348,0.08579,0,0,6727,0,0.219097,1,0,0,0.000109089,0.000109089,0,0.000109089,0.898926,0.899035,1,0.898926
cloth-funnel,tight,sweep,287ee,ee,38287,2.26416,0.999522,0.735658,1.90999,0,0,38258,0,0.854406,29,0,0,0.0330471,4.4323e-06,0,0,0,0,29,0
cloth-funnel,tight,sweep,290vf,vf,6752,2.29139,0.323606,0.239417,0.126972,0,0,6751,0,0.250553,1,0,0,0.00021766,0.00021766,0,0.00021766,0.00215149,0.00236915,1,0.00215149
cloth-funnel,tight,sweep,293vf,vf,7020,2.38329,0.403988,1.59224,3.99633,0,0,7017,0,1.6387,2,0,0,0.00361514,0.00361514,0,0.00361514,0.0572662,0.0608814,3,0.0572662
cloth-funnel,tight,sweep,296vf,vf,7007,2.27443,0.309462,0.361941,1.52002,0,0,6998,0,1.09939,6,0,0,0.000856794,0.000113205,0,0.000115938,0.00615396,0.0062699,9,0.00614929
cloth-funnel,tight,sweep,299ee,ee,41326,2.23382,0.821223,0.377269,6.32755,0,0,41287,0,1.9217,33,0,0,0.0491759,1.02334e-05,0,0,0,0,39,0
cloth-funnel,tight,sweep,302ee,ee,42707,2.30217,0.982658,0.471474,4.51324,0,0,42665,0,1.92074,37,0,0,0.00148866,8.47324e-06,0,0,0,0,42,0
cloth-funnel,tight,sweep,305ee,ee,42453,2.36121,0.913381,0.821799,4.20643,0,0,42418,0,1.03104,32,0,0,0.0964526,5.65929e-06,0,0,0,0,35,0
cloth-funnel,tight,sweep,308ee,ee,45470,2.30255,1.02093,0.267512,3.02727,0,0,45423,0,1.24547,44,0,0,0.000815545,8.93609e-06,0,0,0,0,47,0
cloth-funnel,tight,sweep,310vf,vf,7929,2.27184,0.349109,3.11392,57.346,2,0,7909,0,55.8304,10,0,0,0.00276797,8.3859e-05,0,0.00382739,0.000144958,0.00397235,20,0.000144958
cloth-funnel,tight,sweep,313vf,vf,7921,2.24185,0.396436,5.11434,11.9949,0,0,7907,0,8.58528,6,0,0,0.0179777,0.00193104,0,0.00193104,0,0.00193104,14,0
cloth-funnel,tight,sweep,316vf,vf,7728,2.3685,0.352149,2.1264,12.694,0,0,7709,0,8.61965,11,0,0,0.00515806,0.000237711,0,0.000237711,0.00437164,0.00460935,19,0.00437164
cloth-funnel,tight,sweep,319vf,vf,7580,2.24454,0.338006,0.57499,1.04365,0,0,7573,0,0.872006,5,0,0,0.000549011,2.21782e-05,0,2.63649e-06,0.106857,0.10686,7,0.106859
cloth-funnel,tight,sweep,322ee,ee,45748,2.32947,0.998338,0.351189,6.19585,0,0,45682,0,1.38562,63,0,0,0.0396855,5.72723e-06,0,0,0,0,66,0
cloth-funnel,tight,sweep,325ee,ee,51043,2.31987,0.948003,0.494898,4.53458,0,0,50981,0,3.2951,61,0,0,0.0625551,2.73905e-06,0,0,0,0,62,0
cloth-funnel,tight,sweep,328ee,ee,60460,2.36703,0.97389,0.321975,2.57227,0,0,60421,0,0.651116,37,0,0,0.00240896,5.71589e-06,0,0,0,0,39,0
cloth-funnel,tight,sweep,331ee,ee,55679,2.32931,0.911044,0.301015,1.66533,0,0,55649,0,0.630189,28,0,0,0.000170854,5.59872e-06,0,0,0,0,30,0
cloth-funnel,tight,sweep,335ee,ee,47736,2.35596,1.00544,0.263448,0.860838,0,0,47716,0,0.454578,19,0,0,0.000996606,0,0,0,0,0,20,0
cloth-funnel,tight,sweep,337vf,vf,7989,2.27804,0.306775,0.328214,0.44213,0,0,7985,0,0.383797,4,0,0,0.00127867,0.000113881,0,3.91118e-05,0.00117416,0.00121327,4,0.00117111
cloth-funnel,tight,sweep,340vf,vf,7459,2.30726,0.300119,0.570607,0.506449,0,0,7458,0,0.613453,0,0,0,0,0,0,0,1,1,1,1
cloth-funnel,tight,sweep,343vf,vf,7167,2.28732,0.317622,0.421268,0.472562,0,0,7165,0,0.479857,1,0,0,5.26327e-05,5.26327e-05,0,5.26327e-05,0.203152,0.203204,2,0.203152
cloth-funnel,tight,sweep,347ee,ee,47595,2.33145,0.882726,0.293079,1.16646,0,0,47572,0,0.734762,23,0,0,0.0407121,0,0,0,0,0,23,0
cloth-funnel,tight,sweep,350ee,ee,43598,2.29593,1.03686,0.296247,1.04458,0,0,43576,0,0.587855,20,0,0,9.44074e-05,0,0,0,0,0,22,0
cloth-funnel,tight,sweep,353vf,vf,7074,2.28649,0.371637,0.131612,0.12806,0,0,7072,0,0.148699,1,0,0,0.00163364,0.00163364,0,0.00163364,0.00253296,0.0041666,2,0.00253296
cloth-funnel,tight,sweep,356vf,vf,7324,2.26688,0.302519,0.112252,0.069662,1,0,7323,0,0.129564,0,0,0,0,0,0,1,0,1,1,0
cloth-funnel,tight,sweep,360ee,ee,46845,2.36054,0.894309,0.238393,2.26617,1,0,46813,0,1.0409,29,0,0,0.0172735,1.11865e-05,0,0,0,0,32,0
cloth-funnel,tight,sweep,363ee,ee,44897,2.29705,1.00986,0.289335,1.22854,0,0,44875,0,0.683531,22,0,0,0.0103239,0,0,0,0,0,22,0
cloth-funnel,tight,sweep,366vf,vf,7180,2.2783,0.370165,0.260633,0.345462,0,0,7178,0,0.292152,1,0,0,0.000348707,0.000348707,0,0.000348707,0.159126,0.159475,2,0.159126
cloth-funnel,tight,sweep,369vf,vf,8239,2.29187,0.40194,0.117052,0.098493,0,0,8237,0,0.125244,2,0,0,0.0010651,0.0010651,0,0.0010651,0.76062,0.761685,2,0.76062
cloth-funnel,tight,sweep,373ee,ee,46792,2.30416,0.855494,0.246521,1.18131,0,0,46766,0,0.416883,25,0,0,0.00419522,0,0,0,0,0,26,0
cloth-funnel,tight,sweep,376ee,ee,47824,2.26761,1.02416,0.354582,2.15632,0,0,47796,0,0.895941,26,0,0,0.00110793,5.26305e-06,0,0,0,0,28,0
cloth-funnel,tight,sweep,378vf,vf,7964,2.33388,0.389109,0.658796,0.676971,0,0,7962,0,0.703659,1,0,0,0.00374804,0.00374804,0,0.00374804,0.215683,0.219431,2,0.215683
cloth-funnel,tight,sweep,381vf,vf,10616,2.28483,0.376437,0.633613,0.744713,0,0,10612,0,0.694187,2,0,0,0.000414227,0.000414227,0,8.0384e-06,1.14441e-05,1.94825e-05,4,1.14441e-05
cloth-funnel,tight,sweep,384vf,vf,15759,2.34476,0.435603,0.210009,0.169627,0,0,15757,0,0.234553,2,0,0,2.15698e-05,2.15698e-05,0,8.70276e-06,0.844892,0.8449,2,0.844894
cloth-funnel,tight,sweep,387vf,vf,21176,3.12995,0.54024,0.628589,0.867142,0,0,21174,0,0.621645,2,0,0,0.000258315,0.000258315,0,0.000258315,0.014267,0.0145253,2,0.014267
cloth-funnel,tight,sweep,390ee,ee,110978,3.18938,1.26294,0.488658,1.41314,0,0,110956,0,0.882821,22,0,0,0.000192703,0,0,0,0,0,22,0
cloth-funnel,tight,sweep,393vf,vf,29443,3.04221,0.569615,0.196506,0.418228,0,0,29440,0,0.216985,3,0,0,0.00230415,0.00102598,0,0.00102598,0.000244141,0.00127012,3,0.000244141
cloth-funnel,tight,sweep,399ee,ee,256500,2.93502,1.81291,0.944067,0.92666,0,0,256485,0,1.24281,15,0,0,0.0016105,0,0,0,0,0,15,0
cloth-funnel,tight,sweep,405ee,ee,455642,3.23667,3.08874,1.60658,1.04474,0,0,455626,0,1.92621,16,0,0,0.000689562,0,0,0,0,0,16,0
cloth-funnel,tight,sweep,409ee,ee,450739,3.10295,3.44732,1.64373,1.06387,0,0,450720,0,1.94442,19,0,0,0.00275799,0,0,0,0,0,19,0
cloth-funnel,tight,sweep,414ee,ee,388206,3.02573,3.99943,1.44828,0.744202,0,0,388191,0,2.03162,15,0,0,0.000689295,0,0,0,0,0,15,0
cloth-funnel,tight,sweep,418vf,vf,203660,3.15482,2.44885,0.584047,0.975842,0,0,203650,0,2.1359,10,0,0,0.000284583,3.8147e-06,0,0,0,0,10,0
cloth-funnel,tight,sweep,421vf,vf,88447,3.00429,3.13085,0.295255,0.484338,0,0,88443,0,0.48261,4,0,0,0,0,0,0,0,0,4,0
cloth-funnel,tight,sweep,424vf,vf,25307,3.1807,2.88107,0.209882,0.426771,0,0,25304,0,0.285687,3,0,0,0.00068,0.00036851,0,0,0,0,3,0
cloth-funnel,tight,sweep,427ee,ee,39608,2.8962,3.7269,0.308023,1.02128,0,0,39583,0,0.696715,23,0,0,0.000713517,0,0,0,0,0,25,0
cloth-funnel,tight,sweep,431ee,ee,20512,3.10749,3.89473,0.164251,1.1047,0,0,20495,0,0.526256,16,0,0,0.000999855,0,0,0,0,0,17,0
cloth-funnel,tight,sweep,435vf,vf,3474,3.18365,1.22211,0.245529,0.152987,0,0,3473,0,0.240568,1,0,0,0.000593729,0.000593729,0,0.000593729,0.616089,0.616683,1,0.616089
cloth-funnel,tight,sweep,440ee,ee,15203,2.96049,4.78725,0.659084,1.12816,0,0,15187,0,1.2447,16,0,0,0.00285608,0,0,0,0,0,16,0
cloth-funnel,tight,sweep,443vf,vf,2985,3.12832,1.33884,0.21033,0.155995,0,0,2984,0,0.141532,1,0,0,0.000741035,0.000741035,0,0.000741035,0.0863037,0.0870447,1,0.0863037
cloth-funnel,tight,sweep,448vf,vf,2797,3.07844,1.2814,0.27484,0.145659,0,0,2796,0,0.347542,1,0,0,0.000569012,0.000569012,0,0.000569012,0.525269,0.525838,1,0.525269
cloth-funnel,tight,sweep,451vf,vf,2784,3.06858,1.26745,0.373173,0.320886,0,0,2781,0,0.336213,3,0,0,0.00121463,0.00113114,0,0.00108202,0.0182376,0.0193196,3,0.0181885
cloth-funnel,tight,sweep,457ee,ee,13409,3.03095,5.49395,0.147388,0.814152,0,0,13394,0,0.543536,13,0,0,0,0,0,0,0,0,15,0
cloth-funnel,tight,sweep,460vf,vf,2774,3.16416,1.09683,0.250008,0.157051,0,0,2773,0,0.170523,1,0,0,0.00038065,0.00038065,0,0.00038065,0.533813,0.534194,1,0.533813
cloth-funnel,tight,sweep,465ee,ee,13368,3.14765,5.87854,0.333334,1.279,0,0,13353,0,0.774857,15,0,0,0.00124605,0,0,0,0,0,15,0
cloth-funnel,tight,sweep,469ee,ee,13367,3.06672,5.8268,0.260441,1.0576,0,0,13351,0,0.806567,16,0,0,0.00315822,0,0,0,0,0,16,0
cloth-funnel,tight,sweep,473vf,vf,2770,3.13978,1.05571,0.156539,0.13286,0,0,2769,0,0.233017,1,0,0,0.000166584,0.000166584,0,0.000166584,0.47229,0.472457,1,0.47229
cloth-funnel,tight,sweep,476vf,vf,2769,2.98798,1.09651,0.153947,0.152443,0,0,2768,0,0.186298,1,0,0,0.000426484,0.000426484,0,0.000426484,0.841797,0.842223,1,0.841797
cloth-funnel,tight,sweep,479vf,vf,2775,3.13837,1.01677,0.165467,0.149308,0,0,2773,0,0.28092,2,0,0,0.000425942,0.000425942,0,0.000425942,0.22644,0.226866,2,0.22644
cloth-funnel,tight,sweep,482vf,vf,2776,3.13533,1.01594,0.196346,0.141916,0,0,2775,0,0.234873,1,0,0,0.000809604,0.000809604,0,0.000809604,0.164062,0.164872,1,0.164062
cloth-funnel,tight,sweep,486vf,vf,2772,3.06708,1.07133,0.161435,0.156219,0,0,2771,0,0.193018,1,0,0,0.00109881,0.00109881,0,0.00109881,0.575439,0.576538,1,0.575439
cloth-funnel,tight,sweep,490ee,ee,13332,3.0849,5.70578,0.199386,1.26214,0,0,13317,0,0.766889,14,0,0,0.00367546,0,0,0,0,0,15,0
cloth-funnel,tight,sweep,492vf,vf,2761,3.06167,1.01296,0.189338,0.148188,0,0,2760,0,0.140668,1,0,0,0.000886826,0.000886826,0,0.000886826,0.0264893,0.0273761,1,0.0264893
cloth-funnel,tight,sweep,496ee,ee,13344,3.17642,5.62098,0.1383,0.780937,0,0,13330,0,0.569838,14,0,0,0.000386597,0,0,0,0,0,14,0
cloth-funnel,tight,sweep,53ee,ee,27746,3.15226,1.0561,0.200474,0.157883,0,0,27745,0,0.235577,1,0,0,0.000504498,0.000504498,0,0.000504498,0.736694,0.737199,1,0.736694
cloth-funnel,tight,sweep,64ee,ee,27689,3.12087,1.08397,0.196954,0.153244,0,0,27688,0,0.233145,1,0,0,0.00534556,0.00534556,0,0.00534556,0.166016,0.171361,1,0.166016
n-body-simulation,tight,cell2d,10ee,ee,20233111,1.82357,148.499,52.2307,16.6559,0,0,20206463,0,69.3998,26646,0,0,7.47009e-06,3.37942e-08,0,0,0,0,26648,0
n-body-simulation,tight,cell2d,10vf,vf,8465184,2.32391,37.3724,20.0791,5.91901,0,0,8458666,0,137.967,6517,0,0,2.27247e-06,3.68292e-08,0,0,0,0,6518,0
n-body-simulation,tight,cell2d,11ee,ee,22712558,7.61599,146.934,58.6241,16.9616,0,0,22684742,0,78.9853,27816,0,0,5.98176e-06,3.19064e-08,0,0,0,0,27816,0
n-body-simulation,tight,cell2d,12ee,ee,23298885,6.09766,98.0492,60.0999,21.5799,0,0,23262717,0,87.059,36168,0,0,1.40305e-05,2.83341e-08,0,0,0,0,36168,0
n-body-simulation,tight,cell2d,12vf,vf,9796507,5.79716,29.2996,23.5103,5.92138,0,0,9787975,0,200.988,8532,0,0,6.40949e-06,3.172e-08,0,0,0,0,8532,0
n-body-simulation,tight,cell2d,13vf,vf,8977302,7.13642,25.6883,21.6261,5.29461,0,0,8968991,0,178.602,8311,0,0,6.48621e-06,3.22673e-08,0,0,0,0,8311,0
n-body-simulation,tight,cell2d,14ee,ee,21427135,6.91902,82.9597,55.5303,17.1484,0,0,21391029,0,79.4964,36106,0,0,1.47457e-05,3.06478e-08,0,0,0,0,36106,0
n-body-simulation,tight,cell2d,15ee,ee,21984820,7.19207,151.208,56.7977,19.8563,0,0,21949822,0,81.8967,34998,0,0,3.3871e-05,2.94572e-08,0,0,0,0,34998,0
n-body-simulation,tight,cell2d,15vf,vf,9248785,5.78161,29.466,22.1378,5.88215,0,0,9240889,0,155.483,7896,0,0,4.45426e-06,2.91531e-08,0,0,0,0,7896,0
n-body-simulation,tight,cell2d,16vf,vf,9005415,6.9642,31.6655,21.6215,6.16285,0,0,8996465,0,177.015,8948,0,0,2.20536e-05,3.01147e-08,0,0,0,0,8950,0
n-body-simulation,tight,cell2d,17ee,ee,21072787,7.33427,127.422,54.5868,19.6583,0,0,21036408,0,78.4551,36379,0,0,3.01818e-05,3.08691e-08,0,0,0,0,36379,0
n-body-simulation,tight,cell2d,18ee,ee,22366873,6.26918,117.814,57.8501,64.9375,0,0,22325837,0,87.7605,41031,0,0,1.09356e-05,2.8617e-08,0,0,0,0,41036,0
n-body-simulation,tight,cell2d,18vf,vf,9396388,6.07373,32.1623,22.5247,5.66296,0,0,9386928,0,178.724,9459,0,0,9.34296e-06,3.18984e-08,0,0,0,0,9460,0
n-body-simulation,tight,cell2d,19ee,ee,21029393,7.00055,80.5046,54.4367,19.2092,0,0,20999130,0,75.3205,30258,0,0,3.00402e-05,3.17041e-08,0,0,0,0,30263,0
n-body-simulation,tight,cell2d,1ee,ee,35345362,7.35395,174.066,90.7097,53.5386,0,0,35222026,0,164.41,123333,0,0,1.29314e-05,3.61335e-08,0,0,0,0,123336,0
n-body-simulation,tight,cell2d,1vf,vf,14769418,4.87126,45.9603,35.2209,12.7554,0,0,14743057,0,233.7,26359,0,0,6.25085e-06,4.11763e-08,0,0,0,0,26361,0
n-body-simulation,tight,cell2d,20vf,vf,9117131,4.23413,20.4067,21.8303,9.59312,0,0,9110053,0,164.342,7077,0,0,5.61291e-06,3.03822e-08,0,0,0,0,7078,0
n-body-simulation,tight,cell2d,21ee,ee,22805851,4.05938,81.649,59.0177,17.6565,0,0,22774883,0,82.3548,30968,0,0,4.4361e-06,2.72679e-08,0,0,0,0,30968,0
n-body-simulation,tight,cell2d,22ee,ee,21795408,3.89567,80.913,56.294,17.4145,0,0,21767930,0,82.2645,27478,0,0,3.13674e-05,3.01778e-08,0,0,0,0,27478,0
n-body-simulation,tight,cell2d,22vf,vf,9185667,3.79817,22.9185,21.9566,5.16534,0,0,9178928,0,148.646,6737,0,0,1.86537e-06,3.20736e-08,0,0,0,0,6739,0
n-body-simulation,tight,cell2d,23vf,vf,9019194,4.18498,18.6623,21.7888,6.99902,0,0,9013211,0,187.84,5983,0,0,2.50244e-06,3.37651e-08,0,0,0,0,5983,0
n-body-simulation,tight,cell2d,24ee,ee,22148491,3.95625,74.4298,57.463,23.4212,0,0,22120294,0,79.4001,28197,0,0,4.59852e-06,2.79919e-08,0,0,0,0,28197,0
n-body-simulation,tight,cell2d,25ee,ee,20618082,3.93154,117.055,53.5905,19.6428,0,0,20586680,0,75.2315,31401,0,0,4.72067e-06,2.56311e-08,0,0,0,0,31402,0
n-body-simulation,tight,cell2d,25vf,vf,8643105,3.81411,34.077,20.8227,4.94147,0,0,8635516,0,153.379,7588,0,0,4.52196e-06,2.55405e-08,0,0,0,0,7589,0
n-body-simulation,tight,cell2d,26vf,vf,9021406,4.22869,27.5837,21.4933,8.96409,0,0,9013825,0,167.709,7580,0,0,3.59094e-06,3.13824e-08,0,0,0,0,7581,0
n-body-simulation,tight,cell2d,27ee,ee,19098371,4.08066,74.8078,49.7386,18.9797,0,0,19071875,0,68.0619,26493,0,0,9.3041e-06,2.83666e-08,0,0,0,0,26496,0
n-body-simulation,tight,cell2d,27vf,vf,7953666,4.01164,21.7145,19.4425,7.54742,0,0,7947175,0,156.883,6490,0,0,6.68132e-06,3.04799e-08,0,0,0,0,6491,0
n-body-simulation,tight,cell2d,28vf,vf,9123774,4.24206,35.3666,21.8682,5.25647,0,0,9115644,0,183.799,8129,0,0,1.50428e-06,2.7326e-08,0,0,0,0,8130,0
n-body-simulation,tight,cell2d,29ee,ee,20370113,4.07353,127.879,52.4897,16.6897,0,0,20342501,0,71.8578,27611,0,0,1.79894e-05,3.04796e-08,0,0,0,0,27612,0
n-body-simulation,tight,cell2d,2ee,ee,26617252,4.46878,111.326,68.5684,36.4872,3,0,26541828,0,115.029,75421,0,0,1.0162e-05,4.1016e-08,0,0,0,0,75424,0
n-body-simulation,tight,cell2d,2vf,vf,11120346,4.62935,33.442,26.6017,9.81341,2,0,11104323,0,182.81,16021,0,0,6.89914e-06,4.55741e-08,0,0,0,0,16023,0
n-body-simulation,tight,cell2d,30vf,vf,8787001,3.99058,40.1115,20.8857,5.19359,0,0,8780753,0,157.331,6248,0,0,5.67631e-06,3.10497e-08,0,0,0,0,6248,0
n-body-simulation,tight,cell2d,31ee,ee,22031508,3.93375,124.26,57.0331,18.9929,0,0,21996124,0,82.518,35382,0,0,1.59505e-05,3.03864e-08,0,0,0,0,35384,0
n-body-simulation,tight,cell2d,32ee,ee,21843046,3.99039,87.923,56.4598,18.6982,0,0,21806508,0,81.6112,36538,0,0,1.04363e-05,2.93862e-08,0,0,0,0,36538,0
n-body-simulation,tight,cell2d,32vf,vf,9161763,3.81017,26.9232,22.09,7.81685,0,0,9153337,0,179.701,8426,0,0,4.25456e-06,3.08944e-08,0,0,0,0,8426,0
n-body-simulation,tight,cell2d,33vf,vf,8722574,4.32936,24.8552,21.0515,5.65435,0,0,8714933,0,157.874,7641,0,0,2.84272e-05,3.04841e-08,0,0,0,0,7641,0
n-body-simulation,tight,cell2d,34ee,ee,21859925,3.89903,86.6371,56.3327,22.0136,0,0,21825382,0,82.0905,34537,0,0,3.24727e-05,2.62344e-08,0,0,0,0,34543,0
n-body-simulation,tight,cell2d,35ee,ee,21098462,3.89503,70.0823,54.6984,18.0227,0,0,21069186,0,75.1094,29276,0,0,1.21584e-05,3.04497e-08,0,0,0,0,29276,0
n-body-simulation,tight,cell2d,35vf,vf,8874710,4.18482,21.0087,21.4256,5.231,0,0,8867449,0,183.43,7260,0,0,3.47101e-06,3.12235e-08,0,0,0,0,7261,0
n-body-simulation,tight,cell2d,36ee,ee,19627040,4.19448,80.5679,51.2213,17.1789,0,0,19597820,0,69.8857,29220,0,0,5.11161e-06,3.21914e-08,0,0,0,0,29220,0
n-body-simulation,tight,cell2d,37ee,ee,19185062,3.93494,71.9011,49.7398,15.9481,0,0,19159490,0,66.362,25572,0,0,4.56371e-06,3.25069e-08,0,0,0,0,25572,0
n-body-simulation,tight,cell2d,37vf,vf,8012648,3.9917,21.3267,19.5132,6.82312,0,0,8006106,0,149.738,6542,0,0,3.16461e-06,3.21348e-08,0,0,0,0,6542,0
n-body-simulation,tight,cell2d,38vf,vf,7905846,4.03109,20.3544,19.3544,6.84433,0,0,7900350,0,150.858,5496,0,0,4.80863e-06,4.06404e-08,0,0,0,0,5496,0
n-body-simulation,tight,cell2d,39ee,ee,21063580,4.69079,107.867,54.431,19.5057,0,0,21033333,0,77.2048,30245,0,0,2.06328e-05,3.30086e-08,0,0,0,0,30247,0
n-body-simulation,tight,cell2d,3ee,ee,24385880,4.36437,82.3282,62.8315,30.7106,0,0,24326275,0,99.2177,59601,0,0,8.86061e-06,4.1218e-08,0,0,0,0,59605,0
n-body-simulation,tight,cell2d,3vf,vf,10207136,4.71751,26.2847,24.6097,8.38948,0,0,10194018,0,172.208,13117,0,0,4.9644e-06,4.39886e-08,0,0,0,0,13118,0
n-body-simulation,tight,cell2d,40vf,vf,8658765,3.97897,23.3336,20.6798,12.8303,0,0,8650845,0,155.875,7920,0,0,2.75192e-05,3.18338e-08,0,0,0,0,7920,0
n-body-simulation,tight,cell2d,41ee,ee,20836908,3.70598,101.622,53.8194,20.4595,0,0,20798733,0,78.7685,38175,0,0,6.73718e-06,2.98072e-08,0,0,0,0,38175,0
n-body-simulation,tight,cell2d,42ee,ee,20468804,3.74188,79.4706,52.7529,21.0966,3,0,20431487,0,77.8371,37314,0,0,6.48609e-06,2.79582e-08,0,0,0,0,37317,0
n-body-simulation,tight,cell2d,42vf,vf,8535985,3.95532,25.1554,20.5533,6.44655,1,0,8527047,0,150.917,8936,0,0,6.67685e-06,2.91633e-08,0,0,0,0,8938,0
n-body-simulation,tight,cell2d,43vf,vf,8527805,4.16223,23.1548,20.4834,4.84083,0,0,8521009,0,165.963,6796,0,0,3.22549e-06,3.155e-08,0,0,0,0,6796,0
n-body-simulation,tight,cell2d,44ee,ee,21716865,4.3435,91.8991,55.5932,18.8464,0,0,21689176,0,76.5929,27689,0,0,5.5356e-06,3.27713e-08,0,0,0,0,27689,0
n-body-simulation,tight,cell2d,44vf,vf,9115458,3.90268,24.371,21.6818,5.81626,0,0,9109222,0,166.643,6236,0,0,3.8566e-06,3.30256e-08,0,0,0,0,6236,0
n-body-simulation,tight,cell2d,45vf,vf,8471066,4.42471,25.7301,20.3725,5.6938,0,0,8465023,0,165.368,6043,0,0,1.64565e-06,2.85895e-08,0,0,0,0,6043,0
n-body-simulation,tight,cell2d,46ee,ee,20947885,4.38852,87.0632,54.0025,15.8052,0,0,20922772,0,72.0025,25113,0,0,1.1706e-05,2.86521e-08,0,0,0,0,25113,0
n-body-simulation,tight,cell2d,47ee,ee,20578694,3.9726,112.036,52.9641,16.8007,0,0,20550457,0,71.9697,28237,0,0,1.07412e-05,2.84272e-08,0,0,0,0,28237,0
n-body-simulation,tight,cell2d,47vf,vf,8626515,3.88281,32.5976,20.6469,4.96937,0,0,8619661,0,160.025,6854,0,0,2.9302e-06,2.83444e-08,0,0,0,0,6854,0
n-body-simulation,tight,cell2d,48vf,vf,8421682,4.43716,42.4949,20.2624,4.82125,0,0,8416265,0,173.946,5417,0,0,1.7017e-06,2.40377e-08,0,0,0,0,5417,0
n-body-simulation,tight,cell2d,49ee,ee,19386606,4.45032,83.3781,50.269,16.1334,0,0,19362529,0,66.9765,24077,0,0,8.39248e-06,3.11531e-08,0,0,0,0,24077,0
n-body-simulation,tight,cell2d,4ee,ee,21954997,4.16111,140.64,56.7175,21.4479,0,0,21914305,0,82.7423,40692,0,0,5.28705e-06,4.4684e-08,0,0,0,0,40692,0
n-body-simulation,tight,cell2d,4vf,vf,9205265,4.11327,41.56,22.2181,5.99213,0,0,9196043,0,165.092,9222,0,0,4.75078e-06,4.71856e-08,0,0,0,0,9222,0
n-body-simulation,tight,cell2d,50vf,vf,8646085,4.21448,29.934,20.8092,5.40376,0,0,8638957,0,175.963,7128,0,0,3.80784e-06,3.20756e-08,0,0,0,0,7128,0
n-body-simulation,tight,cell2d,51ee,ee,21999613,4.01487,94.2746,57.0954,20.282,0,0,21962575,0,81.9482,37038,0,0,0.000240146,2.68971e-08,0,0,0,0,37038,0
n-body-simulation,tight,cell2d,51vf,vf,9239945,3.86729,22.1152,22.2033,5.49714,0,0,9231430,0,171.814,8515,0,0,2.14709e-06,3.02374e-08,0,0,0,0,8515,0
n-body-simulation,tight,cell2d,52vf,vf,8913328,4.11154,25.7992,21.4682,5.60792,0,0,8906823,0,174.127,6505,0,0,3.51578e-06,2.8872e-08,0,0,0,0,6505,0
n-body-simulation,tight,cell2d,53ee,ee,21449627,4.00457,86.0007,55.5221,18.5743,0,0,21417653,0,79.1224,31970,0,0,2.1678e-05,2.68819e-08,0,0,0,0,31974,0
n-body-simulation,tight,cell2d,54vf,vf,8790621,4.03845,28.8516,20.8849,6.13626,0,0,8783423,0,144.812,7197,0,0,4.35184e-06,2.7969e-08,0,0,0,0,7198,0
n-body-simulation,tight,cell2d,55ee,ee,21344145,4.27387,141.804,55.3008,18.6888,0,0,21318170,0,75.5023,25975,0,0,6.81358e-06,2.6977e-08,0,0,0,0,25975,0
n-body-simulation,tight,cell2d,56ee,ee,20093033,3.69664,98.1799,52.1308,17.7908,0,0,20058300,0,75.0303,34730,0,0,3.78754e-06,2.66699e-08,0,0,0,0,34733,0
n-body-simulation,tight,cell2d,57ee,ee,19263596,3.90572,89.8523,50.1699,16.7319,0,0,19235875,0,68.8923,27721,0,0,1.67703e-05,3.17561e-08,0,0,0,0,27721,0
n-body-simulation,tight,cell2d,58ee,ee,19764368,4.09429,112.614,51.1498,17.9238,0,0,19732881,0,70.946,31487,0,0,1.42286e-05,2.4435e-08,0,0,0,0,31487,0
n-body-simulation,tight,cell2d,58vf,vf,8270692,3.85849,31.121,19.9692,5.16866,0,0,8263113,0,127.227,7577,0,0,3.01228e-06,2.5302e-08,0,0,0,0,7579,0
n-body-simulation,tight,cell2d,59vf,vf,9124614,3.87807,26.2241,21.939,5.26197,0,0,9116748,0,174.805,7866,0,0,3.85084e-06,2.46844e-08,0,0,0,0,7866,0
n-body-simulation,tight,cell2d,5ee,ee,19807394,4.28283,105.368,51.1927,18.9881,0,0,19773565,0,72.3677,33825,0,0,1.33814e-05,4.56195e-08,0,0,0,0,33829,0
n-body-simulation,tight,cell2d,60ee,ee,22087750,4.10024,100.302,56.8762,17.5873,0,0,22059635,0,77.9084,28115,0,0,2.04103e-05,2.8315e-08,0,0,0,0,28115,0
n-body-simulation,tight,cell2d,60vf,vf,9287198,4.10364,35.8543,22.2186,5.88068,0,0,9280053,0,183.071,7145,0,0,2.06948e-05,2.88345e-08,0,0,0,0,7145,0
n-body-simulation,tight,cell2d,61ee,ee,21582154,4.31208,81.1626,55.645,16.0809,0,0,21556691,0,75.0257,25463,0,0,2.91436e-06,2.90087e-08,0,0,0,0,25463,0
n-body-simulation,tight,cell2d,62ee,ee,20117264,4.10773,88.5854,51.9967,16.2068,0,0,20094145,0,67.579,23119,0,0,1.25757e-05,3.34613e-08,0,0,0,0,23119,0
n-body-simulation,tight,cell2d,62vf,vf,8446582,4.1444,33.1984,20.2574,9.58855,0,0,8440567,0,149.783,6014,0,0,1.05383e-06,3.93378e-08,0,0,0,0,6015,0
n-body-simulation,tight,cell2d,63vf,vf,8893408,4.4091,33.0522,21.1973,4.90032,0,0,8885247,0,184.822,8161,0,0,2.27085e-06,3.16708e-08,0,0,0,0,8161,0
n-body-simulation,tight,cell2d,64ee,ee,21753582,4.39384,129.626,56.1958,16.0517,0,0,21727174,0,75.6187,26406,0,0,3.40448e-06,2.9683e-08,0,0,0,0,26408,0
n-body-simulation,tight,cell2d,65ee,ee,23131903,3.85292,120.743,59.471,19.1557,0,0,23100677,0,81.4666,31226,0,0,1.0753e-05,2.84092e-08,0,0,0,0,31226,0
n-body-simulation,tight,cell2d,65vf,vf,9729635,3.97049,39.3957,23.2295,5.14306,0,0,9722283,0,193.689,7352,0,0,2.71169e-06,2.88221e-08,0,0,0,0,7352,0
n-body-simulation,tight,cell2d,66vf,vf,9651524,4.36869,45.0272,22.9333,6.10496,0,0,9645684,0,180.452,5840,0,0,1.79996e-06,3.1575e-08,0,0,0,0,5840,0
n-body-simulation,tight,cell2d,67ee,ee,22478326,4.2757,196.239,58.2149,17.3546,0,0,22451918,0,78.9832,26408,0,0,4.05685e-06,2.67002e-08,0,0,0,0,26408,0
n-body-simulation,tight,cell2d,68ee,ee,23647355,3.82348,112.391,60.9017,21.0888,0,0,23616234,0,85.1802,31121,0,0,3.16385e-05,2.53747e-08,0,0,0,0,31121,0
n-body-simulation,tight,cell2d,68vf,vf,10006425,3.58531,30.7476,23.7843,6.08845,0,0,9999316,0,177.61,7109,0,0,5.45784e-06,2.63086e-08,0,0,0,0,7109,0
n-body-simulation,tight,cell2d,69vf,vf,9419821,4.14626,29.8217,22.5597,6.09037,0,0,9413479,0,192.102,6341,0,0,2.19908e-06,2.81348e-08,0,0,0,0,6342,0
n-body-simulation,tight,cell2d,6ee,ee,23124800,4.16299,165.666,59.426,17.261,0,0,23087850,0,84.3764,36950,0,0,3.96008e-06,3.62169e-08,0,0,0,0,36950,0
n-body-simulation,tight,cell2d,6vf,vf,9768166,4.26066,55.7621,23.2146,5.37736,0,0,9759218,0,191.602,8948,0,0,2.02348e-06,3.91669e-08,0,0,0,0,8948,0
n-body-simulation,tight,cell2d,70vf,vf,9460310,4.28421,33.5442,22.5016,5.94772,0,0,9454392,0,184.674,5918,0,0,1.50854e-06,2.99507e-08,0,0,0,0,5918,0
n-body-simulation,tight,cell2d,71ee,ee,21754322,4.15784,96.7846,56.1542,17.1506,1,0,21730523,0,74.8055,23792,0,0,1.02857e-05,2.6344e-08,0,0,0,0,23799,0
n-body-simulation,tight,cell2d,72ee,ee,21048746,4.16866,99.7073,54.1008,18.1584,0,0,21021931,0,72.3362,26815,0,0,7.86498e-06,2.79121e-08,0,0,0,0,26815,0
n-body-simulation,tight,cell2d,72vf,vf,8841515,3.77798,31.5644,21.1037,5.24623,0,0,8835285,0,163.899,6230,0,0,1.99333e-06,2.84635e-08,0,0,0,0,6230,0
n-body-simulation,tight,cell2d,73vf,vf,9046341,4.30065,34.1354,21.5253,6.81755,0,0,9039958,0,177.336,6383,0,0,5.65284e-06,2.7597e-08,0,0,0,0,6383,0
n-body-simulation,tight,cell2d,74ee,ee,22454354,4.05832,78.6732,57.8915,16.5206,0,0,22430218,0,78.1199,24136,0,0,4.62182e-06,2.56338e-08,0,0,0,0,24136,0
n-body-simulation,tight,cell2d,7ee,ee,21072753,4.09349,115.156,54.1559,17.7123,0,0,21041494,0,74.1451,31259,0,0,1.44316e-05,3.49502e-08,0,0,0,0,31259,0
n-body-simulation,tight,cell2d,7vf,vf,8850202,4.36302,39.8765,21.2353,5.7881,0,0,8842934,0,171.619,7268,0,0,1.17126e-05,3.85387e-08,0,0,0,0,7268,0
n-body-simulation,tight,cell2d,8vf,vf,9010201,4.38337,40.7205,21.604,5.85626,0,0,9004164,0,186.297,6037,0,0,2.91516e-06,3.25432e-08,0,0,0,0,6037,0
n-body-simulation,tight,cell2d,9ee,ee,24329301,4.15195,86.5128,62.0417,19.1103,0,0,24297671,0,88.1282,31630,0,0,1.19373e-05,2.65296e-08,0,0,0,0,31630,0
n-body-simulation,tight,cell2d,10ee,ee,20233111,1.66476,153.519,52.1206,16.6153,0,0,20206463,0,69.1308,26646,0,0,7.47009e-06,3.37942e-08,0,0,0,0,26648,0
n-body-simulation,tight,cell2d,10vf,vf,8465184,2.35191,37.1568,20.0495,5.96227,0,0,8458666,0,134.763,6517,0,0,2.27247e-06,3.68292e-08,0,0,0,0,6518,0
n-body-simulation,tight,cell2d,11ee,ee,22712558,7.38732,135.576,58.6062,16.9607,0,0,22684742,0,78.6955,27816,0,0,5.98176e-06,3.19064e-08,0,0,0,0,27816,0
n-body-simulation,tight,cell2d,12ee,ee,23298885,6.39138,96.6755,60.0346,21.4597,0,0,23262717,0,86.7877,36168,0,0,1.40305e-05,2.83341e-08,0,0,0,0,36168,0
n-body-simulation,tight,cell2d,12vf,vf,9796507,5.6962,29.0833,23.3898,5.85815,0,0,9787975,0,196.59,8532,0,0,6.40949e-06,3.172e-08,0,0,0,0,8532,0
n-body-simulation,tight,cell2d,13vf,vf,8977302,7.07476,26.8489,21.6543,5.30754,0,0,8968991,0,168.756,8311,0,0,6.48621e-06,3.22673e-08,0,0,0,0,8311,0
n-body-simulation,tight,cell2d,14ee,ee,21427135,6.81515,82.4635,55.5611,17.1229,0,0,21391029,0,79.1527,36106,0,0,1.47457e-05,3.06478e-08,0,0,0,0,36106,0
n-body-simulation,tight,cell2d,15ee,ee,21984820,5.84305,145.183,56.8004,19.8313,0,0,21949822,0,81.8707,34998,0,0,3.3871e-05,2.94572e-08,0,0,0,0,34998,0
n-body-simulation,tight,cell2d,15vf,vf,9248785,5.44341,28.069,22.1711,5.84401,0,0,9240889,0,131.289,7896,0,0,4.45426e-06,2.91531e-08,0,0,0,0,7896,0
n-body-simulation,tight,cell2d,16vf,vf,9005415,6.4854,31.3205,21.5593,6.12006,0,0,8996465,0,173.74,8948,0,0,2.20536e-05,3.01147e-08,0,0,0,0,8950,0
n-body-simulation,tight,cell2d,17ee,ee,21072787,7.06877,139.957,54.5406,19.6327,0,0,21036408,0,78.1642,36379,0,0,3.01818e-05,3.08691e-08,0,0,0,0,36379,0
n-body-simulation,tight,cell2d,18ee,ee,22366873,6.36902,123.182,57.7855,64.9225,0,0,22325837,0,87.5528,41031,0,0,1.09356e-05,2.8617e-08,0,0,0,0,41036,0
n-body-simulation,tight,cell2d,18vf,vf,9396388,6.05888,32.2156,22.4343,5.6619,0,0,9386928,0,184.579,9459,0,0,9.34296e-06,3.18984e-08,0,0,0,0,9460,0
n-body-simulation,tight,cell2d,19ee,ee,21029393,7.1576,91.9439,54.4606,19.221,0,0,20999130,0,75.9555,30258,0,0,3.00402e-05,3.17041e-08,0,0,0,0,30263,0
n-body-simulation,tight,cell2d,1ee,ee,35345362,7.98901,159.338,90.8117,53.7246,0,0,35222026,0,164.371,123333,0,0,1.29314e-05,3.61335e-08,0,0,0,0,123336,0
n-body-simulation,tight,cell2d,1vf,vf,14769418,5.25145,45.4411,35.0912,12.7542,0,0,14743057,0,181.925,26359,0,0,6.25085e-06,4.11763e-08,0,0,0,0,26361,0
n-body-simulation,tight,cell2d,20vf,vf,9117131,7.90222,20.6064,21.69,9.56103,0,0,9110053,0,154.657,7077,0,0,5.61291e-06,3.03822e-08,0,0,0,0,7078,0
n-body-simulation,tight,cell2d,21ee,ee,22805851,4.04869,74.7322,58.9796,17.7635,0,0,22774883,0,83.1205,30968,0,0,4.4361e-06,2.72679e-08,0,0,0,0,30968,0
n-body-simulation,tight,cell2d,22ee,ee,21795408,4.10722,80.1118,56.2714,17.5719,0,0,21767930,0,81.5422,27478,0,0,3.13674e-05,3.01778e-08,0,0,0,0,27478,0
n-body-simulation,tight,cell2d,22vf,vf,9185667,3.98054,22.9881,21.9164,5.21654,0,0,9178928,0,167.975,6737,0,0,1.86537e-06,3.20736e-08,0,0,0,0,6739,0
n-body-simulation,tight,cell2d,23vf,vf,9019194,4.12232,18.6902,21.7691,6.97991,0,0,9013211,0,185.308,5983,0,0,2.50244e-06,3.37651e-08,0,0,0,0,5983,0
n-body-simulation,tight,cell2d,24ee,ee,22148491,4.09218,71.4089,57.4076,23.5253,0,0,22120294,0,77.9556,28197,0,0,4.59852e-06,2.79919e-08,0,0,0,0,28197,0
n-body-simulation,tight,cell2d,25ee,ee,20618082,4.07324,116.523,53.6728,19.5197,0,0,20586680,0,76.3311,31401,0,0,4.72067e-06,2.56311e-08,0,0,0,0,31402,0
n-body-simulation,tight,cell2d,25vf,vf,8643105,3.94089,33.916,20.8439,4.92742,0,0,8635516,0,166.17,7588,0,0,4.52196e-06,2.55405e-08,0,0,0,0,7589,0
n-body-simulation,tight,cell2d,26vf,vf,9021406,4.25461,27.231,21.5574,8.98047,0,0,9013825,0,168.996,7580,0,0,3.59094e-06,3.13824e-08,0,0,0,0,7581,0
n-body-simulation,tight,cell2d,27ee,ee,19098371,3.9286,78.661,49.6595,18.9144,0,0,19071875,0,68.9236,26493,0,0,9.3041e-06,2.83666e-08,0,0,0,0,26496,0
n-body-simulation,tight,cell2d,27vf,vf,7953666,4.00207,21.5102,19.1231,7.51936,0,0,7947175,0,136.242,6490,0,0,6.68132e-06,3.04799e-08,0,0,0,0,6491,0
n-body-simulation,tight,cell2d,28vf,vf,9123774,4.06991,35.5246,21.8643,5.29119,0,0,9115644,0,175.742,8129,0,0,1.50428e-06,2.7326e-08,0,0,0,0,8130,0
n-body-simulation,tight,cell2d,29ee,ee,20370113,4.30577,128.501,52.472,16.6593,0,0,20342501,0,72.32,27611,0,0,1.79894e-05,3.04796e-08,0,0,0,0,27612,0
n-body-simulation,tight,cell2d,2ee,ee,26617252,4.91594,110.27,68.7454,36.3224,3,0,26541828,0,115.262,75421,0,0,1.0162e-05,4.1016e-08,0,0,0,0,75424,0
n-body-simulation,tight,cell2d,2vf,vf,11120346,4.69728,32.9672,26.6633,9.79322,2,0,11104323,0,175.958,16021,0,0,6.89914e-06,4.55741e-08,0,0,0,0,16023,0
n-body-simulation,tight,cell2d,30vf,vf,8787001,3.90489,41.2033,20.9033,5.23078,0,0,8780753,0,154.151,6248,0,0,5.67631e-06,3.10497e-08,0,0,0,0,6248,0
n-body-simulation,tight,cell2d,31ee,ee,22031508,3.86348,115.158,56.9308,19.0485,0,0,21996124,0,82.1015,35382,0,0,1.59505e-05,3.03864e-08,0,0,0,0,35384,0
n-body-simulation,tight,cell2d,32ee,ee,21843046,3.94242,88.4538,56.4898,18.5887,0,0,21806508,0,81.7117,36538,0,0,1.04363e-05,2.93862e-08,0,0,0,0,36538,0
n-body-simulation,tight,cell2d,32vf,vf,9161763,3.78841,26.6285,22.0527,7.86069,0,0,9153337,0,150.308,8426,0,0,4.25456e-06,3.08944e-08,0,0,0,0,8426,0
n-body-simulation,tight,cell2d,33vf,vf,8722574,4.29688,24.693,21.084,5.65156,0,0,8714933,0,171.139,7641,0,0,2.84272e-05,3.04841e-08,0,0,0,0,7641,0
n-body-simulation,tight,cell2d,34ee,ee,21859925,3.88931,86.0368,56.2954,21.647,0,0,21825382,0,81.1025,34537,0,0,3.24727e-05,2.62344e-08,0,0,0,0,34543,0
n-body-simulation,tight,cell2d,35ee,ee,21098462,4.08485,70.5901,54.6719,17.5714,0,0,21069186,0,75.0514,29276,0,0,1.21584e-05,3.04497e-08,0,0,0,0,29276,0
n-body-simulation,tight,cell2d,35vf,vf,8874710,3.84998,21.2163,21.4575,5.2462,0,0,8867449,0,161.085,7260,0,0,3.47101e-06,3.12235e-08,0,0,0,0,7261,0
n-body-simulation,tight,cell2d,36ee,ee,19627040,4.05455,81.9714,51.1355,17.2177,0,0,19597820,0,70.7437,29220,0,0,5.11161e-06,3.21914e-08,0,0,0,0,29220,0
n-body-simulation,tight,cell2d,37ee,ee,19185062,4.30238,71.7364,49.7516,16.1129,0,0,19159490,0,67.3561,25572,0,0,4.56371e-06,3.25069e-08,0,0,0,0,25572,0
n-body-simulation,tight,cell2d,37vf,vf,8012648,3.92182,21.5014,19.5558,6.80942,0,0,8006106,0,140.314,6542,0,0,3.16461e-06,3.21348e-08,0,0,0,0,6542,0
n-body-simulation,tight,cell2d,38vf,vf,7905846,4.05433,20.983,19.2914,6.90139,0,0,7900350,0,159.912,5496,0,0,4.80863e-06,4.06404e-08,0,0,0,0,5496,0
n-body-simulation,tight,cell2d,39ee,ee,21063580,4.5875,101.034,54.4967,19.371,0,0,21033333,0,77.7154,30245,0,0,2.06328e-05,3.30086e-08,0,0,0,0,30247,0
n-body-simulation,tight,cell2d,3ee,ee,24385880,4.34965,87.3213,62.8303,30.8217,0,0,24326275,0,98.237,59601,0,0,8.86061e-06,4.1218e-08,0,0,0,0,59605,0
n-body-simulation,tight,cell2d,3vf,vf,10207136,4.86599,26.2549,24.6427,8.45152,0,0,10194018,0,164.292,13117,0,0,4.9644e-06,4.39886e-08,0,0,0,0,13118,0
n-body-simulation,tight,cell2d,40vf,vf,8658765,4.02156,24.3281,20.6054,12.79,0,0,8650845,0,136.12,7920,0,0,2.75192e-05,3.18338e-08,0,0,0,0,7920,0
n-body-simulation,tight,cell2d,41ee,ee,20836908,3.78902,103.385,53.8033,20.7031,0,0,20798733,0,79.2914,38175,0,0,6.73718e-06,2.98072e-08,0,0,0,0,38175,0
n-body-simulation,tight,cell2d,42ee,ee,20468804,3.71593,84.4178,52.738,21.332,3,0,20431487,0,77.3847,37314,0,0,6.48609e-06,2.79582e-08,0,0,0,0,37317,0
n-body-simulation,tight,cell2d,42vf,vf,8535985,3.85424,25.2716,20.6362,6.5294,1,0,8527047,0,167.455,8936,0,0,6.67685e-06,2.91633e-08,0,0,0,0,8938,0
n-body-simulation,tight,cell2d,43vf,vf,8527805,4.06773,23.749,20.5034,4.85347,0,0,8521009,0,167.444,6796,0,0,3.22549e-06,3.155e-08,0,0,0,0,6796,0
n-body-simulation,tight,cell2d,44ee,ee,21716865,4.55831,93.1577,55.5628,18.8793,0,0,21689176,0,75.8369,27689,0,0,5.5356e-06,3.27713e-08,0,0,0,0,27689,0
n-body-simulation,tight,cell2d,44vf,vf,9115458,3.85055,24.3158,21.6606,5.78423,0,0,9109222,0,165.293,6236,0,0,3.8566e-06,3.30256e-08,0,0,0,0,6236,0
n-body-simulation,tight,cell2d,45vf,vf,8471066,4.18664,25.591,20.3106,5.73892,0,0,8465023,0,165.872,6043,0,0,1.64565e-06,2.85895e-08,0,0,0,0,6043,0
n-body-simulation,tight,cell2d,46ee,ee,20947885,4.01814,87.9691,54.0636,15.9558,0,0,20922772,0,72.3461,25113,0,0,1.1706e-05,2.86521e-08,0,0,0,0,25113,0
n-body-simulation,tight,cell2d,47ee,ee,20578694,3.9438,110.589,52.7948,16.6808,0,0,20550457,0,72.4095,28237,0,0,1.07412e-05,2.84272e-08,0,0,0,0,28237,0
n-body-simulation,tight,cell2d,47vf,vf,8626515,3.95836,33.8678,20.6323,4.97513,0,0,8619661,0,168.845,6854,0,0,2.9302e-06,2.83444e-08,0,0,0,0,6854,0
n-body-simulation,tight,cell2d,48vf,vf,8421682,4.18114,42.3849,20.1997,4.83047,0,0,8416265,0,158.658,5417,0,0,1.7017e-06,2.40377e-08,0,0,0,0,5417,0
n-body-simulation,tight,cell2d,49ee,ee,19386606,4.34981,83.0951,49.991,16.0422,0,0,19362529,0,67.0178,24077,0,0,8.39248e-06,3.11531e-08,0,0,0,0,24077,0
n-body-simulation,tight,cell2d,4ee,ee,21954997,4.15669,143.584,56.6481,21.2728,0,0,21914305,0,82.9703,40692,0,0,5.28705e-06,4.4684e-08,0,0,0,0,40692,0
n-body-simulation,tight,cell2d,4vf,vf,9205265,4.01874,41.4565,22.0897,5.9993,0,0,9196043,0,148.866,9222,0,0,4.75078e-06,4.71856e-08,0,0,0,0,9222,0
n-body-simulation,tight,cell2d,50vf,vf,8646085,4.26862,29.4649,20.8235,5.41483,0,0,8638957,0,172.604,7128,0,0,3.80784e-06,3.20756e-08,0,0,0,0,7128,0
n-body-simulation,tight,cell2d,51ee,ee,21999613,3.78425,89.4524,57.118,20.0352,0,0,21962575,0,81.612,37038,0,0,0.000240146,2.68971e-08,0,0,0,0,37038,0
n-body-simulation,tight,cell2d,51vf,vf,9239945,3.94729,22.1559,22.3077,5.45976,0,0,9231430,0,172.767,8515,0,0,2.14709e-06,3.02374e-08,0,0,0,0,8515,0
n-body-simulation,tight,cell2d,52vf,vf,8913328,4.14616,26.3147,21.2762,5.55304,0,0,8906823,0,159.042,6505,0,0,3.51578e-06,2.8872e-08,0,0,0,0,6505,0
n-body-simulation,tight,cell2d,53ee,ee,21449627,3.98415,92.8907,55.502,18.6723,0,0,21417653,0,79.0453,31970,0,0,2.1678e-05,2.68819e-08,0,0,0,0,31974,0
n-body-simulation,tight,cell2d,54vf,vf,8790621,4.13656,28.3909,21.1117,6.15958,0,0,8783423,0,186.001,7197,0,0,4.35184e-06,2.7969e-08,0,0,0,0,7198,0
n-body-simulation,tight,cell2d,55ee,ee,21344145,4.14933,144.354,55.2536,18.636,0,0,21318170,0,74.4061,25975,0,0,6.81358e-06,2.6977e-08,0,0,0,0,25975,0
n-body-simulation,tight,cell2d,56ee,ee,20093033,3.89084,96.2502,52.1655,17.9232,0,0,20058300,0,76.0832,34730,0,0,3.78754e-06,2.66699e-08,0,0,0,0,34733,0
n-body-simulation,tight,cell2d,57ee,ee,19263596,3.76294,90.0076,50.125,16.6173,0,0,19235875,0,69.2211,27721,0,0,1.67703e-05,3.17561e-08,0,0,0,0,27721,0
n-body-simulation,tight,cell2d,58ee,ee,19764368,3.8792,118.824,51.1959,17.8535,0,0,19732881,0,71.7712,31487,0,0,1.42286e-05,2.4435e-08,0,0,0,0,31487,0
n-body-simulation,tight,cell2d,58vf,vf,8270692,3.93222,30.8698,19.9626,5.16009,0,0,8263113,0,143.59,7577,0,0,3.01228e-06,2.5302e-08,0,0,0,0,7579,0
n-body-simulation,tight,cell2d,59vf,vf,9124614,4.04117,26.2361,21.9461,5.27039,0,0,9116748,0,183.16,7866,0,0,3.85084e-06,2.46844e-08,0,0,0,0,7866,0
n-body-simulation,tight,cell2d,5ee,ee,19807394,4.25016,104.244,51.1877,18.9777,0,0,19773565,0,72.1867,33825,0,0,1.33814e-05,4.56195e-08,0,0,0,0,33829,0
n-body-simulation,tight,cell2d,60ee,ee,22087750,3.77846,96.2498,56.9162,17.6191,0,0,22059635,0,78.1385,28115,0,0,2.04103e-05,2.8315e-08,0,0,0,0,28115,0
n-body-simulation,tight,cell2d,60vf,vf,9287198,4.00674,37.4071,22.1348,5.89085,0,0,9280053,0,185.45,7145,0,0,2.06948e-05,2.88345e-08,0,0,0,0,7145,0
n-body-simulation,tight,cell2d,61ee,ee,21582154,4.25982,88.2542,55.682,16.0056,0,0,21556691,0,75.1808,25463,0,0,2.91436e-06,2.90087e-08,0,0,0,0,25463,0
n-body-simulation,tight,cell2d,62ee,ee,20117264,4.12661,88.4937,51.9764,16.2427,0,0,20094145,0,68.4428,23119,0,0,1.25757e-05,3.34613e-08,0,0,0,0,23119,0
n-body-simulation,tight,cell2d,62vf,vf,8446582,3.85439,36.2822,20.5844,9.66269,0,0,8440567,0,224.488,6014,0,0,1.05383e-06,3.93378e-08,0,0,0,0,6015,0
n-body-simulation,tight,cell2d,63vf,vf,8893408,4.6073,33.2384,21.1286,4.87142,0,0,8885247,0,173.711,8161,0,0,2.27085e-06,3.16708e-08,0,0,0,0,8161,0
n-body-simulation,tight,cell2d,64ee,ee,21753582,4.4522,119.485,56.2201,16.0553,0,0,21727174,0,75.6155,26406,0,0,3.40448e-06,2.9683e-08,0,0,0,0,26408,0
n-body-simulation,tight,cell2d,65ee,ee,23131903,4.02879,124.449,59.4156,18.9827,0,0,23100677,0,81.4781,31226,0,0,1.0753e-05,2.84092e-08,0,0,0,0,31226,0
n-body-simulation,tight,cell2d,65vf,vf,9729635,3.90025,38.9478,23.1997,5.13347,0,0,9722283,0,172.47,7352,0,0,2.71169e-06,2.88221e-08,0,0,0,0,7352,0
n-body-simulation,tight,cell2d,66vf,vf,9651524,4.12047,45.3791,22.9081,6.08557,0,0,9645684,0,187.825,5840,0,0,1.79996e-06,3.1575e-08,0,0,0,0,5840,0
n-body-simulation,tight,cell2d,67ee,ee,22478326,4.15669,217.172,58.2289,17.3977,0,0,22451918,0,78.9147,26408,0,0,4.05685e-06,2.67002e-08,0,0,0,0,26408,0
n-body-simulation,tight,cell2d,68ee,ee,23647355,3.84857,107.449,60.9196,21.0415,0,0,23616234,0,85.4434,31121,0,0,3.16385e-05,2.53747e-08,0,0,0,0,31121,0
n-body-simulation,tight,cell2d,68vf,vf,10006425,3.78825,31.1103,23.7699,6.12134,0,0,9999316,0,145.055,7109,0,0,5.45784e-06,2.63086e-08,0,0,0,0,7109,0
n-body-simulation,tight,cell2d,69vf,vf,9419821,4.05384,30.4494,22.5036,6.0583,0,0,9413479,0,187.826,6341,0,0,2.19908e-06,2.81348e-08,0,0,0,0,6342,0
n-body-simulation,tight,cell2d,6ee,ee,23124800,4.22901,172.554,59.4871,17.2241,0,0,23087850,0,84.531,36950,0,0,3.96008e-06,3.62169e-08,0,0,0,0,36950,0
n-body-simulation,tight,cell2d,6vf,vf,9768166,4.1252,56.8882,23.1572,5.24066,0,0,9759218,0,188.184,8948,0,0,2.02348e-06,3.91669e-08,0,0,0,0,8948,0
n-body-simulation,tight,cell2d,70vf,vf,9460310,4.06489,33.84,22.4897,5.87613,0,0,9454392,0,183.476,5918,0,0,1.50854e-06,2.99507e-08,0,0,0,0,5918,0
n-body-simulation,tight,cell2d,71ee,ee,21754322,4.43899,99.848,56.1912,17.3247,1,0,21730523,0,74.949,23792,0,0,1.02857e-05,2.6344e-08,0,0,0,0,23799,0
n-body-simulation,tight,cell2d,72ee,ee,21048746,4.07941,105.068,54.1187,18.2874,0,0,21021931,0,72.4561,26815,0,0,7.86498e-06,2.79121e-08,0,0,0,0,26815,0
n-body-simulation,tight,cell2d,72vf,vf,8841515,3.73059,31.0542,21.0847,5.25596,0,0,8835285,0,141.993,6230,0,0,1.99333e-06,2.84635e-08,0,0,0,0,6230,0
n-body-simulation,tight,cell2d,73vf,vf,9046341,4.36833,34.246,21.5824,6.87691,0,0,9039958,0,174.903,6383,0,0,5.65284e-06,2.7597e-08,0,0,0,0,6383,0
n-body-simulation,tight,cell2d,74ee,ee,22454354,4.19355,79.0987,57.898,16.4239,0,0,22430218,0,77.8583,24136,0,0,4.62182e-06,2.56338e-08,0,0,0,0,24136,0
n-body-simulation,tight,cell2d,7ee,ee,21072753,4.11698,115.385,54.2711,17.757,0,0,21041494,0,74.0564,31259,0,0,1.44316e-05,3.49502e-08,0,0,0,0,31259,0
n-body-simulation,tight,cell2d,7vf,vf,8850202,4.01234,39.757,21.1415,5.75239,0,0,8842934,0,152.798,7268,0,0,1.17126e-05,3.85387e-08,0,0,0,0,7268,0
n-body-simulation,tight,cell2d,8vf,vf,9010201,4.10709,40.9479,21.568,5.85319,0,0,9004164,0,179.547,6037,0,0,2.91516e-06,3.25432e-08,0,0,0,0,6037,0
n-body-simulation,tight,cell2d,9ee,ee,24329301,4.17935,88.1085,62.008,19.0518,0,0,24297671,0,87.5217,31630,0,0,1.19373e-05,2.65296e-08,0,0,0,0,31630,0
n-body-simulation,tight,cell2dmin,10ee,ee,20233111,1.14678,12.1088,52.8426,16.1674,0,0,20206463,0,70.8056,26646,0,0,7.47009e-06,3.37942e-08,0,0,0,0,26648,0
n-body-simulation,tight,cell2dmin,10vf,vf,8465184,1.52658,36.8801,19.6661,5.82197,0,0,8458666,0,93.0078,6517,0,0,2.27247e-06,3.68292e-08,0,0,0,0,6518,0
n-body-simulation,tight,cell2dmin,11ee,ee,22712558,2.89025,19.7118,58.4912,16.6292,0,0,22684742,0,77.1305,27816,0,0,5.98176e-06,3.19064e-08,0,0,0,0,27816,0
n-body-simulation,tight,cell2dmin,12ee,ee,23298885,2.45948,17.8973,60.1395,21.0349,0,0,23262717,0,85.4488,36168,0,0,1.40305e-05,2.83341e-08,0,0,0,0,36168,0
n-body-simulation,tight,cell2dmin,12vf,vf,9796507,4.11034,28.2425,22.6815,5.63829,0,0,9787975,0,41.3608,8532,0,0,6.40949e-06,3.172e-08,0,0,0,0,8532,0
n-body-simulation,tight,cell2dmin,13vf,vf,8977302,2.35826,25.4013,21.0589,5.19306,0,0,8968991,0,73.0108,8311,0,0,6.48621e-06,3.22673e-08,0,0,0,0,8311,0
n-body-simulation,tight,cell2dmin,14ee,ee,21427135,2.86859,19.0086,55.9725,16.6648,0,0,21391029,0,78.7798,36106,0,0,1.47457e-05,3.06478e-08,0,0,0,0,36106,0
n-body-simulation,tight,cell2dmin,15ee,ee,21984820,2.76993,18.1475,57.0387,19.2621,0,0,21949822,0,80.8809,34998,0,0,3.3871e-05,2.94572e-08,0,0,0,0,34998,0
n-body-simulation,tight,cell2dmin,15vf,vf,9248785,2.21273,28.6503,21.5423,5.74552,0,0,9240889,0,75.4502,7896,0,0,4.45426e-06,2.91531e-08,0,0,0,0,7896,0
n-body-simulation,tight,cell2dmin,16vf,vf,9005415,2.6725,30.0439,21.1447,6.06487,0,0,8996465,0,89.4898,8948,0,0,2.20536e-05,3.01147e-08,0,0,0,0,8950,0
n-body-simulation,tight,cell2dmin,17ee,ee,21072787,3.50325,17.753,55.0131,19.2877,0,0,21036408,0,77.8336,36379,0,0,3.01818e-05,3.08691e-08,0,0,0,0,36379,0
n-body-simulation,tight,cell2dmin,18ee,ee,22366873,2.85227,17.2498,58.0803,63.0466,0,0,22325837,0,86.5782,41031,0,0,1.09356e-05,2.8617e-08,0,0,0,0,41036,0
n-body-simulation,tight,cell2dmin,18vf,vf,9396388,4.11927,31.6451,21.8708,5.5318,0,0,9386928,0,81.7552,9459,0,0,9.34296e-06,3.18984e-08,0,0,0,0,9460,0
n-body-simulation,tight,cell2dmin,19ee,ee,21029393,2.86955,18.9014,54.9654,18.5594,0,0,20999130,0,75.2559,30258,0,0,3.00402e-05,3.17041e-08,0,0,0,0,30263,0
n-body-simulation,tight,cell2dmin,1ee,ee,35345362,3.90094,18.2535,90.9256,52.8131,0,0,35222026,0,162.949,123333,0,0,1.29314e-05,3.61335e-08,0,0,0,0,123336,0
n-body-simulation,tight,cell2dmin,1vf,vf,14769418,2.76641,44.3782,34.2555,12.5622,0,0,14743057,0,69.2659,26359,0,0,6.25085e-06,4.11763e-08,0,0,0,0,26361,0
n-body-simulation,tight,cell2dmin,20vf,vf,9117131,2.56338,20.2376,21.4584,9.40484,0,0,9110053,0,143.357,7077,0,0,5.61291e-06,3.03822e-08,0,0,0,0,7078,0
n-body-simulation,tight,cell2dmin,21ee,ee,22805851,2.55836,16.3961,59.3374,17.1113,0,0,22774883,0,81.6133,30968,0,0,4.4361e-06,2.72679e-08,0,0,0,0,30968,0
n-body-simulation,tight,cell2dmin,22ee,ee,21795408,2.15338,16.8923,56.631,17.2827,0,0,21767930,0,76.6758,27478,0,0,3.13674e-05,3.01778e-08,0,0,0,0,27478,0
n-body-simulation,tight,cell2dmin,22vf,vf,9185667,2.22259,22.5,21.416,5.11463,0,0,9178928,0,108.634,6737,0,0,1.86537e-06,3.20736e-08,0,0,0,0,6739,0
n-body-simulation,tight,cell2dmin,23vf,vf,9019194,2.49221,18.364,21.1638,6.89547,0,0,9013211,0,117.886,5983,0,0,2.50244e-06,3.37651e-08,0,0,0,0,5983,0
n-body-simulation,tight,cell2dmin,24ee,ee,22148491,2.74379,16.5423,57.5228,22.853,0,0,22120294,0,77.2187,28197,0,0,4.59852e-06,2.79919e-08,0,0,0,0,28197,0
n-body-simulation,tight,cell2dmin,25ee,ee,20618082,2.19808,15.9574,53.6591,19.0121,0,0,20586680,0,74.3527,31401,0,0,4.72067e-06,2.56311e-08,0,0,0,0,31402,0
n-body-simulation,tight,cell2dmin,25vf,vf,8643105,2.15178,35.6131,20.316,4.79454,0,0,8635516,0,83.0912,7588,0,0,4.52196e-06,2.55405e-08,0,0,0,0,7589,0
n-body-simulation,tight,cell2dmin,26vf,vf,9021406,2.64488,28.8576,21.0077,8.83158,0,0,9013825,0,89.9252,7580,0,0,3.59094e-06,3.13824e-08,0,0,0,0,7581,0
n-body-simulation,tight,cell2dmin,27ee,ee,19098371,2.69761,15.7609,50.0349,18.3299,0,0,19071875,0,67.8763,26493,0,0,9.3041e-06,2.83666e-08,0,0,0,0,26496,0
n-body-simulation,tight,cell2dmin,27vf,vf,7953666,2.20525,20.841,18.828,7.44131,0,0,7947175,0,83.0059,6490,0,0,6.68132e-06,3.04799e-08,0,0,0,0,6491,0
n-body-simulation,tight,cell2dmin,28vf,vf,9123774,2.61698,34.3434,21.2025,5.10365,0,0,9115644,0,74.6698,8129,0,0,1.50428e-06,2.7326e-08,0,0,0,0,8130,0
n-body-simulation,tight,cell2dmin,29ee,ee,20370113,2.60485,17.3827,52.8615,16.5116,0,0,20342501,0,71.2198,27611,0,0,1.79894e-05,3.04796e-08,0,0,0,0,27612,0
n-body-simulation,tight,cell2dmin,2ee,ee,26617252,2.35942,18.6057,68.8821,35.849,3,0,26541828,0,112.859,75421,0,0,1.0162e-05,4.1016e-08,0,0,0,0,75424,0
n-body-simulation,tight,cell2dmin,2vf,vf,11120346,2.52364,32.3086,25.9123,9.64637,2,0,11104323,0,61.0289,16021,0,0,6.89914e-06,4.55741e-08,0,0,0,0,16023,0
n-body-simulation,tight,cell2dmin,30vf,vf,8787001,4.67256,44.1282,20.593,5.09821,0,0,8780753,0,148.688,6248,0,0,5.67631e-06,3.10497e-08,0,0,0,0,6248,0
n-body-simulation,tight,cell2dmin,31ee,ee,22031508,2.87329,16.9166,57.0597,18.5983,0,0,21996124,0,80.3736,35382,0,0,1.59505e-05,3.03864e-08,0,0,0,0,35384,0
n-body-simulation,tight,cell2dmin,32ee,ee,21843046,2.12339,15.8735,56.836,18.18,0,0,21806508,0,79.9326,36538,0,0,1.04363e-05,2.93862e-08,0,0,0,0,36538,0
n-body-simulation,tight,cell2dmin,32vf,vf,9161763,2.18342,26.1559,21.4374,7.71052,0,0,9153337,0,67.703,8426,0,0,4.25456e-06,3.08944e-08,0,0,0,0,8426,0
n-body-simulation,tight,cell2dmin,33vf,vf,8722574,2.73614,24.7468,20.6248,5.49824,0,0,8714933,0,110.371,7641,0,0,2.84272e-05,3.04841e-08,0,0,0,0,7641,0
n-body-simulation,tight,cell2dmin,34ee,ee,21859925,2.67182,15.4854,56.5761,21.0131,0,0,21825382,0,80.2022,34537,0,0,3.24727e-05,2.62344e-08,0,0,0,0,34543,0
n-body-simulation,tight,cell2dmin,35ee,ee,21098462,2.18736,16.5318,59.2017,16.9013,0,0,21069186,0,77.245,29276,0,0,1.21584e-05,3.04497e-08,0,0,0,0,29276,0
n-body-simulation,tight,cell2dmin,35vf,vf,8874710,2.14064,21.8202,20.9492,5.11719,0,0,8867449,0,93.3026,7260,0,0,3.47101e-06,3.12235e-08,0,0,0,0,7261,0
n-body-simulation,tight,cell2dmin,36ee,ee,19627040,2.70341,15.8537,51.4061,16.7192,0,0,19597820,0,69.6085,29220,0,0,5.11161e-06,3.21914e-08,0,0,0,0,29220,0
n-body-simulation,tight,cell2dmin,37ee,ee,19185062,2.14765,15.7928,50.0909,15.517,0,0,19159490,0,66.5321,25572,0,0,4.56371e-06,3.25069e-08,0,0,0,0,25572,0
n-body-simulation,tight,cell2dmin,37vf,vf,8012648,2.164,20.852,19.0335,6.73557,0,0,8006106,0,95.2689,6542,0,0,3.16461e-06,3.21348e-08,0,0,0,0,6542,0
n-body-simulation,tight,cell2dmin,38vf,vf,7905846,2.75748,20.3845,18.7266,6.71759,0,0,7900350,0,92.1117,5496,0,0,4.80863e-06,4.06404e-08,0,0,0,0,5496,0
n-body-simulation,tight,cell2dmin,39ee,ee,21063580,2.85313,15.075,54.775,18.9854,0,0,21033333,0,75.8835,30245,0,0,2.06328e-05,3.30086e-08,0,0,0,0,30247,0
n-body-simulation,tight,cell2dmin,3ee,ee,24385880,2.27993,17.4581,62.9348,30.3261,0,0,24326275,0,96.8959,59601,0,0,8.86061e-06,4.1218e-08,0,0,0,0,59605,0
n-body-simulation,tight,cell2dmin,3vf,vf,10207136,2.35948,25.8411,23.86,8.33626,0,0,10194018,0,68.0379,13117,0,0,4.9644e-06,4.39886e-08,0,0,0,0,13118,0
n-body-simulation,tight,cell2dmin,40vf,vf,8658765,2.6381,23.3102,20.3809,12.6442,0,0,8650845,0,132.784,7920,0,0,2.75192e-05,3.18338e-08,0,0,0,0,7920,0
n-body-simulation,tight,cell2dmin,41ee,ee,20836908,2.43189,15.8291,54.1272,20.2588,0,0,20798733,0,78.1302,38175,0,0,6.73718e-06,2.98072e-08,0,0,0,0,38175,0
n-body-simulation,tight,cell2dmin,42ee,ee,20468804,2.11171,15.8177,52.9318,20.7155,3,0,20431487,0,76.8913,37314,0,0,6.48609e-06,2.79582e-08,0,0,0,0,37317,0
n-body-simulation,tight,cell2dmin,42vf,vf,8535985,2.10246,24.2293,20.0296,6.36205,1,0,8527047,0,94.8635,8936,0,0,6.67685e-06,2.91633e-08,0,0,0,0,8938,0
n-body-simulation,tight,cell2dmin,43vf,vf,8527805,2.60651,22.6505,19.9975,4.79086,0,0,8521009,0,112.076,6796,0,0,3.22549e-06,3.155e-08,0,0,0,0,6796,0
n-body-simulation,tight,cell2dmin,44ee,ee,21716865,2.8603,16.5593,55.7467,18.5542,0,0,21689176,0,74.2864,27689,0,0,5.5356e-06,3.27713e-08,0,0,0,0,27689,0
n-body-simulation,tight,cell2dmin,44vf,vf,9115458,2.17689,23.5799,21.1014,5.67854,0,0,9109222,0,76.2233,6236,0,0,3.8566e-06,3.30256e-08,0,0,0,0,6236,0
n-body-simulation,tight,cell2dmin,45vf,vf,8471066,2.75415,25.0249,19.7831,5.60126,0,0,8465023,0,92.6317,6043,0,0,1.64565e-06,2.85895e-08,0,0,0,0,6043,0
n-body-simulation,tight,cell2dmin,46ee,ee,20947885,2.72987,16.451,53.9733,15.4323,0,0,20922772,0,70.9665,25113,0,0,1.1706e-05,2.86521e-08,0,0,0,0,25113,0
n-body-simulation,tight,cell2dmin,47ee,ee,20578694,2.27481,19.0603,53.6585,16.63,0,0,20550457,0,71.5843,28237,0,0,1.07412e-05,2.84272e-08,0,0,0,0,28237,0
n-body-simulation,tight,cell2dmin,47vf,vf,8626515,2.15347,33.2196,20.1263,4.84391,0,0,8619661,0,80.4623,6854,0,0,2.9302e-06,2.83444e-08,0,0,0,0,6854,0
n-body-simulation,tight,cell2dmin,48vf,vf,8421682,2.62635,42.9039,20.2424,4.80183,0,0,8416265,0,93.7457,5417,0,0,1.7017e-06,2.40377e-08,0,0,0,0,5417,0
n-body-simulation,tight,cell2dmin,49ee,ee,19386606,2.77498,15.0616,50.0261,15.5095,0,0,19362529,0,65.4978,24077,0,0,8.39248e-06,3.11531e-08,0,0,0,0,24077,0
n-body-simulation,tight,cell2dmin,4ee,ee,21954997,2.31996,16.8192,56.8485,20.8974,0,0,21914305,0,81.4191,40692,0,0,5.28705e-06,4.4684e-08,0,0,0,0,40692,0
n-body-simulation,tight,cell2dmin,4vf,vf,9205265,2.3212,40.5105,21.5969,5.8377,0,0,9196043,0,98.0732,9222,0,0,4.75078e-06,4.71856e-08,0,0,0,0,9222,0
n-body-simulation,tight,cell2dmin,50vf,vf,8646085,2.7083,29.7071,20.4821,5.32697,0,0,8638957,0,128.52,7128,0,0,3.80784e-06,3.20756e-08,0,0,0,0,7128,0
n-body-simulation,tight,cell2dmin,51ee,ee,21999613,2.79393,14.7067,57.197,19.5092,0,0,21962575,0,79.825,37038,0,0,0.000240146,2.68971e-08,0,0,0,0,37038,0
n-body-simulation,tight,cell2dmin,51vf,vf,9239945,2.18921,21.8097,21.6545,5.31701,0,0,9231430,0,93.712,8515,0,0,2.14709e-06,3.02374e-08,0,0,0,0,8515,0
n-body-simulation,tight,cell2dmin,52vf,vf,8913328,2.57918,25.417,20.968,5.44085,0,0,8906823,0,114.267,6505,0,0,3.51578e-06,2.8872e-08,0,0,0,0,6505,0
n-body-simulation,tight,cell2dmin,53ee,ee,21449627,2.55336,17.1442,55.7322,18.193,0,0,21417653,0,77.7224,31970,0,0,2.1678e-05,2.68819e-08,0,0,0,0,31974,0
n-body-simulation,tight,cell2dmin,54vf,vf,8790621,2.14867,27.0418,20.4735,6.03533,0,0,8783423,0,94.7587,7197,0,0,4.35184e-06,2.7969e-08,0,0,0,0,7198,0
n-body-simulation,tight,cell2dmin,55ee,ee,21344145,2.53064,16.93,55.5924,18.0727,0,0,21318170,0,74.1181,25975,0,0,6.81358e-06,2.6977e-08,0,0,0,0,25975,0
n-body-simulation,tight,cell2dmin,56ee,ee,20093033,2.22031,15.9873,52.3732,17.4404,0,0,20058300,0,74.9642,34730,0,0,3.78754e-06,2.66699e-08,0,0,0,0,34733,0
n-body-simulation,tight,cell2dmin,57ee,ee,19263596,2.10147,15.2255,50.4635,16.1674,0,0,19235875,0,68.2959,27721,0,0,1.67703e-05,3.17561e-08,0,0,0,0,27721,0
n-body-simulation,tight,cell2dmin,58ee,ee,19764368,2.70887,15.821,51.4104,17.3047,0,0,19732881,0,70.9042,31487,0,0,1.42286e-05,2.4435e-08,0,0,0,0,31487,0
n-body-simulation,tight,cell2dmin,58vf,vf,8270692,2.33682,30.1382,19.6106,5.06029,0,0,8263113,0,136.237,7577,0,0,3.01228e-06,2.5302e-08,0,0,0,0,7579,0
n-body-simulation,tight,cell2dmin,59vf,vf,9124614,3.11984,25.5322,21.3389,5.16214,0,0,9116748,0,108.125,7866,0,0,3.85084e-06,2.46844e-08,0,0,0,0,7866,0
n-body-simulation,tight,cell2dmin,5ee,ee,19807394,2.63496,16.3871,51.4143,18.5099,0,0,19773565,0,71.2767,33825,0,0,1.33814e-05,4.56195e-08,0,0,0,0,33829,0
n-body-simulation,tight,cell2dmin,60ee,ee,22087750,2.24511,17.4382,56.9389,17.0506,0,0,22059635,0,76.5613,28115,0,0,2.04103e-05,2.8315e-08,0,0,0,0,28115,0
n-body-simulation,tight,cell2dmin,60vf,vf,9287198,2.26892,36.3978,21.6391,5.78775,0,0,9280053,0,101.75,7145,0,0,2.06948e-05,2.88345e-08,0,0,0,0,7145,0
n-body-simulation,tight,cell2dmin,61ee,ee,21582154,2.63716,16.0932,55.6677,15.9089,0,0,21556691,0,73.1487,25463,0,0,2.91436e-06,2.90087e-08,0,0,0,0,25463,0
n-body-simulation,tight,cell2dmin,62ee,ee,20117264,3.19507,16.3674,52.0527,15.555,0,0,20094145,0,70.6874,23119,0,0,1.25757e-05,3.34613e-08,0,0,0,0,23119,0
n-body-simulation,tight,cell2dmin,62vf,vf,8446582,2.18153,33.5445,19.8388,9.41861,0,0,8440567,0,107.665,6014,0,0,1.05383e-06,3.93378e-08,0,0,0,0,6015,0
n-body-simulation,tight,cell2dmin,63vf,vf,8893408,2.86023,32.5172,20.742,4.79895,0,0,8885247,0,118.162,8161,0,0,2.27085e-06,3.16708e-08,0,0,0,0,8161,0
n-body-simulation,tight,cell2dmin,64ee,ee,21753582,2.64939,16.6341,56.6257,15.9099,0,0,21727174,0,74.29,26406,0,0,3.40448e-06,2.9683e-08,0,0,0,0,26408,0
n-body-simulation,tight,cell2dmin,65ee,ee,23131903,2.22041,15.9344,59.6351,18.5162,0,0,23100677,0,79.9213,31226,0,0,1.0753e-05,2.84092e-08,0,0,0,0,31226,0
n-body-simulation,tight,cell2dmin,65vf,vf,9729635,2.26108,38.3448,22.6389,5.01949,0,0,9722283,0,121.645,7352,0,0,2.71169e-06,2.88221e-08,0,0,0,0,7352,0
n-body-simulation,tight,cell2dmin,66vf,vf,9651524,2.64967,44.3797,22.3526,5.96413,0,0,9645684,0,93.9288,5840,0,0,1.79996e-06,3.1575e-08,0,0,0,0,5840,0
n-body-simulation,tight,cell2dmin,67ee,ee,22478326,2.62267,17.9233,58.3032,16.9137,0,0,22451918,0,76.7493,26408,0,0,4.05685e-06,2.67002e-08,0,0,0,0,26408,0
n-body-simulation,tight,cell2dmin,68ee,ee,23647355,2.19762,18.1745,61.3757,20.8006,0,0,23616234,0,85.7753,31121,0,0,3.16385e-05,2.53747e-08,0,0,0,0,31121,0
n-body-simulation,tight,cell2dmin,68vf,vf,10006425,2.16127,30.4399,23.2443,5.97917,0,0,9999316,0,111.556,7109,0,0,5.45784e-06,2.63086e-08,0,0,0,0,7109,0
n-body-simulation,tight,cell2dmin,69vf,vf,9419821,2.59857,30.2622,21.9591,5.96589,0,0,9413479,0,125.709,6341,0,0,2.19908e-06,2.81348e-08,0,0,0,0,6342,0
n-body-simulation,tight,cell2dmin,6ee,ee,23124800,3.21446,17.0929,59.4024,16.7357,0,0,23087850,0,82.8341,36950,0,0,3.96008e-06,3.62169e-08,0,0,0,0,36950,0
n-body-simulation,tight,cell2dmin,6vf,vf,9768166,2.29932,55.9243,22.697,5.24482,0,0,9759218,0,112.851,8948,0,0,2.02348e-06,3.91669e-08,0,0,0,0,8948,0
n-body-simulation,tight,cell2dmin,70vf,vf,9460310,2.7769,33.1225,22.0183,5.7658,0,0,9454392,0,128.851,5918,0,0,1.50854e-06,2.99507e-08,0,0,0,0,5918,0
n-body-simulation,tight,cell2dmin,71ee,ee,21754322,3.15887,15.9048,56.0762,16.7509,1,0,21730523,0,72.6601,23792,0,0,1.02857e-05,2.6344e-08,0,0,0,0,23799,0
n-body-simulation,tight,cell2dmin,72ee,ee,21048746,2.2341,20.4752,54.2022,17.7076,0,0,21021931,0,71.7452,26815,0,0,7.86498e-06,2.79121e-08,0,0,0,0,26815,0
n-body-simulation,tight,cell2dmin,72vf,vf,8841515,2.19907,30.6079,20.5516,5.18697,0,0,8835285,0,85.5947,6230,0,0,1.99333e-06,2.84635e-08,0,0,0,0,6230,0
n-body-simulation,tight,cell2dmin,73vf,vf,9046341,2.65655,33.2346,21.0057,6.70193,0,0,9039958,0,72.6818,6383,0,0,5.65284e-06,2.7597e-08,0,0,0,0,6383,0
n-body-simulation,tight,cell2dmin,74ee,ee,22454354,2.64251,17.0947,57.9576,16.1134,0,0,22430218,0,77.2684,24136,0,0,4.62182e-06,2.56338e-08,0,0,0,0,24136,0
n-body-simulation,tight,cell2dmin,7ee,ee,21072753,2.06192,13.3362,54.2045,17.4687,0,0,21041494,0,73.3807,31259,0,0,1.44316e-05,3.49502e-08,0,0,0,0,31259,0
n-body-simulation,tight,cell2dmin,7vf,vf,8850202,2.53294,39.5008,20.6973,5.64756,0,0,8842934,0,128.623,7268,0,0,1.17126e-05,3.85387e-08,0,0,0,0,7268,0
n-body-simulation,tight,cell2dmin,8vf,vf,9010201,4.02502,42.5506,21.1798,5.74094,0,0,9004164,0,177.469,6037,0,0,2.91516e-06,3.25432e-08,0,0,0,0,6037,0
n-body-simulation,tight,cell2dmin,9ee,ee,24329301,2.63979,17.6384,61.9724,18.6703,0,0,24297671,0,86.387,31630,0,0,1.19373e-05,2.65296e-08,0,0,0,0,31630,0
n-body-simulation,tight,cell2dmin,10ee,ee,20233111,0.903043,10.428,51.9793,16.2256,0,0,20206463,0,68.6787,26646,0,0,7.47009e-06,3.37942e-08,0,0,0,0,26648,0
n-body-simulation,tight,cell2dmin,10vf,vf,8465184,1.52728,37.5176,19.7014,5.83383,0,0,8458666,0,88.6008,6517,0,0,2.27247e-06,3.68292e-08,0,0,0,0,6518,0
n-body-simulation,tight,cell2dmin,11ee,ee,22712558,2.93888,11.7589,58.4802,16.5565,0,0,22684742,0,77.2287,27816,0,0,5.98176e-06,3.19064e-08,0,0,0,0,27816,0
n-body-simulation,tight,cell2dmin,12ee,ee,23298885,2.35506,11.9131,60.0423,20.9392,0,0,23262717,0,84.9923,36168,0,0,1.40305e-05,2.83341e-08,0,0,0,0,36168,0
n-body-simulation,tight,cell2dmin,12vf,vf,9796507,2.20726,28.1988,22.8986,5.73268,0,0,9787975,0,95.4243,8532,0,0,6.40949e-06,3.172e-08,0,0,0,0,8532,0
n-body-simulation,tight,cell2dmin,13vf,vf,8977302,2.62155,26.443,21.1417,5.20143,0,0,8968991,0,102.069,8311,0,0,6.48621e-06,3.22673e-08,0,0,0,0,8311,0
n-body-simulation,tight,cell2dmin,14ee,ee,21427135,2.93674,12.116,56.0711,16.6396,0,0,21391029,0,78.8488,36106,0,0,1.47457e-05,3.06478e-08,0,0,0,0,36106,0
n-body-simulation,tight,cell2dmin,15ee,ee,21984820,2.97382,12.1327,57.1852,19.5794,0,0,21949822,0,81.0647,34998,0,0,3.3871e-05,2.94572e-08,0,0,0,0,34998,0
n-body-simulation,tight,cell2dmin,15vf,vf,9248785,2.31295,28.4346,21.581,5.73297,0,0,9240889,0,69.856,7896,0,0,4.45426e-06,2.91531e-08,0,0,0,0,7896,0
n-body-simulation,tight,cell2dmin,16vf,vf,9005415,2.56513,31.1291,21.0485,6.04361,0,0,8996465,0,70.1554,8948,0,0,2.20536e-05,3.01147e-08,0,0,0,0,8950,0
n-body-simulation,tight,cell2dmin,17ee,ee,21072787,3.0017,12.4716,55.0121,19.1088,0,0,21036408,0,77.6222,36379,0,0,3.01818e-05,3.08691e-08,0,0,0,0,36379,0
n-body-simulation,tight,cell2dmin,18ee,ee,22366873,2.91927,12.4994,58.2155,62.9394,0,0,22325837,0,86.6595,41031,0,0,1.09356e-05,2.8617e-08,0,0,0,0,41036,0
n-body-simulation,tight,cell2dmin,18vf,vf,9396388,2.19206,32.4094,21.8725,5.47603,0,0,9386928,0,73.0858,9459,0,0,9.34296e-06,3.18984e-08,0,0,0,0,9460,0
n-body-simulation,tight,cell2dmin,19ee,ee,21029393,2.92337,12.8155,54.9603,18.8401,0,0,20999130,0,75.7392,30258,0,0,3.00402e-05,3.17041e-08,0,0,0,0,30263,0
n-body-simulation,tight,cell2dmin,1ee,ee,35345362,4.01933,19.8868,91.0566,52.7719,0,0,35222026,0,163.342,123333,0,0,1.29314e-05,3.61335e-08,0,0,0,0,123336,0
n-body-simulation,tight,cell2dmin,1vf,vf,14769418,2.73115,44.8258,34.3205,12.4914,0,0,14743057,0,90.6001,26359,0,0,6.25085e-06,4.11763e-08,0,0,0,0,26361,0
n-body-simulation,tight,cell2dmin,20vf,vf,9117131,2.50853,20.4404,21.5268,9.39137,0,0,9110053,0,106.087,7077,0,0,5.61291e-06,3.03822e-08,0,0,0,0,7078,0
n-body-simulation,tight,cell2dmin,21ee,ee,22805851,2.56613,10.8057,59.3914,17.2597,0,0,22774883,0,81.1085,30968,0,0,4.4361e-06,2.72679e-08,0,0,0,0,30968,0
n-body-simulation,tight,cell2dmin,22ee,ee,21795408,2.33103,13.8158,56.9636,17.169,0,0,21767930,0,77.8019,27478,0,0,3.13674e-05,3.01778e-08,0,0,0,0,27478,0
n-body-simulation,tight,cell2dmin,22vf,vf,9185667,4.93444,23.1332,21.5294,5.0434,0,0,9178928,0,104.362,6737,0,0,1.86537e-06,3.20736e-08,0,0,0,0,6739,0
n-body-simulation,tight,cell2dmin,23vf,vf,9019194,2.7388,18.0734,21.2244,6.89237,0,0,9013211,0,108.811,5983,0,0,2.50244e-06,3.37651e-08,0,0,0,0,5983,0
n-body-simulation,tight,cell2dmin,24ee,ee,22148491,2.68779,10.7329,57.4913,22.9116,0,0,22120294,0,76.8718,28197,0,0,4.59852e-06,2.79919e-08,0,0,0,0,28197,0
n-body-simulation,tight,cell2dmin,25ee,ee,20618082,2.30963,11.1774,53.6402,19.1356,0,0,20586680,0,74.1968,31401,0,0,4.72067e-06,2.56311e-08,0,0,0,0,31402,0
n-body-simulation,tight,cell2dmin,25vf,vf,8643105,2.20957,35.2298,20.4167,4.83601,0,0,8635516,0,110.957,7588,0,0,4.52196e-06,2.55405e-08,0,0,0,0,7589,0
n-body-simulation,tight,cell2dmin,26vf,vf,9021406,2.70584,29.0013,21.087,8.77148,0,0,9013825,0,91.9249,7580,0,0,3.59094e-06,3.13824e-08,0,0,0,0,7581,0
n-body-simulation,tight,cell2dmin,27ee,ee,19098371,2.61544,12.2828,49.9968,18.2431,0,0,19071875,0,68.1932,26493,0,0,9.3041e-06,2.83666e-08,0,0,0,0,26496,0
n-body-simulation,tight,cell2dmin,27vf,vf,7953666,2.15443,21.3348,18.7833,7.38957,0,0,7947175,0,86.2726,6490,0,0,6.68132e-06,3.04799e-08,0,0,0,0,6491,0
n-body-simulation,tight,cell2dmin,28vf,vf,9123774,2.62939,34.5291,21.3814,5.12567,0,0,9115644,0,63.3786,8129,0,0,1.50428e-06,2.7326e-08,0,0,0,0,8130,0
n-body-simulation,tight,cell2dmin,29ee,ee,20370113,2.6028,11.8434,52.7638,16.2022,0,0,20342501,0,71.4745,27611,0,0,1.79894e-05,3.04796e-08,0,0,0,0,27612,0
n-body-simulation,tight,cell2dmin,2ee,ee,26617252,2.38703,16.6792,68.9183,35.7554,3,0,26541828,0,114.557,75421,0,0,1.0162e-05,4.1016e-08,0,0,0,0,75424,0
n-body-simulation,tight,cell2dmin,2vf,vf,11120346,2.32134,32.3012,25.9929,9.58112,2,0,11104323,0,58.1239,16021,0,0,6.89914e-06,4.55741e-08,0,0,0,0,16023,0
n-body-simulation,tight,cell2dmin,30vf,vf,8787001,2.60091,39.9141,20.6751,5.09614,0,0,8780753,0,133.988,6248,0,0,5.67631e-06,3.10497e-08,0,0,0,0,6248,0
n-body-simulation,tight,cell2dmin,31ee,ee,22031508,2.75256,11.6943,57.2202,18.6303,0,0,21996124,0,80.3135,35382,0,0,1.59505e-05,3.03864e-08,0,0,0,0,35384,0
n-body-simulation,tight,cell2dmin,32ee,ee,21843046,2.24214,11.9608,56.7309,18.1405,0,0,21806508,0,80.5944,36538,0,0,1.04363e-05,2.93862e-08,0,0,0,0,36538,0
n-body-simulation,tight,cell2dmin,32vf,vf,9161763,2.22541,26.5648,21.5378,7.7671,0,0,9153337,0,82.4648,8426,0,0,4.25456e-06,3.08944e-08,0,0,0,0,8426,0
n-body-simulation,tight,cell2dmin,33vf,vf,8722574,2.62373,24.7859,20.6052,5.49494,0,0,8714933,0,102.105,7641,0,0,2.84272e-05,3.04841e-08,0,0,0,0,7641,0
n-body-simulation,tight,cell2dmin,34ee,ee,21859925,2.55132,11.0311,56.6947,21.0791,0,0,21825382,0,80.5248,34537,0,0,3.24727e-05,2.62344e-08,0,0,0,0,34543,0
n-body-simulation,tight,cell2dmin,35ee,ee,21098462,2.23635,11.8209,59.6769,17.0517,0,0,21069186,0,77.2782,29276,0,0,1.21584e-05,3.04497e-08,0,0,0,0,29276,0
n-body-simulation,tight,cell2dmin,35vf,vf,8874710,2.17277,21.4125,21.0587,5.09748,0,0,8867449,0,89.3355,7260,0,0,3.47101e-06,3.12235e-08,0,0,0,0,7261,0
n-body-simulation,tight,cell2dmin,36ee,ee,19627040,2.69179,11.8848,51.5196,16.7299,0,0,19597820,0,69.4179,29220,0,0,5.11161e-06,3.21914e-08,0,0,0,0,29220,0
n-body-simulation,tight,cell2dmin,37ee,ee,19185062,2.22233,11.1106,50.2816,15.55,0,0,19159490,0,66.1126,25572,0,0,4.56371e-06,3.25069e-08,0,0,0,0,25572,0
n-body-simulation,tight,cell2dmin,37vf,vf,8012648,2.43164,21.1286,19.0409,6.6478,0,0,8006106,0,91.3789,6542,0,0,3.16461e-06,3.21348e-08,0,0,0,0,6542,0
n-body-simulation,tight,cell2dmin,38vf,vf,7905846,5.27539,19.9546,18.7855,6.73135,0,0,7900350,0,98.6392,5496,0,0,4.80863e-06,4.06404e-08,0,0,0,0,5496,0
n-body-simulation,tight,cell2dmin,39ee,ee,21063580,2.69032,11.164,54.7974,18.6259,0,0,21033333,0,75.8408,30245,0,0,2.06328e-05,3.30086e-08,0,0,0,0,30247,0
n-body-simulation,tight,cell2dmin,3ee,ee,24385880,2.30185,12.7736,62.9547,30.3673,0,0,24326275,0,97.2152,59601,0,0,8.86061e-06,4.1218e-08,0,0,0,0,59605,0
n-body-simulation,tight,cell2dmin,3vf,vf,10207136,2.53628,25.6322,23.7504,8.12052,0,0,10194018,0,40.6654,13117,0,0,4.9644e-06,4.39886e-08,0,0,0,0,13118,0
n-body-simulation,tight,cell2dmin,40vf,vf,8658765,2.30243,22.716,20.3868,12.5511,0,0,8650845,0,54.6555,7920,0,0,2.75192e-05,3.18338e-08,0,0,0,0,7920,0
n-body-simulation,tight,cell2dmin,41ee,ee,20836908,2.36511,11.5685,54.1478,20.0871,0,0,20798733,0,78.395,38175,0,0,6.73718e-06,2.98072e-08,0,0,0,0,38175,0
n-body-simulation,tight,cell2dmin,42ee,ee,20468804,2.34959,13.491,53.11,20.7794,3,0,20431487,0,78.4146,37314,0,0,6.48609e-06,2.79582e-08,0,0,0,0,37317,0
n-body-simulation,tight,cell2dmin,42vf,vf,8535985,2.10509,24.4367,20.0818,6.30759,1,0,8527047,0,78.8286,8936,0,0,6.67685e-06,2.91633e-08,0,0,0,0,8938,0
n-body-simulation,tight,cell2dmin,43vf,vf,8527805,3.7004,22.2522,19.9629,4.75253,0,0,8521009,0,108.103,6796,0,0,3.22549e-06,3.155e-08,0,0,0,0,6796,0
n-body-simulation,tight,cell2dmin,44ee,ee,21716865,2.77684,12.0116,55.8171,18.3904,0,0,21689176,0,74.7363,27689,0,0,5.5356e-06,3.27713e-08,0,0,0,0,27689,0
n-body-simulation,tight,cell2dmin,44vf,vf,9115458,2.12035,23.8438,21.2237,5.71983,0,0,9109222,0,82.4688,6236,0,0,3.8566e-06,3.30256e-08,0,0,0,0,6236,0
n-body-simulation,tight,cell2dmin,45vf,vf,8471066,2.66818,24.7668,19.7929,5.58505,0,0,8465023,0,87.1065,6043,0,0,1.64565e-06,2.85895e-08,0,0,0,0,6043,0
n-body-simulation,tight,cell2dmin,46ee,ee,20947885,2.67179,11.9354,54.2711,15.397,0,0,20922772,0,70.6839,25113,0,0,1.1706e-05,2.86521e-08,0,0,0,0,25113,0
n-body-simulation,tight,cell2dmin,47ee,ee,20578694,2.21037,12.6298,53.1669,16.3244,0,0,20550457,0,71.2813,28237,0,0,1.07412e-05,2.84272e-08,0,0,0,0,28237,0
n-body-simulation,tight,cell2dmin,47vf,vf,8626515,2.19306,32.141,20.1688,4.9067,0,0,8619661,0,97.513,6854,0,0,2.9302e-06,2.83444e-08,0,0,0,0,6854,0
n-body-simulation,tight,cell2dmin,48vf,vf,8421682,2.87882,42.7779,19.6812,4.71653,0,0,8416265,0,102.46,5417,0,0,1.7017e-06,2.40377e-08,0,0,0,0,5417,0
n-body-simulation,tight,cell2dmin,49ee,ee,19386606,2.75505,12.8403,50.2736,15.8635,0,0,19362529,0,66.2805,24077,0,0,8.39248e-06,3.11531e-08,0,0,0,0,24077,0
n-body-simulation,tight,cell2dmin,4ee,ee,21954997,2.31235,12.3693,56.874,20.6255,0,0,21914305,0,81.2012,40692,0,0,5.28705e-06,4.4684e-08,0,0,0,0,40692,0
n-body-simulation,tight,cell2dmin,4vf,vf,9205265,2.19942,41.5071,21.6769,5.84517,0,0,9196043,0,102.098,9222,0,0,4.75078e-06,4.71856e-08,0,0,0,0,9222,0
n-body-simulation,tight,cell2dmin,50vf,vf,8646085,2.65371,29.5572,20.501,5.32675,0,0,8638957,0,121.485,7128,0,0,3.80784e-06,3.20756e-08,0,0,0,0,7128,0
n-body-simulation,tight,cell2dmin,51ee,ee,21999613,2.694,11.2359,57.274,19.5984,0,0,21962575,0,80.5619,37038,0,0,0.000240146,2.68971e-08,0,0,0,0,37038,0
n-body-simulation,tight,cell2dmin,51vf,vf,9239945,2.23008,21.8324,21.7054,5.31075,0,0,9231430,0,76.8885,8515,0,0,2.14709e-06,3.02374e-08,0,0,0,0,8515,0
n-body-simulation,tight,cell2dmin,52vf,vf,8913328,2.72379,25.034,20.9399,5.43139,0,0,8906823,0,109.764,6505,0,0,3.51578e-06,2.8872e-08,0,0,0,0,6505,0
n-body-simulation,tight,cell2dmin,53ee,ee,21449627,3.2321,11.6145,55.7823,18.0992,0,0,21417653,0,77.7494,31970,0,0,2.1678e-05,2.68819e-08,0,0,0,0,31974,0
n-body-simulation,tight,cell2dmin,54vf,vf,8790621,3.98622,27.9288,20.5739,6.07588,0,0,8783423,0,106.02,7197,0,0,4.35184e-06,2.7969e-08,0,0,0,0,7198,0
n-body-simulation,tight,cell2dmin,55ee,ee,21344145,2.45804,10.4326,55.5203,17.9808,0,0,21318170,0,73.9551,25975,0,0,6.81358e-06,2.6977e-08,0,0,0,0,25975,0
n-body-simulation,tight,cell2dmin,56ee,ee,20093033,2.13702,11.486,52.4367,17.4353,0,0,20058300,0,75.0534,34730,0,0,3.78754e-06,2.66699e-08,0,0,0,0,34733,0
n-body-simulation,tight,cell2dmin,57ee,ee,19263596,2.208,11.9918,50.6376,16.2224,0,0,19235875,0,68.7176,27721,0,0,1.67703e-05,3.17561e-08,0,0,0,0,27721,0
n-body-simulation,tight,cell2dmin,58ee,ee,19764368,2.21292,12.3551,51.8436,17.1216,0,0,19732881,0,70.891,31487,0,0,1.42286e-05,2.4435e-08,0,0,0,0,31487,0
n-body-simulation,tight,cell2dmin,58vf,vf,8270692,2.04378,30.3735,19.5458,5.03796,0,0,8263113,0,74.0948,7577,0,0,3.01228e-06,2.5302e-08,0,0,0,0,7579,0
n-body-simulation,tight,cell2dmin,59vf,vf,9124614,2.57125,25.1452,21.3209,5.15431,0,0,9116748,0,69.7018,7866,0,0,3.85084e-06,2.46844e-08,0,0,0,0,7866,0
n-body-simulation,tight,cell2dmin,5ee,ee,19807394,2.84596,12.4042,51.4267,18.3222,0,0,19773565,0,71.259,33825,0,0,1.33814e-05,4.56195e-08,0,0,0,0,33829,0
n-body-simulation,tight,cell2dmin,60ee,ee,22087750,2.30787,13.0641,57.0705,17.2072,0,0,22059635,0,77.1825,28115,0,0,2.04103e-05,2.8315e-08,0,0,0,0,28115,0
n-body-simulation,tight,cell2dmin,60vf,vf,9287198,2.09101,36.2407,21.5762,5.76725,0,0,9280053,0,64.5016,7145,0,0,2.06948e-05,2.88345e-08,0,0,0,0,7145,0
n-body-simulation,tight,cell2dmin,61ee,ee,21582154,2.44447,11.3612,56.2385,15.7359,0,0,21556691,0,72.933,25463,0,0,2.91436e-06,2.90087e-08,0,0,0,0,25463,0
n-body-simulation,tight,cell2dmin,62ee,ee,20117264,2.19644,12.317,52.0822,15.5485,0,0,20094145,0,70.6144,23119,0,0,1.25757e-05,3.34613e-08,0,0,0,0,23119,0
n-body-simulation,tight,cell2dmin,62vf,vf,8446582,2.14682,33.1844,19.8128,9.50121,0,0,8440567,0,108.784,6014,0,0,1.05383e-06,3.93378e-08,0,0,0,0,6015,0
n-body-simulation,tight,cell2dmin,63vf,vf,8893408,2.75633,32.2622,20.6779,5.15792,0,0,8885247,0,63.7781,8161,0,0,2.27085e-06,3.16708e-08,0,0,0,0,8161,0
n-body-simulation,tight,cell2dmin,64ee,ee,21753582,2.58274,13.4465,57.2354,15.6236,0,0,21727174,0,74.5176,26406,0,0,3.40448e-06,2.9683e-08,0,0,0,0,26408,0
n-body-simulation,tight,cell2dmin,65ee,ee,23131903,2.18301,12.0136,60.6094,18.5946,0,0,23100677,0,80.6161,31226,0,0,1.0753e-05,2.84092e-08,0,0,0,0,31226,0
n-body-simulation,tight,cell2dmin,65vf,vf,9729635,2.13696,38.1618,22.5947,4.97998,0,0,9722283,0,75.1525,7352,0,0,2.71169e-06,2.88221e-08,0,0,0,0,7352,0
n-body-simulation,tight,cell2dmin,66vf,vf,9651524,2.84427,44.7169,22.5662,5.95822,0,0,9645684,0,149.18,5840,0,0,1.79996e-06,3.1575e-08,0,0,0,0,5840,0
n-body-simulation,tight,cell2dmin,67ee,ee,22478326,2.56072,12.0545,59.5726,17.0619,0,0,22451918,0,77.2037,26408,0,0,4.05685e-06,2.67002e-08,0,0,0,0,26408,0
n-body-simulation,tight,cell2dmin,68ee,ee,23647355,2.10422,11.2171,61.3219,20.5635,0,0,23616234,0,85.1825,31121,0,0,3.16385e-05,2.53747e-08,0,0,0,0,31121,0
n-body-simulation,tight,cell2dmin,68vf,vf,10006425,2.2368,30.4218,23.2991,5.93745,0,0,9999316,0,141.692,7109,0,0,5.45784e-06,2.63086e-08,0,0,0,0,7109,0
n-body-simulation,tight,cell2dmin,69vf,vf,9419821,2.60216,30.3134,22.0238,5.91614,0,0,9413479,0,80.7571,6341,0,0,2.19908e-06,2.81348e-08,0,0,0,0,6342,0
n-body-simulation,tight,cell2dmin,6ee,ee,23124800,2.56565,11.7524,59.5061,16.5806,0,0,23087850,0,82.3114,36950,0,0,3.96008e-06,3.62169e-08,0,0,0,0,36950,0
n-body-simulation,tight,cell2dmin,6vf,vf,9768166,2.3623,54.9279,22.7046,5.23558,0,0,9759218,0,95.3582,8948,0,0,2.02348e-06,3.91669e-08,0,0,0,0,8948,0
n-body-simulation,tight,cell2dmin,70vf,vf,9460310,2.72491,33.1453,22.1637,5.74478,0,0,9454392,0,133.687,5918,0,0,1.50854e-06,2.99507e-08,0,0,0,0,5918,0
n-body-simulation,tight,cell2dmin,71ee,ee,21754322,2.56389,12.3865,56.2149,16.785,1,0,21730523,0,73.0926,23792,0,0,1.02857e-05,2.6344e-08,0,0,0,0,23799,0
n-body-simulation,tight,cell2dmin,72ee,ee,21048746,2.33865,13.2307,54.3284,17.8424,0,0,21021931,0,71.9874,26815,0,0,7.86498e-06,2.79121e-08,0,0,0,0,26815,0
n-body-simulation,tight,cell2dmin,72vf,vf,8841515,2.35113,31.4937,20.64,5.12756,0,0,8835285,0,140.665,6230,0,0,1.99333e-06,2.84635e-08,0,0,0,0,6230,0
n-body-simulation,tight,cell2dmin,73vf,vf,9046341,2.88705,33.299,21.1497,6.70293,0,0,9039958,0,89.7087,6383,0,0,5.65284e-06,2.7597e-08,0,0,0,0,6383,0
n-body-simulation,tight,cell2dmin,74ee,ee,22454354,2.62555,12.389,58.2172,15.8703,0,0,22430218,0,77.3682,24136,0,0,4.62182e-06,2.56338e-08,0,0,0,0,24136,0
n-body-simulation,tight,cell2dmin,7ee,ee,21072753,2.21513,12.4453,54.4659,17.201,0,0,21041494,0,74.7781,31259,0,0,1.44316e-05,3.49502e-08,0,0,0,0,31259,0
n-body-simulation,tight,cell2dmin,7vf,vf,8850202,4.43142,39.2054,20.631,5.67954,0,0,8842934,0,70.1341,7268,0,0,1.17126e-05,3.85387e-08,0,0,0,0,7268,0
n-body-simulation,tight,cell2dmin,8vf,vf,9010201,2.68933,42.119,21.2459,5.78747,0,0,9004164,0,76.6596,6037,0,0,2.91516e-06,3.25432e-08,0,0,0,0,6037,0
n-body-simulation,tight,cell2dmin,9ee,ee,24329301,2.6316,12.9563,61.9721,18.4836,0,0,24297671,0,85.882,31630,0,0,1.19373e-05,2.65296e-08,0,0,0,0,31630,0
n-body-simulation,tight,cell2dminsort,10ee,ee,20233111,6.26326,10.1951,53.1436,16.5696,0,0,20206463,0,70.0918,26646,0,0,7.47009e-06,3.37942e-08,0,0,0,0,26648,0
n-body-simulation,tight,cell2dminsort,10vf,vf,8465184,7.60511,37.9898,20.0889,5.92583,0,0,8458666,0,166.031,6517,0,0,2.27247e-06,3.68292e-08,0,0,0,0,6518,0
n-body-simulation,tight,cell2dminsort,11ee,ee,22712558,9.29745,20.985,59.6465,16.9319,0,0,22684742,0,80.4436,27816,0,0,5.98176e-06,3.19064e-08,0,0,0,0,27816,0
n-body-simulation,tight,cell2dminsort,12ee,ee,23298885,8.25815,19.5307,61.3206,21.5418,0,0,23262717,0,87.9523,36168,0,0,1.40305e-05,2.83341e-08,0,0,0,0,36168,0
n-body-simulation,tight,cell2dminsort,12vf,vf,9796507,8.46288,29.3448,23.4874,5.84052,0,0,9787975,0,199.987,8532,0,0,6.40949e-06,3.172e-08,0,0,0,0,8532,0
n-body-simulation,tight,cell2dminsort,13vf,vf,8977302,9.89625,26.6197,21.5631,5.32188,0,0,8968991,0,161.512,8311,0,0,6.48621e-06,3.22673e-08,0,0,0,0,8311,0
n-body-simulation,tight,cell2dminsort,14ee,ee,21427135,10.2461,19.8311,56.6353,17.1623,0,0,21391029,0,80.841,36106,0,0,1.47457e-05,3.06478e-08,0,0,0,0,36106,0
n-body-simulation,tight,cell2dminsort,15ee,ee,21984820,10.1264,18.6846,58.1961,19.8194,0,0,21949822,0,83.0393,34998,0,0,3.3871e-05,2.94572e-08,0,0,0,0,34998,0
n-body-simulation,tight,cell2dminsort,15vf,vf,9248785,9.70736,31.1547,22.1119,5.88964,0,0,9240889,0,180.053,7896,0,0,4.45426e-06,2.91531e-08,0,0,0,0,7896,0
n-body-simulation,tight,cell2dminsort,16vf,vf,9005415,10.0555,29.9415,21.5689,6.21981,0,0,8996465,0,162.762,8948,0,0,2.20536e-05,3.01147e-08,0,0,0,0,8950,0
n-body-simulation,tight,cell2dminsort,17ee,ee,21072787,10.4183,19.3993,55.9543,19.6299,0,0,21036408,0,80.0501,36379,0,0,3.01818e-05,3.08691e-08,0,0,0,0,36379,0
n-body-simulation,tight,cell2dminsort,18ee,ee,22366873,10.3684,18.8981,59.2572,64.8774,0,0,22325837,0,89.2655,41031,0,0,1.09356e-05,2.8617e-08,0,0,0,0,41036,0
n-body-simulation,tight,cell2dminsort,18vf,vf,9396388,9.83853,33.8094,22.5703,5.65207,0,0,9386928,0,166.959,9459,0,0,9.34296e-06,3.18984e-08,0,0,0,0,9460,0
n-body-simulation,tight,cell2dminsort,19ee,ee,21029393,10.2259,19.9794,55.9184,19.0828,0,0,20999130,0,78.2085,30258,0,0,3.00402e-05,3.17041e-08,0,0,0,0,30263,0
n-body-simulation,tight,cell2dminsort,1ee,ee,35345362,11.0916,17.0552,93.1211,53.7266,0,0,35222026,0,168.428,123333,0,0,1.29314e-05,3.61335e-08,0,0,0,0,123336,0
n-body-simulation,tight,cell2dminsort,1vf,vf,14769418,10.0962,45.6513,35.1678,12.7568,0,0,14743057,0,230.421,26359,0,0,6.25085e-06,4.11763e-08,0,0,0,0,26361,0
n-body-simulation,tight,cell2dminsort,20vf,vf,9117131,9.81904,20.5309,21.7648,9.56599,0,0,9110053,0,151.91,7077,0,0,5.61291e-06,3.03822e-08,0,0,0,0,7078,0
n-body-simulation,tight,cell2dminsort,21ee,ee,22805851,9.56548,20.6781,60.4632,17.6872,0,0,22774883,0,84.0074,30968,0,0,4.4361e-06,2.72679e-08,0,0,0,0,30968,0
n-body-simulation,tight,cell2dminsort,22ee,ee,21795408,9.1091,19.0885,57.5849,17.3794,0,0,21767930,0,78.9877,27478,0,0,3.13674e-05,3.01778e-08,0,0,0,0,27478,0
n-body-simulation,tight,cell2dminsort,22vf,vf,9185667,9.17122,22.8117,22.0016,5.14774,0,0,9178928,0,164.722,6737,0,0,1.86537e-06,3.20736e-08,0,0,0,0,6739,0
n-body-simulation,tight,cell2dminsort,23vf,vf,9019194,9.83203,17.8362,21.7324,7.07287,0,0,9013211,0,181.039,5983,0,0,2.50244e-06,3.37651e-08,0,0,0,0,5983,0
n-body-simulation,tight,cell2dminsort,24ee,ee,22148491,9.7089,21.594,58.6945,24.0655,0,0,22120294,0,79.7634,28197,0,0,4.59852e-06,2.79919e-08,0,0,0,0,28197,0
n-body-simulation,tight,cell2dminsort,25ee,ee,20618082,9.29063,19.0626,54.6293,19.5171,0,0,20586680,0,76.7298,31401,0,0,4.72067e-06,2.56311e-08,0,0,0,0,31402,0
n-body-simulation,tight,cell2dminsort,25vf,vf,8643105,9.31495,35.2018,20.8922,4.91322,0,0,8635516,0,164.061,7588,0,0,4.52196e-06,2.55405e-08,0,0,0,0,7589,0
n-body-simulation,tight,cell2dminsort,26vf,vf,9021406,9.71206,27.7088,21.5755,8.96677,0,0,9013825,0,176.057,7580,0,0,3.59094e-06,3.13824e-08,0,0,0,0,7581,0
n-body-simulation,tight,cell2dminsort,27ee,ee,19098371,9.71197,20.6761,51.0265,18.8289,0,0,19071875,0,71.1569,26493,0,0,9.3041e-06,2.83666e-08,0,0,0,0,26496,0
n-body-simulation,tight,cell2dminsort,27vf,vf,7953666,9.28148,21.2746,19.3085,7.57986,0,0,7947175,0,145.22,6490,0,0,6.68132e-06,3.04799e-08,0,0,0,0,6491,0
n-body-simulation,tight,cell2dminsort,28vf,vf,9123774,10.1399,36.7369,21.882,5.30888,0,0,9115644,0,186.487,8129,0,0,1.50428e-06,2.7326e-08,0,0,0,0,8130,0
n-body-simulation,tight,cell2dminsort,29ee,ee,20370113,9.98438,20.1795,53.8799,16.6516,0,0,20342501,0,73.9194,27611,0,0,1.79894e-05,3.04796e-08,0,0,0,0,27612,0
n-body-simulation,tight,cell2dminsort,2ee,ee,26617252,8.69507,20.1437,70.2434,36.5649,3,0,26541828,0,116.183,75421,0,0,1.0162e-05,4.1016e-08,0,0,0,0,75424,0
n-body-simulation,tight,cell2dminsort,2vf,vf,11120346,9.41604,33.0356,26.6739,9.77011,2,0,11104323,0,155.483,16021,0,0,6.89914e-06,4.55741e-08,0,0,0,0,16023,0
n-body-simulation,tight,cell2dminsort,30vf,vf,8787001,9.66407,40.2909,21.0088,5.20738,0,0,8780753,0,147.543,6248,0,0,5.67631e-06,3.10497e-08,0,0,0,0,6248,0
n-body-simulation,tight,cell2dminsort,31ee,ee,22031508,10.0441,20.921,58.3215,18.9755,0,0,21996124,0,83.7909,35382,0,0,1.59505e-05,3.03864e-08,0,0,0,0,35384,0
n-body-simulation,tight,cell2dminsort,32ee,ee,21843046,9.49594,21.183,62.3547,18.7468,0,0,21806508,0,87.2909,36538,0,0,1.04363e-05,2.93862e-08,0,0,0,0,36538,0
n-body-simulation,tight,cell2dminsort,32vf,vf,9161763,9.36839,26.6951,21.8796,7.82219,0,0,9153337,0,156.868,8426,0,0,4.25456e-06,3.08944e-08,0,0,0,0,8426,0
n-body-simulation,tight,cell2dminsort,33vf,vf,8722574,9.91299,25.1228,21.0771,5.60996,0,0,8714933,0,152.368,7641,0,0,2.84272e-05,3.04841e-08,0,0,0,0,7641,0
n-body-simulation,tight,cell2dminsort,34ee,ee,21859925,9.90697,20.1244,57.2633,21.6662,0,0,21825382,0,83.0425,34537,0,0,3.24727e-05,2.62344e-08,0,0,0,0,34543,0
n-body-simulation,tight,cell2dminsort,35ee,ee,21098462,9.44132,21.2689,55.7367,17.4762,0,0,21069186,0,77.2519,29276,0,0,1.21584e-05,3.04497e-08,0,0,0,0,29276,0
n-body-simulation,tight,cell2dminsort,35vf,vf,8874710,9.2938,22.2997,21.5058,5.24393,0,0,8867449,0,174.114,7260,0,0,3.47101e-06,3.12235e-08,0,0,0,0,7261,0
n-body-simulation,tight,cell2dminsort,36ee,ee,19627040,9.75725,20.119,52.166,17.2587,0,0,19597820,0,72.0366,29220,0,0,5.11161e-06,3.21914e-08,0,0,0,0,29220,0
n-body-simulation,tight,cell2dminsort,37ee,ee,19185062,9.24132,18.9649,50.774,15.921,0,0,19159490,0,68.3573,25572,0,0,4.56371e-06,3.25069e-08,0,0,0,0,25572,0
n-body-simulation,tight,cell2dminsort,37vf,vf,8012648,9.35646,21.6905,19.5039,6.8947,0,0,8006106,0,148.382,6542,0,0,3.16461e-06,3.21348e-08,0,0,0,0,6542,0
n-body-simulation,tight,cell2dminsort,38vf,vf,7905846,9.83718,20.6205,19.249,6.86417,0,0,7900350,0,150.41,5496,0,0,4.80863e-06,4.06404e-08,0,0,0,0,5496,0
n-body-simulation,tight,cell2dminsort,39ee,ee,21063580,10.62,20.6221,55.5928,19.52,0,0,21033333,0,78.4401,30245,0,0,2.06328e-05,3.30086e-08,0,0,0,0,30247,0
n-body-simulation,tight,cell2dminsort,3ee,ee,24385880,8.44445,19.6815,64.2122,30.7607,0,0,24326275,0,100.939,59601,0,0,8.86061e-06,4.1218e-08,0,0,0,0,59605,0
n-body-simulation,tight,cell2dminsort,3vf,vf,10207136,8.76822,26.6341,24.5482,8.4264,0,0,10194018,0,178.506,13117,0,0,4.9644e-06,4.39886e-08,0,0,0,0,13118,0
n-body-simulation,tight,cell2dminsort,40vf,vf,8658765,9.75933,23.683,20.7024,12.8031,0,0,8650845,0,134.645,7920,0,0,2.75192e-05,3.18338e-08,0,0,0,0,7920,0
n-body-simulation,tight,cell2dminsort,41ee,ee,20836908,9.79641,19.5388,55.1902,20.581,0,0,20798733,0,81.2624,38175,0,0,6.73718e-06,2.98072e-08,0,0,0,0,38175,0
n-body-simulation,tight,cell2dminsort,42ee,ee,20468804,9.30065,19.522,53.9857,21.1395,3,0,20431487,0,79.6944,37314,0,0,6.48609e-06,2.79582e-08,0,0,0,0,37317,0
n-body-simulation,tight,cell2dminsort,42vf,vf,8535985,9.22024,24.7998,20.5646,6.47663,1,0,8527047,0,161.858,8936,0,0,6.67685e-06,2.91633e-08,0,0,0,0,8938,0
n-body-simulation,tight,cell2dminsort,43vf,vf,8527805,9.95459,21.2425,20.3625,4.84141,0,0,8521009,0,155.407,6796,0,0,3.22549e-06,3.155e-08,0,0,0,0,6796,0
n-body-simulation,tight,cell2dminsort,44ee,ee,21716865,9.8279,21.2399,57.0067,18.8835,0,0,21689176,0,77.6351,27689,0,0,5.5356e-06,3.27713e-08,0,0,0,0,27689,0
n-body-simulation,tight,cell2dminsort,44vf,vf,9115458,9.31512,24.1262,21.6282,5.83972,0,0,9109222,0,155.029,6236,0,0,3.8566e-06,3.30256e-08,0,0,0,0,6236,0
n-body-simulation,tight,cell2dminsort,45vf,vf,8471066,9.98556,25.7649,20.2687,5.73194,0,0,8465023,0,161.443,6043,0,0,1.64565e-06,2.85895e-08,0,0,0,0,6043,0
n-body-simulation,tight,cell2dminsort,46ee,ee,20947885,10.0166,21.3508,55.2841,16.044,0,0,20922772,0,73.9845,25113,0,0,1.1706e-05,2.86521e-08,0,0,0,0,25113,0
n-body-simulation,tight,cell2dminsort,47ee,ee,20578694,9.36244,20.8746,54.1005,16.8999,0,0,20550457,0,74.3269,28237,0,0,1.07412e-05,2.84272e-08,0,0,0,0,28237,0
n-body-simulation,tight,cell2dminsort,47vf,vf,8626515,9.33905,33.0748,20.6253,4.98867,0,0,8619661,0,169.104,6854,0,0,2.9302e-06,2.83444e-08,0,0,0,0,6854,0
n-body-simulation,tight,cell2dminsort,48vf,vf,8421682,8.58509,42.6118,20.1152,4.87197,0,0,8416265,0,153.702,5417,0,0,1.7017e-06,2.40377e-08,0,0,0,0,5417,0
n-body-simulation,tight,cell2dminsort,49ee,ee,19386606,10.162,20.4164,51.2325,16.0902,0,0,19362529,0,68.8109,24077,0,0,8.39248e-06,3.11531e-08,0,0,0,0,24077,0
n-body-simulation,tight,cell2dminsort,4ee,ee,21954997,8.40436,18.8678,57.886,21.2142,0,0,21914305,0,84.0931,40692,0,0,5.28705e-06,4.4684e-08,0,0,0,0,40692,0
n-body-simulation,tight,cell2dminsort,4vf,vf,9205265,8.57654,41.4672,22.1466,6.02951,0,0,9196043,0,171.454,9222,0,0,4.75078e-06,4.71856e-08,0,0,0,0,9222,0
n-body-simulation,tight,cell2dminsort,50vf,vf,8646085,9.88928,29.3133,20.7717,5.74103,0,0,8638957,0,168.036,7128,0,0,3.80784e-06,3.20756e-08,0,0,0,0,7128,0
n-body-simulation,tight,cell2dminsort,51ee,ee,21999613,9.59008,21.3081,58.5198,20.0357,0,0,21962575,0,83.6778,37038,0,0,0.000240146,2.68971e-08,0,0,0,0,37038,0
n-body-simulation,tight,cell2dminsort,51vf,vf,9239945,9.32571,22.6744,22.2188,5.44207,0,0,9231430,0,159.834,8515,0,0,2.14709e-06,3.02374e-08,0,0,0,0,8515,0
n-body-simulation,tight,cell2dminsort,52vf,vf,8913328,9.88912,25.4091,21.2939,5.56475,0,0,8906823,0,160.685,6505,0,0,3.51578e-06,2.8872e-08,0,0,0,0,6505,0
n-body-simulation,tight,cell2dminsort,53ee,ee,21449627,9.55949,20.736,56.7662,18.583,0,0,21417653,0,80.4505,31970,0,0,2.1678e-05,2.68819e-08,0,0,0,0,31974,0
n-body-simulation,tight,cell2dminsort,54vf,vf,8790621,9.21573,28.0025,21.0311,6.17254,0,0,8783423,0,156.722,7197,0,0,4.35184e-06,2.7969e-08,0,0,0,0,7198,0
n-body-simulation,tight,cell2dminsort,55ee,ee,21344145,9.52061,20.8694,56.2561,18.583,0,0,21318170,0,76.6843,25975,0,0,6.81358e-06,2.6977e-08,0,0,0,0,25975,0
n-body-simulation,tight,cell2dminsort,56ee,ee,20093033,9.12779,21.1003,53.1552,17.7506,0,0,20058300,0,77.7851,34730,0,0,3.78754e-06,2.66699e-08,0,0,0,0,34733,0
n-body-simulation,tight,cell2dminsort,57ee,ee,19263596,9.38836,21.8771,51.3198,16.6107,0,0,19235875,0,70.8827,27721,0,0,1.67703e-05,3.17561e-08,0,0,0,0,27721,0
n-body-simulation,tight,cell2dminsort,58ee,ee,19764368,9.46173,21.9796,52.2521,17.6317,0,0,19732881,0,74.4253,31487,0,0,1.42286e-05,2.4435e-08,0,0,0,0,31487,0
n-body-simulation,tight,cell2dminsort,58vf,vf,8270692,9.25188,32.8385,20.1141,5.16998,0,0,8263113,0,159.76,7577,0,0,3.01228e-06,2.5302e-08,0,0,0,0,7579,0
n-body-simulation,tight,cell2dminsort,59vf,vf,9124614,11.7836,25.5633,21.8981,5.30876,0,0,9116748,0,179.302,7866,0,0,3.85084e-06,2.46844e-08,0,0,0,0,7866,0
n-body-simulation,tight,cell2dminsort,5ee,ee,19807394,8.68748,20.4912,52.4291,18.9344,0,0,19773565,0,74.2714,33825,0,0,1.33814e-05,4.56195e-08,0,0,0,0,33829,0
n-body-simulation,tight,cell2dminsort,60ee,ee,22087750,7.95899,19.1122,58.1517,17.4616,0,0,22059635,0,79.1205,28115,0,0,2.04103e-05,2.8315e-08,0,0,0,0,28115,0
n-body-simulation,tight,cell2dminsort,60vf,vf,9287198,8.06516,37.0138,22.2725,5.84423,0,0,9280053,0,177.692,7145,0,0,2.06948e-05,2.88345e-08,0,0,0,0,7145,0
n-body-simulation,tight,cell2dminsort,61ee,ee,21582154,8.45955,20.8414,56.828,16.0478,0,0,21556691,0,76.3224,25463,0,0,2.91436e-06,2.90087e-08,0,0,0,0,25463,0
n-body-simulation,tight,cell2dminsort,62ee,ee,20117264,8.24948,20.3879,53.2381,16.1164,0,0,20094145,0,73.533,23119,0,0,1.25757e-05,3.34613e-08,0,0,0,0,23119,0
n-body-simulation,tight,cell2dminsort,62vf,vf,8446582,8.03928,34.3328,20.3497,9.61815,0,0,8440567,0,163.384,6014,0,0,1.05383e-06,3.93378e-08,0,0,0,0,6015,0
n-body-simulation,tight,cell2dminsort,63vf,vf,8893408,8.66704,32.8182,21.1849,4.90925,0,0,8885247,0,168.17,8161,0,0,2.27085e-06,3.16708e-08,0,0,0,0,8161,0
n-body-simulation,tight,cell2dminsort,64ee,ee,21753582,9.79264,20.1695,57.3246,16.0957,0,0,21727174,0,76.7909,26406,0,0,3.40448e-06,2.9683e-08,0,0,0,0,26408,0
n-body-simulation,tight,cell2dminsort,65ee,ee,23131903,7.97042,18.828,60.6502,18.9842,0,0,23100677,0,82.3703,31226,0,0,1.0753e-05,2.84092e-08,0,0,0,0,31226,0
n-body-simulation,tight,cell2dminsort,65vf,vf,9729635,7.96376,38.7381,23.0825,5.11606,0,0,9722283,0,161.012,7352,0,0,2.71169e-06,2.88221e-08,0,0,0,0,7352,0
n-body-simulation,tight,cell2dminsort,66vf,vf,9651524,8.69776,45.1245,22.9105,6.07655,0,0,9645684,0,182.732,5840,0,0,1.79996e-06,3.1575e-08,0,0,0,0,5840,0
n-body-simulation,tight,cell2dminsort,67ee,ee,22478326,8.39217,20.3359,59.689,17.4225,0,0,22451918,0,79.4809,26408,0,0,4.05685e-06,2.67002e-08,0,0,0,0,26408,0
n-body-simulation,tight,cell2dminsort,68ee,ee,23647355,9.33102,21.0868,62.4107,21.1395,0,0,23616234,0,88.495,31121,0,0,3.16385e-05,2.53747e-08,0,0,0,0,31121,0
n-body-simulation,tight,cell2dminsort,68vf,vf,10006425,9.3555,31.0051,23.9413,6.10058,0,0,9999316,0,187.749,7109,0,0,5.45784e-06,2.63086e-08,0,0,0,0,7109,0
n-body-simulation,tight,cell2dminsort,69vf,vf,9419821,9.78374,32.0399,22.5031,6.05418,0,0,9413479,0,179.14,6341,0,0,2.19908e-06,2.81348e-08,0,0,0,0,6342,0
n-body-simulation,tight,cell2dminsort,6ee,ee,23124800,8.62806,21.3392,60.6966,17.1187,0,0,23087850,0,86.1154,36950,0,0,3.96008e-06,3.62169e-08,0,0,0,0,36950,0
n-body-simulation,tight,cell2dminsort,6vf,vf,9768166,8.4073,55.9228,23.2771,5.37605,0,0,9759218,0,199.442,8948,0,0,2.02348e-06,3.91669e-08,0,0,0,0,8948,0
n-body-simulation,tight,cell2dminsort,70vf,vf,9460310,8.64937,34.0012,22.5136,5.87889,0,0,9454392,0,180.53,5918,0,0,1.50854e-06,2.99507e-08,0,0,0,0,5918,0
n-body-simulation,tight,cell2dminsort,71ee,ee,21754322,10.8665,20.8419,57.366,17.3279,1,0,21730523,0,76.0853,23792,0,0,1.02857e-05,2.6344e-08,0,0,0,0,23799,0
n-body-simulation,tight,cell2dminsort,72ee,ee,21048746,7.98696,18.1725,55.0943,18.0421,0,0,21021931,0,73.7179,26815,0,0,7.86498e-06,2.79121e-08,0,0,0,0,26815,0
n-body-simulation,tight,cell2dminsort,72vf,vf,8841515,7.91291,31.3466,21.0516,5.24335,0,0,8835285,0,161.11,6230,0,0,1.99333e-06,2.84635e-08,0,0,0,0,6230,0
n-body-simulation,tight,cell2dminsort,73vf,vf,9046341,8.6016,34.179,21.5779,6.8724,0,0,9039958,0,177.464,6383,0,0,5.65284e-06,2.7597e-08,0,0,0,0,6383,0
n-body-simulation,tight,cell2dminsort,74ee,ee,22454354,8.54506,19.6181,59.1151,16.4028,0,0,22430218,0,79.5084,24136,0,0,4.62182e-06,2.56338e-08,0,0,0,0,24136,0
n-body-simulation,tight,cell2dminsort,7ee,ee,21072753,8.18465,19.8582,55.3612,17.6326,0,0,21041494,0,77.2883,31259,0,0,1.44316e-05,3.49502e-08,0,0,0,0,31259,0
n-body-simulation,tight,cell2dminsort,7vf,vf,8850202,8.32295,39.592,21.1733,5.79479,0,0,8842934,0,181.871,7268,0,0,1.17126e-05,3.85387e-08,0,0,0,0,7268,0
n-body-simulation,tight,cell2dminsort,8vf,vf,9010201,8.86681,42.8381,21.5134,5.86263,0,0,9004164,0,187.517,6037,0,0,2.91516e-06,3.25432e-08,0,0,0,0,6037,0
n-body-simulation,tight,cell2dminsort,9ee,ee,24329301,8.69337,19.7792,63.5175,18.9588,0,0,24297671,0,89.8655,31630,0,0,1.19373e-05,2.65296e-08,0,0,0,0,31630,0
n-body-simulation,tight,cell2dminsort,10ee,ee,20233111,6.33059,8.46983,53.1968,16.6376,0,0,20206463,0,70.5218,26646,0,0,7.47009e-06,3.37942e-08,0,0,0,0,26648,0
n-body-simulation,tight,cell2dminsort,10vf,vf,8465184,7.58153,37.5793,20.175,5.97332,0,0,8458666,0,150.131,6517,0,0,2.27247e-06,3.68292e-08,0,0,0,0,6518,0
n-body-simulation,tight,cell2dminsort,11ee,ee,22712558,9.326,17.962,59.841,16.7777,0,0,22684742,0,80.4555,27816,0,0,5.98176e-06,3.19064e-08,0,0,0,0,27816,0
n-body-simulation,tight,cell2dminsort,12ee,ee,23298885,8.452,16.1386,61.3514,21.5485,0,0,23262717,0,87.3826,36168,0,0,1.40305e-05,2.83341e-08,0,0,0,0,36168,0
n-body-simulation,tight,cell2dminsort,12vf,vf,9796507,8.52877,29.4497,23.4927,5.95488,0,0,9787975,0,189.873,8532,0,0,6.40949e-06,3.172e-08,0,0,0,0,8532,0
n-body-simulation,tight,cell2dminsort,13vf,vf,8977302,9.90486,26.865,21.6778,5.34101,0,0,8968991,0,165.18,8311,0,0,6.48621e-06,3.22673e-08,0,0,0,0,8311,0
n-body-simulation,tight,cell2dminsort,14ee,ee,21427135,10.3065,17.8789,56.6203,17.1843,0,0,21391029,0,80.6336,36106,0,0,1.47457e-05,3.06478e-08,0,0,0,0,36106,0
n-body-simulation,tight,cell2dminsort,15ee,ee,21984820,10.3212,18.2618,58.3529,19.9014,0,0,21949822,0,83.7545,34998,0,0,3.3871e-05,2.94572e-08,0,0,0,0,34998,0
n-body-simulation,tight,cell2dminsort,15vf,vf,9248785,9.58775,30.5274,22.255,5.83514,0,0,9240889,0,163.134,7896,0,0,4.45426e-06,2.91531e-08,0,0,0,0,7896,0
n-body-simulation,tight,cell2dminsort,16vf,vf,9005415,10.1732,29.5482,21.5823,6.17865,0,0,8996465,0,162.391,8948,0,0,2.20536e-05,3.01147e-08,0,0,0,0,8950,0
n-body-simulation,tight,cell2dminsort,17ee,ee,21072787,11.4086,17.946,56.0705,19.557,0,0,21036408,0,79.9509,36379,0,0,3.01818e-05,3.08691e-08,0,0,0,0,36379,0
n-body-simulation,tight,cell2dminsort,18ee,ee,22366873,10.2429,17.194,59.4262,64.6548,0,0,22325837,0,89.3187,41031,0,0,1.09356e-05,2.8617e-08,0,0,0,0,41036,0
n-body-simulation,tight,cell2dminsort,18vf,vf,9396388,9.7271,34.6243,22.5041,5.64651,0,0,9386928,0,157.081,9459,0,0,9.34296e-06,3.18984e-08,0,0,0,0,9460,0
n-body-simulation,tight,cell2dminsort,19ee,ee,21029393,10.2041,19.1072,55.9818,19.0636,0,0,20999130,0,77.6657,30258,0,0,3.00402e-05,3.17041e-08,0,0,0,0,30263,0
n-body-simulation,tight,cell2dminsort,1ee,ee,35345362,11.2614,17.3086,93.1527,53.6265,0,0,35222026,0,165.889,123333,0,0,1.29314e-05,3.61335e-08,0,0,0,0,123336,0
n-body-simulation,tight,cell2dminsort,1vf,vf,14769418,9.67005,46.2967,35.2603,12.7062,0,0,14743057,0,205.881,26359,0,0,6.25085e-06,4.11763e-08,0,0,0,0,26361,0
n-body-simulation,tight,cell2dminsort,20vf,vf,9117131,9.83849,20.2909,21.8443,9.57866,0,0,9110053,0,161.247,7077,0,0,5.61291e-06,3.03822e-08,0,0,0,0,7078,0
n-body-simulation,tight,cell2dminsort,21ee,ee,22805851,9.86496,18.4164,60.4384,17.7372,0,0,22774883,0,84.2283,30968,0,0,4.4361e-06,2.72679e-08,0,0,0,0,30968,0
n-body-simulation,tight,cell2dminsort,22ee,ee,21795408,9.18293,17.9017,57.6644,17.4611,0,0,21767930,0,78.7169,27478,0,0,3.13674e-05,3.01778e-08,0,0,0,0,27478,0
n-body-simulation,tight,cell2dminsort,22vf,vf,9185667,9.21259,22.8855,22.0165,5.1581,0,0,9178928,0,149.618,6737,0,0,1.86537e-06,3.20736e-08,0,0,0,0,6739,0
n-body-simulation,tight,cell2dminsort,23vf,vf,9019194,9.9406,17.9749,21.7947,7.02993,0,0,9013211,0,176.007,5983,0,0,2.50244e-06,3.37651e-08,0,0,0,0,5983,0
n-body-simulation,tight,cell2dminsort,24ee,ee,22148491,9.7889,18.8604,59.0337,23.4582,0,0,22120294,0,80.109,28197,0,0,4.59852e-06,2.79919e-08,0,0,0,0,28197,0
n-body-simulation,tight,cell2dminsort,25ee,ee,20618082,9.64669,19.9915,54.7794,19.6855,0,0,20586680,0,77.2642,31401,0,0,4.72067e-06,2.56311e-08,0,0,0,0,31402,0
n-body-simulation,tight,cell2dminsort,25vf,vf,8643105,9.29925,34.8318,20.8665,4.94915,0,0,8635516,0,145.532,7588,0,0,4.52196e-06,2.55405e-08,0,0,0,0,7589,0
n-body-simulation,tight,cell2dminsort,26vf,vf,9021406,9.78826,27.1313,21.5297,8.99855,0,0,9013825,0,159.13,7580,0,0,3.59094e-06,3.13824e-08,0,0,0,0,7581,0
n-body-simulation,tight,cell2dminsort,27ee,ee,19098371,9.8416,19.4915,50.9881,18.8464,0,0,19071875,0,70.8837,26493,0,0,9.3041e-06,2.83666e-08,0,0,0,0,26496,0
n-body-simulation,tight,cell2dminsort,27vf,vf,7953666,9.38622,21.2735,19.3694,7.55228,0,0,7947175,0,156.61,6490,0,0,6.68132e-06,3.04799e-08,0,0,0,0,6491,0
n-body-simulation,tight,cell2dminsort,28vf,vf,9123774,10.0641,34.9744,21.8942,5.25948,0,0,9115644,0,176.362,8129,0,0,1.50428e-06,2.7326e-08,0,0,0,0,8130,0
n-body-simulation,tight,cell2dminsort,29ee,ee,20370113,9.88998,18.942,53.858,16.6513,0,0,20342501,0,73.7745,27611,0,0,1.79894e-05,3.04796e-08,0,0,0,0,27612,0
n-body-simulation,tight,cell2dminsort,2ee,ee,26617252,8.82063,16.7822,70.3765,36.7802,3,0,26541828,0,116.204,75421,0,0,1.0162e-05,4.1016e-08,0,0,0,0,75424,0
n-body-simulation,tight,cell2dminsort,2vf,vf,11120346,10.145,33.0107,26.6741,9.90435,2,0,11104323,0,203.241,16021,0,0,6.89914e-06,4.55741e-08,0,0,0,0,16023,0
n-body-simulation,tight,cell2dminsort,30vf,vf,8787001,9.85677,40.0467,21.0307,5.16867,0,0,8780753,0,162.329,6248,0,0,5.67631e-06,3.10497e-08,0,0,0,0,6248,0
n-body-simulation,tight,cell2dminsort,31ee,ee,22031508,10.1201,18.6981,58.4355,18.9668,0,0,21996124,0,83.5477,35382,0,0,1.59505e-05,3.03864e-08,0,0,0,0,35384,0
n-body-simulation,tight,cell2dminsort,32ee,ee,21843046,9.37313,18.283,63.0413,18.7339,0,0,21806508,0,87.015,36538,0,0,1.04363e-05,2.93862e-08,0,0,0,0,36538,0
n-body-simulation,tight,cell2dminsort,32vf,vf,9161763,9.37105,27.9302,22.0147,7.84511,0,0,9153337,0,163.741,8426,0,0,4.25456e-06,3.08944e-08,0,0,0,0,8426,0
n-body-simulation,tight,cell2dminsort,33vf,vf,8722574,9.84067,24.7529,21.0909,5.62542,0,0,8714933,0,158.997,7641,0,0,2.84272e-05,3.04841e-08,0,0,0,0,7641,0
n-body-simulation,tight,cell2dminsort,34ee,ee,21859925,9.93552,18.8175,57.586,21.6723,0,0,21825382,0,83.3951,34537,0,0,3.24727e-05,2.62344e-08,0,0,0,0,34543,0
n-body-simulation,tight,cell2dminsort,35ee,ee,21098462,9.35825,18.6446,55.9162,17.3977,0,0,21069186,0,76.2045,29276,0,0,1.21584e-05,3.04497e-08,0,0,0,0,29276,0
n-body-simulation,tight,cell2dminsort,35vf,vf,8874710,9.42503,22.0626,21.5519,5.26405,0,0,8867449,0,171.262,7260,0,0,3.47101e-06,3.12235e-08,0,0,0,0,7261,0
n-body-simulation,tight,cell2dminsort,36ee,ee,19627040,10.0252,20.3796,52.3162,17.1305,0,0,19597820,0,72.1481,29220,0,0,5.11161e-06,3.21914e-08,0,0,0,0,29220,0
n-body-simulation,tight,cell2dminsort,37ee,ee,19185062,9.21544,18.8973,50.8124,15.8724,0,0,19159490,0,68.693,25572,0,0,4.56371e-06,3.25069e-08,0,0,0,0,25572,0
n-body-simulation,tight,cell2dminsort,37vf,vf,8012648,9.33387,21.6328,19.5556,6.86795,0,0,8006106,0,155.019,6542,0,0,3.16461e-06,3.21348e-08,0,0,0,0,6542,0
n-body-simulation,tight,cell2dminsort,38vf,vf,7905846,9.97692,20.3795,19.2985,6.89377,0,0,7900350,0,152.882,5496,0,0,4.80863e-06,4.06404e-08,0,0,0,0,5496,0
n-body-simulation,tight,cell2dminsort,39ee,ee,21063580,10.0483,19.3431,55.7347,19.2569,0,0,21033333,0,78.7639,30245,0,0,2.06328e-05,3.30086e-08,0,0,0,0,30247,0
n-body-simulation,tight,cell2dminsort,3ee,ee,24385880,8.58598,17.0136,64.3516,30.9175,0,0,24326275,0,99.8519,59601,0,0,8.86061e-06,4.1218e-08,0,0,0,0,59605,0
n-body-simulation,tight,cell2dminsort,3vf,vf,10207136,8.87663,26.1978,24.6975,8.47162,0,0,10194018,0,207.564,13117,0,0,4.9644e-06,4.39886e-08,0,0,0,0,13118,0
n-body-simulation,tight,cell2dminsort,40vf,vf,8658765,10.514,23.8852,21.0933,12.8149,0,0,8650845,0,174.711,7920,0,0,2.75192e-05,3.18338e-08,0,0,0,0,7920,0
n-body-simulation,tight,cell2dminsort,41ee,ee,20836908,9.92979,17.6324,55.1408,20.6315,0,0,20798733,0,80.7236,38175,0,0,6.73718e-06,2.98072e-08,0,0,0,0,38175,0
n-body-simulation,tight,cell2dminsort,42ee,ee,20468804,9.29208,17.2362,53.9826,21.3052,3,0,20431487,0,79.7051,37314,0,0,6.48609e-06,2.79582e-08,0,0,0,0,37317,0
n-body-simulation,tight,cell2dminsort,42vf,vf,8535985,9.32142,24.2198,20.5889,6.47593,1,0,8527047,0,141.534,8936,0,0,6.67685e-06,2.91633e-08,0,0,0,0,8938,0
n-body-simulation,tight,cell2dminsort,43vf,vf,8527805,9.8704,21.2686,20.3125,4.84538,0,0,8521009,0,158.876,6796,0,0,3.22549e-06,3.155e-08,0,0,0,0,6796,0
n-body-simulation,tight,cell2dminsort,44ee,ee,21716865,9.84691,20.191,57.1325,18.8956,0,0,21689176,0,77.8447,27689,0,0,5.5356e-06,3.27713e-08,0,0,0,0,27689,0
n-body-simulation,tight,cell2dminsort,44vf,vf,9115458,9.4162,24.2245,21.7514,5.83585,0,0,9109222,0,182.74,6236,0,0,3.8566e-06,3.30256e-08,0,0,0,0,6236,0
n-body-simulation,tight,cell2dminsort,45vf,vf,8471066,10.0642,25.6239,20.3483,5.71598,0,0,8465023,0,163.481,6043,0,0,1.64565e-06,2.85895e-08,0,0,0,0,6043,0
n-body-simulation,tight,cell2dminsort,46ee,ee,20947885,9.97184,20.0716,55.3258,15.896,0,0,20922772,0,74.0169,25113,0,0,1.1706e-05,2.86521e-08,0,0,0,0,25113,0
n-body-simulation,tight,cell2dminsort,47ee,ee,20578694,9.46036,20.2419,54.1628,16.755,0,0,20550457,0,74.0342,28237,0,0,1.07412e-05,2.84272e-08,0,0,0,0,28237,0
n-body-simulation,tight,cell2dminsort,47vf,vf,8626515,9.14619,31.6921,20.6523,4.97424,0,0,8619661,0,137.659,6854,0,0,2.9302e-06,2.83444e-08,0,0,0,0,6854,0
n-body-simulation,tight,cell2dminsort,48vf,vf,8421682,8.54189,42.8717,20.295,4.87427,0,0,8416265,0,167.443,5417,0,0,1.7017e-06,2.40377e-08,0,0,0,0,5417,0
n-body-simulation,tight,cell2dminsort,49ee,ee,19386606,10.0534,19.4657,51.3089,16.1274,0,0,19362529,0,68.6808,24077,0,0,8.39248e-06,3.11531e-08,0,0,0,0,24077,0
n-body-simulation,tight,cell2dminsort,4ee,ee,21954997,8.38356,17.1594,58.0081,21.3705,0,0,21914305,0,83.6891,40692,0,0,5.28705e-06,4.4684e-08,0,0,0,0,40692,0
n-body-simulation,tight,cell2dminsort,4vf,vf,9205265,8.42448,41.8612,22.0704,6.01082,0,0,9196043,0,157.075,9222,0,0,4.75078e-06,4.71856e-08,0,0,0,0,9222,0
n-body-simulation,tight,cell2dminsort,50vf,vf,8646085,9.74679,29.8256,20.7433,5.37816,0,0,8638957,0,161.455,7128,0,0,3.80784e-06,3.20756e-08,0,0,0,0,7128,0
n-body-simulation,tight,cell2dminsort,51ee,ee,21999613,9.62813,19.3443,58.4334,19.8663,0,0,21962575,0,83.2064,37038,0,0,0.000240146,2.68971e-08,0,0,0,0,37038,0
n-body-simulation,tight,cell2dminsort,51vf,vf,9239945,9.32612,22.7313,22.2739,5.44136,0,0,9231430,0,172.284,8515,0,0,2.14709e-06,3.02374e-08,0,0,0,0,8515,0
n-body-simulation,tight,cell2dminsort,52vf,vf,8913328,9.94611,26.2814,21.4492,5.56094,0,0,8906823,0,173.086,6505,0,0,3.51578e-06,2.8872e-08,0,0,0,0,6505,0
n-body-simulation,tight,cell2dminsort,53ee,ee,21449627,9.69412,19.3616,56.8123,18.4424,0,0,21417653,0,80.2619,31970,0,0,2.1678e-05,2.68819e-08,0,0,0,0,31974,0
n-body-simulation,tight,cell2dminsort,54vf,vf,8790621,9.35099,28.4309,21.0261,6.1447,0,0,8783423,0,160.675,7197,0,0,4.35184e-06,2.7969e-08,0,0,0,0,7198,0
n-body-simulation,tight,cell2dminsort,55ee,ee,21344145,9.70413,19.705,56.2869,18.3483,0,0,21318170,0,76.7394,25975,0,0,6.81358e-06,2.6977e-08,0,0,0,0,25975,0
n-body-simulation,tight,cell2dminsort,56ee,ee,20093033,9.10584,19.2947,53.2896,17.8376,0,0,20058300,0,77.6018,34730,0,0,3.78754e-06,2.66699e-08,0,0,0,0,34733,0
n-body-simulation,tight,cell2dminsort,57ee,ee,19263596,9.21781,19.1416,51.3724,16.8448,0,0,19235875,0,70.8726,27721,0,0,1.67703e-05,3.17561e-08,0,0,0,0,27721,0
n-body-simulation,tight,cell2dminsort,58ee,ee,19764368,9.31572,21.0002,52.1841,17.7215,0,0,19732881,0,74.2194,31487,0,0,1.42286e-05,2.4435e-08,0,0,0,0,31487,0
n-body-simulation,tight,cell2dminsort,58vf,vf,8270692,9.33112,31.2821,20.111,5.1837,0,0,8263113,0,168.297,7577,0,0,3.01228e-06,2.5302e-08,0,0,0,0,7579,0
n-body-simulation,tight,cell2dminsort,59vf,vf,9124614,9.7303,25.5841,21.9129,5.26569,0,0,9116748,0,179.291,7866,0,0,3.85084e-06,2.46844e-08,0,0,0,0,7866,0
n-body-simulation,tight,cell2dminsort,5ee,ee,19807394,8.68281,18.9113,52.3747,19.0141,0,0,19773565,0,73.7551,33825,0,0,1.33814e-05,4.56195e-08,0,0,0,0,33829,0
n-body-simulation,tight,cell2dminsort,60ee,ee,22087750,8.11851,19.3268,58.2939,17.4488,0,0,22059635,0,79.4904,28115,0,0,2.04103e-05,2.8315e-08,0,0,0,0,28115,0
n-body-simulation,tight,cell2dminsort,60vf,vf,9287198,8.11755,37.6212,22.1488,5.88756,0,0,9280053,0,170.62,7145,0,0,2.06948e-05,2.88345e-08,0,0,0,0,7145,0
n-body-simulation,tight,cell2dminsort,61ee,ee,21582154,8.44842,18.8843,56.7837,16.1206,0,0,21556691,0,75.7344,25463,0,0,2.91436e-06,2.90087e-08,0,0,0,0,25463,0
n-body-simulation,tight,cell2dminsort,62ee,ee,20117264,8.09704,19.8336,53.197,16.1596,0,0,20094145,0,73.4596,23119,0,0,1.25757e-05,3.34613e-08,0,0,0,0,23119,0
n-body-simulation,tight,cell2dminsort,62vf,vf,8446582,8.19633,35.4002,20.428,9.6025,0,0,8440567,0,171.463,6014,0,0,1.05383e-06,3.93378e-08,0,0,0,0,6015,0
n-body-simulation,tight,cell2dminsort,63vf,vf,8893408,8.71059,32.6893,21.2705,4.91786,0,0,8885247,0,173.686,8161,0,0,2.27085e-06,3.16708e-08,0,0,0,0,8161,0
n-body-simulation,tight,cell2dminsort,64ee,ee,21753582,9.72202,18.1721,57.3957,16.0668,0,0,21727174,0,76.3827,26406,0,0,3.40448e-06,2.9683e-08,0,0,0,0,26408,0
n-body-simulation,tight,cell2dminsort,65ee,ee,23131903,7.98734,16.3111,60.7937,19.0692,0,0,23100677,0,82.1942,31226,0,0,1.0753e-05,2.84092e-08,0,0,0,0,31226,0
n-body-simulation,tight,cell2dminsort,65vf,vf,9729635,8.00145,38.5523,23.2514,5.09708,0,0,9722283,0,166.238,7352,0,0,2.71169e-06,2.88221e-08,0,0,0,0,7352,0
n-body-simulation,tight,cell2dminsort,66vf,vf,9651524,8.68422,45.354,23.0016,6.09229,0,0,9645684,0,185.631,5840,0,0,1.79996e-06,3.1575e-08,0,0,0,0,5840,0
n-body-simulation,tight,cell2dminsort,67ee,ee,22478326,10.8521,17.9673,59.5634,17.3406,0,0,22451918,0,79.5945,26408,0,0,4.05685e-06,2.67002e-08,0,0,0,0,26408,0
n-body-simulation,tight,cell2dminsort,68ee,ee,23647355,9.25573,15.7153,62.3786,21.0397,0,0,23616234,0,86.9996,31121,0,0,3.16385e-05,2.53747e-08,0,0,0,0,31121,0
n-body-simulation,tight,cell2dminsort,68vf,vf,10006425,9.26475,31.0064,23.8944,6.08643,0,0,9999316,0,191.239,7109,0,0,5.45784e-06,2.63086e-08,0,0,0,0,7109,0
n-body-simulation,tight,cell2dminsort,69vf,vf,9419821,9.94441,31.0288,22.5659,6.06179,0,0,9413479,0,186.001,6341,0,0,2.19908e-06,2.81348e-08,0,0,0,0,6342,0
n-body-simulation,tight,cell2dminsort,6ee,ee,23124800,8.60032,16.8096,60.7144,17.2869,0,0,23087850,0,85.6528,36950,0,0,3.96008e-06,3.62169e-08,0,0,0,0,36950,0
n-body-simulation,tight,cell2dminsort,6vf,vf,9768166,8.42557,56.4837,23.3889,5.29209,0,0,9759218,0,186.273,8948,0,0,2.02348e-06,3.91669e-08,0,0,0,0,8948,0
n-body-simulation,tight,cell2dminsort,70vf,vf,9460310,8.78819,33.8436,22.5725,5.91796,0,0,9454392,0,187.784,5918,0,0,1.50854e-06,2.99507e-08,0,0,0,0,5918,0
n-body-simulation,tight,cell2dminsort,71ee,ee,21754322,8.58419,17.956,57.2692,17.2356,1,0,21730523,0,75.6347,23792,0,0,1.02857e-05,2.6344e-08,0,0,0,0,23799,0
n-body-simulation,tight,cell2dminsort,72ee,ee,21048746,8.00731,18.3259,55.2937,18.0475,0,0,21021931,0,73.9225,26815,0,0,7.86498e-06,2.79121e-08,0,0,0,0,26815,0
n-body-simulation,tight,cell2dminsort,72vf,vf,8841515,8.10497,31.2414,21.0337,5.23301,0,0,8835285,0,156.496,6230,0,0,1.99333e-06,2.84635e-08,0,0,0,0,6230,0
n-body-simulation,tight,cell2dminsort,73vf,vf,9046341,8.76012,33.91,21.6876,6.87406,0,0,9039958,0,184.419,6383,0,0,5.65284e-06,2.7597e-08,0,0,0,0,6383,0
n-body-simulation,tight,cell2dminsort,74ee,ee,22454354,8.7638,18.2492,59.1842,16.4368,0,0,22430218,0,80.128,24136,0,0,4.62182e-06,2.56338e-08,0,0,0,0,24136,0
n-body-simulation,tight,cell2dminsort,7ee,ee,21072753,8.32167,19.1177,55.5064,17.8288,0,0,21041494,0,77.1861,31259,0,0,1.44316e-05,3.49502e-08,0,0,0,0,31259,0
n-body-simulation,tight,cell2dminsort,7vf,vf,8850202,8.24359,40.0433,21.2132,5.78126,0,0,8842934,0,165.168,7268,0,0,1.17126e-05,3.85387e-08,0,0,0,0,7268,0
n-body-simulation,tight,cell2dminsort,8vf,vf,9010201,8.83385,42.5887,21.5565,5.84951,0,0,9004164,0,170.129,6037,0,0,2.91516e-06,3.25432e-08,0,0,0,0,6037,0
n-body-simulation,tight,cell2dminsort,9ee,ee,24329301,8.80851,16.9947,63.376,19.0296,0,0,24297671,0,89.2633,31630,0,0,1.19373e-05,2.65296e-08,0,0,0,0,31630,0
n-body-simulation,tight,sweep,10ee,ee,20233111,5.60853,67.979,47.2092,16.093,0,0,20206463,0,73.3796,26646,0,0,7.47009e-06,3.37942e-08,0,0,0,0,26648,0
n-body-simulation,tight,sweep,10vf,vf,8465184,6.75045,55.03,18.1299,5.85143,0,0,8458666,0,56.9123,6517,0,0,2.27247e-06,3.68292e-08,0,0,0,0,6518,0
n-body-simulation,tight,sweep,11ee,ee,22712558,7.04928,88.4063,52.4499,16.7676,0,0,22684742,0,78.5845,27816,0,0,5.98176e-06,3.19064e-08,0,0,0,0,27816,0
n-body-simulation,tight,sweep,12ee,ee,23298885,7.49877,68.9208,53.9205,21.202,0,0,23262717,0,86.7315,36168,0,0,1.40305e-05,2.83341e-08,0,0,0,0,36168,0
n-body-simulation,tight,sweep,12vf,vf,9796507,8.39747,76.2389,20.5536,5.76529,0,0,9787975,0,120.66,8532,0,0,6.40949e-06,3.172e-08,0,0,0,0,8532,0
n-body-simulation,tight,sweep,13vf,vf,8977302,7.9161,88.8719,18.9603,5.24723,0,0,8968991,0,119.383,8311,0,0,6.48621e-06,3.22673e-08,0,0,0,0,8311,0
n-body-simulation,tight,sweep,14ee,ee,21427135,7.33216,84.6907,49.736,16.8564,0,0,21391029,0,80.855,36106,0,0,1.47457e-05,3.06478e-08,0,0,0,0,36106,0
n-body-simulation,tight,sweep,15ee,ee,21984820,6.22969,71.2534,51.2515,19.5801,0,0,21949822,0,80.0614,34998,0,0,3.3871e-05,2.94572e-08,0,0,0,0,34998,0
n-body-simulation,tight,sweep,15vf,vf,9248785,6.38316,79.4626,19.9193,5.79272,0,0,9240889,0,127.319,7896,0,0,4.45426e-06,2.91531e-08,0,0,0,0,7896,0
n-body-simulation,tight,sweep,16vf,vf,9005415,6.72078,113.489,19.3436,6.0817,0,0,8996465,0,105.571,8948,0,0,2.20536e-05,3.01147e-08,0,0,0,0,8950,0
n-body-simulation,tight,sweep,17ee,ee,21072787,6.45301,89.2863,49.2122,19.1906,0,0,21036408,0,76.916,36379,0,0,3.01818e-05,3.08691e-08,0,0,0,0,36379,0
n-body-simulation,tight,sweep,18ee,ee,22366873,6.91809,77.4599,51.8183,63.3552,0,0,22325837,0,85.3031,41031,0,0,1.09356e-05,2.8617e-08,0,0,0,0,41036,0
n-body-simulation,tight,sweep,18vf,vf,9396388,8.15616,115.689,20.1084,5.54866,0,0,9386928,0,117.479,9459,0,0,9.34296e-06,3.18984e-08,0,0,0,0,9460,0
n-body-simulation,tight,sweep,19ee,ee,21029393,7.19936,59.4851,48.9462,18.8044,0,0,20999130,0,74.8142,30258,0,0,3.00402e-05,3.17041e-08,0,0,0,0,30263,0
n-body-simulation,tight,sweep,1ee,ee,35345362,8.33353,89.0434,80.6663,52.835,0,0,35222026,0,166.701,123333,0,0,1.29314e-05,3.61335e-08,0,0,0,0,123336,0
n-body-simulation,tight,sweep,1vf,vf,14769418,6.83707,93.8333,30.4511,12.4846,0,0,14743057,0,84.6862,26359,0,0,6.25085e-06,4.11763e-08,0,0,0,0,26361,0
n-body-simulation,tight,sweep,20vf,vf,9117131,7.03888,56.2839,19.7684,9.41721,0,0,9110053,0,144.385,7077,0,0,5.61291e-06,3.03822e-08,0,0,0,0,7078,0
n-body-simulation,tight,sweep,21ee,ee,22805851,7.85473,79.6118,52.8746,16.991,0,0,22774883,0,82.5027,30968,0,0,4.4361e-06,2.72679e-08,0,0,0,0,30968,0
n-body-simulation,tight,sweep,22ee,ee,21795408,6.62763,81.7289,50.5907,17.1784,0,0,21767930,0,76.7368,27478,0,0,3.13674e-05,3.01778e-08,0,0,0,0,27478,0
n-body-simulation,tight,sweep,22vf,vf,9185667,6.62194,68.3334,19.2993,5.05731,0,0,9178928,0,115.962,6737,0,0,1.86537e-06,3.20736e-08,0,0,0,0,6739,0
n-body-simulation,tight,sweep,23vf,vf,9019194,6.86535,64.2218,18.9375,6.8946,0,0,9013211,0,95.028,5983,0,0,2.50244e-06,3.37651e-08,0,0,0,0,5983,0
n-body-simulation,tight,sweep,24ee,ee,22148491,6.6924,79.8428,51.0115,23.0041,0,0,22120294,0,77.3777,28197,0,0,4.59852e-06,2.79919e-08,0,0,0,0,28197,0
n-body-simulation,tight,sweep,25ee,ee,20618082,6.4598,72.4618,48.2427,19.2637,0,0,20586680,0,73.8824,31401,0,0,4.72067e-06,2.56311e-08,0,0,0,0,31402,0
n-body-simulation,tight,sweep,25vf,vf,8643105,8.00484,53.187,18.8456,4.83598,0,0,8635516,0,103.566,7588,0,0,4.52196e-06,2.55405e-08,0,0,0,0,7589,0
n-body-simulation,tight,sweep,26vf,vf,9021406,6.71947,44.8851,19.2466,8.83259,0,0,9013825,0,128.224,7580,0,0,3.59094e-06,3.13824e-08,0,0,0,0,7581,0
n-body-simulation,tight,sweep,27ee,ee,19098371,7.76773,68.8954,48.9511,18.5215,0,0,19071875,0,70.3501,26493,0,0,9.3041e-06,2.83666e-08,0,0,0,0,26496,0
n-body-simulation,tight,sweep,27vf,vf,7953666,6.5244,55.677,17.1,7.4318,0,0,7947175,0,92.848,6490,0,0,6.68132e-06,3.04799e-08,0,0,0,0,6491,0
n-body-simulation,tight,sweep,28vf,vf,9123774,6.23869,58.0228,19.3654,5.18566,0,0,9115644,0,111.849,8129,0,0,1.50428e-06,2.7326e-08,0,0,0,0,8130,0
n-body-simulation,tight,sweep,29ee,ee,20370113,6.75003,66.6028,46.6965,16.3365,0,0,20342501,0,70.5919,27611,0,0,1.79894e-05,3.04796e-08,0,0,0,0,27612,0
n-body-simulation,tight,sweep,2ee,ee,26617252,6.81105,87.5646,60.8094,35.8576,3,0,26541828,0,114.026,75421,0,0,1.0162e-05,4.1016e-08,0,0,0,0,75424,0
n-body-simulation,tight,sweep,2vf,vf,11120346,7.11194,74.2611,23.0825,9.7284,2,0,11104323,0,106.013,16021,0,0,6.89914e-06,4.55741e-08,0,0,0,0,16023,0
n-body-simulation,tight,sweep,30vf,vf,8787001,7.54245,60.268,18.8304,5.13962,0,0,8780753,0,131.028,6248,0,0,5.67631e-06,3.10497e-08,0,0,0,0,6248,0
n-body-simulation,tight,sweep,31ee,ee,22031508,6.06807,73.7764,50.3666,18.6583,0,0,21996124,0,79.4091,35382,0,0,1.59505e-05,3.03864e-08,0,0,0,0,35384,0
n-body-simulation,tight,sweep,32ee,ee,21843046,6.85854,57.2879,63.8549,18.1418,0,0,21806508,0,90.0018,36538,0,0,1.04363e-05,2.93862e-08,0,0,0,0,36538,0
n-body-simulation,tight,sweep,32vf,vf,9161763,6.39522,60.4092,19.5235,7.74443,0,0,9153337,0,114.027,8426,0,0,4.25456e-06,3.08944e-08,0,0,0,0,8426,0
n-body-simulation,tight,sweep,33vf,vf,8722574,6.90225,71.1314,18.6678,5.54293,0,0,8714933,0,118.177,7641,0,0,2.84272e-05,3.04841e-08,0,0,0,0,7641,0
n-body-simulation,tight,sweep,34ee,ee,21859925,5.59272,72.105,50.2311,21.2483,0,0,21825382,0,79.2522,34537,0,0,3.24727e-05,2.62344e-08,0,0,0,0,34543,0
n-body-simulation,tight,sweep,35ee,ee,21098462,6.90815,62.8792,48.6216,17.1179,0,0,21069186,0,73.4469,29276,0,0,1.21584e-05,3.04497e-08,0,0,0,0,29276,0
n-body-simulation,tight,sweep,35vf,vf,8874710,6.52908,61.9708,18.9112,5.12906,0,0,8867449,0,124.356,7260,0,0,3.47101e-06,3.12235e-08,0,0,0,0,7261,0
n-body-simulation,tight,sweep,36ee,ee,19627040,5.56249,67.8825,45.3705,16.6147,0,0,19597820,0,68.3586,29220,0,0,5.11161e-06,3.21914e-08,0,0,0,0,29220,0
n-body-simulation,tight,sweep,37ee,ee,19185062,5.55999,66.4394,44.2029,15.533,0,0,19159490,0,65.0598,25572,0,0,4.56371e-06,3.25069e-08,0,0,0,0,25572,0
n-body-simulation,tight,sweep,37vf,vf,8012648,8.10382,66.1633,17.2598,6.70911,0,0,8006106,0,104.537,6542,0,0,3.16461e-06,3.21348e-08,0,0,0,0,6542,0
n-body-simulation,tight,sweep,38vf,vf,7905846,6.77746,69.0076,17.0861,6.75804,0,0,7900350,0,98.251,5496,0,0,4.80863e-06,4.06404e-08,0,0,0,0,5496,0
n-body-simulation,tight,sweep,39ee,ee,21063580,7.37504,64.4545,48.3431,18.8342,0,0,21033333,0,74.7833,30245,0,0,2.06328e-05,3.30086e-08,0,0,0,0,30247,0
n-body-simulation,tight,sweep,3ee,ee,24385880,8.22526,70.2222,55.6749,30.3852,0,0,24326275,0,99.3262,59601,0,0,8.86061e-06,4.1218e-08,0,0,0,0,59605,0
n-body-simulation,tight,sweep,3vf,vf,10207136,6.78812,87.8387,21.262,8.29041,0,0,10194018,0,100.501,13117,0,0,4.9644e-06,4.39886e-08,0,0,0,0,13118,0
n-body-simulation,tight,sweep,40vf,vf,8658765,7.44765,65.1864,18.672,12.6233,0,0,8650845,0,137.198,7920,0,0,2.75192e-05,3.18338e-08,0,0,0,0,7920,0
n-body-simulation,tight,sweep,41ee,ee,20836908,6.57775,74.2239,47.8845,19.9482,0,0,20798733,0,78.3314,38175,0,0,6.73718e-06,2.98072e-08,0,0,0,0,38175,0
n-body-simulation,tight,sweep,42ee,ee,20468804,6.6894,86.2244,46.6134,20.7485,3,0,20431487,0,77.1081,37314,0,0,6.48609e-06,2.79582e-08,0,0,0,0,37317,0
n-body-simulation,tight,sweep,42vf,vf,8535985,7.57497,85.541,17.7999,6.34544,1,0,8527047,0,111.128,8936,0,0,6.67685e-06,2.91633e-08,0,0,0,0,8938,0
n-body-simulation,tight,sweep,43vf,vf,8527805,7.30941,73.5651,17.8464,4.80568,0,0,8521009,0,118.7,6796,0,0,3.22549e-06,3.155e-08,0,0,0,0,6796,0
n-body-simulation,tight,sweep,44ee,ee,21716865,7.73967,85.4937,49.4046,18.5008,0,0,21689176,0,76.9264,27689,0,0,5.5356e-06,3.27713e-08,0,0,0,0,27689,0
n-body-simulation,tight,sweep,44vf,vf,9115458,7.34583,66.6302,18.7501,5.69071,0,0,9109222,0,132.056,6236,0,0,3.8566e-06,3.30256e-08,0,0,0,0,6236,0
n-body-simulation,tight,sweep,45vf,vf,8471066,7.13121,77.8899,17.6166,5.61967,0,0,8465023,0,106.769,6043,0,0,1.64565e-06,2.85895e-08,0,0,0,0,6043,0
n-body-simulation,tight,sweep,46ee,ee,20947885,6.49772,83.8578,47.7923,15.4607,0,0,20922772,0,71.1747,25113,0,0,1.1706e-05,2.86521e-08,0,0,0,0,25113,0
n-body-simulation,tight,sweep,47ee,ee,20578694,7.16689,83.0629,46.9474,16.2594,0,0,20550457,0,72.3801,28237,0,0,1.07412e-05,2.84272e-08,0,0,0,0,28237,0
n-body-simulation,tight,sweep,47vf,vf,8626515,7.12689,64.6518,17.9662,4.87576,0,0,8619661,0,115.464,6854,0,0,2.9302e-06,2.83444e-08,0,0,0,0,6854,0
n-body-simulation,tight,sweep,48vf,vf,8421682,7.09115,73.3856,17.5438,4.73272,0,0,8416265,0,112.899,5417,0,0,1.7017e-06,2.40377e-08,0,0,0,0,5417,0
n-body-simulation,tight,sweep,49ee,ee,19386606,6.00856,74.1782,44.1896,15.7299,0,0,19362529,0,66.4602,24077,0,0,8.39248e-06,3.11531e-08,0,0,0,0,24077,0
n-body-simulation,tight,sweep,4ee,ee,21954997,6.87717,82.1145,50.1591,20.8227,0,0,21914305,0,82.6249,40692,0,0,5.28705e-06,4.4684e-08,0,0,0,0,40692,0
n-body-simulation,tight,sweep,4vf,vf,9205265,7.28333,54.7959,19.2597,5.93982,0,0,9196043,0,130.996,9222,0,0,4.75078e-06,4.71856e-08,0,0,0,0,9222,0
n-body-simulation,tight,sweep,50vf,vf,8646085,7.96808,65.6946,18.0978,5.29856,0,0,8638957,0,141.508,7128,0,0,3.80784e-06,3.20756e-08,0,0,0,0,7128,0
n-body-simulation,tight,sweep,51ee,ee,21999613,6.69845,68.3111,50.9517,19.5496,0,0,21962575,0,81.5366,37038,0,0,0.000240146,2.68971e-08,0,0,0,0,37038,0
n-body-simulation,tight,sweep,51vf,vf,9239945,6.11089,65.8367,19.2902,5.32698,0,0,9231430,0,97.3754,8515,0,0,2.14709e-06,3.02374e-08,0,0,0,0,8515,0
n-body-simulation,tight,sweep,52vf,vf,8913328,7.48426,89.1054,18.6599,5.4398,0,0,8906823,0,122.7,6505,0,0,3.51578e-06,2.8872e-08,0,0,0,0,6505,0
n-body-simulation,tight,sweep,53ee,ee,21449627,7.27972,93.8344,49.1793,18.2639,0,0,21417653,0,78.1142,31970,0,0,2.1678e-05,2.68819e-08,0,0,0,0,31974,0
n-body-simulation,tight,sweep,54vf,vf,8790621,7.53353,63.5991,18.3771,6.02257,0,0,8783423,0,122.694,7197,0,0,4.35184e-06,2.7969e-08,0,0,0,0,7198,0
n-body-simulation,tight,sweep,55ee,ee,21344145,6.94693,101.306,50.3542,18.172,0,0,21318170,0,74.6485,25975,0,0,6.81358e-06,2.6977e-08,0,0,0,0,25975,0
n-body-simulation,tight,sweep,56ee,ee,20093033,7.04657,122.934,47.7837,17.4188,0,0,20058300,0,76.4423,34730,0,0,3.78754e-06,2.66699e-08,0,0,0,0,34733,0
n-body-simulation,tight,sweep,57ee,ee,19263596,7.06097,141.419,46.1031,16.2418,0,0,19235875,0,70.3803,27721,0,0,1.67703e-05,3.17561e-08,0,0,0,0,27721,0
n-body-simulation,tight,sweep,58ee,ee,19764368,6.80501,101.538,51.1333,17.2313,0,0,19732881,0,75.4565,31487,0,0,1.42286e-05,2.4435e-08,0,0,0,0,31487,0
n-body-simulation,tight,sweep,58vf,vf,8270692,9.21073,82.389,17.6475,5.05937,0,0,8263113,0,108.039,7577,0,0,3.01228e-06,2.5302e-08,0,0,0,0,7579,0
n-body-simulation,tight,sweep,59vf,vf,9124614,6.73218,57.1978,19.3283,5.19034,0,0,9116748,0,109.368,7866,0,0,3.85084e-06,2.46844e-08,0,0,0,0,7866,0
n-body-simulation,tight,sweep,5ee,ee,19807394,7.3057,95.6291,45.7289,18.5162,0,0,19773565,0,72.6117,33825,0,0,1.33814e-05,4.56195e-08,0,0,0,0,33829,0
n-body-simulation,tight,sweep,60ee,ee,22087750,5.97841,70.1226,51.4691,17.1616,0,0,22059635,0,77.7824,28115,0,0,2.04103e-05,2.8315e-08,0,0,0,0,28115,0
n-body-simulation,tight,sweep,60vf,vf,9287198,6.56121,58.76,19.6577,5.79461,0,0,9280053,0,107.773,7145,0,0,2.06948e-05,2.88345e-08,0,0,0,0,7145,0
n-body-simulation,tight,sweep,61ee,ee,21582154,6.11258,67.0157,50.38,15.6179,0,0,21556691,0,74.5015,25463,0,0,2.91436e-06,2.90087e-08,0,0,0,0,25463,0
n-body-simulation,tight,sweep,62ee,ee,20117264,6.45056,74.5476,47.0537,15.9915,0,0,20094145,0,68.3501,23119,0,0,1.25757e-05,3.34613e-08,0,0,0,0,23119,0
n-body-simulation,tight,sweep,62vf,vf,8446582,8.26813,54.1268,18.0029,9.44698,0,0,8440567,0,143.059,6014,0,0,1.05383e-06,3.93378e-08,0,0,0,0,6015,0
n-body-simulation,tight,sweep,63vf,vf,8893408,7.05246,55.2096,18.7741,4.81541,0,0,8885247,0,115.354,8161,0,0,2.27085e-06,3.16708e-08,0,0,0,0,8161,0
n-body-simulation,tight,sweep,64ee,ee,21753582,7.00347,72.9851,51.4751,15.7531,0,0,21727174,0,75.795,26406,0,0,3.40448e-06,2.9683e-08,0,0,0,0,26408,0
n-body-simulation,tight,sweep,65ee,ee,23131903,7.12295,69.3088,53.8234,18.5627,0,0,23100677,0,82.5349,31226,0,0,1.0753e-05,2.84092e-08,0,0,0,0,31226,0
n-body-simulation,tight,sweep,65vf,vf,9729635,6.71884,58.1629,20.7974,4.99531,0,0,9722283,0,112.042,7352,0,0,2.71169e-06,2.88221e-08,0,0,0,0,7352,0
n-body-simulation,tight,sweep,66vf,vf,9651524,6.94232,72.0261,20.1681,6.00404,0,0,9645684,0,129.31,5840,0,0,1.79996e-06,3.1575e-08,0,0,0,0,5840,0
n-body-simulation,tight,sweep,67ee,ee,22478326,6.4159,77.674,52.0412,16.9354,0,0,22451918,0,77.5715,26408,0,0,4.05685e-06,2.67002e-08,0,0,0,0,26408,0
n-body-simulation,tight,sweep,68ee,ee,23647355,6.86725,82.9598,54.2887,20.9853,0,0,23616234,0,85.3144,31121,0,0,3.16385e-05,2.53747e-08,0,0,0,0,31121,0
n-body-simulation,tight,sweep,68vf,vf,10006425,7.0955,76.1688,20.8266,5.95217,0,0,9999316,0,131.624,7109,0,0,5.45784e-06,2.63086e-08,0,0,0,0,7109,0
n-body-simulation,tight,sweep,69vf,vf,9419821,7.31943,65.6694,19.602,5.95547,0,0,9413479,0,121.849,6341,0,0,2.19908e-06,2.81348e-08,0,0,0,0,6342,0
n-body-simulation,tight,sweep,6ee,ee,23124800,5.96936,80.3047,53.1615,16.9262,0,0,23087850,0,83.3548,36950,0,0,3.96008e-06,3.62169e-08,0,0,0,0,36950,0
n-body-simulation,tight,sweep,6vf,vf,9768166,7.16126,56.0027,20.3736,5.27667,0,0,9759218,0,127.15,8948,0,0,2.02348e-06,3.91669e-08,0,0,0,0,8948,0
n-body-simulation,tight,sweep,70vf,vf,9460310,9.65289,66.5234,19.634,5.80978,0,0,9454392,0,140.901,5918,0,0,1.50854e-06,2.99507e-08,0,0,0,0,5918,0
n-body-simulation,tight,sweep,71ee,ee,21754322,7.4375,86.3963,49.9021,16.9653,1,0,21730523,0,74.0154,23792,0,0,1.02857e-05,2.6344e-08,0,0,0,0,23799,0
n-body-simulation,tight,sweep,72ee,ee,21048746,6.93102,82.559,48.1266,17.6668,0,0,21021931,0,72.3629,26815,0,0,7.86498e-06,2.79121e-08,0,0,0,0,26815,0
n-body-simulation,tight,sweep,72vf,vf,8841515,9.3481,64.994,18.4804,5.14375,0,0,8835285,0,123.299,6230,0,0,1.99333e-06,2.84635e-08,0,0,0,0,6230,0
n-body-simulation,tight,sweep,73vf,vf,9046341,7.05937,66.983,18.8397,6.70597,0,0,9039958,0,101.476,6383,0,0,5.65284e-06,2.7597e-08,0,0,0,0,6383,0
n-body-simulation,tight,sweep,74ee,ee,22454354,6.66834,131.281,51.7273,16.0418,0,0,22430218,0,77.0097,24136,0,0,4.62182e-06,2.56338e-08,0,0,0,0,24136,0
n-body-simulation,tight,sweep,7ee,ee,21072753,6.36275,65.2568,48.5902,17.2947,0,0,21041494,0,75.7139,31259,0,0,1.44316e-05,3.49502e-08,0,0,0,0,31259,0
n-body-simulation,tight,sweep,7vf,vf,8850202,7.03758,68.3554,18.5925,5.66565,0,0,8842934,0,109.426,7268,0,0,1.17126e-05,3.85387e-08,0,0,0,0,7268,0
n-body-simulation,tight,sweep,8vf,vf,9010201,6.85071,70.6375,18.6817,5.74648,0,0,9004164,0,102.991,6037,0,0,2.91516e-06,3.25432e-08,0,0,0,0,6037,0
n-body-simulation,tight,sweep,9ee,ee,24329301,6.86885,81.2922,55.3559,18.593,0,0,24297671,0,87.6868,31630,0,0,1.19373e-05,2.65296e-08,0,0,0,0,31630,0
n-body-simulation,tight,sweep,10ee,ee,20233111,9.77196,68.704,46.9547,16.2399,0,0,20206463,0,71.4605,26646,0,0,7.47009e-06,3.37942e-08,0,0,0,0,26648,0
n-body-simulation,tight,sweep,10vf,vf,8465184,7.45574,56.5812,17.628,5.83189,0,0,8458666,0,118.173,6517,0,0,2.27247e-06,3.68292e-08,0,0,0,0,6518,0
n-body-simulation,tight,sweep,11ee,ee,22712558,6.63321,97.2574,52.4851,16.5388,0,0,22684742,0,78.5246,27816,0,0,5.98176e-06,3.19064e-08,0,0,0,0,27816,0
n-body-simulation,tight,sweep,12ee,ee,23298885,7.53808,69.2699,53.987,21.034,0,0,23262717,0,86.8643,36168,0,0,1.40305e-05,2.83341e-08,0,0,0,0,36168,0
n-body-simulation,tight,sweep,12vf,vf,9796507,7.47408,76.4961,20.8306,5.71407,0,0,9787975,0,142.651,8532,0,0,6.40949e-06,3.172e-08,0,0,0,0,8532,0
n-body-simulation,tight,sweep,13vf,vf,8977302,7.33396,89.4565,19.0213,5.20365,0,0,8968991,0,131.592,8311,0,0,6.48621e-06,3.22673e-08,0,0,0,0,8311,0
n-body-simulation,tight,sweep,14ee,ee,21427135,7.32864,76.5047,49.8093,16.7287,0,0,21391029,0,80.89,36106,0,0,1.47457e-05,3.06478e-08,0,0,0,0,36106,0
n-body-simulation,tight,sweep,15ee,ee,21984820,5.13706,71.8431,51.1183,19.3977,0,0,21949822,0,79.4917,34998,0,0,3.3871e-05,2.94572e-08,0,0,0,0,34998,0
n-body-simulation,tight,sweep,15vf,vf,9248785,6.98472,79.0951,20.0903,5.74719,0,0,9240889,0,154.943,7896,0,0,4.45426e-06,2.91531e-08,0,0,0,0,7896,0
n-body-simulation,tight,sweep,16vf,vf,9005415,6.29351,105.593,19.6319,6.1281,0,0,8996465,0,117.416,8948,0,0,2.20536e-05,3.01147e-08,0,0,0,0,8950,0
n-body-simulation,tight,sweep,17ee,ee,21072787,7.64063,89.1058,49.3152,19.2367,0,0,21036408,0,76.7373,36379,0,0,3.01818e-05,3.08691e-08,0,0,0,0,36379,0
n-body-simulation,tight,sweep,18ee,ee,22366873,7.05483,80.2763,51.9052,63.5031,0,0,22325837,0,85.6336,41031,0,0,1.09356e-05,2.8617e-08,0,0,0,0,41036,0
n-body-simulation,tight,sweep,18vf,vf,9396388,6.01409,115.227,20.0453,5.53049,0,0,9386928,0,118.99,9459,0,0,9.34296e-06,3.18984e-08,0,0,0,0,9460,0
n-body-simulation,tight,sweep,19ee,ee,21029393,7.09223,60.3316,48.8972,18.6733,0,0,20999130,0,74.2904,30258,0,0,3.00402e-05,3.17041e-08,0,0,0,0,30263,0
n-body-simulation,tight,sweep,1ee,ee,35345362,9.5272,91.033,80.5116,52.7851,0,0,35222026,0,165.171,123333,0,0,1.29314e-05,3.61335e-08,0,0,0,0,123336,0
n-body-simulation,tight,sweep,1vf,vf,14769418,7.78508,93.7657,30.266,12.5499,0,0,14743057,0,72.1134,26359,0,0,6.25085e-06,4.11763e-08,0,0,0,0,26361,0
n-body-simulation,tight,sweep,20vf,vf,9117131,6.94904,56.3472,19.767,9.41815,0,0,9110053,0,153.529,7077,0,0,5.61291e-06,3.03822e-08,0,0,0,0,7078,0
n-body-simulation,tight,sweep,21ee,ee,22805851,6.62767,76.0297,52.812,17.1978,0,0,22774883,0,81.6804,30968,0,0,4.4361e-06,2.72679e-08,0,0,0,0,30968,0
n-body-simulation,tight,sweep,22ee,ee,21795408,6.73314,73.3981,50.6036,17.0459,0,0,21767930,0,77.7205,27478,0,0,3.13674e-05,3.01778e-08,0,0,0,0,27478,0
n-body-simulation,tight,sweep,22vf,vf,9185667,6.73615,68.0142,19.2343,5.0754,0,0,9178928,0,118.995,6737,0,0,1.86537e-06,3.20736e-08,0,0,0,0,6739,0
n-body-simulation,tight,sweep,23vf,vf,9019194,6.18826,63.9372,18.7572,6.90741,0,0,9013211,0,103.52,5983,0,0,2.50244e-06,3.37651e-08,0,0,0,0,5983,0
n-body-simulation,tight,sweep,24ee,ee,22148491,6.3801,75.1841,50.9859,23.0447,0,0,22120294,0,77.0134,28197,0,0,4.59852e-06,2.79919e-08,0,0,0,0,28197,0
n-body-simulation,tight,sweep,25ee,ee,20618082,6.26023,73.7875,48.3832,19.0566,0,0,20586680,0,74.3275,31401,0,0,4.72067e-06,2.56311e-08,0,0,0,0,31402,0
n-body-simulation,tight,sweep,25vf,vf,8643105,6.30727,54.5668,18.7308,4.80331,0,0,8635516,0,105.449,7588,0,0,4.52196e-06,2.55405e-08,0,0,0,0,7589,0
n-body-simulation,tight,sweep,26vf,vf,9021406,5.71605,46.9751,19.2078,8.77586,0,0,9013825,0,103.362,7580,0,0,3.59094e-06,3.13824e-08,0,0,0,0,7581,0
n-body-simulation,tight,sweep,27ee,ee,19098371,5.67237,67.8578,48.015,18.2981,0,0,19071875,0,69.337,26493,0,0,9.3041e-06,2.83666e-08,0,0,0,0,26496,0
n-body-simulation,tight,sweep,27vf,vf,7953666,5.80274,56.5698,17.1059,7.4824,0,0,7947175,0,92.9811,6490,0,0,6.68132e-06,3.04799e-08,0,0,0,0,6491,0
n-body-simulation,tight,sweep,28vf,vf,9123774,5.55932,58.412,19.2792,5.13073,0,0,9115644,0,79.6666,8129,0,0,1.50428e-06,2.7326e-08,0,0,0,0,8130,0
n-body-simulation,tight,sweep,29ee,ee,20370113,6.35354,64.718,46.7287,16.3583,0,0,20342501,0,70.2196,27611,0,0,1.79894e-05,3.04796e-08,0,0,0,0,27612,0
n-body-simulation,tight,sweep,2ee,ee,26617252,8.21354,85.6877,60.8285,35.9058,3,0,26541828,0,114.534,75421,0,0,1.0162e-05,4.1016e-08,0,0,0,0,75424,0
n-body-simulation,tight,sweep,2vf,vf,11120346,6.83263,74.4941,23.0405,9.67507,2,0,11104323,0,76.7545,16021,0,0,6.89914e-06,4.55741e-08,0,0,0,0,16023,0
n-body-simulation,tight,sweep,30vf,vf,8787001,7.6606,60.5913,18.7997,5.10167,0,0,8780753,0,144.122,6248,0,0,5.67631e-06,3.10497e-08,0,0,0,0,6248,0
n-body-simulation,tight,sweep,31ee,ee,22031508,6.591,67.5624,50.5066,18.5847,0,0,21996124,0,80.0901,35382,0,0,1.59505e-05,3.03864e-08,0,0,0,0,35384,0
n-body-simulation,tight,sweep,32ee,ee,21843046,6.66447,56.3555,64.332,18.1033,0,0,21806508,0,90.8223,36538,0,0,1.04363e-05,2.93862e-08,0,0,0,0,36538,0
n-body-simulation,tight,sweep,32vf,vf,9161763,8.60963,61.5547,19.5344,7.75484,0,0,9153337,0,118.716,8426,0,0,4.25456e-06,3.08944e-08,0,0,0,0,8426,0
n-body-simulation,tight,sweep,33vf,vf,8722574,6.56563,69.8978,18.6862,5.54047,0,0,8714933,0,100.147,7641,0,0,2.84272e-05,3.04841e-08,0,0,0,0,7641,0
n-body-simulation,tight,sweep,34ee,ee,21859925,5.98136,72.1873,50.2546,21.1381,0,0,21825382,0,79.4444,34537,0,0,3.24727e-05,2.62344e-08,0,0,0,0,34543,0
n-body-simulation,tight,sweep,35ee,ee,21098462,8.82681,62.7515,48.6351,16.9532,0,0,21069186,0,72.8403,29276,0,0,1.21584e-05,3.04497e-08,0,0,0,0,29276,0
n-body-simulation,tight,sweep,35vf,vf,8874710,6.47987,62.6934,18.9234,5.16836,0,0,8867449,0,127.203,7260,0,0,3.47101e-06,3.12235e-08,0,0,0,0,7261,0
n-body-simulation,tight,sweep,36ee,ee,19627040,5.9842,69.6647,45.4033,16.5432,0,0,19597820,0,68.331,29220,0,0,5.11161e-06,3.21914e-08,0,0,0,0,29220,0
n-body-simulation,tight,sweep,37ee,ee,19185062,5.52003,66.787,44.2683,15.5959,0,0,19159490,0,64.9565,25572,0,0,4.56371e-06,3.25069e-08,0,0,0,0,25572,0
n-body-simulation,tight,sweep,37vf,vf,8012648,6.0851,64.5685,17.2096,6.73842,0,0,8006106,0,97.9491,6542,0,0,3.16461e-06,3.21348e-08,0,0,0,0,6542,0
n-body-simulation,tight,sweep,38vf,vf,7905846,6.34301,67.7992,17.0334,6.76146,0,0,7900350,0,97.4167,5496,0,0,4.80863e-06,4.06404e-08,0,0,0,0,5496,0
n-body-simulation,tight,sweep,39ee,ee,21063580,5.76437,60.87,48.437,18.6156,0,0,21033333,0,74.7505,30245,0,0,2.06328e-05,3.30086e-08,0,0,0,0,30247,0
n-body-simulation,tight,sweep,3ee,ee,24385880,6.82632,72.9745,55.6275,30.2089,0,0,24326275,0,98.7958,59601,0,0,8.86061e-06,4.1218e-08,0,0,0,0,59605,0
n-body-simulation,tight,sweep,3vf,vf,10207136,6.58934,87.9835,21.1852,8.33418,0,0,10194018,0,99.8239,13117,0,0,4.9644e-06,4.39886e-08,0,0,0,0,13118,0
n-body-simulation,tight,sweep,40vf,vf,8658765,7.19588,66.0523,18.6808,12.6349,0,0,8650845,0,134.92,7920,0,0,2.75192e-05,3.18338e-08,0,0,0,0,7920,0
n-body-simulation,tight,sweep,41ee,ee,20836908,6.30794,76.5685,47.9932,20.0012,0,0,20798733,0,77.6301,38175,0,0,6.73718e-06,2.98072e-08,0,0,0,0,38175,0
n-body-simulation,tight,sweep,42ee,ee,20468804,7.02795,87.99,46.7498,20.7095,3,0,20431487,0,77.758,37314,0,0,6.48609e-06,2.79582e-08,0,0,0,0,37317,0
n-body-simulation,tight,sweep,42vf,vf,8535985,7.05153,86.7321,17.8102,6.3113,1,0,8527047,0,111.587,8936,0,0,6.67685e-06,2.91633e-08,0,0,0,0,8938,0
n-body-simulation,tight,sweep,43vf,vf,8527805,7.28868,71.2166,17.7983,4.77224,0,0,8521009,0,124.85,6796,0,0,3.22549e-06,3.155e-08,0,0,0,0,6796,0
n-body-simulation,tight,sweep,44ee,ee,21716865,6.62146,83.3593,49.2445,18.3908,0,0,21689176,0,76.4297,27689,0,0,5.5356e-06,3.27713e-08,0,0,0,0,27689,0
n-body-simulation,tight,sweep,44vf,vf,9115458,8.02315,67.0515,18.8656,5.71797,0,0,9109222,0,116.552,6236,0,0,3.8566e-06,3.30256e-08,0,0,0,0,6236,0
n-body-simulation,tight,sweep,45vf,vf,8471066,6.93154,74.4397,17.5453,5.62905,0,0,8465023,0,111.837,6043,0,0,1.64565e-06,2.85895e-08,0,0,0,0,6043,0
n-body-simulation,tight,sweep,46ee,ee,20947885,6.51011,85.3984,47.7477,15.5227,0,0,20922772,0,71.2244,25113,0,0,1.1706e-05,2.86521e-08,0,0,0,0,25113,0
n-body-simulation,tight,sweep,47ee,ee,20578694,7.4833,81.9969,46.921,16.3554,0,0,20550457,0,72.2652,28237,0,0,1.07412e-05,2.84272e-08,0,0,0,0,28237,0
n-body-simulation,tight,sweep,47vf,vf,8626515,7.13083,65.9172,17.9856,4.84766,0,0,8619661,0,123.053,6854,0,0,2.9302e-06,2.83444e-08,0,0,0,0,6854,0
n-body-simulation,tight,sweep,48vf,vf,8421682,7.85583,72.6016,17.5164,4.74613,0,0,8416265,0,105.869,5417,0,0,1.7017e-06,2.40377e-08,0,0,0,0,5417,0
n-body-simulation,tight,sweep,49ee,ee,19386606,6.10183,74.1005,44.2272,15.4702,0,0,19362529,0,66.8035,24077,0,0,8.39248e-06,3.11531e-08,0,0,0,0,24077,0
n-body-simulation,tight,sweep,4ee,ee,21954997,6.74978,82.3144,50.2586,20.6845,0,0,21914305,0,82.6045,40692,0,0,5.28705e-06,4.4684e-08,0,0,0,0,40692,0
n-body-simulation,tight,sweep,4vf,vf,9205265,7.70098,55.8537,19.3916,5.88133,0,0,9196043,0,155.552,9222,0,0,4.75078e-06,4.71856e-08,0,0,0,0,9222,0
n-body-simulation,tight,sweep,50vf,vf,8646085,7.61462,67.0712,18.0572,5.28771,0,0,8638957,0,141.487,7128,0,0,3.80784e-06,3.20756e-08,0,0,0,0,7128,0
n-body-simulation,tight,sweep,51ee,ee,21999613,7.29325,69.1624,50.9207,19.5866,0,0,21962575,0,81.3657,37038,0,0,0.000240146,2.68971e-08,0,0,0,0,37038,0
n-body-simulation,tight,sweep,51vf,vf,9239945,7.57315,68.3313,19.3042,5.31664,0,0,9231430,0,109.609,8515,0,0,2.14709e-06,3.02374e-08,0,0,0,0,8515,0
n-body-simulation,tight,sweep,52vf,vf,8913328,8.00901,86.913,18.6714,5.4318,0,0,8906823,0,131.349,6505,0,0,3.51578e-06,2.8872e-08,0,0,0,0,6505,0
n-body-simulation,tight,sweep,53ee,ee,21449627,6.89176,86.0856,49.0994,18.2097,0,0,21417653,0,77.8657,31970,0,0,2.1678e-05,2.68819e-08,0,0,0,0,31974,0
n-body-simulation,tight,sweep,54vf,vf,8790621,6.81589,63.1851,18.4071,6.01912,0,0,8783423,0,122.24,7197,0,0,4.35184e-06,2.7969e-08,0,0,0,0,7198,0
n-body-simulation,tight,sweep,55ee,ee,21344145,6.22148,97.5307,50.2633,18.1162,0,0,21318170,0,74.6271,25975,0,0,6.81358e-06,2.6977e-08,0,0,0,0,25975,0
n-body-simulation,tight,sweep,56ee,ee,20093033,6.73858,126.52,47.692,17.4413,0,0,20058300,0,76.3619,34730,0,0,3.78754e-06,2.66699e-08,0,0,0,0,34733,0
n-body-simulation,tight,sweep,57ee,ee,19263596,6.51193,141.551,46.0423,16.1154,0,0,19235875,0,70.4092,27721,0,0,1.67703e-05,3.17561e-08,0,0,0,0,27721,0
n-body-simulation,tight,sweep,58ee,ee,19764368,7.1146,103.009,50.8699,17.1521,0,0,19732881,0,75.0592,31487,0,0,1.42286e-05,2.4435e-08,0,0,0,0,31487,0
n-body-simulation,tight,sweep,58vf,vf,8270692,8.33869,81.4523,17.7526,5.02881,0,0,8263113,0,110.729,7577,0,0,3.01228e-06,2.5302e-08,0,0,0,0,7579,0
n-body-simulation,tight,sweep,59vf,vf,9124614,6.27853,57.1094,19.338,5.1745,0,0,9116748,0,115.737,7866,0,0,3.85084e-06,2.46844e-08,0,0,0,0,7866,0
n-body-simulation,tight,sweep,5ee,ee,19807394,7.23322,105.999,45.7988,18.3666,0,0,19773565,0,72.8595,33825,0,0,1.33814e-05,4.56195e-08,0,0,0,0,33829,0
n-body-simulation,tight,sweep,60ee,ee,22087750,6.05284,67.9945,51.4491,17.051,0,0,22059635,0,77.547,28115,0,0,2.04103e-05,2.8315e-08,0,0,0,0,28115,0
n-body-simulation,tight,sweep,60vf,vf,9287198,7.32954,60.4571,19.7987,5.78287,0,0,9280053,0,138.406,7145,0,0,2.06948e-05,2.88345e-08,0,0,0,0,7145,0
n-body-simulation,tight,sweep,61ee,ee,21582154,7.18804,66.7579,50.4516,15.6513,0,0,21556691,0,74.8443,25463,0,0,2.91436e-06,2.90087e-08,0,0,0,0,25463,0
n-body-simulation,tight,sweep,62ee,ee,20117264,7.97023,73.7446,47.0832,15.7826,0,0,20094145,0,68.416,23119,0,0,1.25757e-05,3.34613e-08,0,0,0,0,23119,0
n-body-simulation,tight,sweep,62vf,vf,8446582,7.02977,56.2688,17.8571,9.4449,0,0,8440567,0,113.661,6014,0,0,1.05383e-06,3.93378e-08,0,0,0,0,6015,0
n-body-simulation,tight,sweep,63vf,vf,8893408,6.6478,55.6314,18.7372,4.83982,0,0,8885247,0,112.971,8161,0,0,2.27085e-06,3.16708e-08,0,0,0,0,8161,0
n-body-simulation,tight,sweep,64ee,ee,21753582,6.67996,73.2015,51.4361,15.7265,0,0,21727174,0,76.632,26406,0,0,3.40448e-06,2.9683e-08,0,0,0,0,26408,0
n-body-simulation,tight,sweep,65ee,ee,23131903,7.06596,67.8421,53.8133,18.5624,0,0,23100677,0,81.9309,31226,0,0,1.0753e-05,2.84092e-08,0,0,0,0,31226,0
n-body-simulation,tight,sweep,65vf,vf,9729635,8.56691,57.0513,20.5176,4.99287,0,0,9722283,0,128.311,7352,0,0,2.71169e-06,2.88221e-08,0,0,0,0,7352,0
n-body-simulation,tight,sweep,66vf,vf,9651524,7.72502,72.7799,20.0904,5.99457,0,0,9645684,0,126.727,5840,0,0,1.79996e-06,3.1575e-08,0,0,0,0,5840,0
n-body-simulation,tight,sweep,67ee,ee,22478326,6.35178,83.6892,52.0295,17.397,0,0,22451918,0,77.3445,26408,0,0,4.05685e-06,2.67002e-08,0,0,0,0,26408,0
n-body-simulation,tight,sweep,68ee,ee,23647355,6.68006,84.8776,54.2565,20.8788,0,0,23616234,0,84.8418,31121,0,0,3.16385e-05,2.53747e-08,0,0,0,0,31121,0
n-body-simulation,tight,sweep,68vf,vf,10006425,7.48448,74.0106,20.8476,6.08059,0,0,9999316,0,143.284,7109,0,0,5.45784e-06,2.63086e-08,0,0,0,0,7109,0
n-body-simulation,tight,sweep,69vf,vf,9419821,7.512,66.3591,19.5967,5.97892,0,0,9413479,0,136.713,6341,0,0,2.19908e-06,2.81348e-08,0,0,0,0,6342,0
n-body-simulation,tight,sweep,6ee,ee,23124800,7.9108,83.127,53.2954,16.757,0,0,23087850,0,83.9375,36950,0,0,3.96008e-06,3.62169e-08,0,0,0,0,36950,0
n-body-simulation,tight,sweep,6vf,vf,9768166,6.55763,54.7702,20.3692,5.70959,0,0,9759218,0,121.416,8948,0,0,2.02348e-06,3.91669e-08,0,0,0,0,8948,0
n-body-simulation,tight,sweep,70vf,vf,9460310,8.1284,66.3046,19.7251,5.77963,0,0,9454392,0,151.665,5918,0,0,1.50854e-06,2.99507e-08,0,0,0,0,5918,0
n-body-simulation,tight,sweep,71ee,ee,21754322,6.66956,84.3798,49.9212,16.8593,1,0,21730523,0,73.3864,23792,0,0,1.02857e-05,2.6344e-08,0,0,0,0,23799,0
n-body-simulation,tight,sweep,72ee,ee,21048746,7.17687,85.8417,48.1053,17.6743,0,0,21021931,0,71.9505,26815,0,0,7.86498e-06,2.79121e-08,0,0,0,0,26815,0
n-body-simulation,tight,sweep,72vf,vf,8841515,8.86898,64.6032,18.3776,5.18032,0,0,8835285,0,112.345,6230,0,0,1.99333e-06,2.84635e-08,0,0,0,0,6230,0
n-body-simulation,tight,sweep,73vf,vf,9046341,6.54444,68.4508,18.8087,6.67609,0,0,9039958,0,90.3324,6383,0,0,5.65284e-06,2.7597e-08,0,0,0,0,6383,0
n-body-simulation,tight,sweep,74ee,ee,22454354,6.32439,133.061,51.7303,16.0837,0,0,22430218,0,77.4355,24136,0,0,4.62182e-06,2.56338e-08,0,0,0,0,24136,0
n-body-simulation,tight,sweep,7ee,ee,21072753,7.05694,65.9016,48.623,17.4262,0,0,21041494,0,75.6238,31259,0,0,1.44316e-05,3.49502e-08,0,0,0,0,31259,0
n-body-simulation,tight,sweep,7vf,vf,8850202,6.45997,70.1772,18.604,5.65871,0,0,8842934,0,109.352,7268,0,0,1.17126e-05,3.85387e-08,0,0,0,0,7268,0
n-body-simulation,tight,sweep,8vf,vf,9010201,8.43002,71.2853,18.7123,5.76607,0,0,9004164,0,103.291,6037,0,0,2.91516e-06,3.25432e-08,0,0,0,0,6037,0
n-body-simulation,tight,sweep,9ee,ee,24329301,7.03569,75.5989,55.4389,18.7,0,0,24297671,0,88.1797,31630,0,0,1.19373e-05,2.65296e-08,0,0,0,0,31630,0
puffer-ball,tight,cell2d,100ee,ee,28919455,14.6459,346.187,85.4524,9.33912,0,0,28919246,0,91.8256,203,0,0,0.00153916,3.2745e-05,0,1.88605e-05,0.0676813,0.0677002,209,0.067688
puffer-ball,tight,cell2d,101ee,ee,28991339,35.8236,344.677,85.4306,11.9723,0,0,28990930,0,91.3008,398,0,0,0.000569156,6.36303e-05,0,4.29041e-05,0.102989,0.103032,409,0.102982
puffer-ball,tight,cell2d,102ee,ee,28946829,39.0542,326.885,85.5951,10.3419,0,0,28946542,0,91.5064,260,0,0,0.00258564,2.1682e-05,0,1.13239e-05,0.112273,0.112285,287,0.112274
puffer-ball,tight,cell2d,103vf,vf,10162945,12.5002,74.1157,30.0102,1.77839,0,0,10162913,0,199.035,28,0,0,0.000288381,8.11632e-05,0,4.61019e-05,0.139699,0.139745,32,0.139679
puffer-ball,tight,cell2d,104vf,vf,9984324,41.5283,70.5971,29.6124,4.18776,0,0,9984224,0,199.425,98,0,0,0.000319482,6.0307e-05,0,3.94405e-05,0.107147,0.107186,100,0.107147
puffer-ball,tight,cell2d,106ee,ee,26895346,40.4283,115.389,79.7505,5.15737,0,0,26895248,0,85.6571,96,0,0,0.000598434,3.9413e-05,0,8.95789e-06,0.13835,0.138359,98,0.138351
puffer-ball,tight,cell2d,107ee,ee,26127843,40.7779,119.179,77.9942,2.06532,0,0,26127813,0,82.8301,30,0,0,0.000326186,7.03513e-05,0,0.000176367,0.291482,0.291658,30,0.291534
puffer-ball,tight,cell2d,108ee,ee,25305097,40.8402,116.288,75.5402,1.63042,0,0,25305039,0,80.5772,56,0,0,8.35378e-05,2.63881e-05,0,6.12724e-05,0.173819,0.17388,58,0.173813
puffer-ball,tight,cell2d,109vf,vf,8498297,41.0689,57.8917,25.4686,1.30518,0,0,8498278,0,153.371,18,0,0,0.000315464,6.914e-05,0,5.20595e-05,0.259857,0.259909,19,0.259857
puffer-ball,tight,cell2d,10vf,vf,26051266,41.3997,157.118,73.668,6.39942,2,0,26045222,0,546.73,5885,0,0,0.00217338,1.84984e-05,0,3.17735e-06,0.0194301,0.0194333,6044,0.0194244
puffer-ball,tight,cell2d,112ee,ee,21884978,40.3517,103.742,65.9276,5.1687,0,0,21884898,0,70.0716,80,0,0,0.000290373,0.000125135,0,0.000110839,0.351342,0.351453,80,0.351334
puffer-ball,tight,cell2d,114ee,ee,20335973,40.4155,97.5832,61.5816,0.966406,0,0,20335957,0,65.051,16,0,0,0.000222664,4.58348e-05,0,4.69816e-05,0.298698,0.298745,16,0.298706
puffer-ball,tight,cell2d,115ee,ee,19542341,40.4437,85.297,59.0173,1.10378,0,0,19542330,0,63.39,11,0,0,0.00059213,7.19629e-05,0,4.66298e-05,0.311446,0.311493,11,0.311447
puffer-ball,tight,cell2d,116vf,vf,6257322,39.7983,53.5222,19.3183,0.407029,0,0,6257320,0,120.303,2,0,0,8.24776e-05,8.24776e-05,0,8.24776e-05,0.209457,0.20954,2,0.209457
puffer-ball,tight,cell2d,118vf,vf,5680460,40.5985,50.1338,17.6455,0.402133,0,0,5680458,0,108.176,2,0,0,0.000184561,0.000184561,0,6.31808e-05,0.140457,0.14052,2,0.140457
puffer-ball,tight,cell2d,11ee,ee,21521802,38.6833,186.719,92.1462,13.7606,0,0,21520998,0,96.6014,765,0,0,0.0021401,5.21488e-05,0,2.92594e-05,0.0623472,0.0623765,804,0.0623474
puffer-ball,tight,cell2d,121ee,ee,15134209,40.1765,82.5011,46.4622,2.85036,0,0,15134161,0,49.6607,48,0,0,0.00045656,9.74995e-05,0,8.94734e-05,0.187113,0.187202,48,0.187103
puffer-ball,tight,cell2d,122ee,ee,14435994,42.0284,82.8659,44.2623,1.37228,0,0,14435973,0,47.3175,21,0,0,0.00020586,5.41317e-05,0,0.000195062,0.226222,0.226417,21,0.226212
puffer-ball,tight,cell2d,123vf,vf,4342748,40.5348,44.1943,13.7719,0.407061,0,0,4342746,0,86.2642,2,0,0,7.24396e-05,7.24396e-05,0,3.4842e-05,0.377945,0.37798,2,0.377945
puffer-ball,tight,cell2d,124vf,vf,4110426,43.0862,44.4257,13.0927,0.405077,0,0,4110424,0,75.8771,2,0,0,0.000123195,0.000123195,0,0.000128604,0.540949,0.541078,2,0.540955
puffer-ball,tight,cell2d,127ee,ee,11696160,43.1407,80.6532,36.4912,0.783404,0,0,11696154,0,38.9957,6,0,0,0.000320208,0.000132942,0,0.000315111,0.385681,0.385996,6,0.385681
puffer-ball,tight,cell2d,128ee,ee,11302457,40.843,83.4846,35.3494,0.382358,0,0,11302451,0,37.8237,6,0,0,0.000139051,9.08246e-05,0,7.34243e-05,0.269012,0.269086,6,0.269012
puffer-ball,tight,cell2d,129ee,ee,11020201,40.1407,70.2378,34.5172,1.45811,0,0,11020174,0,36.9061,27,0,0,0.000329519,4.45959e-05,0,3.90051e-05,0.141983,0.142022,27,0.141983
puffer-ball,tight,cell2d,12vf,vf,11000060,37.6841,48.74,34.4198,11.2749,13,0,10983158,0,100.471,16494,0,0,0.00333566,1.34048e-05,0,2.20681e-06,0.00633397,0.00633617,16902,0.0063324
puffer-ball,tight,cell2d,13vf,vf,11106781,38.2708,52.7092,34.1319,11.8682,6,0,11088562,0,81.5373,17883,0,0,0.0504481,7.77963e-06,0,2.62684e-06,0.0041413,0.00414392,18219,0.00414276
puffer-ball,tight,cell2d,15ee,ee,31527232,38.451,144.398,98.8659,31.6265,3,0,31490864,0,138.321,35860,0,0,0.00588109,1.36231e-05,0,3.53403e-06,0.00827876,0.0082823,36368,0.00827789
puffer-ball,tight,cell2d,16ee,ee,49330297,38.4794,233.126,149.105,27.3048,11,0,49309577,0,177.384,20318,0,0,0.00307002,1.44515e-05,0,2.4094e-06,0.0068904,0.00689281,20720,0.00688934
puffer-ball,tight,cell2d,17ee,ee,73267220,38.687,360.858,214.925,23.8718,2,0,73247897,0,285.102,18950,0,0,0.261332,1.71165e-05,0,3.90124e-06,0.00283258,0.00283648,19323,0.00283432
puffer-ball,tight,cell2d,18vf,vf,37899493,39.4092,125.921,103.029,6.62274,0,0,37897565,0,806.522,1863,0,0,0.00148126,2.60495e-05,0,4.14874e-06,0.012374,0.0123781,1928,0.0123711
puffer-ball,tight,cell2d,19vf,vf,52064527,39.1512,184.399,137.461,6.45618,3,0,52056822,0,998.873,7517,0,0,0.00355357,1.16122e-05,0,3.11538e-06,0.00748929,0.00749241,7705,0.00748825
puffer-ball,tight,cell2d,21ee,ee,220630674,38.6514,1545.86,608.916,83.0159,23,0,220455231,0,770.743,173531,0,0,0.0237497,8.72229e-06,0,1.75337e-06,0.00433648,0.00433824,175443,0.0043335
puffer-ball,tight,cell2d,22ee,ee,191818568,37.3363,1250.58,540.013,87.381,36,0,191656091,0,709.975,160417,0,0,0.00720355,1.08775e-05,0,4.8096e-06,0.00267211,0.00267692,162477,0.00267029
puffer-ball,tight,cell2d,23ee,ee,116223315,37.8218,601.22,335.245,53.05,39,0,116146276,0,430.672,75730,0,0,0.0058187,1.5581e-05,0,7.17721e-06,0.0102457,0.0102529,77039,0.0102463
puffer-ball,tight,cell2d,24vf,vf,28632387,39.9228,151.067,81.2775,11.2745,7,0,28620305,0,587.631,11715,0,0,0.00238043,2.21273e-05,0,3.39119e-06,0.00941338,0.00941677,12082,0.00941467
puffer-ball,tight,cell2d,25vf,vf,25787438,40.9719,126.213,73.7444,8.86418,6,0,25778079,0,486.447,9086,0,0,0.00315848,2.46645e-05,0,5.40307e-06,0.0127511,0.0127565,9359,0.0127525
puffer-ball,tight,cell2d,27ee,ee,82136185,36.764,861.011,241.289,16.368,9,0,82120927,0,312.805,14915,0,0,0.00643386,2.31245e-05,0,1.29849e-06,0.0129285,0.0129298,15258,0.012928
puffer-ball,tight,cell2d,28ee,ee,89065912,35.2873,931.908,259.07,17.4377,1,0,89054393,0,290.701,11274,0,0,0.00820973,2.27626e-05,0,5.97901e-06,0.0212494,0.0212554,11519,0.0212479
puffer-ball,tight,cell2d,29ee,ee,94887797,36.1505,946.565,273.41,16.8139,1,0,94874413,0,303.843,13132,0,0,0.00567064,1.688e-05,0,6.42395e-06,0.0105389,0.0105453,13384,0.01054
puffer-ball,tight,cell2d,30vf,vf,37863175,36.2145,196.552,102.553,5.91226,3,0,37860340,0,752.945,2754,0,0,0.00074955,2.13912e-05,0,3.91299e-06,0.0184363,0.0184402,2835,0.0184364
puffer-ball,tight,cell2d,31vf,vf,37826930,36.9531,216.257,101.984,6.97534,0,0,37823952,0,754.959,2889,0,0,0.00118747,2.27434e-05,0,1.20739e-06,0.0066029,0.00660411,2978,0.00660324
puffer-ball,tight,cell2d,33ee,ee,88606642,37.6335,1007.62,253.453,21.9404,10,0,88594244,0,285.833,12033,0,0,0.00600899,2.371e-05,0,2.22509e-05,0.036583,0.0366052,12398,0.0365829
puffer-ball,tight,cell2d,34ee,ee,83806141,38.0088,996.021,239.758,19.186,7,0,83793957,0,303.712,11876,0,0,0.224221,2.33006e-05,0,6.19773e-06,0.018728,0.0187342,12184,0.0187302
puffer-ball,tight,cell2d,35ee,ee,79093772,38.223,924.732,226.238,21.092,12,0,79083607,0,292.127,9885,0,0,0.00316752,2.43489e-05,0,2.88261e-06,0.0100769,0.0100798,10165,0.0100746
puffer-ball,tight,cell2d,36vf,vf,28437085,35.978,200.238,77.6623,7.04276,0,0,28434037,0,564.766,2931,0,0,0.00099901,2.14198e-05,0,5.60875e-06,0.0162275,0.0162331,3048,0.0162277
puffer-ball,tight,cell2d,37vf,vf,26722838,36.9485,174.177,73.5868,6.34828,0,0,26720338,0,528.602,2413,0,0,0.00270493,2.06902e-05,0,6.88628e-06,0.0142929,0.0142998,2500,0.0142899
puffer-ball,tight,cell2d,39ee,ee,62734605,37.2036,786.241,180.604,17.4275,4,0,62725637,0,202.537,8810,0,0,0.00327777,1.85082e-05,0,3.77042e-06,0.0152497,0.0152534,8968,0.0152512
puffer-ball,tight,cell2d,40ee,ee,58732472,36.9276,686.481,169.862,18.8177,4,0,58726183,0,188.54,6105,0,0,0.00373388,2.87916e-05,0,1.00191e-05,0.0163602,0.0163702,6289,0.0163612
puffer-ball,tight,cell2d,41ee,ee,55054730,37.4663,698.84,159.347,17.1292,0,0,55049267,0,176.462,5328,0,0,0.00158261,2.67006e-05,0,3.79994e-06,0.0238708,0.0238746,5463,0.0238647
puffer-ball,tight,cell2d,42vf,vf,19496112,37.5973,138.153,54.7155,5.76705,0,0,19495059,0,373.541,1016,0,0,0.00227774,3.93747e-05,0,1.49032e-05,0.02543,0.0254449,1053,0.0254364
puffer-ball,tight,cell2d,43vf,vf,18706325,38.2378,134.214,52.8123,6.44844,3,0,18705336,0,345.136,953,0,0,0.000764569,5.06249e-05,0,3.71244e-06,0.0204443,0.020448,989,0.020443
puffer-ball,tight,cell2d,45ee,ee,48533084,38.4706,595.554,141.096,15.5184,3,0,48531286,0,151.694,1721,0,0,0.00203423,4.03688e-05,0,1.59396e-05,0.0260886,0.0261045,1798,0.0260925
puffer-ball,tight,cell2d,46ee,ee,48353970,37.059,640.835,140.442,15.1387,1,0,48351903,0,152.441,2021,0,0,0.00163666,3.80091e-05,0,1.1548e-05,0.0305569,0.0305685,2067,0.0305557
puffer-ball,tight,cell2d,47ee,ee,48260533,36.905,626.479,139.739,13.8134,3,0,48258910,0,150.997,1577,0,0,0.009421,4.02906e-05,0,1.86257e-05,0.0276013,0.0276199,1623,0.0276108
puffer-ball,tight,cell2d,48vf,vf,17869478,37.169,116.476,50.1247,5.46446,0,0,17869137,0,368.018,330,0,0,0.000726687,3.84739e-05,0,7.0835e-06,0.0389151,0.0389221,341,0.0389175
puffer-ball,tight,cell2d,49vf,vf,17875011,38.0294,113.861,50.0068,4.58324,0,0,17874709,0,356.878,297,0,0,0.000491727,3.6902e-05,0,3.30657e-05,0.0612193,0.0612524,302,0.0612183
puffer-ball,tight,cell2d,51ee,ee,46698477,37.1232,585.422,135.523,16.011,0,0,46697110,0,146.482,1269,0,0,0.00191346,3.66456e-05,0,2.55383e-05,0.0547993,0.0548249,1367,0.0548019
puffer-ball,tight,cell2d,52ee,ee,45494887,38.3891,570.523,132.109,18.0049,7,0,45493883,0,142.048,953,0,0,0.00166164,3.97503e-05,0,4.28871e-05,0.0613778,0.0614207,1004,0.0613861
puffer-ball,tight,cell2d,53ee,ee,44423327,36.9376,572.186,129.135,12.3024,0,0,44422136,0,140.614,1166,0,0,0.00227521,3.82008e-05,0,2.64867e-05,0.0437413,0.0437678,1191,0.0437317
puffer-ball,tight,cell2d,54vf,vf,15978215,38.3046,98.007,45.6985,5.2031,1,0,15977829,0,322.356,369,0,0,0.000434029,3.876e-05,0,1.36779e-05,0.0317597,0.0317733,386,0.0317535
puffer-ball,tight,cell2d,55vf,vf,15809518,37.4853,96.2932,45.1792,4.85197,0,0,15809079,0,324.225,424,0,0,0.00198576,3.35379e-05,0,9.2877e-06,0.0334408,0.0334501,439,0.0334396
puffer-ball,tight,cell2d,57ee,ee,42527985,37.1243,506.887,124.029,15.6,4,0,42527045,0,133.907,911,0,0,0.00236444,4.64358e-05,0,2.78971e-05,0.0476917,0.0477196,940,0.047699
puffer-ball,tight,cell2d,58ee,ee,42522341,37.0378,470.895,124.07,14.0973,1,0,42521138,0,134.575,1167,0,0,0.00345901,3.39813e-05,0,2.11054e-05,0.0497511,0.0497722,1203,0.0497513
puffer-ball,tight,cell2d,59ee,ee,42541037,39.2735,453.576,124.05,14.3112,0,0,42540006,0,133.785,992,0,0,0.000527347,3.47769e-05,0,4.69356e-05,0.0402465,0.0402934,1031,0.0402679
puffer-ball,tight,cell2d,5vf,vf,4452462,45.6718,342.972,13.3804,0.381814,0,0,4452460,0,81.1172,2,0,0,1.87693e-05,1.87693e-05,0,4.06808e-06,0.925015,0.925019,2,0.925014
puffer-ball,tight,cell2d,60vf,vf,15571721,37.8186,90.3377,44.6402,6.1447,0,0,15571311,0,333.068,396,0,0,0.00120154,3.02854e-05,0,1.50928e-05,0.0771451,0.0771602,410,0.0771179
puffer-ball,tight,cell2d,62ee,ee,41024001,37.3006,423.142,119.779,13.6999,0,0,41022883,0,129.299,1082,0,0,0.00102237,2.72956e-05,0,1.40164e-05,0.0284431,0.0284571,1118,0.0284424
puffer-ball,tight,cell2d,63ee,ee,40350684,36.0125,377.087,117.511,12.7571,0,0,40349147,0,126.778,1494,0,0,0.000762525,2.55142e-05,0,1.21164e-05,0.0329199,0.032932,1537,0.0329208
puffer-ball,tight,cell2d,64ee,ee,39670269,37.7275,390.286,115.719,12.6191,5,0,39669552,0,124.21,694,0,0,0.00195332,2.82986e-05,0,4.86952e-06,0.0559836,0.0559885,717,0.0559845
puffer-ball,tight,cell2d,65vf,vf,14316399,37.0428,82.4867,41.0436,5.28498,0,0,14316220,0,292.338,173,0,0,0.000876223,4.54652e-05,0,3.44692e-05,0.0881449,0.0881794,179,0.0881348
puffer-ball,tight,cell2d,66vf,vf,14072197,37.8774,82.9647,40.4524,5.67556,0,0,14072063,0,286.702,120,0,0,0.000268542,6.39212e-05,0,4.4021e-05,0.100252,0.100296,134,0.10025
puffer-ball,tight,cell2d,68ee,ee,36623286,37.7005,391.187,106.653,16.1014,0,0,36622722,0,114.197,514,0,0,0.00149035,5.11511e-05,0,1.8259e-05,0.0450847,0.045103,564,0.0450821
puffer-ball,tight,cell2d,69ee,ee,35609242,37.2683,374.857,104.003,12.6553,3,0,35608561,0,111.439,652,0,0,0.00146427,3.97538e-05,0,2.73003e-05,0.0463643,0.0463916,681,0.0463638
puffer-ball,tight,cell2d,6ee,ee,17690467,52.4742,244.1,54.7238,12.0419,0,0,17688666,0,60.2618,1770,0,0,0.00076282,3.69232e-06,0,9.7485e-06,0.0979052,0.0979149,1801,0.0979042
puffer-ball,tight,cell2d,70vf,vf,12542944,36.5556,79.4254,35.9194,4.93981,0,0,12542694,0,220.323,240,0,0,0.000441543,3.35506e-05,0,1.72993e-05,0.0342919,0.0343092,250,0.0342941
puffer-ball,tight,cell2d,71vf,vf,12091178,37.4055,82.5443,35.0996,4.96496,0,0,12091045,0,249.464,128,0,0,0.000417579,4.87784e-05,0,1.45641e-05,0.0854614,0.085476,133,0.0854492
puffer-ball,tight,cell2d,73ee,ee,31360326,37.5941,391.58,92.4808,14.2708,0,0,31359485,0,99.2278,799,0,0,0.00142708,4.26181e-05,0,2.30316e-05,0.0433993,0.0434223,841,0.0434036
puffer-ball,tight,cell2d,74ee,ee,30393279,37.4202,388.272,90.1189,13.0561,0,0,30392732,0,96.3453,541,0,0,0.00306445,4.73147e-05,0,3.94874e-05,0.0965191,0.0965586,547,0.0965271
puffer-ball,tight,cell2d,75ee,ee,29352738,37.5181,399.619,87.1063,11.8005,0,0,29352137,0,93.8533,594,0,0,0.00123988,3.32435e-05,0,1.27149e-05,0.0299152,0.0299279,601,0.0299149
puffer-ball,tight,cell2d,76vf,vf,9871498,37.8316,76.1891,29.2602,4.41281,0,0,9871348,0,190.21,144,0,0,0.000248163,5.16228e-05,0,2.36797e-05,0.0795396,0.0795632,150,0.0795441
puffer-ball,tight,cell2d,77vf,vf,9422268,40.3539,72.1187,28.1321,5.19734,0,0,9422153,0,183.215,110,0,0,0.00276832,7.00436e-05,0,1.9597e-05,0.0728593,0.0728788,115,0.0728607
puffer-ball,tight,cell2d,79ee,ee,25110518,37.8862,369.1,75.3748,14.5522,0,0,25109388,0,81.4042,1083,0,0,0.000830189,3.9502e-05,0,3.52411e-05,0.0471361,0.0471713,1130,0.0471344
puffer-ball,tight,cell2d,7ee,ee,20330418,51.9933,226.694,63.8422,11.8603,0,0,20322657,0,75.0992,7685,0,0,0.000490761,4.73831e-06,0,3.53405e-06,0.00837628,0.00837982,7761,0.00837708
puffer-ball,tight,cell2d,80ee,ee,24221710,38.0293,377.324,72.8924,14.2835,0,0,24221029,0,78.5747,652,0,0,0.00177399,5.22022e-05,0,4.07298e-05,0.0971171,0.0971579,681,0.0971069
puffer-ball,tight,cell2d,81vf,vf,7872734,37.8906,71.5987,24.0396,4.52862,2,0,7872622,0,162.592,106,0,0,0.000347333,5.78483e-05,0,2.16925e-05,0.0664549,0.0664766,112,0.066452
puffer-ball,tight,cell2d,82vf,vf,7646505,37.9575,67.5313,23.2916,4.27013,0,0,7646306,0,143.423,194,0,0,0.000620605,5.37479e-05,0,4.11736e-05,0.0627874,0.0628286,199,0.0627899
puffer-ball,tight,cell2d,84ee,ee,22087334,37.3173,340.314,66.8486,14.8187,0,0,22087088,0,71.6478,232,0,0,0.00163747,7.67597e-05,0,5.97396e-05,0.0923912,0.0924509,246,0.0924072
puffer-ball,tight,cell2d,85ee,ee,21924810,37.1345,342.581,66.4467,11.4199,4,0,21924623,0,70.6314,178,0,0,0.000820669,5.50125e-05,0,6.85936e-05,0.125993,0.126062,187,0.126007
puffer-ball,tight,cell2d,86ee,ee,21956131,37.4331,343.207,66.185,6.59931,0,0,21955951,0,70.1701,178,0,0,0.000670304,1.83206e-05,0,8.93513e-06,0.0365393,0.0365483,180,0.0365372
puffer-ball,tight,cell2d,87vf,vf,7367924,37.402,69.3335,22.7155,1.37116,0,0,7367890,0,143.49,34,0,0,0.000123612,5.29589e-05,0,0.0001195,0.163754,0.163874,34,0.163788
puffer-ball,tight,cell2d,88vf,vf,7477382,37.9946,66.3831,22.7236,0.38687,0,0,7477376,0,127.211,6,0,0,0.000241294,8.59023e-05,0,7.41659e-05,0.286152,0.286226,6,0.286194
puffer-ball,tight,cell2d,8ee,ee,30324395,46.8792,383.788,93.9803,24.1329,7,0,30300184,0,123.261,23906,0,0,0.00317809,8.69664e-06,0,3.26879e-06,0.0128442,0.0128474,24211,0.0128441
puffer-ball,tight,cell2d,90ee,ee,23301989,36.5796,327.388,70.0303,6.46953,0,0,23301882,0,74.0476,101,0,0,0.000403855,5.52923e-05,0,3.87782e-05,0.15819,0.158229,107,0.158173
puffer-ball,tight,cell2d,91ee,ee,23953633,37.3794,330.107,71.8048,1.61465,0,0,23953612,0,76.3662,16,0,0,0.000544084,0.000101841,0,0.000158788,0.285862,0.286021,21,0.285828
puffer-ball,tight,cell2d,92vf,vf,8420697,38.3553,70.3676,25.4197,1.1616,0,0,8420679,0,164.098,18,0,0,0.000395681,8.48169e-05,0,7.11674e-05,0.119429,0.1195,18,0.119415
puffer-ball,tight,cell2d,93vf,vf,8683964,39.5867,75.0621,26.1569,1.42588,0,0,8683934,0,162.359,30,0,0,0.000340828,7.80981e-05,0,2.7884e-05,0.164643,0.164671,30,0.164642
puffer-ball,tight,cell2d,95ee,ee,26667445,37.5295,327.121,79.4861,9.85363,0,0,26667005,0,84.981,419,0,0,0.000561267,3.5192e-05,0,1.02763e-05,0.085045,0.0850553,440,0.0850372
puffer-ball,tight,cell2d,96ee,ee,27333803,37.2801,344.152,81.0648,11.8668,0,0,27333517,0,86.4989,277,0,0,0.000447943,3.48418e-05,0,1.55903e-05,0.0791473,0.0791629,286,0.0791473
puffer-ball,tight,cell2d,97ee,ee,27895701,37.4711,336.189,82.5527,13.4411,0,0,27895457,0,88.24,234,0,0,0.000496207,4.16035e-05,0,2.23589e-05,0.0799123,0.0799347,244,0.0799103
puffer-ball,tight,cell2d,98vf,vf,9971931,37.5871,74.155,29.7035,1.57663,0,0,9971900,0,210.112,30,0,0,0.0001397,3.58115e-05,0,3.67242e-05,0.12854,0.128577,31,0.12854
puffer-ball,tight,cell2d,99vf,vf,10120447,37.5837,72.0301,30.0888,1.85054,0,0,10120401,0,211.849,44,0,0,0.000164369,5.70811e-05,0,5.64636e-05,0.139243,0.1393,46,0.139221
puffer-ball,tight,cell2d,100ee,ee,28919455,15.3271,370.466,85.64,9.39153,0,0,28919246,0,92.3023,203,0,0,0.00153916,3.2745e-05,0,1.88605e-05,0.0676813,0.0677002,209,0.067688
puffer-ball,tight,cell2d,101ee,ee,28991339,36.3962,326.255,85.4047,11.981,0,0,28990930,0,90.8583,398,0,0,0.000569156,6.36303e-05,0,4.50925e-05,0.102987,0.103032,409,0.102982
puffer-ball,tight,cell2d,102ee,ee,28946829,37.8589,344.525,85.2994,10.3231,0,0,28946542,0,91.0479,260,0,0,0.00258564,2.1682e-05,0,1.13239e-05,0.112273,0.112285,287,0.112274
puffer-ball,tight,cell2d,103vf,vf,10162945,11.6528,71.7962,29.9842,1.81074,0,0,10162913,0,225.298,28,0,0,0.000288381,8.11632e-05,0,4.61019e-05,0.139699,0.139745,32,0.139679
puffer-ball,tight,cell2d,104vf,vf,9984324,39.9551,69.0532,29.664,4.17451,0,0,9984224,0,203.806,98,0,0,0.000319482,6.0307e-05,0,3.94405e-05,0.107147,0.107186,100,0.107147
puffer-ball,tight,cell2d,106ee,ee,26895346,40.9099,117.302,79.6334,5.15286,0,0,26895248,0,84.7718,96,0,0,0.000598434,3.9413e-05,0,1.29961e-05,0.138346,0.138359,98,0.138351
puffer-ball,tight,cell2d,107ee,ee,26127843,39.6456,116.376,78.0313,1.99918,0,0,26127813,0,83.2512,30,0,0,0.000326186,7.03513e-05,0,0.000176367,0.291482,0.291658,30,0.291534
puffer-ball,tight,cell2d,108ee,ee,25305097,40.0668,111.676,75.6285,1.62441,0,0,25305039,0,80.5566,56,0,0,8.35378e-05,2.63881e-05,0,6.12724e-05,0.173819,0.17388,58,0.173813
puffer-ball,tight,cell2d,109vf,vf,8498297,39.7081,55.1006,25.4629,1.39756,0,0,8498278,0,159.868,18,0,0,0.000315464,6.914e-05,0,5.20595e-05,0.259857,0.259909,19,0.259857
puffer-ball,tight,cell2d,10vf,vf,26051266,39.7972,159.725,73.8644,6.4134,2,0,26045222,0,558.548,5885,0,0,0.00217338,1.84984e-05,0,3.17735e-06,0.0194301,0.0194333,6044,0.0194244
puffer-ball,tight,cell2d,112ee,ee,21884978,38.6691,103.904,65.9017,5.15123,0,0,21884898,0,70.1904,80,0,0,0.000290373,0.000125135,0,0.000110839,0.351342,0.351453,80,0.351334
puffer-ball,tight,cell2d,114ee,ee,20335973,39.5743,98.3131,61.7533,0.983623,0,0,20335957,0,66.1677,16,0,0,0.000222664,4.58348e-05,0,4.69816e-05,0.298698,0.298745,16,0.298706
puffer-ball,tight,cell2d,115ee,ee,19542341,39.5689,86.74,59.0442,1.1536,0,0,19542330,0,63.5209,11,0,0,0.00059213,7.19629e-05,0,4.66298e-05,0.311446,0.311493,11,0.311447
puffer-ball,tight,cell2d,116vf,vf,6257322,39.9468,53.8326,19.3552,0.406325,0,0,6257320,0,120.265,2,0,0,8.24776e-05,8.24776e-05,0,8.24776e-05,0.209457,0.20954,2,0.209457
puffer-ball,tight,cell2d,118vf,vf,5680460,39.6469,52.2593,17.665,0.414006,0,0,5680458,0,116.522,2,0,0,0.000184561,0.000184561,0,6.31808e-05,0.140457,0.14052,2,0.140457
puffer-ball,tight,cell2d,11ee,ee,21521802,39.4932,163.125,73.7779,13.7113,0,0,21520998,0,81.4701,765,0,0,0.0021401,5.21488e-05,0,2.92594e-05,0.0623472,0.0623765,804,0.0623474
puffer-ball,tight,cell2d,121ee,ee,15134209,40.694,82.0587,46.46,2.89349,0,0,15134161,0,49.8404,48,0,0,0.00045656,9.74995e-05,0,8.94734e-05,0.187113,0.187202,48,0.187103
puffer-ball,tight,cell2d,122ee,ee,14435994,40.0937,72.8037,44.4065,1.41404,0,0,14435973,0,47.9865,21,0,0,0.00020586,5.41317e-05,0,0.000195062,0.226222,0.226417,21,0.226212
puffer-ball,tight,cell2d,123vf,vf,4342748,40.4215,45.9293,13.7782,0.440084,0,0,4342746,0,87.1712,2,0,0,7.24396e-05,7.24396e-05,0,3.4842e-05,0.377945,0.37798,2,0.377945
puffer-ball,tight,cell2d,124vf,vf,4110426,42.7527,44.4944,13.1126,0.430261,0,0,4110424,0,77.3467,2,0,0,0.000123195,0.000123195,0,0.000128604,0.540949,0.541078,2,0.540955
puffer-ball,tight,cell2d,127ee,ee,11696160,40.574,69.0792,36.6214,0.811051,0,0,11696154,0,39.4838,6,0,0,0.000320208,0.000132942,0,0.000315111,0.385681,0.385996,6,0.385681
puffer-ball,tight,cell2d,128ee,ee,11302457,40.6,72.8818,35.4209,0.407541,0,0,11302451,0,38.0585,6,0,0,0.000139051,9.08246e-05,0,7.34243e-05,0.269012,0.269086,6,0.269012
puffer-ball,tight,cell2d,129ee,ee,11020201,39.4848,81.437,34.5561,1.41395,0,0,11020174,0,37.3111,27,0,0,0.000329519,4.45959e-05,0,3.90051e-05,0.141983,0.142022,27,0.141983
puffer-ball,tight,cell2d,12vf,vf,11000060,37.5632,48.7319,34.4959,11.3454,13,0,10983158,0,129.897,16494,0,0,0.00333566,1.34048e-05,0,2.35271e-06,0.00633382,0.00633617,16902,0.0063324
puffer-ball,tight,cell2d,13vf,vf,11106781,37.9979,53.4195,34.2361,11.785,6,0,11088562,0,118.495,17883,0,0,0.0504481,7.77963e-06,0,3.19108e-06,0.00414073,0.00414392,18219,0.00414276
puffer-ball,tight,cell2d,15ee,ee,31527232,38.4678,151.365,98.6891,31.3217,3,0,31490864,0,137.85,35860,0,0,0.00588109,1.36231e-05,0,3.53403e-06,0.00827876,0.0082823,36368,0.00827789
puffer-ball,tight,cell2d,16ee,ee,49330297,38.0855,213.782,149.079,27.2559,11,0,49309577,0,179.584,20318,0,0,0.00307002,1.44515e-05,0,3.45634e-06,0.00688936,0.00689281,20720,0.00688934
puffer-ball,tight,cell2d,17ee,ee,73267220,37.8797,359.311,214.734,23.8727,2,0,73247897,0,246.699,18950,0,0,0.261332,1.71165e-05,0,1.47021e-06,0.00283501,0.00283648,19323,0.00283432
puffer-ball,tight,cell2d,18vf,vf,37899493,38.1668,127.502,102.701,6.58533,0,0,37897565,0,741.674,1863,0,0,0.00148126,2.60495e-05,0,4.14874e-06,0.012374,0.0123781,1928,0.0123711
puffer-ball,tight,cell2d,19vf,vf,52064527,38.7357,190.96,138.54,6.45718,3,0,52056822,0,1005.35,7517,0,0,0.00355357,1.16122e-05,0,3.11538e-06,0.00748929,0.00749241,7705,0.00748825
puffer-ball,tight,cell2d,21ee,ee,220630674,38.9406,1557.03,609.976,82.982,23,0,220455231,0,784.476,173531,0,0,0.0237497,8.72229e-06,0,1.69261e-06,0.00433654,0.00433824,175443,0.0043335
puffer-ball,tight,cell2d,22ee,ee,191818568,37.5449,1225.44,537.989,87.2385,36,0,191656091,0,708.531,160417,0,0,0.00720355,1.08775e-05,0,4.91856e-06,0.002672,0.00267692,162477,0.00267029
puffer-ball,tight,cell2d,23ee,ee,116223315,38.6975,605.216,334.967,53.253,39,0,116146276,0,454.033,75730,0,0,0.0058187,1.5581e-05,0,7.17721e-06,0.0102457,0.0102529,77039,0.0102463
puffer-ball,tight,cell2d,24vf,vf,28632387,39.4595,152.766,81.0464,11.2661,7,0,28620305,0,489.796,11715,0,0,0.00238043,2.21273e-05,0,3.39119e-06,0.00941338,0.00941677,12082,0.00941467
puffer-ball,tight,cell2d,25vf,vf,25787438,39.1523,125.158,74.0522,8.89458,6,0,25778079,0,505.184,9086,0,0,0.00315848,2.46645e-05,0,5.40307e-06,0.0127511,0.0127565,9359,0.0127525
puffer-ball,tight,cell2d,27ee,ee,82136185,36.4344,863.39,241.301,16.3832,9,0,82120927,0,273.11,14915,0,0,0.00643386,2.31245e-05,0,1.29849e-06,0.0129285,0.0129298,15258,0.012928
puffer-ball,tight,cell2d,28ee,ee,89065912,36.7656,922.224,258.813,17.2374,1,0,89054393,0,287.649,11274,0,0,0.00820973,2.27626e-05,0,5.97901e-06,0.0212494,0.0212554,11519,0.0212479
puffer-ball,tight,cell2d,29ee,ee,94887797,36.3909,925.032,272.676,16.4004,1,0,94874413,0,301.603,13132,0,0,0.00567064,1.688e-05,0,6.56638e-06,0.0105388,0.0105453,13384,0.01054
puffer-ball,tight,cell2d,30vf,vf,37863175,37.9372,198.841,103.04,5.8889,3,0,37860340,0,748.019,2754,0,0,0.00074955,2.13912e-05,0,3.91299e-06,0.0184363,0.0184402,2835,0.0184364
puffer-ball,tight,cell2d,31vf,vf,37826930,36.6263,212.095,102.707,7.03134,0,0,37823952,0,779.048,2889,0,0,0.00118747,2.27434e-05,0,1.20739e-06,0.0066029,0.00660411,2978,0.00660324
puffer-ball,tight,cell2d,33ee,ee,88606642,38.0888,1013.55,253.06,22.2718,10,0,88594244,0,281.571,12033,0,0,0.00600899,2.371e-05,0,2.22509e-05,0.036583,0.0366052,12398,0.0365829
puffer-ball,tight,cell2d,34ee,ee,83806141,36.8454,993.623,239.77,19.3551,7,0,83793957,0,267.608,11876,0,0,0.224221,2.33006e-05,0,6.19773e-06,0.018728,0.0187342,12184,0.0187302
puffer-ball,tight,cell2d,35ee,ee,79093772,37.4241,963.66,226.198,21.0488,12,0,79083607,0,255.357,9885,0,0,0.00316752,2.43489e-05,0,2.88261e-06,0.0100769,0.0100798,10165,0.0100746
puffer-ball,tight,cell2d,36vf,vf,28437085,36.4551,202.554,78.339,7.06321,0,0,28434037,0,590.601,2931,0,0,0.00099901,2.14198e-05,0,5.60875e-06,0.0162275,0.0162331,3048,0.0162277
puffer-ball,tight,cell2d,37vf,vf,26722838,37.6053,175.346,73.8436,6.33289,0,0,26720338,0,539.321,2413,0,0,0.00270493,2.06902e-05,0,6.88628e-06,0.0142929,0.0142998,2500,0.0142899
puffer-ball,tight,cell2d,39ee,ee,62734605,37.2309,816.351,180.717,17.3535,4,0,62725637,0,204.21,8810,0,0,0.00327777,1.85082e-05,0,3.77042e-06,0.0152497,0.0152534,8968,0.0152512
puffer-ball,tight,cell2d,40ee,ee,58732472,36.6288,710.133,169.642,18.7731,4,0,58726183,0,190.029,6105,0,0,0.00373388,2.87916e-05,0,1.00191e-05,0.0163602,0.0163702,6289,0.0163612
puffer-ball,tight,cell2d,41ee,ee,55054730,37.4551,690.402,159.425,17.1963,0,0,55049267,0,178.942,5328,0,0,0.00158261,2.67006e-05,0,3.79994e-06,0.0238708,0.0238746,5463,0.0238647
puffer-ball,tight,cell2d,42vf,vf,19496112,36.1668,142.587,54.7007,5.73556,0,0,19495059,0,403.696,1016,0,0,0.00227774,3.93747e-05,0,1.49032e-05,0.02543,0.0254449,1053,0.0254364
puffer-ball,tight,cell2d,43vf,vf,18706325,36.6088,132.152,52.6224,6.4047,3,0,18705336,0,372.339,953,0,0,0.000764569,5.06249e-05,0,3.71244e-06,0.0204443,0.020448,989,0.020443
puffer-ball,tight,cell2d,45ee,ee,48533084,37.4515,583.403,141.319,15.4487,3,0,48531286,0,153.383,1721,0,0,0.00203423,4.03688e-05,0,1.59396e-05,0.0260886,0.0261045,1798,0.0260925
puffer-ball,tight,cell2d,46ee,ee,48353970,38.8949,622.97,140.42,15.1339,1,0,48351903,0,149.891,2021,0,0,0.00163666,3.80091e-05,0,1.19784e-05,0.0305565,0.0305685,2067,0.0305557
puffer-ball,tight,cell2d,47ee,ee,48260533,37.2748,603.561,139.6,13.8393,3,0,48258910,0,148.044,1577,0,0,0.009421,4.02906e-05,0,1.86257e-05,0.0276013,0.0276199,1623,0.0276108
puffer-ball,tight,cell2d,48vf,vf,17869478,40.8262,115.008,50.079,5.41871,0,0,17869137,0,377.427,330,0,0,0.000726687,3.84739e-05,0,6.72846e-06,0.0389154,0.0389221,341,0.0389175
puffer-ball,tight,cell2d,49vf,vf,17875011,37.9866,113.711,50.1652,4.55348,0,0,17874709,0,385.625,297,0,0,0.000491727,3.6902e-05,0,3.30657e-05,0.0612193,0.0612524,302,0.0612183
puffer-ball,tight,cell2d,51ee,ee,46698477,37.4042,582.164,135.309,16.0558,0,0,46697110,0,143.283,1269,0,0,0.00191346,3.66456e-05,0,2.55383e-05,0.0547993,0.0548249,1367,0.0548019
puffer-ball,tight,cell2d,52ee,ee,45494887,37.5145,547.979,132.398,17.9739,7,0,45493883,0,139.806,953,0,0,0.00166164,3.97503e-05,0,4.28871e-05,0.0613778,0.0614207,1004,0.0613861
puffer-ball,tight,cell2d,53ee,ee,44423327,37.5161,577.004,129.075,12.3302,0,0,44422136,0,136.538,1166,0,0,0.00227521,3.82008e-05,0,2.64867e-05,0.0437413,0.0437678,1191,0.0437317
puffer-ball,tight,cell2d,54vf,vf,15978215,36.6742,106.239,45.7328,5.23401,1,0,15977829,0,348.308,369,0,0,0.000434029,3.876e-05,0,1.36779e-05,0.0317597,0.0317733,386,0.0317535
puffer-ball,tight,cell2d,55vf,vf,15809518,36.7489,94.5091,44.8148,4.86816,0,0,15809079,0,287.895,424,0,0,0.00198576,3.35379e-05,0,1.05449e-05,0.0334396,0.0334501,439,0.0334396
puffer-ball,tight,cell2d,57ee,ee,42527985,37.2882,502.907,124.346,15.622,4,0,42527045,0,131.805,911,0,0,0.00236444,4.64358e-05,0,2.76035e-05,0.047692,0.0477196,940,0.047699
puffer-ball,tight,cell2d,58ee,ee,42522341,36.6705,465.598,123.887,14.1127,1,0,42521138,0,131.021,1167,0,0,0.00345901,3.39813e-05,0,2.11054e-05,0.0497511,0.0497722,1203,0.0497513
puffer-ball,tight,cell2d,59ee,ee,42541037,37.0938,452.961,123.964,14.2481,0,0,42540006,0,131.168,992,0,0,0.000527347,3.47769e-05,0,4.69356e-05,0.0402465,0.0402934,1031,0.0402679
puffer-ball,tight,cell2d,5vf,vf,4452462,44.905,331.164,13.5049,0.434388,0,0,4452460,0,90.8585,2,0,0,1.87693e-05,1.87693e-05,0,4.06808e-06,0.925015,0.925019,2,0.925014
puffer-ball,tight,cell2d,60vf,vf,15571721,37.0612,88.4904,44.5372,6.18025,0,0,15571311,0,322.459,396,0,0,0.00120154,3.02854e-05,0,1.50928e-05,0.0771451,0.0771602,410,0.0771179
puffer-ball,tight,cell2d,62ee,ee,41024001,38.8026,437.956,119.648,13.7311,0,0,41022883,0,126.24,1082,0,0,0.00102237,2.72956e-05,0,1.40164e-05,0.0284431,0.0284571,1118,0.0284424
puffer-ball,tight,cell2d,63ee,ee,40350684,36.6025,420.072,117.362,12.7705,0,0,40349147,0,124.564,1494,0,0,0.000762525,2.55142e-05,0,1.21164e-05,0.0329199,0.032932,1537,0.0329208
puffer-ball,tight,cell2d,64ee,ee,39670269,36.6147,388.524,115.645,12.6288,5,0,39669552,0,121.647,694,0,0,0.00195332,2.82986e-05,0,4.86952e-06,0.0559836,0.0559885,717,0.0559845
puffer-ball,tight,cell2d,65vf,vf,14316399,36.7898,83.895,41.0695,5.26306,0,0,14316220,0,289.568,173,0,0,0.000876223,4.54652e-05,0,3.44692e-05,0.0881449,0.0881794,179,0.0881348
puffer-ball,tight,cell2d,66vf,vf,14072197,37.2064,81.3338,40.4189,5.65521,0,0,14072063,0,313.267,120,0,0,0.000268542,6.39212e-05,0,4.4021e-05,0.100252,0.100296,134,0.10025
puffer-ball,tight,cell2d,68ee,ee,36623286,37.7452,371.451,106.85,16.0928,0,0,36622722,0,113.028,514,0,0,0.00149035,5.11511e-05,0,1.8259e-05,0.0450847,0.045103,564,0.0450821
puffer-ball,tight,cell2d,69ee,ee,35609242,37.7274,376.982,104.065,12.635,3,0,35608561,0,109.806,652,0,0,0.00146427,3.97538e-05,0,2.73003e-05,0.0463643,0.0463916,681,0.0463638
puffer-ball,tight,cell2d,6ee,ee,17690467,52.7116,243.222,54.4915,12.0635,0,0,17688666,0,60.0848,1770,0,0,0.00076282,3.69232e-06,0,9.7485e-06,0.0979052,0.0979149,1801,0.0979042
puffer-ball,tight,cell2d,70vf,vf,12542944,36.9084,83.0107,36.1313,4.94557,0,0,12542694,0,244.511,240,0,0,0.000441543,3.35506e-05,0,1.72993e-05,0.0342919,0.0343092,250,0.0342941
puffer-ball,tight,cell2d,71vf,vf,12091178,37.3363,78.964,35.149,4.96128,0,0,12091045,0,267.79,128,0,0,0.000417579,4.87784e-05,0,1.45641e-05,0.0854614,0.085476,133,0.0854492
puffer-ball,tight,cell2d,73ee,ee,31360326,37.4645,374.116,92.4611,14.2952,0,0,31359485,0,98.6497,799,0,0,0.00142708,4.26181e-05,0,2.30316e-05,0.0433993,0.0434223,841,0.0434036
puffer-ball,tight,cell2d,74ee,ee,30393279,38.017,387.816,89.834,12.9739,0,0,30392732,0,95.5161,541,0,0,0.00306445,4.73147e-05,0,3.94874e-05,0.0965191,0.0965586,547,0.0965271
puffer-ball,tight,cell2d,75ee,ee,29352738,38.9518,388.361,86.9527,11.77,0,0,29352137,0,92.4546,594,0,0,0.00123988,3.32435e-05,0,1.27149e-05,0.0299152,0.0299279,601,0.0299149
puffer-ball,tight,cell2d,76vf,vf,9871498,36.7947,77.551,29.2956,4.30088,0,0,9871348,0,202.982,144,0,0,0.000248163,5.16228e-05,0,2.36797e-05,0.0795396,0.0795632,150,0.0795441
puffer-ball,tight,cell2d,77vf,vf,9422268,37.7021,71.1825,28.1162,5.25717,0,0,9422153,0,197.23,110,0,0,0.00276832,7.00436e-05,0,1.9597e-05,0.0728593,0.0728788,115,0.0728607
puffer-ball,tight,cell2d,79ee,ee,25110518,37.6616,376.468,75.1544,14.5283,0,0,25109388,0,81.7637,1083,0,0,0.000830189,3.9502e-05,0,3.52411e-05,0.0471361,0.0471713,1130,0.0471344
puffer-ball,tight,cell2d,7ee,ee,20330418,50.7258,240.29,63.8635,11.8858,0,0,20322657,0,74.6092,7685,0,0,0.000490761,4.73831e-06,0,4.93747e-06,0.00837488,0.00837982,7761,0.00837708
puffer-ball,tight,cell2d,80ee,ee,24221710,36.7066,367.176,72.599,14.3347,0,0,24221029,0,78.6086,652,0,0,0.00177399,5.22022e-05,0,4.07298e-05,0.0971171,0.0971579,681,0.0971069
puffer-ball,tight,cell2d,81vf,vf,7872734,36.9318,71.7707,23.9838,4.54001,2,0,7872622,0,171.283,106,0,0,0.000347333,5.78483e-05,0,2.16925e-05,0.0664549,0.0664766,112,0.066452
puffer-ball,tight,cell2d,82vf,vf,7646505,37.6492,67.2957,23.2343,4.32238,0,0,7646306,0,162.555,194,0,0,0.000620605,5.37479e-05,0,4.11736e-05,0.0627874,0.0628286,199,0.0627899
puffer-ball,tight,cell2d,84ee,ee,22087334,37.7341,346.178,66.9451,14.863,0,0,22087088,0,72.0527,232,0,0,0.00163747,7.67597e-05,0,5.97396e-05,0.0923912,0.0924509,246,0.0924072
puffer-ball,tight,cell2d,85ee,ee,21924810,37.1257,344.1,66.202,11.3853,4,0,21924623,0,71.5464,178,0,0,0.000820669,5.50125e-05,0,7.00845e-05,0.125992,0.126062,187,0.126007
puffer-ball,tight,cell2d,86ee,ee,21956131,36.6579,342.428,66.2482,6.63074,0,0,21955951,0,70.914,178,0,0,0.000670304,1.83206e-05,0,1.06191e-05,0.0365376,0.0365483,180,0.0365372
puffer-ball,tight,cell2d,87vf,vf,7367924,38.8785,69.4954,22.5464,1.41264,0,0,7367890,0,155.047,34,0,0,0.000123612,5.29589e-05,0,0.0001195,0.163754,0.163874,34,0.163788
puffer-ball,tight,cell2d,88vf,vf,7477382,37.7497,67.7503,22.8196,0.378934,0,0,7477376,0,159.62,6,0,0,0.000241294,8.59023e-05,0,7.41659e-05,0.286152,0.286226,6,0.286194
puffer-ball,tight,cell2d,8ee,ee,30324395,45.8465,389.548,93.9079,24.1356,7,0,30300184,0,122.693,23906,0,0,0.00317809,8.69664e-06,0,3.26879e-06,0.0128442,0.0128474,24211,0.0128441
puffer-ball,tight,cell2d,90ee,ee,23301989,36.6431,334.541,70.0903,6.53036,0,0,23301882,0,75.1003,101,0,0,0.000403855,5.52923e-05,0,3.87782e-05,0.15819,0.158229,107,0.158173
puffer-ball,tight,cell2d,91ee,ee,23953633,37.3551,338.024,71.802,1.6614,0,0,23953612,0,76.8294,16,0,0,0.000544084,0.000101841,0,0.000158788,0.285862,0.286021,21,0.285828
puffer-ball,tight,cell2d,92vf,vf,8420697,37.0691,72.0154,25.5055,1.15955,0,0,8420679,0,181.556,18,0,0,0.000395681,8.48169e-05,0,7.11674e-05,0.119429,0.1195,18,0.119415
puffer-ball,tight,cell2d,93vf,vf,8683964,38.3216,73.7609,26.1144,1.47993,0,0,8683934,0,165.474,30,0,0,0.000340828,7.80981e-05,0,2.7884e-05,0.164643,0.164671,30,0.164642
puffer-ball,tight,cell2d,95ee,ee,26667445,37.1517,342.373,79.2317,9.84912,0,0,26667005,0,84.5233,419,0,0,0.000561267,3.5192e-05,0,1.02763e-05,0.085045,0.0850553,440,0.0850372
puffer-ball,tight,cell2d,96ee,ee,27333803,36.8898,334.967,80.9225,11.8756,0,0,27333517,0,86.0176,277,0,0,0.000447943,3.48418e-05,0,1.55903e-05,0.0791473,0.0791629,286,0.0791473
puffer-ball,tight,cell2d,97ee,ee,27895701,37.636,343.035,82.4991,13.4262,0,0,27895457,0,88.2939,234,0,0,0.000496207,4.16035e-05,0,2.23589e-05,0.0799123,0.0799347,244,0.0799103
puffer-ball,tight,cell2d,98vf,vf,9971931,37.9505,72.8301,29.4148,1.58428,0,0,9971900,0,196.063,30,0,0,0.0001397,3.58115e-05,0,3.67242e-05,0.12854,0.128577,31,0.12854
puffer-ball,tight,cell2d,99vf,vf,10120447,37.9604,76.102,30.076,1.94238,0,0,10120401,0,219.86,44,0,0,0.000164369,5.70811e-05,0,5.64636e-05,0.139243,0.1393,46,0.139221
puffer-ball,tight,cell2dmin,100ee,ee,28919455,12.6613,130.711,86.1292,9.0767,0,0,28919246,0,92.1031,203,0,0,0.00153916,3.2745e-05,0,1.39244e-05,0.0676862,0.0677002,209,0.067688
puffer-ball,tight,cell2dmin,101ee,ee,28991339,21.0174,94.525,86.8298,11.7535,0,0,28990930,0,92.3163,398,0,0,0.000569156,6.36303e-05,0,4.78128e-05,0.102984,0.103032,409,0.102982
puffer-ball,tight,cell2dmin,102ee,ee,28946829,22.4496,110.812,85.7205,10.0674,0,0,28946542,0,91.1062,260,0,0,0.00258564,2.1682e-05,0,1.12493e-05,0.112273,0.112285,287,0.112274
puffer-ball,tight,cell2dmin,103vf,vf,10162945,8.59341,69.4837,29.1914,1.70616,0,0,10162913,0,114.374,28,0,0,0.000288381,8.11632e-05,0,4.61019e-05,0.139699,0.139745,32,0.139679
puffer-ball,tight,cell2dmin,104vf,vf,9984324,24.202,63.2045,28.8508,4.07121,0,0,9984224,0,119.737,98,0,0,0.000319482,6.0307e-05,0,3.94405e-05,0.107147,0.107186,100,0.107147
puffer-ball,tight,cell2dmin,106ee,ee,26895346,23.8537,96.2425,80.4397,4.97752,0,0,26895248,0,86.0173,96,0,0,0.000598434,3.9413e-05,0,1.73941e-05,0.138342,0.138359,98,0.138351
puffer-ball,tight,cell2dmin,107ee,ee,26127843,24.6807,106.239,78.6717,1.91092,0,0,26127813,0,83.8062,30,0,0,0.000326186,7.03513e-05,0,0.000149976,0.291508,0.291658,30,0.291534
puffer-ball,tight,cell2dmin,108ee,ee,25305097,26.3805,96.3438,76.0992,1.54031,0,0,25305039,0,80.385,56,0,0,8.35378e-05,2.63881e-05,0,7.2707e-05,0.173807,0.17388,58,0.173813
puffer-ball,tight,cell2dmin,109vf,vf,8498297,26.2828,55.7279,24.8234,1.24764,0,0,8498278,0,81.0817,18,0,0,0.000315464,6.914e-05,0,5.20595e-05,0.259857,0.259909,19,0.259857
puffer-ball,tight,cell2dmin,10vf,vf,26051266,23.483,154.086,71.9082,6.28196,2,0,26045222,0,294.528,5885,0,0,0.00217338,1.84984e-05,0,3.17735e-06,0.0194301,0.0194333,6044,0.0194244
puffer-ball,tight,cell2dmin,112ee,ee,21884978,22.8717,88.5655,66.1665,4.98171,0,0,21884898,0,68.9496,80,0,0,0.000290373,0.000125135,0,0.000124456,0.351329,0.351453,80,0.351334
puffer-ball,tight,cell2dmin,114ee,ee,20335973,23.6358,105.469,62.0812,0.913253,0,0,20335957,0,66.537,16,0,0,0.000222664,4.58348e-05,0,5.83993e-05,0.298687,0.298745,16,0.298706
puffer-ball,tight,cell2dmin,115ee,ee,19542341,24.2886,98.2012,61.0378,0.9529,0,0,19542330,0,64.4781,11,0,0,0.00059213,7.19629e-05,0,4.66298e-05,0.311446,0.311493,11,0.311447
puffer-ball,tight,cell2dmin,116vf,vf,6257322,25.3166,53.6787,18.8488,0.403156,0,0,6257320,0,71.5879,2,0,0,8.24776e-05,8.24776e-05,0,8.24776e-05,0.209457,0.20954,2,0.209457
puffer-ball,tight,cell2dmin,118vf,vf,5680460,23.9253,47.469,17.1104,0.324183,0,0,5680458,0,44.7446,2,0,0,0.000184561,0.000184561,0,6.31808e-05,0.140457,0.14052,2,0.140457
puffer-ball,tight,cell2dmin,11ee,ee,21521802,20.6535,91.906,72.6731,13.4446,0,0,21520998,0,80.1068,765,0,0,0.0021401,5.21488e-05,0,2.62743e-05,0.0623502,0.0623765,804,0.0623474
puffer-ball,tight,cell2dmin,121ee,ee,15134209,23.349,74.5314,46.2925,2.72446,0,0,15134161,0,47.8036,48,0,0,0.00045656,9.74995e-05,0,9.8891e-05,0.187103,0.187202,48,0.187103
puffer-ball,tight,cell2dmin,122ee,ee,14435994,23.8219,96.7112,44.8224,1.35135,0,0,14435973,0,48.4568,21,0,0,0.00020586,5.41317e-05,0,0.000298305,0.226119,0.226417,21,0.226212
puffer-ball,tight,cell2dmin,123vf,vf,4342748,24.9089,41.2717,13.4003,0.164027,0,0,4342746,0,24.6832,2,0,0,7.24396e-05,7.24396e-05,0,3.4842e-05,0.377945,0.37798,2,0.377945
puffer-ball,tight,cell2dmin,124vf,vf,4110426,25.6226,42.3296,12.7079,0.363158,0,0,4110424,0,48.0533,2,0,0,0.000123195,0.000123195,0,0.000128604,0.540949,0.541078,2,0.540955
puffer-ball,tight,cell2dmin,127ee,ee,11696160,23.5923,49.9726,36.5602,0.768426,0,0,11696154,0,38.1607,6,0,0,0.000320208,0.000132942,0,0.000315111,0.385681,0.385996,6,0.385681
puffer-ball,tight,cell2dmin,128ee,ee,11302457,24.8799,66.8961,35.4559,0.364533,0,0,11302451,0,37.1792,6,0,0,0.000139051,9.08246e-05,0,5.9827e-05,0.269026,0.269086,6,0.269012
puffer-ball,tight,cell2dmin,129ee,ee,11020201,24.2755,61.2146,34.432,1.327,0,0,11020174,0,36.3385,27,0,0,0.000329519,4.45959e-05,0,3.89232e-05,0.141983,0.142022,27,0.141983
puffer-ball,tight,cell2dmin,12vf,vf,11000060,22.9409,46.2927,33.5475,11.1061,13,0,10983158,0,58.5382,16494,0,0,0.00333566,1.34048e-05,0,2.35271e-06,0.00633382,0.00633617,16902,0.0063324
puffer-ball,tight,cell2dmin,13vf,vf,11106781,22.4409,52.6109,33.8105,11.6561,6,0,11088562,0,66.6819,17883,0,0,0.0504481,7.77963e-06,0,2.62684e-06,0.0041413,0.00414392,18219,0.00414276
puffer-ball,tight,cell2dmin,15ee,ee,31527232,22.0573,118.98,99.4789,30.8383,3,0,31490864,0,140.52,35860,0,0,0.00588109,1.36231e-05,0,4.05673e-06,0.00827824,0.0082823,36368,0.00827789
puffer-ball,tight,cell2dmin,16ee,ee,49330297,22.8553,59.0019,149.572,26.7793,11,0,49309577,0,178.268,20318,0,0,0.00307002,1.44515e-05,0,4.8215e-06,0.00688799,0.00689281,20720,0.00688934
puffer-ball,tight,cell2dmin,17ee,ee,73267220,22.4851,66.2842,215.652,23.5354,2,0,73247897,0,247.069,18950,0,0,0.261332,1.71165e-05,0,1.0679e-06,0.00283541,0.00283648,19323,0.00283432
puffer-ball,tight,cell2dmin,18vf,vf,37899493,21.5885,120.243,100.206,6.93519,0,0,37897565,0,199.545,1863,0,0,0.00148126,2.60495e-05,0,4.14874e-06,0.012374,0.0123781,1928,0.0123711
puffer-ball,tight,cell2dmin,19vf,vf,52064527,21.9428,182.667,134.684,6.35258,3,0,52056822,0,398.516,7517,0,0,0.00355357,1.16122e-05,0,3.11538e-06,0.00748929,0.00749241,7705,0.00748825
puffer-ball,tight,cell2dmin,21ee,ee,220630674,21.4873,135.476,612.256,81.8136,23,0,220455231,0,852.188,173531,0,0,0.0237497,8.72229e-06,0,1.66407e-06,0.00433657,0.00433824,175443,0.0043335
puffer-ball,tight,cell2dmin,22ee,ee,191818568,20.3858,125.878,542.496,86.202,36,0,191656091,0,698.894,160417,0,0,0.00720355,1.08775e-05,0,6.8749e-06,0.00267005,0.00267692,162477,0.00267029
puffer-ball,tight,cell2dmin,23ee,ee,116223315,20.2344,89.2229,338.057,52.4026,39,0,116146276,0,432.799,75730,0,0,0.0058187,1.5581e-05,0,5.19289e-06,0.0102477,0.0102529,77039,0.0102463
puffer-ball,tight,cell2dmin,24vf,vf,28632387,21.3051,144.385,78.7701,11.1091,7,0,28620305,0,112.977,11715,0,0,0.00238043,2.21273e-05,0,3.39119e-06,0.00941338,0.00941677,12082,0.00941467
puffer-ball,tight,cell2dmin,25vf,vf,25787438,22.6366,123.19,72.5745,8.70259,6,0,25778079,0,281.069,9086,0,0,0.00315848,2.46645e-05,0,5.40307e-06,0.0127511,0.0127565,9359,0.0127525
puffer-ball,tight,cell2dmin,27ee,ee,82136185,21.3604,110.348,242.113,16.1395,9,0,82120927,0,277.477,14915,0,0,0.00643386,2.31245e-05,0,2.68627e-06,0.0129271,0.0129298,15258,0.012928
puffer-ball,tight,cell2dmin,28ee,ee,89065912,21.0757,108.278,258.353,17.069,1,0,89054393,0,286.478,11274,0,0,0.00820973,2.27626e-05,0,4.95289e-06,0.0212504,0.0212554,11519,0.0212479
puffer-ball,tight,cell2dmin,29ee,ee,94887797,21.3491,109.875,273.594,16.144,1,0,94874413,0,302.091,13132,0,0,0.00567064,1.688e-05,0,6.29599e-06,0.0105391,0.0105453,13384,0.01054
puffer-ball,tight,cell2dmin,30vf,vf,37863175,19.711,186.489,99.5062,5.72399,3,0,37860340,0,314.2,2754,0,0,0.00074955,2.13912e-05,0,3.91299e-06,0.0184363,0.0184402,2835,0.0184364
puffer-ball,tight,cell2dmin,31vf,vf,37826930,20.1295,208.982,99.6114,6.90661,0,0,37823952,0,353.352,2889,0,0,0.00118747,2.27434e-05,0,9.56167e-07,0.00660315,0.00660411,2978,0.00660324
puffer-ball,tight,cell2dmin,33ee,ee,88606642,21.3205,105.791,253.399,21.6609,10,0,88594244,0,282.874,12033,0,0,0.00600899,2.371e-05,0,1.87079e-05,0.0365865,0.0366052,12398,0.0365829
puffer-ball,tight,cell2dmin,34ee,ee,83806141,20.6743,102.646,240.461,18.9121,7,0,83793957,0,270.948,11876,0,0,0.224221,2.33006e-05,0,2.95989e-06,0.0187313,0.0187342,12184,0.0187302
puffer-ball,tight,cell2dmin,35ee,ee,79093772,19.8971,99.7165,226.904,20.7246,12,0,79083607,0,256.176,9885,0,0,0.00316752,2.43489e-05,0,2.65571e-06,0.0100771,0.0100798,10165,0.0100746
puffer-ball,tight,cell2dmin,36vf,vf,28437085,21.0191,202.524,95.5243,6.84783,0,0,28434037,0,291.461,2931,0,0,0.00099901,2.14198e-05,0,5.60875e-06,0.0162275,0.0162331,3048,0.0162277
puffer-ball,tight,cell2dmin,37vf,vf,26722838,20.2052,169.17,70.9527,6.2113,0,0,26720338,0,158.693,2413,0,0,0.00270493,2.06902e-05,0,6.88628e-06,0.0142929,0.0142998,2500,0.0142899
puffer-ball,tight,cell2dmin,39ee,ee,62734605,20.7633,88.4461,182.429,17.0839,4,0,62725637,0,205.505,8810,0,0,0.00327777,1.85082e-05,0,3.81753e-06,0.0152496,0.0152534,8968,0.0152512
puffer-ball,tight,cell2dmin,40ee,ee,58732472,21.0185,84.9405,171.032,18.5018,4,0,58726183,0,191.339,6105,0,0,0.00373388,2.87916e-05,0,1.045e-05,0.0163597,0.0163702,6289,0.0163612
puffer-ball,tight,cell2dmin,41ee,ee,55054730,22.2741,84.4491,160.634,16.9901,0,0,55049267,0,180.142,5328,0,0,0.00158261,2.67006e-05,0,5.90252e-06,0.0238687,0.0238746,5463,0.0238647
puffer-ball,tight,cell2dmin,42vf,vf,19496112,21.7741,137.619,53.423,5.63289,0,0,19495059,0,247.877,1016,0,0,0.00227774,3.93747e-05,0,1.49032e-05,0.02543,0.0254449,1053,0.0254364
puffer-ball,tight,cell2dmin,43vf,vf,18706325,22.078,132.154,52.0814,6.30909,3,0,18705336,0,177.856,953,0,0,0.000764569,5.06249e-05,0,3.71244e-06,0.0204443,0.020448,989,0.020443
puffer-ball,tight,cell2dmin,45ee,ee,48533084,21.1778,79.9882,141.6,15.241,3,0,48531286,0,152.928,1721,0,0,0.00203423,4.03688e-05,0,1.38227e-05,0.0260907,0.0261045,1798,0.0260925
puffer-ball,tight,cell2dmin,46ee,ee,48353970,21.0193,124.497,140.958,14.8949,1,0,48351903,0,150.96,2021,0,0,0.00163666,3.80091e-05,0,1.18573e-05,0.0305566,0.0305685,2067,0.0305557
puffer-ball,tight,cell2dmin,47ee,ee,48260533,21.8353,132.435,140.21,13.5302,3,0,48258910,0,150.058,1577,0,0,0.009421,4.02906e-05,0,1.84966e-05,0.0276014,0.0276199,1623,0.0276108
puffer-ball,tight,cell2dmin,48vf,vf,17869478,21.9885,112.817,49.0039,5.28375,0,0,17869137,0,269.749,330,0,0,0.000726687,3.84739e-05,0,6.72846e-06,0.0389154,0.0389221,341,0.0389175
puffer-ball,tight,cell2dmin,49vf,vf,17875011,20.6573,110.339,48.6487,4.41389,0,0,17874709,0,155.656,297,0,0,0.000491727,3.6902e-05,0,3.30657e-05,0.0612193,0.0612524,302,0.0612183
puffer-ball,tight,cell2dmin,51ee,ee,46698477,20.9626,122.819,136.673,15.7565,0,0,46697110,0,146.041,1269,0,0,0.00191346,3.66456e-05,0,2.51307e-05,0.0547997,0.0548249,1367,0.0548019
puffer-ball,tight,cell2dmin,52ee,ee,45494887,20.506,110.504,131.901,17.592,7,0,45493883,0,140.382,953,0,0,0.00166164,3.97503e-05,0,4.18052e-05,0.0613789,0.0614207,1004,0.0613861
puffer-ball,tight,cell2dmin,53ee,ee,44423327,22.9896,121.295,129.792,12.4927,0,0,44422136,0,138.942,1166,0,0,0.00227521,3.82008e-05,0,2.34026e-05,0.0437444,0.0437678,1191,0.0437317
puffer-ball,tight,cell2dmin,54vf,vf,15978215,21.8776,94.1173,44.4317,5.08987,1,0,15977829,0,218.24,369,0,0,0.000434029,3.876e-05,0,1.36779e-05,0.0317597,0.0317733,386,0.0317535
puffer-ball,tight,cell2dmin,55vf,vf,15809518,21.3946,93.892,43.9113,4.72607,0,0,15809079,0,189.185,424,0,0,0.00198576,3.35379e-05,0,9.2877e-06,0.0334408,0.0334501,439,0.0334396
puffer-ball,tight,cell2dmin,57ee,ee,42527985,23.4183,119.25,124.572,15.3692,4,0,42527045,0,133.844,911,0,0,0.00236444,4.64358e-05,0,2.8829e-05,0.0476907,0.0477196,940,0.047699
puffer-ball,tight,cell2dmin,58ee,ee,42522341,20.6698,109.584,124.795,13.8834,1,0,42521138,0,133.912,1167,0,0,0.00345901,3.39813e-05,0,3.16824e-05,0.0497406,0.0497722,1203,0.0497513
puffer-ball,tight,cell2dmin,59ee,ee,42541037,20.9463,109.383,124.496,14.0188,0,0,42540006,0,133.115,992,0,0,0.000527347,3.47769e-05,0,4.58215e-05,0.0402476,0.0402934,1031,0.0402679
puffer-ball,tight,cell2dmin,5vf,vf,4452462,30.0594,333.551,13.1184,0.19257,0,0,4452460,0,65.6181,2,0,0,1.87693e-05,1.87693e-05,0,4.06808e-06,0.925015,0.925019,2,0.925014
puffer-ball,tight,cell2dmin,60vf,vf,15571721,22.5679,83.0468,43.4402,5.98325,0,0,15571311,0,228.191,396,0,0,0.00120154,3.02854e-05,0,1.50928e-05,0.0771451,0.0771602,410,0.0771179
puffer-ball,tight,cell2dmin,62ee,ee,41024001,23.3449,116.648,120.107,13.5357,0,0,41022883,0,127.805,1082,0,0,0.00102237,2.72956e-05,0,1.29083e-05,0.0284442,0.0284571,1118,0.0284424
puffer-ball,tight,cell2dmin,63ee,ee,40350684,20.5397,104.442,117.954,12.4848,0,0,40349147,0,126.222,1494,0,0,0.000762525,2.55142e-05,0,1.20822e-05,0.0329199,0.032932,1537,0.0329208
puffer-ball,tight,cell2dmin,64ee,ee,39670269,21.0851,115.878,116.228,12.3443,5,0,39669552,0,123.732,694,0,0,0.00195332,2.82986e-05,0,7.05306e-06,0.0559814,0.0559885,717,0.0559845
puffer-ball,tight,cell2dmin,65vf,vf,14316399,21.3398,82.3521,39.8906,5.07329,0,0,14316220,0,183.416,173,0,0,0.000876223,4.54652e-05,0,3.44692e-05,0.0881449,0.0881794,179,0.0881348
puffer-ball,tight,cell2dmin,66vf,vf,14072197,22.4626,78.4158,39.176,5.48147,0,0,14072063,0,154.708,120,0,0,0.000268542,6.39212e-05,0,4.4021e-05,0.100252,0.100296,134,0.10025
puffer-ball,tight,cell2dmin,68ee,ee,36623286,21.0337,126.856,107.235,15.9121,0,0,36622722,0,114.893,514,0,0,0.00149035,5.11511e-05,0,2.08143e-05,0.0450822,0.045103,564,0.0450821
puffer-ball,tight,cell2dmin,69ee,ee,35609242,21.2266,120.428,104.647,12.3558,3,0,35608561,0,112.181,652,0,0,0.00146427,3.97538e-05,0,3.04325e-05,0.0463612,0.0463916,681,0.0463638
puffer-ball,tight,cell2dmin,6ee,ee,17690467,34.5767,93.3109,55.353,11.7896,0,0,17688666,0,63.0232,1770,0,0,0.00076282,3.69232e-06,0,1.64624e-05,0.0978985,0.0979149,1801,0.0979042
puffer-ball,tight,cell2dmin,70vf,vf,12542944,21.1478,77.2135,35.1809,4.81336,0,0,12542694,0,120.736,240,0,0,0.000441543,3.35506e-05,0,1.72993e-05,0.0342919,0.0343092,250,0.0342941
puffer-ball,tight,cell2dmin,71vf,vf,12091178,24.4457,80.8158,34.3234,4.8331,0,0,12091045,0,197.525,128,0,0,0.000417579,4.87784e-05,0,1.45641e-05,0.0854614,0.085476,133,0.0854492
puffer-ball,tight,cell2dmin,73ee,ee,31360326,20.6258,114.514,92.8729,13.9863,0,0,31359485,0,99.3391,799,0,0,0.00142708,4.26181e-05,0,1.71183e-05,0.0434052,0.0434223,841,0.0434036
puffer-ball,tight,cell2dmin,74ee,ee,30393279,22.1215,121.145,90.5842,12.7438,0,0,30392732,0,97.5841,541,0,0,0.00306445,4.73147e-05,0,4.24656e-05,0.0965162,0.0965586,547,0.0965271
puffer-ball,tight,cell2dmin,75ee,ee,29352738,21.9257,111.835,87.0286,11.5334,0,0,29352137,0,92.5963,594,0,0,0.00123988,3.32435e-05,0,1.32726e-05,0.0299146,0.0299279,601,0.0299149
puffer-ball,tight,cell2dmin,76vf,vf,9871498,24.2581,75.7075,28.6495,4.18519,0,0,9871348,0,144.754,144,0,0,0.000248163,5.16228e-05,0,2.36797e-05,0.0795396,0.0795632,150,0.0795441
puffer-ball,tight,cell2dmin,77vf,vf,9422268,22.1285,69.0786,27.3135,5.05281,0,0,9422153,0,116.529,110,0,0,0.00276832,7.00436e-05,0,1.9597e-05,0.0728593,0.0728788,115,0.0728607
puffer-ball,tight,cell2dmin,79ee,ee,25110518,21.6362,121.841,75.7655,14.2354,0,0,25109388,0,80.7212,1083,0,0,0.000830189,3.9502e-05,0,2.80979e-05,0.0471433,0.0471713,1130,0.0471344
puffer-ball,tight,cell2dmin,7ee,ee,20330418,34.0839,85.8876,64.8729,11.749,0,0,20322657,0,75.177,7685,0,0,0.000490761,4.73831e-06,0,4.36832e-06,0.00837545,0.00837982,7761,0.00837708
puffer-ball,tight,cell2dmin,80ee,ee,24221710,21.0706,105.518,73.1116,14.0403,0,0,24221029,0,77.608,652,0,0,0.00177399,5.22022e-05,0,4.24303e-05,0.0971154,0.0971579,681,0.0971069
puffer-ball,tight,cell2dmin,81vf,vf,7872734,21.3261,68.123,23.2221,4.32608,2,0,7872622,0,100.261,106,0,0,0.000347333,5.78483e-05,0,2.16925e-05,0.0664549,0.0664766,112,0.066452
puffer-ball,tight,cell2dmin,82vf,vf,7646505,22.3411,63.354,22.5593,4.13175,0,0,7646306,0,92.6195,194,0,0,0.000620605,5.37479e-05,0,4.11736e-05,0.0627874,0.0628286,199,0.0627899
puffer-ball,tight,cell2dmin,84ee,ee,22087334,21.8044,116.171,67.1078,14.5124,0,0,22087088,0,71.8742,232,0,0,0.00163747,7.67597e-05,0,4.30663e-05,0.0924079,0.0924509,246,0.0924072
puffer-ball,tight,cell2dmin,85ee,ee,21924810,21.8626,112.299,66.4647,11.1932,4,0,21924623,0,70.5598,178,0,0,0.000820669,5.50125e-05,0,6.1568e-05,0.126001,0.126062,187,0.126007
puffer-ball,tight,cell2dmin,86ee,ee,21956131,22.2409,109.325,66.5165,6.43056,0,0,21955951,0,70.7082,178,0,0,0.000670304,1.83206e-05,0,1.39841e-05,0.0365343,0.0365483,180,0.0365372
puffer-ball,tight,cell2dmin,87vf,vf,7367924,22.8196,66.3389,21.838,1.2839,0,0,7367890,0,88.6049,34,0,0,0.000123612,5.29589e-05,0,0.0001195,0.163754,0.163874,34,0.163788
puffer-ball,tight,cell2dmin,88vf,vf,7477382,20.0954,64.0344,22.0243,0.366709,0,0,7477376,0,69.2036,6,0,0,0.000241294,8.59023e-05,0,7.41659e-05,0.286152,0.286226,6,0.286194
puffer-ball,tight,cell2dmin,8ee,ee,30324395,25.2769,84.5381,95.2849,23.7408,7,0,30300184,0,122.139,23906,0,0,0.00317809,8.69664e-06,0,2.80811e-06,0.0128446,0.0128474,24211,0.0128441
puffer-ball,tight,cell2dmin,90ee,ee,23301989,20.771,111.635,70.011,6.21575,0,0,23301882,0,73.355,101,0,0,0.000403855,5.52923e-05,0,7.6655e-05,0.158152,0.158229,107,0.158173
puffer-ball,tight,cell2dmin,91ee,ee,23953633,21.7022,101.3,71.469,1.51999,0,0,23953612,0,74.3948,16,0,0,0.000544084,0.000101841,0,0.000172461,0.285849,0.286021,21,0.285828
puffer-ball,tight,cell2dmin,92vf,vf,8420697,22.6819,70.3768,24.8624,1.06099,0,0,8420679,0,138.776,18,0,0,0.000395681,8.48169e-05,0,7.11674e-05,0.119429,0.1195,18,0.119415
puffer-ball,tight,cell2dmin,93vf,vf,8683964,23.8564,73.7065,25.6538,1.3134,0,0,8683934,0,132.758,30,0,0,0.000340828,7.80981e-05,0,2.7884e-05,0.164643,0.164671,30,0.164642
puffer-ball,tight,cell2dmin,95ee,ee,26667445,22.0037,111.04,79.6202,9.6695,0,0,26667005,0,85.2413,419,0,0,0.000561267,3.5192e-05,0,1.78424e-05,0.0850374,0.0850553,440,0.0850372
puffer-ball,tight,cell2dmin,96ee,ee,27333803,21.1254,109.107,81.1688,11.5654,0,0,27333517,0,86.6113,277,0,0,0.000447943,3.48418e-05,0,1.98648e-05,0.079143,0.0791629,286,0.0791473
puffer-ball,tight,cell2dmin,97ee,ee,27895701,21.6661,115.974,82.8222,13.2216,0,0,27895457,0,87.0921,234,0,0,0.000496207,4.16035e-05,0,9.46135e-06,0.0799252,0.0799347,244,0.0799103
puffer-ball,tight,cell2dmin,98vf,vf,9971931,19.9596,70.7069,28.6967,1.48997,0,0,9971900,0,79.4006,30,0,0,0.0001397,3.58115e-05,0,2.96144e-05,0.128547,0.128577,31,0.12854
puffer-ball,tight,cell2dmin,99vf,vf,10120447,21.8178,74.0784,29.1993,1.77144,0,0,10120401,0,139.559,44,0,0,0.000164369,5.70811e-05,0,5.64636e-05,0.139243,0.1393,46,0.139221
puffer-ball,tight,cell2dmin,100ee,ee,28919455,11.796,129.998,85.911,9.16283,0,0,28919246,0,91.9727,203,0,0,0.00153916,3.2745e-05,0,2.00572e-05,0.0676801,0.0677002,209,0.067688
puffer-ball,tight,cell2dmin,101ee,ee,28991339,19.9928,104.445,85.9596,11.7553,0,0,28990930,0,90.4222,398,0,0,0.000569156,6.36303e-05,0,4.78128e-05,0.102984,0.103032,409,0.102982
puffer-ball,tight,cell2dmin,102ee,ee,28946829,20.6681,117.704,85.4431,10.1115,0,0,28946542,0,91.0763,260,0,0,0.00258564,2.1682e-05,0,7.04379e-06,0.112277,0.112285,287,0.112274
puffer-ball,tight,cell2dmin,103vf,vf,10162945,8.66694,68.9741,29.4286,1.69857,0,0,10162913,0,138.489,28,0,0,0.000288381,8.11632e-05,0,4.61019e-05,0.139699,0.139745,32,0.139679
puffer-ball,tight,cell2dmin,104vf,vf,9984324,21.9923,64.9375,28.6136,4.04861,0,0,9984224,0,43.891,98,0,0,0.000319482,6.0307e-05,0,3.94405e-05,0.107147,0.107186,100,0.107147
puffer-ball,tight,cell2dmin,106ee,ee,26895346,22.9409,103.538,80.2919,5.00065,0,0,26895248,0,84.4022,96,0,0,0.000598434,3.9413e-05,0,1.73941e-05,0.138342,0.138359,98,0.138351
puffer-ball,tight,cell2dmin,107ee,ee,26127843,23.4773,117.804,78.6398,1.95562,0,0,26127813,0,82.7541,30,0,0,0.000326186,7.03513e-05,0,0.000149976,0.291508,0.291658,30,0.291534
puffer-ball,tight,cell2dmin,108ee,ee,25305097,23.4742,103.499,76.1493,1.53125,0,0,25305039,0,80.5288,56,0,0,8.35378e-05,2.63881e-05,0,7.2707e-05,0.173807,0.17388,58,0.173813
puffer-ball,tight,cell2dmin,109vf,vf,8498297,22.5424,56.0278,24.8475,1.25494,0,0,8498278,0,87.0294,18,0,0,0.000315464,6.914e-05,0,5.20595e-05,0.259857,0.259909,19,0.259857
puffer-ball,tight,cell2dmin,10vf,vf,26051266,22.0183,154.165,71.4594,6.33287,2,0,26045222,0,145.851,5885,0,0,0.00217338,1.84984e-05,0,3.17735e-06,0.0194301,0.0194333,6044,0.0194244
puffer-ball,tight,cell2dmin,112ee,ee,21884978,23.0341,91.5434,66.5143,5.04753,0,0,21884898,0,71.2321,80,0,0,0.000290373,0.000125135,0,0.000124456,0.351329,0.351453,80,0.351334
puffer-ball,tight,cell2dmin,114ee,ee,20335973,22.6755,98.1931,62.0523,0.911141,0,0,20335957,0,65.6353,16,0,0,0.000222664,4.58348e-05,0,5.83993e-05,0.298687,0.298745,16,0.298706
puffer-ball,tight,cell2dmin,115ee,ee,19542341,22.5746,95.8303,59.4372,1.03037,0,0,19542330,0,63.389,11,0,0,0.00059213,7.19629e-05,0,4.66298e-05,0.311446,0.311493,11,0.311447
puffer-ball,tight,cell2dmin,116vf,vf,6257322,23.505,51.5704,18.9622,0.387989,0,0,6257320,0,60.6464,2,0,0,8.24776e-05,8.24776e-05,0,8.24776e-05,0.209457,0.20954,2,0.209457
puffer-ball,tight,cell2dmin,118vf,vf,5680460,23.2975,47.7832,17.0556,0.274104,0,0,5680458,0,42.4852,2,0,0,0.000184561,0.000184561,0,6.31808e-05,0.140457,0.14052,2,0.140457
puffer-ball,tight,cell2dmin,11ee,ee,21521802,21.1399,92.3514,72.3053,13.4446,0,0,21520998,0,77.5344,765,0,0,0.0021401,5.21488e-05,0,2.62743e-05,0.0623502,0.0623765,804,0.0623474
puffer-ball,tight,cell2dmin,121ee,ee,15134209,23.3151,93.6584,46.3751,2.75589,0,0,15134161,0,48.5523,48,0,0,0.00045656,9.74995e-05,0,9.8891e-05,0.187103,0.187202,48,0.187103
puffer-ball,tight,cell2dmin,122ee,ee,14435994,23.3157,98.9505,44.7113,1.31916,0,0,14435973,0,47.9857,21,0,0,0.00020586,5.41317e-05,0,0.000298305,0.226119,0.226417,21,0.226212
puffer-ball,tight,cell2dmin,123vf,vf,4342748,25.2388,44.1893,13.5256,0.430579,0,0,4342746,0,63.2079,2,0,0,7.24396e-05,7.24396e-05,0,3.4842e-05,0.377945,0.37798,2,0.377945
puffer-ball,tight,cell2dmin,124vf,vf,4110426,25.2676,49.0528,12.7192,0.235801,0,0,4110424,0,44.6796,2,0,0,0.000123195,0.000123195,0,0.000128604,0.540949,0.541078,2,0.540955
puffer-ball,tight,cell2dmin,127ee,ee,11696160,23.5317,84.0243,37.0081,0.502609,0,0,11696154,0,39.508,6,0,0,0.000320208,0.000132942,0,0.000315111,0.385681,0.385996,6,0.385681
puffer-ball,tight,cell2dmin,128ee,ee,11302457,22.8295,89.3002,35.8277,0.425267,0,0,11302451,0,37.6827,6,0,0,0.000139051,9.08246e-05,0,5.9827e-05,0.269026,0.269086,6,0.269012
puffer-ball,tight,cell2dmin,129ee,ee,11020201,22.3082,79.4274,34.5871,1.32521,0,0,11020174,0,36.0922,27,0,0,0.000329519,4.45959e-05,0,3.89232e-05,0.141983,0.142022,27,0.141983
puffer-ball,tight,cell2dmin,12vf,vf,11000060,21.1733,45.1214,33.5078,11.1472,13,0,10983158,0,53.9547,16494,0,0,0.00333566,1.34048e-05,0,2.35271e-06,0.00633382,0.00633617,16902,0.0063324
puffer-ball,tight,cell2dmin,13vf,vf,11106781,21.3769,52.8235,33.7225,11.6591,6,0,11088562,0,73.6208,17883,0,0,0.0504481,7.77963e-06,0,3.19108e-06,0.00414073,0.00414392,18219,0.00414276
puffer-ball,tight,cell2dmin,15ee,ee,31527232,21.6563,119.726,99.88,30.8038,3,0,31490864,0,139.678,35860,0,0,0.00588109,1.36231e-05,0,4.05673e-06,0.00827824,0.0082823,36368,0.00827789
puffer-ball,tight,cell2dmin,16ee,ee,49330297,19.5994,82.9102,149.475,26.732,11,0,49309577,0,176.349,20318,0,0,0.00307002,1.44515e-05,0,4.8215e-06,0.00688799,0.00689281,20720,0.00688934
puffer-ball,tight,cell2dmin,17ee,ee,73267220,20.6144,61.5478,215.623,23.4162,2,0,73247897,0,246.132,18950,0,0,0.261332,1.71165e-05,0,1.08986e-06,0.00283539,0.00283648,19323,0.00283432
puffer-ball,tight,cell2dmin,18vf,vf,37899493,20.097,121.225,100.247,6.45325,0,0,37897565,0,336.305,1863,0,0,0.00148126,2.60495e-05,0,4.14874e-06,0.012374,0.0123781,1928,0.0123711
puffer-ball,tight,cell2dmin,19vf,vf,52064527,20.7324,184.452,134.492,6.37523,3,0,52056822,0,493.68,7517,0,0,0.00355357,1.16122e-05,0,3.11538e-06,0.00748929,0.00749241,7705,0.00748825
puffer-ball,tight,cell2dmin,21ee,ee,220630674,20.5846,150.494,610.398,81.6946,23,0,220455231,0,758.115,173531,0,0,0.0237497,8.72229e-06,0,1.66407e-06,0.00433657,0.00433824,175443,0.0043335
puffer-ball,tight,cell2dmin,22ee,ee,191818568,19.9563,123.175,542.577,86.147,36,0,191656091,0,699.992,160417,0,0,0.00720355,1.08775e-05,0,6.8749e-06,0.00267005,0.00267692,162477,0.00267029
puffer-ball,tight,cell2dmin,23ee,ee,116223315,21.9594,88.6117,337.054,52.2251,39,0,116146276,0,431.247,75730,0,0,0.0058187,1.5581e-05,0,5.09917e-06,0.0102478,0.0102529,77039,0.0102463
puffer-ball,tight,cell2dmin,24vf,vf,28632387,20.958,147.482,78.8501,11.1314,7,0,28620305,0,118.555,11715,0,0,0.00238043,2.21273e-05,0,3.39119e-06,0.00941338,0.00941677,12082,0.00941467
puffer-ball,tight,cell2dmin,25vf,vf,25787438,22.9902,122.315,72.6662,8.71195,6,0,25778079,0,352.26,9086,0,0,0.00315848,2.46645e-05,0,5.40307e-06,0.0127511,0.0127565,9359,0.0127525
puffer-ball,tight,cell2dmin,27ee,ee,82136185,21.2461,110.36,242.19,15.9086,9,0,82120927,0,276.491,14915,0,0,0.00643386,2.31245e-05,0,2.68627e-06,0.0129271,0.0129298,15258,0.012928
puffer-ball,tight,cell2dmin,28ee,ee,89065912,19.1297,108.145,258.599,17.1857,1,0,89054393,0,287.545,11274,0,0,0.00820973,2.27626e-05,0,4.95289e-06,0.0212504,0.0212554,11519,0.0212479
puffer-ball,tight,cell2dmin,29ee,ee,94887797,18.9404,110.119,272.904,16.2513,1,0,94874413,0,300.913,13132,0,0,0.00567064,1.688e-05,0,6.29599e-06,0.0105391,0.0105453,13384,0.01054
puffer-ball,tight,cell2dmin,30vf,vf,37863175,18.4317,187.198,99.2593,5.75384,3,0,37860340,0,126.268,2754,0,0,0.00074955,2.13912e-05,0,4.04049e-06,0.0184362,0.0184402,2835,0.0184364
puffer-ball,tight,cell2dmin,31vf,vf,37826930,19.2774,204.206,99.5448,6.86206,0,0,37823952,0,395.734,2889,0,0,0.00118747,2.27434e-05,0,9.56167e-07,0.00660315,0.00660411,2978,0.00660324
puffer-ball,tight,cell2dmin,33ee,ee,88606642,20.7846,104.617,253.166,21.508,10,0,88594244,0,281.203,12033,0,0,0.00600899,2.371e-05,0,1.87079e-05,0.0365865,0.0366052,12398,0.0365829
puffer-ball,tight,cell2dmin,34ee,ee,83806141,19.3533,102.098,239.953,18.8483,7,0,83793957,0,270.79,11876,0,0,0.224221,2.33006e-05,0,2.95989e-06,0.0187313,0.0187342,12184,0.0187302
puffer-ball,tight,cell2dmin,35ee,ee,79093772,20.9873,102.021,227.521,20.978,12,0,79083607,0,256.737,9885,0,0,0.00316752,2.43489e-05,0,2.65571e-06,0.0100771,0.0100798,10165,0.0100746
puffer-ball,tight,cell2dmin,36vf,vf,28437085,19.9675,192.459,94.4379,6.87028,0,0,28434037,0,263.013,2931,0,0,0.00099901,2.14198e-05,0,5.60875e-06,0.0162275,0.0162331,3048,0.0162277
puffer-ball,tight,cell2dmin,37vf,vf,26722838,21.2802,172.427,71.445,6.29868,0,0,26720338,0,261.898,2413,0,0,0.00270493,2.06902e-05,0,6.88628e-06,0.0142929,0.0142998,2500,0.0142899
puffer-ball,tight,cell2dmin,39ee,ee,62734605,20.7446,88.0087,181.706,17.1707,4,0,62725637,0,204.952,8810,0,0,0.00327777,1.85082e-05,0,3.81753e-06,0.0152496,0.0152534,8968,0.0152512
puffer-ball,tight,cell2dmin,40ee,ee,58732472,21.7624,85.8438,170.504,18.4968,4,0,58726183,0,190.425,6105,0,0,0.00373388,2.87916e-05,0,1.045e-05,0.0163597,0.0163702,6289,0.0163612
puffer-ball,tight,cell2dmin,41ee,ee,55054730,21.4664,84.7144,159.42,16.9194,0,0,55049267,0,176.506,5328,0,0,0.00158261,2.67006e-05,0,5.90252e-06,0.0238687,0.0238746,5463,0.0238647
puffer-ball,tight,cell2dmin,42vf,vf,19496112,19.4206,125.78,53.1098,5.65935,0,0,19495059,0,220.434,1016,0,0,0.00227774,3.93747e-05,0,1.49032e-05,0.02543,0.0254449,1053,0.0254364
puffer-ball,tight,cell2dmin,43vf,vf,18706325,22.5101,134.057,51.397,6.30633,3,0,18705336,0,263.219,953,0,0,0.000764569,5.06249e-05,0,3.71244e-06,0.0204443,0.020448,989,0.020443
puffer-ball,tight,cell2dmin,45ee,ee,48533084,21.056,116.738,141.449,15.2074,3,0,48531286,0,152.558,1721,0,0,0.00203423,4.03688e-05,0,1.38227e-05,0.0260907,0.0261045,1798,0.0260925
puffer-ball,tight,cell2dmin,46ee,ee,48353970,23.6263,110.049,141.104,14.8648,1,0,48351903,0,151.432,2021,0,0,0.00163666,3.80091e-05,0,1.18573e-05,0.0305566,0.0305685,2067,0.0305557
puffer-ball,tight,cell2dmin,47ee,ee,48260533,20.1179,102.148,140.655,13.5931,3,0,48258910,0,150.684,1577,0,0,0.009421,4.02906e-05,0,1.84966e-05,0.0276014,0.0276199,1623,0.0276108
puffer-ball,tight,cell2dmin,48vf,vf,17869478,22.3018,113.021,49.2911,5.35194,0,0,17869137,0,289.924,330,0,0,0.000726687,3.84739e-05,0,7.0835e-06,0.0389151,0.0389221,341,0.0389175
puffer-ball,tight,cell2dmin,49vf,vf,17875011,22.1749,116.196,48.7573,4.42611,0,0,17874709,0,197.313,297,0,0,0.000491727,3.6902e-05,0,3.30657e-05,0.0612193,0.0612524,302,0.0612183
puffer-ball,tight,cell2dmin,51ee,ee,46698477,21.2959,116.828,135.705,15.7961,0,0,46697110,0,144.218,1269,0,0,0.00191346,3.66456e-05,0,2.51307e-05,0.0547997,0.0548249,1367,0.0548019
puffer-ball,tight,cell2dmin,52ee,ee,45494887,21.0454,112.378,132.279,17.6439,7,0,45493883,0,140.798,953,0,0,0.00166164,3.97503e-05,0,4.18052e-05,0.0613789,0.0614207,1004,0.0613861
puffer-ball,tight,cell2dmin,53ee,ee,44423327,19.9355,101.6,129.139,12.1428,0,0,44422136,0,137.232,1166,0,0,0.00227521,3.82008e-05,0,2.34026e-05,0.0437444,0.0437678,1191,0.0437317
puffer-ball,tight,cell2dmin,54vf,vf,15978215,21.9344,95.5074,44.5552,5.10676,1,0,15977829,0,214.11,369,0,0,0.000434029,3.876e-05,0,1.36779e-05,0.0317597,0.0317733,386,0.0317535
puffer-ball,tight,cell2dmin,55vf,vf,15809518,22.7661,91.0532,43.8805,4.74191,0,0,15809079,0,194.732,424,0,0,0.00198576,3.35379e-05,0,9.2877e-06,0.0334408,0.0334501,439,0.0334396
puffer-ball,tight,cell2dmin,57ee,ee,42527985,22.067,114.306,124.517,15.3312,4,0,42527045,0,132.824,911,0,0,0.00236444,4.64358e-05,0,2.8829e-05,0.0476907,0.0477196,940,0.047699
puffer-ball,tight,cell2dmin,58ee,ee,42522341,21.1942,117.292,124.009,13.8442,1,0,42521138,0,131.78,1167,0,0,0.00345901,3.39813e-05,0,3.16824e-05,0.0497406,0.0497722,1203,0.0497513
puffer-ball,tight,cell2dmin,59ee,ee,42541037,21.5618,121.148,124.457,13.9053,0,0,42540006,0,133.038,992,0,0,0.000527347,3.47769e-05,0,4.58215e-05,0.0402476,0.0402934,1031,0.0402679
puffer-ball,tight,cell2dmin,5vf,vf,4452462,25.3064,323.782,13.107,0.175642,0,0,4452460,0,43.7344,2,0,0,1.87693e-05,1.87693e-05,0,4.06808e-06,0.925015,0.925019,2,0.925014
puffer-ball,tight,cell2dmin,60vf,vf,15571721,19.9624,82.3574,43.1386,6.57251,0,0,15571311,0,157.601,396,0,0,0.00120154,3.02854e-05,0,1.50928e-05,0.0771451,0.0771602,410,0.0771179
puffer-ball,tight,cell2dmin,62ee,ee,41024001,20.058,92.7893,120.09,13.5121,0,0,41022883,0,128.296,1082,0,0,0.00102237,2.72956e-05,0,1.29083e-05,0.0284442,0.0284571,1118,0.0284424
puffer-ball,tight,cell2dmin,63ee,ee,40350684,21.0913,114.55,118.09,12.5812,0,0,40349147,0,127.5,1494,0,0,0.000762525,2.55142e-05,0,1.55511e-05,0.0329165,0.032932,1537,0.0329208
puffer-ball,tight,cell2dmin,64ee,ee,39670269,21.187,102.016,116.331,12.3609,5,0,39669552,0,124.566,694,0,0,0.00195332,2.82986e-05,0,7.05306e-06,0.0559814,0.0559885,717,0.0559845
puffer-ball,tight,cell2dmin,65vf,vf,14316399,20.2054,79.4253,39.8532,5.09498,0,0,14316220,0,175.38,173,0,0,0.000876223,4.54652e-05,0,3.44692e-05,0.0881449,0.0881794,179,0.0881348
puffer-ball,tight,cell2dmin,66vf,vf,14072197,21.2924,79.169,39.2127,5.50847,0,0,14072063,0,167.157,120,0,0,0.000268542,6.39212e-05,0,4.4021e-05,0.100252,0.100296,134,0.10025
puffer-ball,tight,cell2dmin,68ee,ee,36623286,20.5635,102.701,107.133,15.8399,0,0,36622722,0,114.002,514,0,0,0.00149035,5.11511e-05,0,2.08143e-05,0.0450822,0.045103,564,0.0450821
puffer-ball,tight,cell2dmin,69ee,ee,35609242,21.0825,115.903,104.196,12.385,3,0,35608561,0,110.47,652,0,0,0.00146427,3.97538e-05,0,3.04325e-05,0.0463612,0.0463916,681,0.0463638
puffer-ball,tight,cell2dmin,6ee,ee,17690467,34.2736,79.0149,55.3,11.8361,0,0,17688666,0,59.28,1770,0,0,0.00076282,3.69232e-06,0,1.64624e-05,0.0978985,0.0979149,1801,0.0979042
puffer-ball,tight,cell2dmin,70vf,vf,12542944,20.1919,80.1147,35.2856,4.84398,0,0,12542694,0,155.685,240,0,0,0.000441543,3.35506e-05,0,1.67037e-05,0.0342925,0.0343092,250,0.0342941
puffer-ball,tight,cell2dmin,71vf,vf,12091178,20.2941,77.8808,34.0969,4.76251,0,0,12091045,0,148.282,128,0,0,0.000417579,4.87784e-05,0,1.45641e-05,0.0854614,0.085476,133,0.0854492
puffer-ball,tight,cell2dmin,73ee,ee,31360326,21.6308,114.118,92.7256,13.9671,0,0,31359485,0,98.1195,799,0,0,0.00142708,4.26181e-05,0,1.71183e-05,0.0434052,0.0434223,841,0.0434036
puffer-ball,tight,cell2dmin,74ee,ee,30393279,20.6652,116.607,90.2072,12.846,0,0,30392732,0,95.8317,541,0,0,0.00306445,4.73147e-05,0,4.24656e-05,0.0965162,0.0965586,547,0.0965271
puffer-ball,tight,cell2dmin,75ee,ee,29352738,20.8161,104.079,87.1318,11.5421,0,0,29352137,0,92.8046,594,0,0,0.00123988,3.32435e-05,0,1.32726e-05,0.0299146,0.0299279,601,0.0299149
puffer-ball,tight,cell2dmin,76vf,vf,9871498,23.1282,74.1512,28.4349,4.22042,0,0,9871348,0,124.117,144,0,0,0.000248163,5.16228e-05,0,2.36797e-05,0.0795396,0.0795632,150,0.0795441
puffer-ball,tight,cell2dmin,77vf,vf,9422268,22.5747,68.9663,27.3736,5.0817,0,0,9422153,0,128.337,110,0,0,0.00276832,7.00436e-05,0,1.9597e-05,0.0728593,0.0728788,115,0.0728607
puffer-ball,tight,cell2dmin,79ee,ee,25110518,21.1705,110.463,75.5155,14.3247,0,0,25109388,0,81.1479,1083,0,0,0.000830189,3.9502e-05,0,2.80979e-05,0.0471433,0.0471713,1130,0.0471344
puffer-ball,tight,cell2dmin,7ee,ee,20330418,33.1154,70.4141,64.3805,11.7421,0,0,20322657,0,74.3257,7685,0,0,0.000490761,4.73831e-06,0,4.36832e-06,0.00837545,0.00837982,7761,0.00837708
puffer-ball,tight,cell2dmin,80ee,ee,24221710,19.3637,97.4957,73.2246,14.0243,0,0,24221029,0,77.6943,652,0,0,0.00177399,5.22022e-05,0,4.24303e-05,0.0971154,0.0971579,681,0.0971069
puffer-ball,tight,cell2dmin,81vf,vf,7872734,21.6793,68.4691,23.182,4.32102,2,0,7872622,0,64.8761,106,0,0,0.000347333,5.78483e-05,0,2.16925e-05,0.0664549,0.0664766,112,0.066452
puffer-ball,tight,cell2dmin,82vf,vf,7646505,20.6638,63.3954,22.5666,4.13005,0,0,7646306,0,93.7902,194,0,0,0.000620605,5.37479e-05,0,4.11736e-05,0.0627874,0.0628286,199,0.0627899
puffer-ball,tight,cell2dmin,84ee,ee,22087334,21.1747,104.938,67.3612,14.6035,0,0,22087088,0,72.0087,232,0,0,0.00163747,7.67597e-05,0,4.30663e-05,0.0924079,0.0924509,246,0.0924072
puffer-ball,tight,cell2dmin,85ee,ee,21924810,21.1345,103.5,66.5099,11.2073,4,0,21924623,0,72.1942,178,0,0,0.000820669,5.50125e-05,0,6.1568e-05,0.126001,0.126062,187,0.126007
puffer-ball,tight,cell2dmin,86ee,ee,21956131,22.7041,119.316,66.8223,6.44112,0,0,21955951,0,70.6722,178,0,0,0.000670304,1.83206e-05,0,1.39841e-05,0.0365343,0.0365483,180,0.0365372
puffer-ball,tight,cell2dmin,87vf,vf,7367924,21.5117,65.9973,21.9052,1.26812,0,0,7367890,0,86.3281,34,0,0,0.000123612,5.29589e-05,0,0.0001195,0.163754,0.163874,34,0.163788
puffer-ball,tight,cell2dmin,88vf,vf,7477382,20.6081,63.0613,22.1355,0.402996,0,0,7477376,0,91.4673,6,0,0,0.000241294,8.59023e-05,0,7.41659e-05,0.286152,0.286226,6,0.286194
puffer-ball,tight,cell2dmin,8ee,ee,30324395,25.4018,88.3556,95.5688,23.8769,7,0,30300184,0,122.558,23906,0,0,0.00317809,8.69664e-06,0,2.80811e-06,0.0128446,0.0128474,24211,0.0128441
puffer-ball,tight,cell2dmin,90ee,ee,23301989,21.1648,115.561,70.3417,6.27508,0,0,23301882,0,73.769,101,0,0,0.000403855,5.52923e-05,0,7.6655e-05,0.158152,0.158229,107,0.158173
puffer-ball,tight,cell2dmin,91ee,ee,23953633,21.2669,105.279,72.1189,1.5228,0,0,23953612,0,76.0177,16,0,0,0.000544084,0.000101841,0,0.000172461,0.285849,0.286021,21,0.285828
puffer-ball,tight,cell2dmin,92vf,vf,8420697,23.106,70.4515,24.8765,1.03261,0,0,8420679,0,144.888,18,0,0,0.000395681,8.48169e-05,0,7.11674e-05,0.119429,0.1195,18,0.119415
puffer-ball,tight,cell2dmin,93vf,vf,8683964,20.7851,70.7988,25.4674,1.37068,0,0,8683934,0,71.6587,30,0,0,0.000340828,7.80981e-05,0,2.7884e-05,0.164643,0.164671,30,0.164642
puffer-ball,tight,cell2dmin,95ee,ee,26667445,22.3872,114.618,79.8577,9.63434,0,0,26667005,0,85.4246,419,0,0,0.000561267,3.5192e-05,0,1.78424e-05,0.0850374,0.0850553,440,0.0850372
puffer-ball,tight,cell2dmin,96ee,ee,27333803,21.6373,112.181,81.4208,11.6034,0,0,27333517,0,88.2417,277,0,0,0.000447943,3.48418e-05,0,1.98648e-05,0.079143,0.0791629,286,0.0791473
puffer-ball,tight,cell2dmin,97ee,ee,27895701,21.5119,114.262,82.8766,13.1677,0,0,27895457,0,88.43,234,0,0,0.000496207,4.16035e-05,0,9.46135e-06,0.0799252,0.0799347,244,0.0799103
puffer-ball,tight,cell2dmin,98vf,vf,9971931,20.6688,70.7889,28.6016,1.50325,0,0,9971900,0,101.736,30,0,0,0.0001397,3.58115e-05,0,2.96144e-05,0.128547,0.128577,31,0.12854
puffer-ball,tight,cell2dmin,99vf,vf,10120447,21.278,70.8652,29.2214,1.78132,0,0,10120401,0,107.047,44,0,0,0.000164369,5.70811e-05,0,5.64636e-05,0.139243,0.1393,46,0.139221
puffer-ball,tight,cell2dminsort,100ee,ee,28919455,14.2597,126.61,87.1778,9.38558,0,0,28919246,0,93.065,203,0,0,0.00153916,3.2745e-05,0,1.35766e-05,0.0676866,0.0677002,209,0.067688
puffer-ball,tight,cell2dminsort,101ee,ee,28991339,25.1236,152.041,87.6153,12.0606,0,0,28990930,0,93.4609,398,0,0,0.000569156,6.36303e-05,0,3.67135e-05,0.102995,0.103032,409,0.102982
puffer-ball,tight,cell2dminsort,102ee,ee,28946829,25.7371,155.249,87.0613,10.3664,0,0,28946542,0,93.0768,260,0,0,0.00258564,2.1682e-05,0,6.95478e-06,0.112278,0.112285,287,0.112274
puffer-ball,tight,cell2dminsort,103vf,vf,10162945,11.9789,71.7158,30.075,1.80293,0,0,10162913,0,202.423,28,0,0,0.000288381,8.11632e-05,0,4.61019e-05,0.139699,0.139745,32,0.139679
puffer-ball,tight,cell2dminsort,104vf,vf,9984324,26.3665,67.7353,29.6202,4.22866,0,0,9984224,0,167.592,98,0,0,0.000319482,6.0307e-05,0,3.94405e-05,0.107147,0.107186,100,0.107147
puffer-ball,tight,cell2dminsort,106ee,ee,26895346,25.8768,142.085,81.9061,5.24502,0,0,26895248,0,87.0942,96,0,0,0.000598434,3.9413e-05,0,1.8145e-05,0.138341,0.138359,98,0.138351
puffer-ball,tight,cell2dminsort,107ee,ee,26127843,26.6548,145.41,79.9278,2.14356,0,0,26127813,0,84.4963,30,0,0,0.000326186,7.03513e-05,0,0.000154059,0.291504,0.291658,30,0.291534
puffer-ball,tight,cell2dminsort,108ee,ee,25305097,26.6862,140.608,77.6291,1.69714,0,0,25305039,0,82.3346,56,0,0,8.35378e-05,2.63881e-05,0,6.47036e-05,0.173815,0.17388,58,0.173813
puffer-ball,tight,cell2dminsort,109vf,vf,8498297,28.3852,60.8326,25.5395,1.3183,0,0,8498278,0,156.29,18,0,0,0.000315464,6.914e-05,0,5.20595e-05,0.259857,0.259909,19,0.259857
puffer-ball,tight,cell2dminsort,10vf,vf,26051266,26.5103,159.228,73.6639,6.42399,2,0,26045222,0,498.847,5885,0,0,0.00217338,1.84984e-05,0,3.17735e-06,0.0194301,0.0194333,6044,0.0194244
puffer-ball,tight,cell2dminsort,112ee,ee,21884978,26.403,142.574,67.6466,5.22847,0,0,21884898,0,71.257,80,0,0,0.000290373,0.000125135,0,0.000124456,0.351329,0.351453,80,0.351334
puffer-ball,tight,cell2dminsort,114ee,ee,20335973,26.6776,126.982,63.1372,1.02929,0,0,20335957,0,66.8104,16,0,0,0.000222664,4.58348e-05,0,4.11011e-05,0.298704,0.298745,16,0.298706
puffer-ball,tight,cell2dminsort,115ee,ee,19542341,26.8327,130.658,60.6478,1.07783,0,0,19542330,0,63.9641,11,0,0,0.00059213,7.19629e-05,0,4.66298e-05,0.311446,0.311493,11,0.311447
puffer-ball,tight,cell2dminsort,116vf,vf,6257322,28.6545,53.3615,19.2829,0.475764,0,0,6257320,0,118.101,2,0,0,8.24776e-05,8.24776e-05,0,8.24776e-05,0.209457,0.20954,2,0.209457
puffer-ball,tight,cell2dminsort,118vf,vf,5680460,26.495,51.8632,17.7108,0.439348,0,0,5680458,0,106.097,2,0,0,0.000184561,0.000184561,0,6.31808e-05,0.140457,0.14052,2,0.140457
puffer-ball,tight,cell2dminsort,11ee,ee,21521802,24.8997,146.706,74.7755,13.7116,0,0,21520998,0,81.1352,765,0,0,0.0021401,5.21488e-05,0,2.60121e-05,0.0623505,0.0623765,804,0.0623474
puffer-ball,tight,cell2dminsort,121ee,ee,15134209,27.4659,145.842,47.7131,2.93759,0,0,15134161,0,50.4827,48,0,0,0.00045656,9.74995e-05,0,9.8891e-05,0.187103,0.187202,48,0.187103
puffer-ball,tight,cell2dminsort,122ee,ee,14435994,28.1067,144.709,45.61,1.46566,0,0,14435973,0,48.1921,21,0,0,0.00020586,5.41317e-05,0,0.000298305,0.226119,0.226417,21,0.226212
puffer-ball,tight,cell2dminsort,123vf,vf,4342748,27.9278,44.0538,13.7532,0.402485,0,0,4342746,0,69.5751,2,0,0,7.24396e-05,7.24396e-05,0,3.4842e-05,0.377945,0.37798,2,0.377945
puffer-ball,tight,cell2dminsort,124vf,vf,4110426,29.4065,42.7191,13.206,0.416085,0,0,4110424,0,77.1425,2,0,0,0.000123195,0.000123195,0,0.000128604,0.540949,0.541078,2,0.540955
puffer-ball,tight,cell2dminsort,127ee,ee,11696160,27.842,148.943,37.5299,0.528722,0,0,11696154,0,39.6937,6,0,0,0.000320208,0.000132942,0,0.000315111,0.385681,0.385996,6,0.385681
puffer-ball,tight,cell2dminsort,128ee,ee,11302457,26.4251,137.702,36.2317,0.433845,0,0,11302451,0,38.4536,6,0,0,0.000139051,9.08246e-05,0,5.9827e-05,0.269026,0.269086,6,0.269012
puffer-ball,tight,cell2dminsort,129ee,ee,11020201,27.3353,153.08,35.5868,1.35725,0,0,11020174,0,37.4583,27,0,0,0.000329519,4.45959e-05,0,3.89232e-05,0.141983,0.142022,27,0.141983
puffer-ball,tight,cell2dminsort,12vf,vf,11000060,25.3953,49.8556,34.551,11.3081,13,0,10983158,0,82.2676,16494,0,0,0.00333566,1.34048e-05,0,2.35271e-06,0.00633382,0.00633617,16902,0.0063324
puffer-ball,tight,cell2dminsort,13vf,vf,11106781,24.4555,53.9412,34.2666,11.7906,6,0,11088562,0,68.7178,17883,0,0,0.0504481,7.77963e-06,0,3.19108e-06,0.00414073,0.00414392,18219,0.00414276
puffer-ball,tight,cell2dminsort,15ee,ee,31527232,23.991,128.995,100.931,31.3426,3,0,31490864,0,140.453,35860,0,0,0.00588109,1.36231e-05,0,4.05673e-06,0.00827824,0.0082823,36368,0.00827789
puffer-ball,tight,cell2dminsort,16ee,ee,49330297,23.999,82.8653,152.688,27.2534,11,0,49309577,0,182.076,20318,0,0,0.00307002,1.44515e-05,0,4.77731e-06,0.00688804,0.00689281,20720,0.00688934
puffer-ball,tight,cell2dminsort,17ee,ee,73267220,24.2952,87.9232,219.142,24.1213,2,0,73247897,0,288.005,18950,0,0,0.261332,1.71165e-05,0,5.16488e-06,0.00283131,0.00283648,19323,0.00283432
puffer-ball,tight,cell2dminsort,18vf,vf,37899493,24.3588,126.666,125.364,6.70725,0,0,37897565,0,803.535,1863,0,0,0.00148126,2.60495e-05,0,4.14874e-06,0.012374,0.0123781,1928,0.0123711
puffer-ball,tight,cell2dminsort,19vf,vf,52064527,25.8336,187.693,138.581,6.45596,3,0,52056822,0,1043.47,7517,0,0,0.00355357,1.16122e-05,0,3.11538e-06,0.00748929,0.00749241,7705,0.00748825
puffer-ball,tight,cell2dminsort,21ee,ee,220630674,25.9238,149.65,622.679,82.9841,23,0,220455231,0,784.249,173531,0,0,0.0237497,8.72229e-06,0,3.01067e-06,0.00433522,0.00433824,175443,0.0043335
puffer-ball,tight,cell2dminsort,22ee,ee,191818568,23.647,138.063,553.742,87.2777,36,0,191656091,0,728.785,160417,0,0,0.00720355,1.08775e-05,0,6.56155e-06,0.00267036,0.00267692,162477,0.00267029
puffer-ball,tight,cell2dminsort,23ee,ee,116223315,24.2992,103.218,344.773,53.3737,39,0,116146276,0,441.946,75730,0,0,0.0058187,1.5581e-05,0,5.24435e-06,0.0102477,0.0102529,77039,0.0102463
puffer-ball,tight,cell2dminsort,24vf,vf,28632387,24.6672,152.171,81.561,11.3061,7,0,28620305,0,589.434,11715,0,0,0.00238043,2.21273e-05,0,3.39119e-06,0.00941338,0.00941677,12082,0.00941467
puffer-ball,tight,cell2dminsort,25vf,vf,25787438,25.9674,127.664,74.2154,8.93893,6,0,25778079,0,480.405,9086,0,0,0.00315848,2.46645e-05,0,5.40307e-06,0.0127511,0.0127565,9359,0.0127525
puffer-ball,tight,cell2dminsort,27ee,ee,82136185,24.0653,99.636,247.66,16.3108,9,0,82120927,0,316.042,14915,0,0,0.00643386,2.31245e-05,0,1.26499e-06,0.0129285,0.0129298,15258,0.012928
puffer-ball,tight,cell2dminsort,28ee,ee,89065912,23.7593,105.756,265.751,17.4256,1,0,89054393,0,299.674,11274,0,0,0.00820973,2.27626e-05,0,5.10343e-06,0.0212503,0.0212554,11519,0.0212479
puffer-ball,tight,cell2dminsort,29ee,ee,94887797,24.1454,102.642,280.121,16.6634,1,0,94874413,0,313.062,13132,0,0,0.00567064,1.688e-05,0,6.65434e-06,0.0105387,0.0105453,13384,0.01054
puffer-ball,tight,cell2dminsort,30vf,vf,37863175,23.806,198.635,102.817,5.92349,3,0,37860340,0,796.387,2754,0,0,0.00074955,2.13912e-05,0,3.91299e-06,0.0184363,0.0184402,2835,0.0184364
puffer-ball,tight,cell2dminsort,31vf,vf,37826930,25.4728,219.018,102.687,7.01194,0,0,37823952,0,786.731,2889,0,0,0.00118747,2.27434e-05,0,1.20739e-06,0.0066029,0.00660411,2978,0.00660324
puffer-ball,tight,cell2dminsort,33ee,ee,88606642,24.5707,103.739,260.084,22.2184,10,0,88594244,0,292.105,12033,0,0,0.00600899,2.371e-05,0,1.87079e-05,0.0365865,0.0366052,12398,0.0365829
puffer-ball,tight,cell2dminsort,34ee,ee,83806141,25.8827,99.3989,246.346,19.3787,7,0,83793957,0,310.446,11876,0,0,0.224221,2.33006e-05,0,3.03135e-06,0.0187312,0.0187342,12184,0.0187302
puffer-ball,tight,cell2dminsort,35ee,ee,79093772,24.2182,97.6475,384.78,20.8964,12,0,79083607,0,676.185,9885,0,0,0.00316752,2.43489e-05,0,6.18435e-06,0.0100736,0.0100798,10165,0.0100746
puffer-ball,tight,cell2dminsort,36vf,vf,28437085,23.7241,198.507,78.067,7.10417,0,0,28434037,0,564.664,2931,0,0,0.00099901,2.14198e-05,0,5.60875e-06,0.0162275,0.0162331,3048,0.0162277
puffer-ball,tight,cell2dminsort,37vf,vf,26722838,24.1486,176.522,73.7934,6.43705,0,0,26720338,0,515.391,2413,0,0,0.00270493,2.06902e-05,0,6.88628e-06,0.0142929,0.0142998,2500,0.0142899
puffer-ball,tight,cell2dminsort,39ee,ee,62734605,24.4709,95.8313,186.36,17.4127,4,0,62725637,0,210.325,8810,0,0,0.00327777,1.85082e-05,0,4.34319e-06,0.0152491,0.0152534,8968,0.0152512
puffer-ball,tight,cell2dminsort,40ee,ee,58732472,24.3185,95.7698,174.381,18.9286,4,0,58726183,0,193.518,6105,0,0,0.00373388,2.87916e-05,0,8.55624e-06,0.0163616,0.0163702,6289,0.0163612
puffer-ball,tight,cell2dminsort,41ee,ee,55054730,25.3027,88.6226,164.126,17.1914,0,0,55049267,0,182.181,5328,0,0,0.00158261,2.67006e-05,0,5.90252e-06,0.0238687,0.0238746,5463,0.0238647
puffer-ball,tight,cell2dminsort,42vf,vf,19496112,24.5842,134.553,54.948,5.75002,0,0,19495059,0,410.459,1016,0,0,0.00227774,3.93747e-05,0,1.49032e-05,0.02543,0.0254449,1053,0.0254364
puffer-ball,tight,cell2dminsort,43vf,vf,18706325,25.6946,129.69,52.3819,6.39321,3,0,18705336,0,297.065,953,0,0,0.000764569,5.06249e-05,0,3.71244e-06,0.0204443,0.020448,989,0.020443
puffer-ball,tight,cell2dminsort,45ee,ee,48533084,24.4553,91.0188,144.49,15.5417,3,0,48531286,0,155.613,1721,0,0,0.00203423,4.03688e-05,0,1.45303e-05,0.02609,0.0261045,1798,0.0260925
puffer-ball,tight,cell2dminsort,46ee,ee,48353970,24.0172,87.0133,144.18,15.1355,1,0,48351903,0,154.349,2021,0,0,0.00163666,3.80091e-05,0,9.99246e-06,0.0305585,0.0305685,2067,0.0305557
puffer-ball,tight,cell2dminsort,47ee,ee,48260533,24.3317,87.027,143.24,13.8601,3,0,48258910,0,153.558,1577,0,0,0.009421,4.02906e-05,0,2.00729e-05,0.0275998,0.0276199,1623,0.0276108
puffer-ball,tight,cell2dminsort,48vf,vf,17869478,24.4822,117.225,50.1347,5.39615,0,0,17869137,0,333.203,330,0,0,0.000726687,3.84739e-05,0,7.0835e-06,0.0389151,0.0389221,341,0.0389175
puffer-ball,tight,cell2dminsort,49vf,vf,17875011,25.0804,113.788,49.9959,4.55543,0,0,17874709,0,320.572,297,0,0,0.000491727,3.6902e-05,0,3.30657e-05,0.0612193,0.0612524,302,0.0612183
puffer-ball,tight,cell2dminsort,51ee,ee,46698477,24.7007,133.129,138.834,16.0768,0,0,46697110,0,150.865,1269,0,0,0.00191346,3.66456e-05,0,2.23277e-05,0.0548025,0.0548249,1367,0.0548019
puffer-ball,tight,cell2dminsort,52ee,ee,45494887,24.3214,137.223,135.324,18.0793,7,0,45493883,0,145.978,953,0,0,0.00166164,3.97503e-05,0,2.99313e-05,0.0613908,0.0614207,1004,0.0613861
puffer-ball,tight,cell2dminsort,53ee,ee,44423327,23.9589,137.433,132.22,12.3153,0,0,44422136,0,142.385,1166,0,0,0.00227521,3.82008e-05,0,3.27893e-05,0.043735,0.0437678,1191,0.0437317
puffer-ball,tight,cell2dminsort,54vf,vf,15978215,24.5923,98.3493,45.8041,5.23071,1,0,15977829,0,314.323,369,0,0,0.000434029,3.876e-05,0,1.36779e-05,0.0317597,0.0317733,386,0.0317535
puffer-ball,tight,cell2dminsort,55vf,vf,15809518,25.1641,95.7145,45.1539,4.91737,0,0,15809079,0,293.748,424,0,0,0.00198576,3.35379e-05,0,9.2877e-06,0.0334408,0.0334501,439,0.0334396
puffer-ball,tight,cell2dminsort,57ee,ee,42527985,25.254,143.8,126.921,15.6433,4,0,42527045,0,136.341,911,0,0,0.00236444,4.64358e-05,0,2.75489e-05,0.047692,0.0477196,940,0.047699
puffer-ball,tight,cell2dminsort,58ee,ee,42522341,24.7674,145.875,126.99,14.126,1,0,42521138,0,137.562,1167,0,0,0.00345901,3.39813e-05,0,2.18898e-05,0.0497503,0.0497722,1203,0.0497513
puffer-ball,tight,cell2dminsort,59ee,ee,42541037,24.0731,143.197,126.978,14.29,0,0,42540006,0,136.969,992,0,0,0.000527347,3.47769e-05,0,4.58215e-05,0.0402476,0.0402934,1031,0.0402679
puffer-ball,tight,cell2dminsort,5vf,vf,4452462,29.7786,333.744,13.3639,0.432789,0,0,4452460,0,79.9184,2,0,0,1.87693e-05,1.87693e-05,0,4.06808e-06,0.925015,0.925019,2,0.925014
puffer-ball,tight,cell2dminsort,60vf,vf,15571721,24.4082,85.7254,44.6157,6.18621,0,0,15571311,0,293.977,396,0,0,0.00120154,3.02854e-05,0,1.50928e-05,0.0771451,0.0771602,410,0.0771179
puffer-ball,tight,cell2dminsort,62ee,ee,41024001,25.2972,145.754,122.689,13.8143,0,0,41022883,0,132.911,1082,0,0,0.00102237,2.72956e-05,0,1.17148e-05,0.0284454,0.0284571,1118,0.0284424
puffer-ball,tight,cell2dminsort,63ee,ee,40350684,24.8065,150.897,120.031,12.7342,0,0,40349147,0,129.422,1494,0,0,0.000762525,2.55142e-05,0,1.88219e-05,0.0329132,0.032932,1537,0.0329208
puffer-ball,tight,cell2dminsort,64ee,ee,39670269,24.1851,155.851,118.264,12.5872,5,0,39669552,0,126.775,694,0,0,0.00195332,2.82986e-05,0,5.63719e-06,0.0559829,0.0559885,717,0.0559845
puffer-ball,tight,cell2dminsort,65vf,vf,14316399,26.0943,84.5032,41.2587,5.2766,0,0,14316220,0,279.088,173,0,0,0.000876223,4.54652e-05,0,3.44692e-05,0.0881449,0.0881794,179,0.0881348
puffer-ball,tight,cell2dminsort,66vf,vf,14072197,25.8135,82.7347,40.4542,5.73914,0,0,14072063,0,286.144,120,0,0,0.000268542,6.39212e-05,0,4.4021e-05,0.100252,0.100296,134,0.10025
puffer-ball,tight,cell2dminsort,68ee,ee,36623286,24.9851,149.541,109.035,16.2067,0,0,36622722,0,116.697,514,0,0,0.00149035,5.11511e-05,0,2.22552e-05,0.0450807,0.045103,564,0.0450821
puffer-ball,tight,cell2dminsort,69ee,ee,35609242,24.1507,157.431,106.382,12.6439,3,0,35608561,0,113.872,652,0,0,0.00146427,3.97538e-05,0,3.07407e-05,0.0463609,0.0463916,681,0.0463638
puffer-ball,tight,cell2dminsort,6ee,ee,17690467,36.2316,105.101,56.442,12.0834,0,0,17688666,0,61.6985,1770,0,0,0.00076282,3.69232e-06,0,1.64813e-05,0.0978984,0.0979149,1801,0.0979042
puffer-ball,tight,cell2dminsort,70vf,vf,12542944,25.0107,81.1946,36.3409,4.97622,0,0,12542694,0,237.128,240,0,0,0.000441543,3.35506e-05,0,1.72993e-05,0.0342919,0.0343092,250,0.0342941
puffer-ball,tight,cell2dminsort,71vf,vf,12091178,25.9638,80.3248,35.1478,4.99497,0,0,12091045,0,237.473,128,0,0,0.000417579,4.87784e-05,0,1.45641e-05,0.0854614,0.085476,133,0.0854492
puffer-ball,tight,cell2dminsort,73ee,ee,31360326,24.6997,149.078,94.7414,14.2766,0,0,31359485,0,101.978,799,0,0,0.00142708,4.26181e-05,0,1.71183e-05,0.0434052,0.0434223,841,0.0434036
puffer-ball,tight,cell2dminsort,74ee,ee,30393279,23.6971,151.153,91.8425,13.0685,0,0,30392732,0,98.5958,541,0,0,0.00306445,4.73147e-05,0,3.4751e-05,0.0965239,0.0965586,547,0.0965271
puffer-ball,tight,cell2dminsort,75ee,ee,29352738,23.4851,137.737,89.0666,11.8268,0,0,29352137,0,95.7101,594,0,0,0.00123988,3.32435e-05,0,1.84593e-05,0.0299094,0.0299279,601,0.0299149
puffer-ball,tight,cell2dminsort,76vf,vf,9871498,25.6625,75.9341,29.0668,4.37937,0,0,9871348,0,166.627,144,0,0,0.000248163,5.16228e-05,0,2.36797e-05,0.0795396,0.0795632,150,0.0795441
puffer-ball,tight,cell2dminsort,77vf,vf,9422268,24.2697,73.9798,28.2117,5.24793,0,0,9422153,0,183.339,110,0,0,0.00276832,7.00436e-05,0,1.9597e-05,0.0728593,0.0728788,115,0.0728607
puffer-ball,tight,cell2dminsort,79ee,ee,25110518,24.9188,151.286,77.0581,14.5868,0,0,25109388,0,82.7889,1083,0,0,0.000830189,3.9502e-05,0,2.85955e-05,0.0471428,0.0471713,1130,0.0471344
puffer-ball,tight,cell2dminsort,7ee,ee,20330418,35.1111,104.045,66.0026,11.9628,0,0,20322657,0,77.136,7685,0,0,0.000490761,4.73831e-06,0,4.64666e-06,0.00837517,0.00837982,7761,0.00837708
puffer-ball,tight,cell2dminsort,80ee,ee,24221710,23.1574,148.347,74.7555,14.3501,0,0,24221029,0,80.3981,652,0,0,0.00177399,5.22022e-05,0,4.15031e-05,0.0971164,0.0971579,681,0.0971069
puffer-ball,tight,cell2dminsort,81vf,vf,7872734,24.7713,72.2462,23.7965,4.51079,2,0,7872622,0,142.489,106,0,0,0.000347333,5.78483e-05,0,2.16925e-05,0.0664549,0.0664766,112,0.066452
puffer-ball,tight,cell2dminsort,82vf,vf,7646505,24.526,68.3331,23.4016,4.28942,0,0,7646306,0,162.384,194,0,0,0.000620605,5.37479e-05,0,4.11736e-05,0.0627874,0.0628286,199,0.0627899
puffer-ball,tight,cell2dminsort,84ee,ee,22087334,25.1472,142.265,68.411,14.9524,0,0,22087088,0,72.6361,232,0,0,0.00163747,7.67597e-05,0,5.73409e-05,0.0923936,0.0924509,246,0.0924072
puffer-ball,tight,cell2dminsort,85ee,ee,21924810,23.8829,148.278,68.0901,11.5171,4,0,21924623,0,72.1559,178,0,0,0.000820669,5.50125e-05,0,6.1568e-05,0.126001,0.126062,187,0.126007
puffer-ball,tight,cell2dminsort,86ee,ee,21956131,24.3684,147.026,67.7918,6.70309,0,0,21955951,0,72.1474,178,0,0,0.000670304,1.83206e-05,0,1.46874e-05,0.0365336,0.0365483,180,0.0365372
puffer-ball,tight,cell2dminsort,87vf,vf,7367924,26.0028,69.3102,22.6509,1.42985,0,0,7367890,0,152.872,34,0,0,0.000123612,5.29589e-05,0,0.0001195,0.163754,0.163874,34,0.163788
puffer-ball,tight,cell2dminsort,88vf,vf,7477382,23.8532,69.053,22.8025,0.39871,0,0,7477376,0,142.716,6,0,0,0.000241294,8.59023e-05,0,7.41659e-05,0.286152,0.286226,6,0.286194
puffer-ball,tight,cell2dminsort,8ee,ee,30324395,28.8285,130.523,96.8235,24.2662,7,0,30300184,0,125.618,23906,0,0,0.00317809,8.69664e-06,0,4.53929e-06,0.0128429,0.0128474,24211,0.0128441
puffer-ball,tight,cell2dminsort,90ee,ee,23301989,24.0146,150.356,71.5858,6.46981,0,0,23301882,0,75.6776,101,0,0,0.000403855,5.52923e-05,0,7.6655e-05,0.158152,0.158229,107,0.158173
puffer-ball,tight,cell2dminsort,91ee,ee,23953633,23.2538,151.848,73.4261,1.62463,0,0,23953612,0,77.3825,16,0,0,0.000544084,0.000101841,0,0.000172461,0.285849,0.286021,21,0.285828
puffer-ball,tight,cell2dminsort,92vf,vf,8420697,23.8072,72.8918,25.429,1.13776,0,0,8420679,0,157.176,18,0,0,0.000395681,8.48169e-05,0,7.11674e-05,0.119429,0.1195,18,0.119415
puffer-ball,tight,cell2dminsort,93vf,vf,8683964,25.1372,73.4778,26.1096,1.39769,0,0,8683934,0,160.113,30,0,0,0.000340828,7.80981e-05,0,2.7884e-05,0.164643,0.164671,30,0.164642
puffer-ball,tight,cell2dminsort,95ee,ee,26667445,23.3698,138.564,81.3784,9.91952,0,0,26667005,0,87.181,419,0,0,0.000561267,3.5192e-05,0,1.15666e-05,0.0850437,0.0850553,440,0.0850372
puffer-ball,tight,cell2dminsort,96ee,ee,27333803,23.6333,152.55,82.8315,11.923,0,0,27333517,0,87.986,277,0,0,0.000447943,3.48418e-05,0,2.00042e-05,0.0791429,0.0791629,286,0.0791473
puffer-ball,tight,cell2dminsort,97ee,ee,27895701,23.0336,143.889,84.6083,13.5421,0,0,27895457,0,90.6866,234,0,0,0.000496207,4.16035e-05,0,1.06291e-05,0.0799241,0.0799347,244,0.0799103
puffer-ball,tight,cell2dminsort,98vf,vf,9971931,23.0318,76.7047,29.5621,1.56105,0,0,9971900,0,186.423,30,0,0,0.0001397,3.58115e-05,0,2.96144e-05,0.128547,0.128577,31,0.12854
puffer-ball,tight,cell2dminsort,99vf,vf,10120447,24.6764,73.3363,30.0779,1.91944,0,0,10120401,0,206.036,44,0,0,0.000164369,5.70811e-05,0,5.64636e-05,0.139243,0.1393,46,0.139221
puffer-ball,tight,cell2dminsort,100ee,ee,28919455,14.6786,137.682,87.1478,9.36122,0,0,28919246,0,93.29,203,0,0,0.00153916,3.2745e-05,0,1.35766e-05,0.0676866,0.0677002,209,0.067688
puffer-ball,tight,cell2dminsort,101ee,ee,28991339,23.5226,152.361,87.5778,12.0081,0,0,28990930,0,93.6745,398,0,0,0.000569156,6.36303e-05,0,3.77296e-05,0.102994,0.103032,409,0.102982
puffer-ball,tight,cell2dminsort,102ee,ee,28946829,25.1226,150.588,86.9754,10.3969,0,0,28946542,0,92.1987,260,0,0,0.00258564,2.1682e-05,0,7.81224e-06,0.112277,0.112285,287,0.112274
puffer-ball,tight,cell2dminsort,103vf,vf,10162945,10.8472,71.742,30.0167,1.79343,0,0,10162913,0,216.804,28,0,0,0.000288381,8.11632e-05,0,4.61019e-05,0.139699,0.139745,32,0.139679
puffer-ball,tight,cell2dminsort,104vf,vf,9984324,28.8932,67.1742,29.7288,4.21173,0,0,9984224,0,204.192,98,0,0,0.000319482,6.0307e-05,0,3.94405e-05,0.107147,0.107186,100,0.107147
puffer-ball,tight,cell2dminsort,106ee,ee,26895346,26.4376,151.252,81.7958,5.22821,0,0,26895248,0,86.7701,96,0,0,0.000598434,3.9413e-05,0,1.8145e-05,0.138341,0.138359,98,0.138351
puffer-ball,tight,cell2dminsort,107ee,ee,26127843,26.0334,135.689,79.8868,2.08939,0,0,26127813,0,84.2968,30,0,0,0.000326186,7.03513e-05,0,0.000154059,0.291504,0.291658,30,0.291534
puffer-ball,tight,cell2dminsort,108ee,ee,25305097,25.9431,140.74,77.5569,1.6894,0,0,25305039,0,81.8422,56,0,0,8.35378e-05,2.63881e-05,0,6.47036e-05,0.173815,0.17388,58,0.173813
puffer-ball,tight,cell2dminsort,109vf,vf,8498297,26.4979,58.4845,25.6461,1.35299,0,0,8498278,0,181.61,18,0,0,0.000315464,6.914e-05,0,5.20595e-05,0.259857,0.259909,19,0.259857
puffer-ball,tight,cell2dminsort,10vf,vf,26051266,26.0268,158.478,73.8388,6.41865,2,0,26045222,0,522.197,5885,0,0,0.00217338,1.84984e-05,0,3.17735e-06,0.0194301,0.0194333,6044,0.0194244
puffer-ball,tight,cell2dminsort,112ee,ee,21884978,26.735,160.402,67.6066,5.16553,0,0,21884898,0,71.2811,80,0,0,0.000290373,0.000125135,0,0.000124456,0.351329,0.351453,80,0.351334
puffer-ball,tight,cell2dminsort,114ee,ee,20335973,25.861,144.209,63.2568,1.0961,0,0,20335957,0,66.4359,16,0,0,0.000222664,4.58348e-05,0,4.11011e-05,0.298704,0.298745,16,0.298706
puffer-ball,tight,cell2dminsort,115ee,ee,19542341,27.0353,133.99,60.5474,1.11431,0,0,19542330,0,63.9704,11,0,0,0.00059213,7.19629e-05,0,4.66298e-05,0.311446,0.311493,11,0.311447
puffer-ball,tight,cell2dminsort,116vf,vf,6257322,25.969,55.1228,19.298,0.429428,0,0,6257320,0,102.285,2,0,0,8.24776e-05,8.24776e-05,0,8.24776e-05,0.209457,0.20954,2,0.209457
puffer-ball,tight,cell2dminsort,118vf,vf,5680460,27.6179,51.2236,17.629,0.414837,0,0,5680458,0,102.054,2,0,0,0.000184561,0.000184561,0,6.31808e-05,0.140457,0.14052,2,0.140457
puffer-ball,tight,cell2dminsort,11ee,ee,21521802,25.2445,135.957,82.0521,13.7455,0,0,21520998,0,88.4803,765,0,0,0.0021401,5.21488e-05,0,1.65852e-05,0.0623599,0.0623765,804,0.0623474
puffer-ball,tight,cell2dminsort,121ee,ee,15134209,26.5881,153.277,47.7795,2.8781,0,0,15134161,0,50.3851,48,0,0,0.00045656,9.74995e-05,0,9.8891e-05,0.187103,0.187202,48,0.187103
puffer-ball,tight,cell2dminsort,122ee,ee,14435994,27.5194,149.867,45.5446,1.39171,0,0,14435973,0,48.3351,21,0,0,0.00020586,5.41317e-05,0,0.000298305,0.226119,0.226417,21,0.226212
puffer-ball,tight,cell2dminsort,123vf,vf,4342748,27.1567,46.5956,13.7921,0.431124,0,0,4342746,0,75.5193,2,0,0,7.24396e-05,7.24396e-05,0,3.4842e-05,0.377945,0.37798,2,0.377945
puffer-ball,tight,cell2dminsort,124vf,vf,4110426,28.8298,44.9944,13.0694,0.41343,0,0,4110424,0,61.0247,2,0,0,0.000123195,0.000123195,0,0.000128604,0.540949,0.541078,2,0.540955
puffer-ball,tight,cell2dminsort,127ee,ee,11696160,27.7461,130.032,37.6508,0.525618,0,0,11696154,0,40.074,6,0,0,0.000320208,0.000132942,0,0.000315111,0.385681,0.385996,6,0.385681
puffer-ball,tight,cell2dminsort,128ee,ee,11302457,28.4352,127.023,36.425,0.434612,0,0,11302451,0,38.5107,6,0,0,0.000139051,9.08246e-05,0,5.9827e-05,0.269026,0.269086,6,0.269012
puffer-ball,tight,cell2dminsort,129ee,ee,11020201,27.0697,116.498,35.4253,1.45625,0,0,11020174,0,37.6417,27,0,0,0.000329519,4.45959e-05,0,3.89232e-05,0.141983,0.142022,27,0.141983
puffer-ball,tight,cell2dminsort,12vf,vf,11000060,24.6062,48.4102,34.6276,11.341,13,0,10983158,0,120.764,16494,0,0,0.00333566,1.34048e-05,0,2.35271e-06,0.00633382,0.00633617,16902,0.0063324
puffer-ball,tight,cell2dminsort,13vf,vf,11106781,24.3115,54.2658,34.2776,11.8345,6,0,11088562,0,90.0759,17883,0,0,0.0504481,7.77963e-06,0,3.19108e-06,0.00414073,0.00414392,18219,0.00414276
puffer-ball,tight,cell2dminsort,15ee,ee,31527232,23.5021,128.332,101.014,31.3128,3,0,31490864,0,140.769,35860,0,0,0.00588109,1.36231e-05,0,4.05673e-06,0.00827824,0.0082823,36368,0.00827789
puffer-ball,tight,cell2dminsort,16ee,ee,49330297,24.1883,132.685,152.355,27.1545,11,0,49309577,0,182.818,20318,0,0,0.00307002,1.44515e-05,0,2.31404e-06,0.0068905,0.00689281,20720,0.00688934
puffer-ball,tight,cell2dminsort,17ee,ee,73267220,23.2403,84.0344,219.235,23.8413,2,0,73247897,0,288.935,18950,0,0,0.261332,1.71165e-05,0,5.16488e-06,0.00283131,0.00283648,19323,0.00283432
puffer-ball,tight,cell2dminsort,18vf,vf,37899493,23.6218,126.658,123.397,6.64024,0,0,37897565,0,708.272,1863,0,0,0.00148126,2.60495e-05,0,3.53209e-06,0.0123746,0.0123781,1928,0.0123711
puffer-ball,tight,cell2dminsort,19vf,vf,52064527,23.345,187.065,137.553,6.47625,3,0,52056822,0,913.55,7517,0,0,0.00355357,1.16122e-05,0,3.11538e-06,0.00748929,0.00749241,7705,0.00748825
puffer-ball,tight,cell2dminsort,21ee,ee,220630674,24.3082,147.096,623.044,82.9464,23,0,220455231,0,784.608,173531,0,0,0.0237497,8.72229e-06,0,2.29132e-06,0.00433594,0.00433824,175443,0.0043335
puffer-ball,tight,cell2dminsort,22ee,ee,191818568,24.5795,138.989,552.939,87.4835,36,0,191656091,0,726.41,160417,0,0,0.00720355,1.08775e-05,0,6.56155e-06,0.00267036,0.00267692,162477,0.00267029
puffer-ball,tight,cell2dminsort,23ee,ee,116223315,23.6531,105.831,344.52,53.2634,39,0,116146276,0,441.955,75730,0,0,0.0058187,1.5581e-05,0,5.18088e-06,0.0102477,0.0102529,77039,0.0102463
puffer-ball,tight,cell2dminsort,24vf,vf,28632387,24.8745,153.004,81.5217,11.2624,7,0,28620305,0,590.077,11715,0,0,0.00238043,2.21273e-05,0,3.39119e-06,0.00941338,0.00941677,12082,0.00941467
puffer-ball,tight,cell2dminsort,25vf,vf,25787438,25.0962,125.14,73.8987,8.87151,6,0,25778079,0,428.158,9086,0,0,0.00315848,2.46645e-05,0,5.40307e-06,0.0127511,0.0127565,9359,0.0127525
puffer-ball,tight,cell2dminsort,27ee,ee,82136185,24.082,99.8455,247.205,16.4168,9,0,82120927,0,315.283,14915,0,0,0.00643386,2.31245e-05,0,2.68469e-06,0.0129271,0.0129298,15258,0.012928
puffer-ball,tight,cell2dminsort,28ee,ee,89065912,23.6965,104.002,265.476,17.4754,1,0,89054393,0,297.64,11274,0,0,0.00820973,2.27626e-05,0,5.39088e-06,0.02125,0.0212554,11519,0.0212479
puffer-ball,tight,cell2dminsort,29ee,ee,94887797,24.5706,108.635,280.199,16.3712,1,0,94874413,0,310.778,13132,0,0,0.00567064,1.688e-05,0,6.65434e-06,0.0105387,0.0105453,13384,0.01054
puffer-ball,tight,cell2dminsort,30vf,vf,37863175,23.5774,195.397,102.402,5.95754,3,0,37860340,0,684.714,2754,0,0,0.00074955,2.13912e-05,0,3.91299e-06,0.0184363,0.0184402,2835,0.0184364
puffer-ball,tight,cell2dminsort,31vf,vf,37826930,23.915,220.421,102.713,7.04497,0,0,37823952,0,752.134,2889,0,0,0.00118747,2.27434e-05,0,1.20739e-06,0.0066029,0.00660411,2978,0.00660324
puffer-ball,tight,cell2dminsort,33ee,ee,88606642,23.7044,102.509,259.755,22.2922,10,0,88594244,0,291.725,12033,0,0,0.00600899,2.371e-05,0,1.87079e-05,0.0365865,0.0366052,12398,0.0365829
puffer-ball,tight,cell2dminsort,34ee,ee,83806141,23.7097,100.76,246.178,19.081,7,0,83793957,0,311.408,11876,0,0,0.224221,2.33006e-05,0,3.03135e-06,0.0187312,0.0187342,12184,0.0187302
puffer-ball,tight,cell2dminsort,35ee,ee,79093772,23.2303,99.8837,634.807,20.8991,12,0,79083607,0,696.978,9885,0,0,0.00316752,2.43489e-05,0,6.18435e-06,0.0100736,0.0100798,10165,0.0100746
puffer-ball,tight,cell2dminsort,36vf,vf,28437085,23.3283,201.302,77.9137,7.03636,0,0,28434037,0,506.761,2931,0,0,0.00099901,2.14198e-05,0,5.60875e-06,0.0162275,0.0162331,3048,0.0162277
puffer-ball,tight,cell2dminsort,37vf,vf,26722838,24.661,177.29,73.2809,6.41762,0,0,26720338,0,477.064,2413,0,0,0.00270493,2.06902e-05,0,6.88628e-06,0.0142929,0.0142998,2500,0.0142899
puffer-ball,tight,cell2dminsort,39ee,ee,62734605,23.8337,94.0675,186.164,17.2555,4,0,62725637,0,210.132,8810,0,0,0.00327777,1.85082e-05,0,4.34319e-06,0.0152491,0.0152534,8968,0.0152512
puffer-ball,tight,cell2dminsort,40ee,ee,58732472,24.1236,96.9037,174.486,18.8015,4,0,58726183,0,194.89,6105,0,0,0.00373388,2.87916e-05,0,8.55624e-06,0.0163616,0.0163702,6289,0.0163612
puffer-ball,tight,cell2dminsort,41ee,ee,55054730,24.5355,90.5844,163.684,17.532,0,0,55049267,0,180.646,5328,0,0,0.00158261,2.67006e-05,0,5.90252e-06,0.0238687,0.0238746,5463,0.0238647
puffer-ball,tight,cell2dminsort,42vf,vf,19496112,24.0116,144.065,54.7167,5.7755,0,0,19495059,0,372.92,1016,0,0,0.00227774,3.93747e-05,0,1.49032e-05,0.02543,0.0254449,1053,0.0254364
puffer-ball,tight,cell2dminsort,43vf,vf,18706325,24.6049,133.832,52.7945,6.43314,3,0,18705336,0,357.922,953,0,0,0.000764569,5.06249e-05,0,3.71244e-06,0.0204443,0.020448,989,0.020443
puffer-ball,tight,cell2dminsort,45ee,ee,48533084,25.2902,136.619,144.519,15.5046,3,0,48531286,0,156.626,1721,0,0,0.00203423,4.03688e-05,0,1.38931e-05,0.0260906,0.0261045,1798,0.0260925
puffer-ball,tight,cell2dminsort,46ee,ee,48353970,24.2721,133.041,144.026,15.1633,1,0,48351903,0,156.333,2021,0,0,0.00163666,3.80091e-05,0,1.11379e-05,0.0305573,0.0305685,2067,0.0305557
puffer-ball,tight,cell2dminsort,47ee,ee,48260533,26.0643,136.161,143.355,13.8296,3,0,48258910,0,154.167,1577,0,0,0.009421,4.02906e-05,0,2.00729e-05,0.0275998,0.0276199,1623,0.0276108
puffer-ball,tight,cell2dminsort,48vf,vf,17869478,23.4315,118.262,50.2856,5.45726,0,0,17869137,0,361.586,330,0,0,0.000726687,3.84739e-05,0,6.72846e-06,0.0389154,0.0389221,341,0.0389175
puffer-ball,tight,cell2dminsort,49vf,vf,17875011,25.0971,113.445,50.2293,4.59783,0,0,17874709,0,345.861,297,0,0,0.000491727,3.6902e-05,0,3.30657e-05,0.0612193,0.0612524,302,0.0612183
puffer-ball,tight,cell2dminsort,51ee,ee,46698477,25.1516,136.065,138.416,16.0032,0,0,46697110,0,149.47,1269,0,0,0.00191346,3.66456e-05,0,2.23277e-05,0.0548025,0.0548249,1367,0.0548019
puffer-ball,tight,cell2dminsort,52ee,ee,45494887,23.0848,139.228,134.925,17.9331,7,0,45493883,0,145.263,953,0,0,0.00166164,3.97503e-05,0,2.99313e-05,0.0613908,0.0614207,1004,0.0613861
puffer-ball,tight,cell2dminsort,53ee,ee,44423327,24.0016,149.386,132.355,12.3156,0,0,44422136,0,143.029,1166,0,0,0.00227521,3.82008e-05,0,3.27893e-05,0.043735,0.0437678,1191,0.0437317
puffer-ball,tight,cell2dminsort,54vf,vf,15978215,23.9046,98.1471,45.7372,5.19717,1,0,15977829,0,310.395,369,0,0,0.000434029,3.876e-05,0,1.36779e-05,0.0317597,0.0317733,386,0.0317535
puffer-ball,tight,cell2dminsort,55vf,vf,15809518,25.0893,95.041,44.857,4.91174,0,0,15809079,0,283.137,424,0,0,0.00198576,3.35379e-05,0,9.2877e-06,0.0334408,0.0334501,439,0.0334396
puffer-ball,tight,cell2dminsort,57ee,ee,42527985,25.7079,153.219,127.244,15.6344,4,0,42527045,0,137.219,911,0,0,0.00236444,4.64358e-05,0,2.75489e-05,0.047692,0.0477196,940,0.047699
puffer-ball,tight,cell2dminsort,58ee,ee,42522341,24.2856,149.05,127.062,14.179,1,0,42521138,0,135.98,1167,0,0,0.00345901,3.39813e-05,0,2.18898e-05,0.0497503,0.0497722,1203,0.0497513
puffer-ball,tight,cell2dminsort,59ee,ee,42541037,24.5262,151.893,126.935,14.2894,0,0,42540006,0,136.828,992,0,0,0.000527347,3.47769e-05,0,4.58215e-05,0.0402476,0.0402934,1031,0.0402679
puffer-ball,tight,cell2dminsort,5vf,vf,4452462,29.2875,326.944,13.3936,0.418549,0,0,4452460,0,82.5371,2,0,0,1.87693e-05,1.87693e-05,0,4.06808e-06,0.925015,0.925019,2,0.925014
puffer-ball,tight,cell2dminsort,60vf,vf,15571721,25.3605,87.0981,44.3486,6.21206,0,0,15571311,0,282.961,396,0,0,0.00120154,3.02854e-05,0,1.50928e-05,0.0771451,0.0771602,410,0.0771179
puffer-ball,tight,cell2dminsort,62ee,ee,41024001,24.8792,145.277,122.583,13.8127,0,0,41022883,0,130.881,1082,0,0,0.00102237,2.72956e-05,0,1.16095e-05,0.0284455,0.0284571,1118,0.0284424
puffer-ball,tight,cell2dminsort,63ee,ee,40350684,24.3281,155.146,120.29,12.7325,0,0,40349147,0,129.396,1494,0,0,0.000762525,2.55142e-05,0,6.61781e-06,0.0329254,0.032932,1537,0.0329208
puffer-ball,tight,cell2dminsort,64ee,ee,39670269,24.7097,153.421,118.464,12.6723,5,0,39669552,0,126.373,694,0,0,0.00195332,2.82986e-05,0,5.63719e-06,0.0559829,0.0559885,717,0.0559845
puffer-ball,tight,cell2dminsort,65vf,vf,14316399,24.1859,85.0699,41.0834,5.24005,0,0,14316220,0,296.463,173,0,0,0.000876223,4.54652e-05,0,3.44692e-05,0.0881449,0.0881794,179,0.0881348
puffer-ball,tight,cell2dminsort,66vf,vf,14072197,24.9748,81.9808,40.3535,5.68625,0,0,14072063,0,269.841,120,0,0,0.000268542,6.39212e-05,0,4.4021e-05,0.100252,0.100296,134,0.10025
puffer-ball,tight,cell2dminsort,68ee,ee,36623286,25.1934,155.056,109.244,16.0973,0,0,36622722,0,117.016,514,0,0,0.00149035,5.11511e-05,0,2.69901e-05,0.045076,0.045103,564,0.0450821
puffer-ball,tight,cell2dminsort,69ee,ee,35609242,24.1465,150.311,106.39,12.6361,3,0,35608561,0,113.13,652,0,0,0.00146427,3.97538e-05,0,3.07407e-05,0.0463609,0.0463916,681,0.0463638
puffer-ball,tight,cell2dminsort,6ee,ee,17690467,35.705,115.153,56.4672,12.0201,0,0,17688666,0,61.6515,1770,0,0,0.00076282,3.69232e-06,0,1.64813e-05,0.0978984,0.0979149,1801,0.0979042
puffer-ball,tight,cell2dminsort,70vf,vf,12542944,25.2829,80.0553,36.2622,4.9335,0,0,12542694,0,250.741,240,0,0,0.000441543,3.35506e-05,0,1.72993e-05,0.0342919,0.0343092,250,0.0342941
puffer-ball,tight,cell2dminsort,71vf,vf,12091178,24.4952,81.7573,34.9492,5.03705,0,0,12091045,0,220.914,128,0,0,0.000417579,4.87784e-05,0,1.45641e-05,0.0854614,0.085476,133,0.0854492
puffer-ball,tight,cell2dminsort,73ee,ee,31360326,25.8186,149.876,94.6807,14.2709,0,0,31359485,0,101.5,799,0,0,0.00142708,4.26181e-05,0,1.71183e-05,0.0434052,0.0434223,841,0.0434036
puffer-ball,tight,cell2dminsort,74ee,ee,30393279,24.5657,148.27,91.8912,13.0865,0,0,30392732,0,98.0706,541,0,0,0.00306445,4.73147e-05,0,3.4751e-05,0.0965239,0.0965586,547,0.0965271
puffer-ball,tight,cell2dminsort,75ee,ee,29352738,23.2637,143.257,88.9271,11.8235,0,0,29352137,0,94.495,594,0,0,0.00123988,3.32435e-05,0,1.84593e-05,0.0299094,0.0299279,601,0.0299149
puffer-ball,tight,cell2dminsort,76vf,vf,9871498,23.9394,79.6824,29.3093,4.41604,0,0,9871348,0,192.696,144,0,0,0.000248163,5.16228e-05,0,2.36797e-05,0.0795396,0.0795632,150,0.0795441
puffer-ball,tight,cell2dminsort,77vf,vf,9422268,24.6789,74.746,28.0818,5.24137,0,0,9422153,0,181.376,110,0,0,0.00276832,7.00436e-05,0,1.9597e-05,0.0728593,0.0728788,115,0.0728607
puffer-ball,tight,cell2dminsort,79ee,ee,25110518,25.128,156.1,77.2984,14.6014,0,0,25109388,0,83.0046,1083,0,0,0.000830189,3.9502e-05,0,2.85955e-05,0.0471428,0.0471713,1130,0.0471344
puffer-ball,tight,cell2dminsort,7ee,ee,20330418,34.5646,104.406,65.8346,11.9638,0,0,20322657,0,76.5834,7685,0,0,0.000490761,4.73831e-06,0,4.64666e-06,0.00837517,0.00837982,7761,0.00837708
puffer-ball,tight,cell2dminsort,80ee,ee,24221710,25.4313,154.034,74.6423,14.2845,0,0,24221029,0,79.5789,652,0,0,0.00177399,5.22022e-05,0,4.15031e-05,0.0971164,0.0971579,681,0.0971069
puffer-ball,tight,cell2dminsort,81vf,vf,7872734,25.4903,72.2043,23.971,4.53754,2,0,7872622,0,154.236,106,0,0,0.000347333,5.78483e-05,0,2.16925e-05,0.0664549,0.0664766,112,0.066452
puffer-ball,tight,cell2dminsort,82vf,vf,7646505,24.5505,67.1045,23.1962,4.29131,0,0,7646306,0,150.865,194,0,0,0.000620605,5.37479e-05,0,4.11736e-05,0.0627874,0.0628286,199,0.0627899
puffer-ball,tight,cell2dminsort,84ee,ee,22087334,24.4763,144.581,68.4092,14.9177,0,0,22087088,0,72.9998,232,0,0,0.00163747,7.67597e-05,0,5.73409e-05,0.0923936,0.0924509,246,0.0924072
puffer-ball,tight,cell2dminsort,85ee,ee,21924810,23.983,139.52,67.8192,11.4917,4,0,21924623,0,72.5992,178,0,0,0.000820669,5.50125e-05,0,6.1568e-05,0.126001,0.126062,187,0.126007
puffer-ball,tight,cell2dminsort,86ee,ee,21956131,23.2831,143.621,67.8298,6.64981,0,0,21955951,0,72.398,178,0,0,0.000670304,1.83206e-05,0,1.46874e-05,0.0365336,0.0365483,180,0.0365372
puffer-ball,tight,cell2dminsort,87vf,vf,7367924,23.4479,69.0145,22.5132,1.45865,0,0,7367890,0,128.951,34,0,0,0.000123612,5.29589e-05,0,0.0001195,0.163754,0.163874,34,0.163788
puffer-ball,tight,cell2dminsort,88vf,vf,7477382,24.0657,66.5694,22.8748,0.406069,0,0,7477376,0,153.83,6,0,0,0.000241294,8.59023e-05,0,7.41659e-05,0.286152,0.286226,6,0.286194
puffer-ball,tight,cell2dminsort,8ee,ee,30324395,29.5361,131.688,97.3112,24.2683,7,0,30300184,0,125.294,23906,0,0,0.00317809,8.69664e-06,0,2.65123e-06,0.0128448,0.0128474,24211,0.0128441
puffer-ball,tight,cell2dminsort,90ee,ee,23301989,23.0293,141.775,71.6004,6.52517,0,0,23301882,0,75.7155,101,0,0,0.000403855,5.52923e-05,0,7.6655e-05,0.158152,0.158229,107,0.158173
puffer-ball,tight,cell2dminsort,91ee,ee,23953633,23.6791,148.195,73.5212,1.60466,0,0,23953612,0,77.7319,16,0,0,0.000544084,0.000101841,0,0.000172461,0.285849,0.286021,21,0.285828
puffer-ball,tight,cell2dminsort,92vf,vf,8420697,24.0562,70.8555,25.4359,1.13824,0,0,8420679,0,166.011,18,0,0,0.000395681,8.48169e-05,0,7.11674e-05,0.119429,0.1195,18,0.119415
puffer-ball,tight,cell2dminsort,93vf,vf,8683964,25.4006,70.6326,26.0142,1.42134,0,0,8683934,0,151.55,30,0,0,0.000340828,7.80981e-05,0,2.7884e-05,0.164643,0.164671,30,0.164642
puffer-ball,tight,cell2dminsort,95ee,ee,26667445,24.8963,149.179,81.3444,9.88099,0,0,26667005,0,86.5585,419,0,0,0.000561267,3.5192e-05,0,1.15666e-05,0.0850437,0.0850553,440,0.0850372
puffer-ball,tight,cell2dminsort,96ee,ee,27333803,23.7504,142.473,82.992,11.971,0,0,27333517,0,88.4743,277,0,0,0.000447943,3.48418e-05,0,2.00042e-05,0.0791429,0.0791629,286,0.0791473
puffer-ball,tight,cell2dminsort,97ee,ee,27895701,24.5677,149.252,84.5316,13.4689,0,0,27895457,0,90.2299,234,0,0,0.000496207,4.16035e-05,0,1.06291e-05,0.0799241,0.0799347,244,0.0799103
puffer-ball,tight,cell2dminsort,98vf,vf,9971931,24.451,73.7277,29.6219,1.65938,0,0,9971900,0,209.976,30,0,0,0.0001397,3.58115e-05,0,2.96144e-05,0.128547,0.128577,31,0.12854
puffer-ball,tight,cell2dminsort,99vf,vf,10120447,24.9875,76.2279,30.0354,1.90843,0,0,10120401,0,197.787,44,0,0,0.000164369,5.70811e-05,0,5.64636e-05,0.139243,0.1393,46,0.139221
puffer-ball,tight,sweep,100ee,ee,28919455,40.6926,3533.06,106.564,9.33086,0,0,28919246,0,102.011,203,0,0,0.00153916,3.2745e-05,0,1.25105e-05,0.0676877,0.0677002,209,0.067688
puffer-ball,tight,sweep,101ee,ee,28991339,45.1895,3048.59,89.913,11.9735,0,0,28990930,0,95.1088,398,0,0,0.000569156,6.36303e-05,0,4.36813e-05,0.102988,0.103032,409,0.102982
puffer-ball,tight,sweep,102ee,ee,28946829,44.5564,574.377,91.2729,10.2866,0,0,28946542,0,97.562,260,0,0,0.00258564,2.1682e-05,0,1.31348e-05,0.112271,0.112285,287,0.112274
puffer-ball,tight,sweep,103vf,vf,10162945,41.4352,454.127,31.0584,1.76491,0,0,10162913,0,178.918,28,0,0,0.000288381,8.11632e-05,0,5.45019e-05,0.139691,0.139745,32,0.139679
puffer-ball,tight,sweep,104vf,vf,9984324,44.8604,397.856,31.41,4.21874,0,0,9984224,0,173.767,98,0,0,0.000319482,6.0307e-05,0,4.52649e-05,0.107141,0.107186,100,0.107147
puffer-ball,tight,sweep,106ee,ee,26895346,41.6754,598.338,84.9842,5.05404,0,0,26895248,0,88.9792,96,0,0,0.000598434,3.9413e-05,0,7.77193e-06,0.138351,0.138359,98,0.138351
puffer-ball,tight,sweep,107ee,ee,26127843,41.5088,585.729,83.0323,2.01048,0,0,26127813,0,87.4449,30,0,0,0.000326186,7.03513e-05,0,0.000154866,0.291503,0.291658,30,0.291534
puffer-ball,tight,sweep,108ee,ee,25305097,42.1355,562.872,80.4928,1.58476,0,0,25305039,0,83.9941,56,0,0,8.35378e-05,2.63881e-05,0,7.01084e-05,0.17381,0.17388,58,0.173813
puffer-ball,tight,sweep,109vf,vf,8498297,46.004,378.571,27.0663,1.32867,0,0,8498278,0,151.563,18,0,0,0.000315464,6.914e-05,0,5.61452e-05,0.259853,0.259909,19,0.259857
puffer-ball,tight,sweep,10vf,vf,26051266,47.5258,1111.71,76.2751,6.41423,2,0,26045222,0,494.01,5885,0,0,0.00217338,1.84984e-05,0,4.97042e-06,0.0194283,0.0194333,6044,0.0194244
puffer-ball,tight,sweep,112ee,ee,21884978,43.0686,506.066,70.1863,5.13267,0,0,21884898,0,73.3773,80,0,0,0.000290373,0.000125135,0,0.000112299,0.351341,0.351453,80,0.351334
puffer-ball,tight,sweep,114ee,ee,20335973,45.1106,435.167,66.0278,0.948007,0,0,20335957,0,68.3262,16,0,0,0.000222664,4.58348e-05,0,5.70961e-05,0.298688,0.298745,16,0.298706
puffer-ball,tight,sweep,115ee,ee,19542341,42.0388,425.546,63.2037,1.11501,0,0,19542330,0,65.5811,11,0,0,0.00059213,7.19629e-05,0,2.93588e-05,0.311464,0.311493,11,0.311447
puffer-ball,tight,sweep,116vf,vf,6257322,42.8451,280.39,20.6915,0.372023,0,0,6257320,0,103.857,2,0,0,8.24776e-05,8.24776e-05,0,8.24776e-05,0.209457,0.20954,2,0.209457
puffer-ball,tight,sweep,118vf,vf,5680460,46.7567,282.025,19.2026,0.405685,0,0,5680458,0,97.4901,2,0,0,0.000184561,0.000184561,0,6.31808e-05,0.140457,0.14052,2,0.140457
puffer-ball,tight,sweep,11ee,ee,21521802,43.0234,907.754,74.0027,13.6633,0,0,21520998,0,80.0266,765,0,0,0.0021401,5.21488e-05,0,1.77962e-05,0.0623587,0.0623765,804,0.0623474
puffer-ball,tight,sweep,121ee,ee,15134209,40.4002,401.119,83.2521,2.86514,0,0,15134161,0,134.397,48,0,0,0.00045656,9.74995e-05,0,9.513e-05,0.187107,0.187202,48,0.187103
puffer-ball,tight,sweep,122ee,ee,14435994,43.9151,355.25,48.1388,1.41971,0,0,14435973,0,50.4765,21,0,0,0.00020586,5.41317e-05,0,0.000233026,0.226184,0.226417,21,0.226212
puffer-ball,tight,sweep,123vf,vf,4342748,44.6241,286.034,15.1738,0.378262,0,0,4342746,0,76.6658,2,0,0,7.24396e-05,7.24396e-05,0,3.4842e-05,0.377945,0.37798,2,0.377945
puffer-ball,tight,sweep,124vf,vf,4110426,43.4694,237.568,14.5674,0.386486,0,0,4110424,0,74.994,2,0,0,0.000123195,0.000123195,0,0.000123195,0.540955,0.541078,2,0.540955
puffer-ball,tight,sweep,127ee,ee,11696160,46.8355,366.341,41.9925,0.779147,0,0,11696154,0,43.5196,6,0,0,0.000320208,0.000132942,0,0.000315111,0.385681,0.385996,6,0.385681
puffer-ball,tight,sweep,128ee,ee,11302457,39.5178,318.39,38.7795,0.408117,0,0,11302451,0,40.6298,6,0,0,0.000139051,9.08246e-05,0,7.34243e-05,0.269012,0.269086,6,0.269012
puffer-ball,tight,sweep,129ee,ee,11020201,41.4149,316.828,39.7253,1.42867,0,0,11020174,0,41.4331,27,0,0,0.000329519,4.45959e-05,0,3.90051e-05,0.141983,0.142022,27,0.141983
puffer-ball,tight,sweep,12vf,vf,11000060,43.2168,717.779,36.5142,11.2714,13,0,10983158,0,176.151,16494,0,0,0.00333566,1.34048e-05,0,4.19045e-06,0.00633198,0.00633617,16902,0.0063324
puffer-ball,tight,sweep,13vf,vf,11106781,43.2883,805.174,36.5214,11.8497,6,0,11088562,0,202.475,17883,0,0,0.0504481,7.77963e-06,0,3.37706e-06,0.00414055,0.00414392,18219,0.00414276
puffer-ball,tight,sweep,15ee,ee,31527232,43.3815,863.179,105.558,31.179,3,0,31490864,0,145.241,35860,0,0,0.00588109,1.36231e-05,0,2.05045e-06,0.00828025,0.0082823,36368,0.00827789
puffer-ball,tight,sweep,16ee,ee,49330297,42.6628,1137.05,159.002,27.0577,11,0,49309577,0,192.597,20318,0,0,0.00307002,1.44515e-05,0,4.84897e-06,0.00688796,0.00689281,20720,0.00688934
puffer-ball,tight,sweep,17ee,ee,73267220,42.2494,1390.26,228.469,23.9104,2,0,73247897,0,263.41,18950,0,0,0.261332,1.71165e-05,0,1.36381e-06,0.00283511,0.00283648,19323,0.00283432
puffer-ball,tight,sweep,18vf,vf,37899493,44.0411,1123.9,105.681,6.53548,0,0,37897565,0,628.251,1863,0,0,0.00148126,2.60495e-05,0,4.94954e-06,0.0123732,0.0123781,1928,0.0123711
puffer-ball,tight,sweep,19vf,vf,52064527,43.4394,1320.3,142.55,6.50287,3,0,52056822,0,993.109,7517,0,0,0.00355357,1.16122e-05,0,1.75721e-06,0.00749065,0.00749241,7705,0.00748825
puffer-ball,tight,sweep,21ee,ee,220630674,42.0812,2675.93,655.163,83.0683,23,0,220455231,0,834.429,173531,0,0,0.0237497,8.72229e-06,0,2.59908e-06,0.00433564,0.00433824,175443,0.0043335
puffer-ball,tight,sweep,22ee,ee,191818568,41.8169,2771.94,581.633,86.9802,36,0,191656091,0,754.702,160417,0,0,0.00720355,1.08775e-05,0,4.83612e-06,0.00267209,0.00267692,162477,0.00267029
puffer-ball,tight,sweep,23ee,ee,116223315,40.3969,1666.32,359.277,52.846,39,0,116146276,0,458.227,75730,0,0,0.0058187,1.5581e-05,0,5.65817e-06,0.0102473,0.0102529,77039,0.0102463
puffer-ball,tight,sweep,24vf,vf,28632387,43.9352,1201.93,83.305,11.2442,7,0,28620305,0,564.217,11715,0,0,0.00238043,2.21273e-05,0,3.9529e-06,0.00941281,0.00941677,12082,0.00941467
puffer-ball,tight,sweep,25vf,vf,25787438,39.8542,1121.65,76.1487,8.86863,6,0,25778079,0,509.842,9086,0,0,0.00315848,2.46645e-05,0,4.24139e-06,0.0127522,0.0127565,9359,0.0127525
puffer-ball,tight,sweep,27ee,ee,82136185,39.5244,3864.88,251.876,16.3351,9,0,82120927,0,288.972,14915,0,0,0.00643386,2.31245e-05,0,7.26158e-06,0.0129225,0.0129298,15258,0.012928
puffer-ball,tight,sweep,28ee,ee,89065912,40.4875,3748.61,271.287,17.2038,1,0,89054393,0,303.478,11274,0,0,0.00820973,2.27626e-05,0,5.12657e-06,0.0212503,0.0212554,11519,0.0212479
puffer-ball,tight,sweep,29ee,ee,94887797,41.2014,3470.59,286.485,16.3397,1,0,94874413,0,347.127,13132,0,0,0.00567064,1.688e-05,0,6.56181e-06,0.0105388,0.0105453,13384,0.01054
puffer-ball,tight,sweep,30vf,vf,37863175,42.4598,1617.58,104.331,5.80881,3,0,37860340,0,721.318,2754,0,0,0.00074955,2.13912e-05,0,2.90075e-06,0.0184373,0.0184402,2835,0.0184364
puffer-ball,tight,sweep,31vf,vf,37826930,41.7138,1680.29,104.389,6.91284,0,0,37823952,0,726.275,2889,0,0,0.00118747,2.27434e-05,0,2.99244e-06,0.00660111,0.00660411,2978,0.00660324
puffer-ball,tight,sweep,33ee,ee,88606642,41.9366,4335.27,266.187,21.887,10,0,88594244,0,298.69,12033,0,0,0.00600899,2.371e-05,0,1.86586e-05,0.0365866,0.0366052,12398,0.0365829
puffer-ball,tight,sweep,34ee,ee,83806141,41.5335,4215.83,251.94,18.9079,7,0,83793957,0,282.878,11876,0,0,0.224221,2.33006e-05,0,4.96969e-06,0.0187293,0.0187342,12184,0.0187302
puffer-ball,tight,sweep,35ee,ee,79093772,42.9604,4166.38,238.04,20.9338,12,0,79083607,0,268.744,9885,0,0,0.00316752,2.43489e-05,0,1.36733e-06,0.0100784,0.0100798,10165,0.0100746
puffer-ball,tight,sweep,36vf,vf,28437085,43.4759,1803.29,79.4835,6.92312,0,0,28434037,0,508.436,2931,0,0,0.00099901,2.14198e-05,0,5.00743e-06,0.0162281,0.0162331,3048,0.0162277
puffer-ball,tight,sweep,37vf,vf,26722838,38.3612,1769.66,75.127,6.28057,0,0,26720338,0,515.616,2413,0,0,0.00270493,2.06902e-05,0,6.62915e-06,0.0142932,0.0142998,2500,0.0142899
puffer-ball,tight,sweep,39ee,ee,62734605,48.6589,3940.05,189.819,17.4717,4,0,62725637,0,214.519,8810,0,0,0.00327777,1.85082e-05,0,2.41603e-06,0.015251,0.0152534,8968,0.0152512
puffer-ball,tight,sweep,40ee,ee,58732472,43.5127,3359.64,215.249,18.7572,4,0,58726183,0,234.369,6105,0,0,0.00373388,2.87916e-05,0,9.21547e-06,0.016361,0.0163702,6289,0.0163612
puffer-ball,tight,sweep,41ee,ee,55054730,40.4347,3335.15,167.279,17.2091,0,0,55049267,0,186.451,5328,0,0,0.00158261,2.67006e-05,0,6.66305e-06,0.0238679,0.0238746,5463,0.0238647
puffer-ball,tight,sweep,42vf,vf,19496112,44.3889,1806.44,55.998,5.70644,0,0,19495059,0,377.609,1016,0,0,0.00227774,3.93747e-05,0,1.34472e-05,0.0254315,0.0254449,1053,0.0254364
puffer-ball,tight,sweep,43vf,vf,18706325,41.3888,1682.98,54.1296,6.33603,3,0,18705336,0,371.277,953,0,0,0.000764569,5.06249e-05,0,2.07711e-06,0.0204459,0.020448,989,0.020443
puffer-ball,tight,sweep,45ee,ee,48533084,41.9153,3665.77,147.633,15.4186,3,0,48531286,0,159.689,1721,0,0,0.00203423,4.03688e-05,0,1.11138e-05,0.0260934,0.0261045,1798,0.0260925
puffer-ball,tight,sweep,46ee,ee,48353970,43.1031,4413.74,146.627,15.0674,1,0,48351903,0,159.062,2021,0,0,0.00163666,3.80091e-05,0,9.86472e-06,0.0305586,0.0305685,2067,0.0305557
puffer-ball,tight,sweep,47ee,ee,48260533,41.0519,4228.23,146.444,13.762,3,0,48258910,0,159.069,1577,0,0,0.009421,4.02906e-05,0,1.05269e-05,0.0276094,0.0276199,1623,0.0276108
puffer-ball,tight,sweep,48vf,vf,17869478,44.1998,1743.7,51.4644,5.38687,0,0,17869137,0,321.021,330,0,0,0.000726687,3.84739e-05,0,3.12181e-06,0.038919,0.0389221,341,0.0389175
puffer-ball,tight,sweep,49vf,vf,17875011,43.5157,1814.05,51.6629,4.51294,0,0,17874709,0,340.446,297,0,0,0.000491727,3.6902e-05,0,3.41253e-05,0.0612183,0.0612524,302,0.0612183
puffer-ball,tight,sweep,51ee,ee,46698477,44.2985,3548.53,141.673,15.989,0,0,46697110,0,151.8,1269,0,0,0.00191346,3.66456e-05,0,2.4313e-05,0.0548005,0.0548249,1367,0.0548019
puffer-ball,tight,sweep,52ee,ee,45494887,43.7902,4220.57,138.321,17.9144,7,0,45493883,0,148.097,953,0,0,0.00166164,3.97503e-05,0,2.90818e-05,0.0613916,0.0614207,1004,0.0613861
puffer-ball,tight,sweep,53ee,ee,44423327,49.1902,3844.55,134.953,12.3325,0,0,44422136,0,144.639,1166,0,0,0.00227521,3.82008e-05,0,2.02597e-05,0.0437476,0.0437678,1191,0.0437317
puffer-ball,tight,sweep,54vf,vf,15978215,45.8367,1552.76,46.9818,5.15538,1,0,15977829,0,282.125,369,0,0,0.000434029,3.876e-05,0,1.71283e-05,0.0317562,0.0317733,386,0.0317535
puffer-ball,tight,sweep,55vf,vf,15809518,42.8996,1620,46.6459,4.84666,0,0,15809079,0,309.094,424,0,0,0.00198576,3.35379e-05,0,9.02168e-06,0.0334411,0.0334501,439,0.0334396
puffer-ball,tight,sweep,57ee,ee,42527985,41.9912,3348.09,129.444,15.5984,4,0,42527045,0,138.405,911,0,0,0.00236444,4.64358e-05,0,2.33138e-05,0.0476963,0.0477196,940,0.047699
puffer-ball,tight,sweep,58ee,ee,42522341,49.3034,3287.81,129.403,14.0455,1,0,42521138,0,137.884,1167,0,0,0.00345901,3.39813e-05,0,2.32826e-05,0.049749,0.0497722,1203,0.0497513
puffer-ball,tight,sweep,59ee,ee,42541037,42.2682,3067.77,129.639,14.2353,0,0,42540006,0,138.237,992,0,0,0.000527347,3.47769e-05,0,2.52364e-05,0.0402682,0.0402934,1031,0.0402679
puffer-ball,tight,sweep,5vf,vf,4452462,43.0738,718.783,15.0173,0.393109,0,0,4452460,0,84.4051,2,0,0,1.87693e-05,1.87693e-05,0,4.25235e-06,0.925014,0.925019,2,0.925014
puffer-ball,tight,sweep,60vf,vf,15571721,43.8283,1447.33,46.0959,6.06096,0,0,15571311,0,283.962,396,0,0,0.00120154,3.02854e-05,0,2.60782e-05,0.0771341,0.0771602,410,0.0771179
puffer-ball,tight,sweep,62ee,ee,41024001,43.2744,3141.55,125.354,13.705,0,0,41022883,0,134.144,1082,0,0,0.00102237,2.72956e-05,0,1.00162e-05,0.0284471,0.0284571,1118,0.0284424
puffer-ball,tight,sweep,63ee,ee,40350684,43.6348,3638.56,123.073,12.6862,0,0,40349147,0,131.874,1494,0,0,0.000762525,2.55142e-05,0,1.16092e-05,0.0329204,0.032932,1537,0.0329208
puffer-ball,tight,sweep,64ee,ee,39670269,44.0903,3508.34,121.176,12.5636,5,0,39669552,0,129.764,694,0,0,0.00195332,2.82986e-05,0,6.03498e-06,0.0559825,0.0559885,717,0.0559845
puffer-ball,tight,sweep,65vf,vf,14316399,43.5014,1421.61,42.7088,5.16297,0,0,14316220,0,288.445,173,0,0,0.000876223,4.54652e-05,0,3.56024e-05,0.0881438,0.0881794,179,0.0881348
puffer-ball,tight,sweep,66vf,vf,14072197,45.3852,1461.26,42.0741,5.63089,0,0,14072063,0,284.204,120,0,0,0.000268542,6.39212e-05,0,5.56184e-05,0.100241,0.100296,134,0.10025
puffer-ball,tight,sweep,68ee,ee,36623286,49.4618,3293.58,111.737,16.0572,0,0,36622722,0,118.971,514,0,0,0.00149035,5.11511e-05,0,2.73653e-05,0.0450756,0.045103,564,0.0450821
puffer-ball,tight,sweep,69ee,ee,35609242,44.6232,3433.64,109.12,12.6121,3,0,35608561,0,116.318,652,0,0,0.00146427,3.97538e-05,0,2.49625e-05,0.0463667,0.0463916,681,0.0463638
puffer-ball,tight,sweep,6ee,ee,17690467,48.2254,425.296,59.6818,12.0126,0,0,17688666,0,64.1079,1770,0,0,0.00076282,3.69232e-06,0,1.01533e-05,0.0979048,0.0979149,1801,0.0979042
puffer-ball,tight,sweep,70vf,vf,12542944,44.2779,1348.07,37.905,4.8663,0,0,12542694,0,255.77,240,0,0,0.000441543,3.35506e-05,0,2.11182e-05,0.0342881,0.0343092,250,0.0342941
puffer-ball,tight,sweep,71vf,vf,12091178,45.9614,1352.94,36.6933,4.89466,0,0,12091045,0,230.957,128,0,0,0.000417579,4.87784e-05,0,2.06588e-05,0.0854553,0.085476,133,0.0854492
puffer-ball,tight,sweep,73ee,ee,31360326,48.4937,3431.69,97.1172,14.1959,0,0,31359485,0,103.749,799,0,0,0.00142708,4.26181e-05,0,2.30372e-05,0.0433993,0.0434223,841,0.0434036
puffer-ball,tight,sweep,74ee,ee,30393279,49.7707,3581.71,94.3257,12.9959,0,0,30392732,0,101.226,541,0,0,0.00306445,4.73147e-05,0,4.39633e-05,0.0965147,0.0965586,547,0.0965271
puffer-ball,tight,sweep,75ee,ee,29352738,44.7389,3279.69,91.1528,11.762,0,0,29352137,0,97.8474,594,0,0,0.00123988,3.32435e-05,0,1.66772e-05,0.0299112,0.0299279,601,0.0299149
puffer-ball,tight,sweep,76vf,vf,9871498,46.1112,1326.96,31.0294,4.29947,0,0,9871348,0,194.043,144,0,0,0.000248163,5.16228e-05,0,2.0654e-05,0.0795426,0.0795632,150,0.0795441
puffer-ball,tight,sweep,77vf,vf,9422268,44.5121,1335.93,29.7884,5.23513,0,0,9422153,0,184.249,110,0,0,0.00276832,7.00436e-05,0,1.54004e-05,0.0728634,0.0728788,115,0.0728607
puffer-ball,tight,sweep,79ee,ee,25110518,46.085,3182.95,78.8961,14.5364,0,0,25109388,0,85.0591,1083,0,0,0.000830189,3.9502e-05,0,3.42461e-05,0.0471371,0.0471713,1130,0.0471344
puffer-ball,tight,sweep,7ee,ee,20330418,48.661,488.319,69.0077,11.8555,0,0,20322657,0,79.8085,7685,0,0,0.000490761,4.73831e-06,0,4.34936e-06,0.00837547,0.00837982,7761,0.00837708
puffer-ball,tight,sweep,80ee,ee,24221710,45.0157,3306.36,76.5036,14.2885,0,0,24221029,0,82.7024,652,0,0,0.00177399,5.22022e-05,0,4.81203e-05,0.0971098,0.0971579,681,0.0971069
puffer-ball,tight,sweep,81vf,vf,7872734,48.2575,1352.87,25.5374,4.52958,2,0,7872622,0,149.972,106,0,0,0.000347333,5.78483e-05,0,2.67408e-05,0.0664499,0.0664766,112,0.066452
puffer-ball,tight,sweep,82vf,vf,7646505,44.8811,1380.72,24.9944,4.26095,0,0,7646306,0,149.759,194,0,0,0.000620605,5.37479e-05,0,4.34739e-05,0.0627851,0.0628286,199,0.0627899
puffer-ball,tight,sweep,84ee,ee,22087334,50.9825,3267.61,69.9048,14.8453,0,0,22087088,0,74.1956,232,0,0,0.00163747,7.67597e-05,0,4.99786e-05,0.0924009,0.0924509,246,0.0924072
puffer-ball,tight,sweep,85ee,ee,21924810,45.4746,4002.55,69.7302,11.4794,4,0,21924623,0,73.6397,178,0,0,0.000820669,5.50125e-05,0,8.62357e-05,0.125976,0.126062,187,0.126007
puffer-ball,tight,sweep,86ee,ee,21956131,44.3445,3030.15,69.5265,6.60447,0,0,21955951,0,73.3099,178,0,0,0.000670304,1.83206e-05,0,9.47741e-06,0.0365388,0.0365483,180,0.0365372
puffer-ball,tight,sweep,87vf,vf,7367924,43.8838,1311.66,24.0602,1.43449,0,0,7367890,0,137.25,34,0,0,0.000123612,5.29589e-05,0,8.76876e-05,0.163786,0.163874,34,0.163788
puffer-ball,tight,sweep,88vf,vf,7477382,46.6306,1369.01,24.424,0.397654,0,0,7477376,0,146.431,6,0,0,0.000241294,8.59023e-05,0,5.22106e-05,0.286174,0.286226,6,0.286194
puffer-ball,tight,sweep,8ee,ee,30324395,46.9929,675.157,101.533,24.1376,7,0,30300184,0,130.225,23906,0,0,0.00317809,8.69664e-06,0,4.26218e-06,0.0128432,0.0128474,24211,0.0128441
puffer-ball,tight,sweep,90ee,ee,23301989,44.0396,3213.26,73.4057,6.46348,0,0,23301882,0,77.8067,101,0,0,0.000403855,5.52923e-05,0,4.70054e-05,0.158182,0.158229,107,0.158173
puffer-ball,tight,sweep,91ee,ee,23953633,44.2696,3041.38,75.4828,1.60553,0,0,23953612,0,79.5688,16,0,0,0.000544084,0.000101841,0,0.000193605,0.285828,0.286021,21,0.285828
puffer-ball,tight,sweep,92vf,vf,8420697,42.0476,1297.02,26.8581,1.15175,0,0,8420679,0,164.511,18,0,0,0.000395681,8.48169e-05,0,3.79127e-05,0.119462,0.1195,18,0.119415
puffer-ball,tight,sweep,93vf,vf,8683964,44.2116,1341.21,27.7267,1.42495,0,0,8683934,0,166.599,30,0,0,0.000340828,7.80981e-05,0,4.27677e-05,0.164628,0.164671,30,0.164642
puffer-ball,tight,sweep,95ee,ee,26667445,51.2383,3723.55,83.0277,9.87229,0,0,26667005,0,88.3309,419,0,0,0.000561267,3.5192e-05,0,1.22571e-05,0.085043,0.0850553,440,0.0850372
puffer-ball,tight,sweep,96ee,ee,27333803,45.5734,3162.94,85.3547,11.8297,0,0,27333517,0,91.2882,277,0,0,0.000447943,3.48418e-05,0,2.24688e-05,0.0791404,0.0791629,286,0.0791473
puffer-ball,tight,sweep,97ee,ee,27895701,44.5342,3099.3,86.6364,13.4741,0,0,27895457,0,92.1668,234,0,0,0.000496207,4.16035e-05,0,1.41891e-05,0.0799205,0.0799347,244,0.0799103
puffer-ball,tight,sweep,98vf,vf,9971931,46.4813,1317.02,31.4267,1.51954,0,0,9971900,0,198.755,30,0,0,0.0001397,3.58115e-05,0,2.48526e-05,0.128552,0.128577,31,0.12854
puffer-ball,tight,sweep,99vf,vf,10120447,49.7095,1284.84,31.8337,1.90917,0,0,10120401,0,193.931,44,0,0,0.000164369,5.70811e-05,0,3.94789e-05,0.13926,0.1393,46,0.139221
puffer-ball,tight,sweep,100ee,ee,28919455,32.2335,3793.32,91.7594,9.0317,0,0,28919246,0,107.02,203,0,0,0.00153916,3.2745e-05,0,1.25105e-05,0.0676877,0.0677002,209,0.067688
puffer-ball,tight,sweep,101ee,ee,28991339,30.4106,3160.76,88.2798,11.7589,0,0,28990930,0,91.5457,398,0,0,0.000569156,6.36303e-05,0,2.61082e-05,0.103006,0.103032,409,0.102982
puffer-ball,tight,sweep,102ee,ee,28946829,34.6024,594.325,89.3579,10.1003,0,0,28946542,0,95.4557,260,0,0,0.00258564,2.1682e-05,0,1.31348e-05,0.112271,0.112285,287,0.112274
puffer-ball,tight,sweep,103vf,vf,10162945,34.4121,413.039,30.4306,1.64402,0,0,10162913,0,127.874,28,0,0,0.000288381,8.11632e-05,0,5.45019e-05,0.139691,0.139745,32,0.139679
puffer-ball,tight,sweep,104vf,vf,9984324,35.5708,430.582,30.8579,4.04711,0,0,9984224,0,122.746,98,0,0,0.000319482,6.0307e-05,0,4.52649e-05,0.107141,0.107186,100,0.107147
puffer-ball,tight,sweep,106ee,ee,26895346,34.0978,525.561,83.5848,4.96126,0,0,26895248,0,87.4296,96,0,0,0.000598434,3.9413e-05,0,9.06698e-06,0.13835,0.138359,98,0.138351
puffer-ball,tight,sweep,107ee,ee,26127843,37.9013,511.177,81.3234,1.89713,0,0,26127813,0,85.3182,30,0,0,0.000326186,7.03513e-05,0,0.000154866,0.291503,0.291658,30,0.291534
puffer-ball,tight,sweep,108ee,ee,25305097,38.0884,522.141,78.8707,1.50236,0,0,25305039,0,81.7422,56,0,0,8.35378e-05,2.63881e-05,0,7.01084e-05,0.17381,0.17388,58,0.173813
puffer-ball,tight,sweep,109vf,vf,8498297,37.1839,378.94,26.2854,1.23366,0,0,8498278,0,103.591,18,0,0,0.000315464,6.914e-05,0,5.61452e-05,0.259853,0.259909,19,0.259857
puffer-ball,tight,sweep,10vf,vf,26051266,34.2551,1095.5,75.4505,6.29005,2,0,26045222,0,296.642,5885,0,0,0.00217338,1.84984e-05,0,4.97042e-06,0.0194283,0.0194333,6044,0.0194244
puffer-ball,tight,sweep,112ee,ee,21884978,35.9466,502.37,69.0574,4.94328,0,0,21884898,0,71.7888,80,0,0,0.000290373,0.000125135,0,0.000112299,0.351341,0.351453,80,0.351334
puffer-ball,tight,sweep,114ee,ee,20335973,37.619,446.312,64.701,0.887142,0,0,20335957,0,67.4753,16,0,0,0.000222664,4.58348e-05,0,5.70961e-05,0.298688,0.298745,16,0.298706
puffer-ball,tight,sweep,115ee,ee,19542341,37.7187,427.985,62.0162,0.968771,0,0,19542330,0,64.4588,11,0,0,0.00059213,7.19629e-05,0,2.93588e-05,0.311464,0.311493,11,0.311447
puffer-ball,tight,sweep,116vf,vf,6257322,33.0034,275.389,20.0683,0.348566,0,0,6257320,0,71.6509,2,0,0,8.24776e-05,8.24776e-05,0,8.24776e-05,0.209457,0.20954,2,0.209457
puffer-ball,tight,sweep,118vf,vf,5680460,35.8785,286.998,18.5697,0.260056,0,0,5680458,0,43.002,2,0,0,0.000184561,0.000184561,0,6.31808e-05,0.140457,0.14052,2,0.140457
puffer-ball,tight,sweep,11ee,ee,21521802,32.7929,859.975,72.5887,13.4271,0,0,21520998,0,77.9664,765,0,0,0.0021401,5.21488e-05,0,3.10013e-05,0.0623455,0.0623765,804,0.0623474
puffer-ball,tight,sweep,121ee,ee,15134209,32.4544,375.77,77.3141,2.70722,0,0,15134161,0,76.7207,48,0,0,0.00045656,9.74995e-05,0,0.000107903,0.187094,0.187202,48,0.187103
puffer-ball,tight,sweep,122ee,ee,14435994,33.5819,348.614,47.1863,1.27824,0,0,14435973,0,49.3047,21,0,0,0.00020586,5.41317e-05,0,0.000233026,0.226184,0.226417,21,0.226212
puffer-ball,tight,sweep,123vf,vf,4342748,35.5707,268.082,14.626,0.270073,0,0,4342746,0,43.8467,2,0,0,7.24396e-05,7.24396e-05,0,3.4842e-05,0.377945,0.37798,2,0.377945
puffer-ball,tight,sweep,124vf,vf,4110426,32.8489,240.268,13.9478,0.207835,0,0,4110424,0,16.6973,2,0,0,0.000123195,0.000123195,0,0.000123195,0.540955,0.541078,2,0.540955
puffer-ball,tight,sweep,127ee,ee,11696160,31.5377,316.253,43.3954,0.731053,0,0,11696154,0,44.8219,6,0,0,0.000320208,0.000132942,0,0.000315111,0.385681,0.385996,6,0.385681
puffer-ball,tight,sweep,128ee,ee,11302457,37.0475,318.723,37.9696,0.356535,0,0,11302451,0,39.6638,6,0,0,0.000139051,9.08246e-05,0,7.34243e-05,0.269012,0.269086,6,0.269012
puffer-ball,tight,sweep,129ee,ee,11020201,34.6934,315.297,38.8112,1.31689,0,0,11020174,0,40.2847,27,0,0,0.000329519,4.45959e-05,0,3.90051e-05,0.141983,0.142022,27,0.141983
puffer-ball,tight,sweep,12vf,vf,11000060,35.4105,625.114,35.3214,11.0767,13,0,10983158,0,50.8878,16494,0,0,0.00333566,1.34048e-05,0,4.19045e-06,0.00633198,0.00633617,16902,0.0063324
puffer-ball,tight,sweep,13vf,vf,11106781,42.1458,778.117,35.7825,11.6617,6,0,11088562,0,69.8604,17883,0,0,0.0504481,7.77963e-06,0,3.54523e-06,0.00414038,0.00414392,18219,0.00414276
puffer-ball,tight,sweep,15ee,ee,31527232,40.7713,815.813,103.793,30.7958,3,0,31490864,0,142.117,35860,0,0,0.00588109,1.36231e-05,0,1.25937e-06,0.00828104,0.0082823,36368,0.00827789
puffer-ball,tight,sweep,16ee,ee,49330297,35.3503,1087.5,156.068,26.9478,11,0,49309577,0,187.441,20318,0,0,0.00307002,1.44515e-05,0,4.84897e-06,0.00688796,0.00689281,20720,0.00688934
puffer-ball,tight,sweep,17ee,ee,73267220,34.931,1537.21,224.838,23.3346,2,0,73247897,0,254.268,18950,0,0,0.261332,1.71165e-05,0,1.36381e-06,0.00283511,0.00283648,19323,0.00283432
puffer-ball,tight,sweep,18vf,vf,37899493,33.5958,1122.43,103.154,6.44632,0,0,37897565,0,460.129,1863,0,0,0.00148126,2.60495e-05,0,4.94954e-06,0.0123732,0.0123781,1928,0.0123711
puffer-ball,tight,sweep,19vf,vf,52064527,34.122,1299.52,138.482,6.36601,3,0,52056822,0,600.722,7517,0,0,0.00355357,1.16122e-05,0,1.75721e-06,0.00749065,0.00749241,7705,0.00748825
puffer-ball,tight,sweep,21ee,ee,220630674,38.7717,2446.43,643.175,81.8761,23,0,220455231,0,791.283,173531,0,0,0.0237497,8.72229e-06,0,2.59908e-06,0.00433564,0.00433824,175443,0.0043335
puffer-ball,tight,sweep,22ee,ee,191818568,39.2434,2910.37,569.996,86.1888,36,0,191656091,0,726.821,160417,0,0,0.00720355,1.08775e-05,0,5.49334e-06,0.00267143,0.00267692,162477,0.00267029
puffer-ball,tight,sweep,23ee,ee,116223315,31.6648,1853.91,353.146,52.2157,39,0,116146276,0,465.37,75730,0,0,0.0058187,1.5581e-05,0,5.65817e-06,0.0102473,0.0102529,77039,0.0102463
puffer-ball,tight,sweep,24vf,vf,28632387,33.047,1223.49,80.6259,11.0597,7,0,28620305,0,250.835,11715,0,0,0.00238043,2.21273e-05,0,3.9529e-06,0.00941281,0.00941677,12082,0.00941467
puffer-ball,tight,sweep,25vf,vf,25787438,39.6071,1105.64,74.187,8.78051,6,0,25778079,0,308.353,9086,0,0,0.00315848,2.46645e-05,0,4.24139e-06,0.0127522,0.0127565,9359,0.0127525
puffer-ball,tight,sweep,27ee,ee,82136185,40.0271,3725.44,247.429,16.2363,9,0,82120927,0,279.471,14915,0,0,0.00643386,2.31245e-05,0,7.26158e-06,0.0129225,0.0129298,15258,0.012928
puffer-ball,tight,sweep,28ee,ee,89065912,33.3544,3568.62,265.887,17.2226,1,0,89054393,0,294.913,11274,0,0,0.00820973,2.27626e-05,0,5.12657e-06,0.0212503,0.0212554,11519,0.0212479
puffer-ball,tight,sweep,29ee,ee,94887797,30.5277,3990.26,282.616,16.187,1,0,94874413,0,311.489,13132,0,0,0.00567064,1.688e-05,0,6.51669e-06,0.0105388,0.0105453,13384,0.01054
puffer-ball,tight,sweep,30vf,vf,37863175,33.0738,1685.08,101.769,5.70786,3,0,37860340,0,454.124,2754,0,0,0.00074955,2.13912e-05,0,2.90075e-06,0.0184373,0.0184402,2835,0.0184364
puffer-ball,tight,sweep,31vf,vf,37826930,31.2152,1738.28,101.377,6.75945,0,0,37823952,0,439.428,2889,0,0,0.00118747,2.27434e-05,0,2.99244e-06,0.00660111,0.00660411,2978,0.00660324
puffer-ball,tight,sweep,33ee,ee,88606642,33.5524,3723.33,260.293,21.6294,10,0,88594244,0,287.471,12033,0,0,0.00600899,2.371e-05,0,1.86586e-05,0.0365866,0.0366052,12398,0.0365829
puffer-ball,tight,sweep,34ee,ee,83806141,32.1796,3882.33,247.05,18.8858,7,0,83793957,0,274.32,11876,0,0,0.224221,2.33006e-05,0,4.96969e-06,0.0187293,0.0187342,12184,0.0187302
puffer-ball,tight,sweep,35ee,ee,79093772,33.7637,3816.22,232.971,21.0225,12,0,79083607,0,258.725,9885,0,0,0.00316752,2.43489e-05,0,1.36733e-06,0.0100784,0.0100798,10165,0.0100746
puffer-ball,tight,sweep,36vf,vf,28437085,34.2509,1828.71,77.1553,6.84105,0,0,28434037,0,329.816,2931,0,0,0.00099901,2.14198e-05,0,5.00743e-06,0.0162281,0.0162331,3048,0.0162277
puffer-ball,tight,sweep,37vf,vf,26722838,32.4209,1782.21,72.9494,6.1922,0,0,26720338,0,339.645,2413,0,0,0.00270493,2.06902e-05,0,6.62915e-06,0.0142932,0.0142998,2500,0.0142899
puffer-ball,tight,sweep,39ee,ee,62734605,32.8492,3561.05,186.371,17.1491,4,0,62725637,0,206.965,8810,0,0,0.00327777,1.85082e-05,0,2.17768e-06,0.0152512,0.0152534,8968,0.0152512
puffer-ball,tight,sweep,40ee,ee,58732472,35.4057,3385.53,211.345,18.4929,4,0,58726183,0,225.384,6105,0,0,0.00373388,2.87916e-05,0,9.21547e-06,0.016361,0.0163702,6289,0.0163612
puffer-ball,tight,sweep,41ee,ee,55054730,35.9497,3588.78,164.074,16.8439,0,0,55049267,0,181.099,5328,0,0,0.00158261,2.67006e-05,0,6.66305e-06,0.0238679,0.0238746,5463,0.0238647
puffer-ball,tight,sweep,42vf,vf,19496112,32.4063,1753.18,54.4941,5.59977,0,0,19495059,0,239.826,1016,0,0,0.00227774,3.93747e-05,0,1.34472e-05,0.0254315,0.0254449,1053,0.0254364
puffer-ball,tight,sweep,43vf,vf,18706325,35.6066,1719.39,52.4566,6.24817,3,0,18705336,0,232.101,953,0,0,0.000764569,5.06249e-05,0,5.01185e-06,0.020443,0.020448,989,0.020443
puffer-ball,tight,sweep,45ee,ee,48533084,29.5599,3555.22,144.763,15.1699,3,0,48531286,0,155.101,1721,0,0,0.00203423,4.03688e-05,0,1.11138e-05,0.0260934,0.0261045,1798,0.0260925
puffer-ball,tight,sweep,46ee,ee,48353970,35.8283,4167.51,144.251,14.7888,1,0,48351903,0,154.958,2021,0,0,0.00163666,3.80091e-05,0,9.86472e-06,0.0305586,0.0305685,2067,0.0305557
puffer-ball,tight,sweep,47ee,ee,48260533,32.0147,3854.64,143.77,13.529,3,0,48258910,0,155.035,1577,0,0,0.009421,4.02906e-05,0,1.05269e-05,0.0276094,0.0276199,1623,0.0276108
puffer-ball,tight,sweep,48vf,vf,17869478,34.9618,1774.09,50.3675,5.26026,0,0,17869137,0,225.957,330,0,0,0.000726687,3.84739e-05,0,3.12181e-06,0.038919,0.0389221,341,0.0389175
puffer-ball,tight,sweep,49vf,vf,17875011,39.7583,1823.05,50.2708,4.37389,0,0,17874709,0,222.168,297,0,0,0.000491727,3.6902e-05,0,3.41253e-05,0.0612183,0.0612524,302,0.0612183
puffer-ball,tight,sweep,51ee,ee,46698477,33.3748,3571.06,138.595,15.7468,0,0,46697110,0,147.51,1269,0,0,0.00191346,3.66456e-05,0,2.4313e-05,0.0548005,0.0548249,1367,0.0548019
puffer-ball,tight,sweep,52ee,ee,45494887,36.0864,3901.1,135.731,17.705,7,0,45493883,0,143.089,953,0,0,0.00166164,3.97503e-05,0,2.90818e-05,0.0613916,0.0614207,1004,0.0613861
puffer-ball,tight,sweep,53ee,ee,44423327,35.3529,3829.8,132.482,12.06,0,0,44422136,0,139.665,1166,0,0,0.00227521,3.82008e-05,0,1.93663e-05,0.0437485,0.0437678,1191,0.0437317
puffer-ball,tight,sweep,54vf,vf,15978215,33.3323,1528.78,45.7329,5.05035,1,0,15977829,0,205.426,369,0,0,0.000434029,3.876e-05,0,1.71283e-05,0.0317562,0.0317733,386,0.0317535
puffer-ball,tight,sweep,55vf,vf,15809518,34.7681,1568.37,45.4025,4.71893,0,0,15809079,0,201.795,424,0,0,0.00198576,3.35379e-05,0,9.02168e-06,0.0334411,0.0334501,439,0.0334396
puffer-ball,tight,sweep,57ee,ee,42527985,32.8555,3314.03,125.844,15.2952,4,0,42527045,0,132.626,911,0,0,0.00236444,4.64358e-05,0,2.33138e-05,0.0476963,0.0477196,940,0.047699
puffer-ball,tight,sweep,58ee,ee,42522341,37.4071,3557.39,126.809,13.8626,1,0,42521138,0,133.442,1167,0,0,0.00345901,3.39813e-05,0,2.32826e-05,0.049749,0.0497722,1203,0.0497513
puffer-ball,tight,sweep,59ee,ee,42541037,32.8263,3149.63,126.546,13.9311,0,0,42540006,0,133.542,992,0,0,0.000527347,3.47769e-05,0,2.52364e-05,0.0402682,0.0402934,1031,0.0402679
puffer-ball,tight,sweep,5vf,vf,4452462,34.1653,665.088,14.4767,0.273336,0,0,4452460,0,48.7508,2,0,0,1.87693e-05,1.87693e-05,0,4.25235e-06,0.925014,0.925019,2,0.925014
puffer-ball,tight,sweep,60vf,vf,15571721,31.5806,1507.03,44.7498,5.9741,0,0,15571311,0,186.98,396,0,0,0.00120154,3.02854e-05,0,3.0055e-05,0.0771301,0.0771602,410,0.0771179
puffer-ball,tight,sweep,62ee,ee,41024001,34.269,3339.03,123.135,13.466,0,0,41022883,0,129.379,1082,0,0,0.00102237,2.72956e-05,0,1.00162e-05,0.0284471,0.0284571,1118,0.0284424
puffer-ball,tight,sweep,63ee,ee,40350684,36.67,3217.11,119.405,12.5974,0,0,40349147,0,125.942,1494,0,0,0.000762525,2.55142e-05,0,1.16092e-05,0.0329204,0.032932,1537,0.0329208
puffer-ball,tight,sweep,64ee,ee,39670269,35.6177,3402.93,118.599,12.3309,5,0,39669552,0,123.592,694,0,0,0.00195332,2.82986e-05,0,6.03498e-06,0.0559825,0.0559885,717,0.0559845
puffer-ball,tight,sweep,65vf,vf,14316399,40.628,1407.46,41.4778,5.03028,0,0,14316220,0,186.787,173,0,0,0.000876223,4.54652e-05,0,3.56024e-05,0.0881438,0.0881794,179,0.0881348
puffer-ball,tight,sweep,66vf,vf,14072197,32.7272,1368.29,40.6376,5.44521,0,0,14072063,0,172.389,120,0,0,0.000268542,6.39212e-05,0,5.56184e-05,0.100241,0.100296,134,0.10025
puffer-ball,tight,sweep,68ee,ee,36623286,32.2505,3168.82,109.704,15.7965,0,0,36622722,0,114.415,514,0,0,0.00149035,5.11511e-05,0,2.73653e-05,0.0450756,0.045103,564,0.0450821
puffer-ball,tight,sweep,69ee,ee,35609242,33.9447,3647.86,106.761,12.3558,3,0,35608561,0,111.141,652,0,0,0.00146427,3.97538e-05,0,2.49625e-05,0.0463667,0.0463916,681,0.0463638
puffer-ball,tight,sweep,6ee,ee,17690467,35.3697,416.488,58.3675,11.8742,0,0,17688666,0,62.2771,1770,0,0,0.00076282,3.69232e-06,0,1.01533e-05,0.0979048,0.0979149,1801,0.0979042
puffer-ball,tight,sweep,70vf,vf,12542944,33.9311,1355.79,36.7103,4.82123,0,0,12542694,0,139.99,240,0,0,0.000441543,3.35506e-05,0,2.11182e-05,0.0342881,0.0343092,250,0.0342941
puffer-ball,tight,sweep,71vf,vf,12091178,38.0143,1426.32,35.7486,4.81595,0,0,12091045,0,129.658,128,0,0,0.000417579,4.87784e-05,0,2.06588e-05,0.0854553,0.085476,133,0.0854492
puffer-ball,tight,sweep,73ee,ee,31360326,42.7455,3816.55,95.1627,14.0228,0,0,31359485,0,98.7599,799,0,0,0.00142708,4.26181e-05,0,2.30372e-05,0.0433993,0.0434223,841,0.0434036
puffer-ball,tight,sweep,74ee,ee,30393279,36.7646,3302.55,92.5301,12.71,0,0,30392732,0,96.2078,541,0,0,0.00306445,4.73147e-05,0,4.11452e-05,0.0965175,0.0965586,547,0.0965271
puffer-ball,tight,sweep,75ee,ee,29352738,34.6419,3386.38,89.4244,11.5274,0,0,29352137,0,93.361,594,0,0,0.00123988,3.32435e-05,0,1.66772e-05,0.0299112,0.0299279,601,0.0299149
puffer-ball,tight,sweep,76vf,vf,9871498,32.7145,1335.99,30.0285,4.20896,0,0,9871348,0,103.806,144,0,0,0.000248163,5.16228e-05,0,2.0654e-05,0.0795426,0.0795632,150,0.0795441
puffer-ball,tight,sweep,77vf,vf,9422268,36.6825,1346.76,28.91,5.03319,0,0,9422153,0,62.0757,110,0,0,0.00276832,7.00436e-05,0,1.54004e-05,0.0728634,0.0728788,115,0.0728607
puffer-ball,tight,sweep,79ee,ee,25110518,33.9376,3110.18,77.1403,14.2283,0,0,25109388,0,80.9094,1083,0,0,0.000830189,3.9502e-05,0,3.41461e-05,0.0471372,0.0471713,1130,0.0471344
puffer-ball,tight,sweep,7ee,ee,20330418,34.0874,484.631,67.891,11.7476,0,0,20322657,0,77.9835,7685,0,0,0.000490761,4.73831e-06,0,3.30432e-06,0.00837651,0.00837982,7761,0.00837708
puffer-ball,tight,sweep,80ee,ee,24221710,34.4591,3453.38,75.0157,13.989,0,0,24221029,0,78.6804,652,0,0,0.00177399,5.22022e-05,0,4.81203e-05,0.0971098,0.0971579,681,0.0971069
puffer-ball,tight,sweep,81vf,vf,7872734,44.7731,1355.64,24.7019,4.29843,2,0,7872622,0,52.7424,106,0,0,0.000347333,5.78483e-05,0,2.67408e-05,0.0664499,0.0664766,112,0.066452
puffer-ball,tight,sweep,82vf,vf,7646505,32.6856,1309.27,24.2117,4.08058,0,0,7646306,0,26.0976,194,0,0,0.000620605,5.37479e-05,0,4.34739e-05,0.0627851,0.0628286,199,0.0627899
puffer-ball,tight,sweep,84ee,ee,22087334,34.9069,2955.81,68.2043,14.5017,0,0,22087088,0,71.4996,232,0,0,0.00163747,7.67597e-05,0,4.99786e-05,0.0924009,0.0924509,246,0.0924072
puffer-ball,tight,sweep,85ee,ee,21924810,36.3163,3530.04,68.4662,11.1656,4,0,21924623,0,71.2916,178,0,0,0.000820669,5.50125e-05,0,8.62357e-05,0.125976,0.126062,187,0.126007
puffer-ball,tight,sweep,86ee,ee,21956131,36.7339,3623.73,68.4343,6.53096,0,0,21955951,0,71.4928,178,0,0,0.000670304,1.83206e-05,0,9.47741e-06,0.0365388,0.0365483,180,0.0365372
puffer-ball,tight,sweep,87vf,vf,7367924,37.2637,1323.73,23.4242,1.291,0,0,7367890,0,78.9403,34,0,0,0.000123612,5.29589e-05,0,8.76876e-05,0.163786,0.163874,34,0.163788
puffer-ball,tight,sweep,88vf,vf,7477382,37.7366,1256.29,24.1016,0.351925,0,0,7477376,0,100.645,6,0,0,0.000241294,8.59023e-05,0,5.22106e-05,0.286174,0.286226,6,0.286194
puffer-ball,tight,sweep,8ee,ee,30324395,32.6727,645.888,99.565,23.6857,7,0,30300184,0,126.504,23906,0,0,0.00317809,8.69664e-06,0,4.26218e-06,0.0128432,0.0128474,24211,0.0128441
puffer-ball,tight,sweep,90ee,ee,23301989,38.2705,3394.21,72.0623,6.23542,0,0,23301882,0,74.4691,101,0,0,0.000403855,5.52923e-05,0,4.70054e-05,0.158182,0.158229,107,0.158173
puffer-ball,tight,sweep,91ee,ee,23953633,35.9268,3278.33,74.0916,1.49727,0,0,23953612,0,76.4042,16,0,0,0.000544084,0.000101841,0,0.000193605,0.285828,0.286021,21,0.285828
puffer-ball,tight,sweep,92vf,vf,8420697,37.2839,1327.39,26.1253,1.02656,0,0,8420679,0,68.0592,18,0,0,0.000395681,8.48169e-05,0,3.79127e-05,0.119462,0.1195,18,0.119415
puffer-ball,tight,sweep,93vf,vf,8683964,38.19,1339.18,27.0231,1.33247,0,0,8683934,0,60.3548,30,0,0,0.000340828,7.80981e-05,0,4.27677e-05,0.164628,0.164671,30,0.164642
puffer-ball,tight,sweep,95ee,ee,26667445,35.9857,3804.79,82.1137,9.58447,0,0,26667005,0,86.3776,419,0,0,0.000561267,3.5192e-05,0,1.22571e-05,0.085043,0.0850553,440,0.0850372
puffer-ball,tight,sweep,96ee,ee,27333803,37.5207,3178.68,83.6549,11.5315,0,0,27333517,0,87.3133,277,0,0,0.000447943,3.48418e-05,0,2.24688e-05,0.0791404,0.0791629,286,0.0791473
puffer-ball,tight,sweep,97ee,ee,27895701,35.0559,2995.55,84.6533,13.1076,0,0,27895457,0,88.3209,234,0,0,0.000496207,4.16035e-05,0,1.76557e-05,0.079917,0.0799347,244,0.0799103
puffer-ball,tight,sweep,98vf,vf,9971931,36.4015,1370.87,30.4697,1.48671,0,0,9971900,0,92.8025,30,0,0,0.0001397,3.58115e-05,0,2.48526e-05,0.128552,0.128577,31,0.12854
puffer-ball,tight,sweep,99vf,vf,10120447,37.0533,1251.66,31.0357,1.79425,0,0,10120401,0,103.526,44,0,0,0.000164369,5.70811e-05,0,3.94789e-05,0.13926,0.1393,46,0.139221
rod-twist,tight,cell2d,1022ee,ee,337396,1.36323,4.02569,2.40982,0.443252,0,0,337395,0,2.57046,1,0,0,0.000305632,0.000305632,0,0.000305632,0.313812,0.314118,1,0.313812
rod-twist,tight,cell2d,1263ee,ee,489290,2.95791,4.00687,3.66586,1.05927,0,0,489289,0,3.73696,1,0,0,0.000448969,0.000448969,0,0.000448969,0.31266,0.313109,1,0.31266
rod-twist,tight,cell2d,1301ee,ee,478843,2.79321,4.05849,3.55514,2.81641,0,0,478833,0,5.08329,10,0,0,0.000487062,0.000232445,0,3.71491e-05,0.0485521,0.0485893,10,0.0485535
rod-twist,tight,cell2d,1353ee,ee,522979,2.75999,5.00051,3.88665,0.390294,0,0,522978,0,4.13496,1,0,0,0.000200137,0.000200137,0,0.000200137,0.0840263,0.0842265,1,0.0840263
rod-twist,tight,cell2d,1389ee,ee,517764,2.82789,4.42971,4.06313,1.00257,0,0,517762,0,4.4571,1,0,0,0.000126119,0.000126119,0,0.000126119,0.151211,0.151337,2,0.151211
rod-twist,tight,cell2d,1456ee,ee,491047,3.67379,4.59978,3.96918,0.293304,0,0,491046,0,4.3834,1,0,0,0.000529911,0.000529911,0,0.000529911,0.2173,0.21783,1,0.2173
rod-twist,tight,cell2d,1517ee,ee,549574,3.01986,4.94416,4.32869,1.0282,0,0,549569,0,4.94579,5,0,0,0.00252455,0.000101114,0,3.13972e-05,0.040741,0.0407724,5,0.040741
rod-twist,tight,cell2d,1555vf,vf,113125,1.20922,1.19942,1.26672,1.26774,0,0,113124,0,1.39824,1,0,0,0.00154315,0.00154315,0,0.00154315,0.307648,0.309191,1,0.307648
rod-twist,tight,cell2d,1583ee,ee,1637625,3.09259,9.20865,7.69903,47.9464,1,0,1637478,0,13.6808,136,0,0,0.00325246,0.000100952,0,2.48311e-05,0.0200615,0.0200863,147,0.0200615
rod-twist,tight,cell2d,1646ee,ee,581233,2.55926,5.0888,5.58494,2.60099,0,0,581230,0,6.06902,3,0,0,0.000384729,0.000164378,0,9.64683e-05,0.0828836,0.0829801,3,0.0828934
rod-twist,tight,cell2d,1690ee,ee,644553,2.77935,5.45909,5.06473,6.32579,0,0,644539,0,7.20282,14,0,0,0.00643887,0.000253517,0,1.9708e-05,0.0346317,0.0346515,14,0.0346298
rod-twist,tight,cell2d,1720ee,ee,651256,2.83369,4.9559,5.32469,1.23453,0,0,651254,0,5.49474,1,0,0,0.00318648,0.00318648,0,0.00318648,0.419678,0.422864,2,0.419678
rod-twist,tight,cell2d,1748ee,ee,634727,2.60972,5.29221,5.27961,2.1234,0,0,634715,0,6.65096,12,0,0,0.00191986,3.81582e-05,0,3.2013e-05,0.0885943,0.0886263,12,0.0885944
rod-twist,tight,cell2d,1776vf,vf,132542,3.05749,1.22928,0.989478,0.084638,0,0,132541,0,1.18138,1,0,0,5.96139e-05,5.96139e-05,0,5.96139e-05,0.0867462,0.0868058,1,0.0867462
rod-twist,tight,cell2d,1807ee,ee,638978,2.73238,5.00553,5.52965,3.88572,0,0,638977,0,5.59176,1,0,0,0.00478774,0.00478774,0,0.00478774,0.40773,0.412518,1,0.40773
rod-twist,tight,cell2d,1831vf,vf,141719,2.90424,1.3607,1.08509,1.344,0,0,141714,0,1.24554,5,0,0,0.000850767,0.000366366,0,3.25955e-05,0.0177283,0.0177609,5,0.0177269
rod-twist,tight,cell2d,1859vf,vf,141707,2.72786,2.21751,1.27901,3.09096,0,0,141698,0,2.21713,9,0,0,0.000302569,0.000121229,0,6.02517e-05,0.0623641,0.0624243,9,0.0623741
rod-twist,tight,cell2d,1893vf,vf,126970,2.67903,3.44893,1.08397,0.44978,0,0,126969,0,1.00909,1,0,0,0.000706453,0.000706453,0,0.000706453,0.332169,0.332875,1,0.332169
rod-twist,tight,cell2d,1927ee,ee,750699,2.80159,5.07187,5.97674,9.71744,0,0,750680,0,6.9754,13,0,0,0.00265354,0.000126051,0,5.1246e-05,0.0181336,0.0181848,19,0.0181427
rod-twist,tight,cell2d,1956ee,ee,792743,3.14469,5.1599,6.17587,9.11797,0,0,792718,0,7.547,23,0,0,0.00129082,0.000192143,0,0.000169281,0.0501729,0.0503422,25,0.0501709
rod-twist,tight,cell2d,1985vf,vf,528252,3.39546,5.63886,2.60038,19.8877,0,0,528110,0,4.3987,140,0,0,0.0105962,4.93355e-05,0,5.93299e-06,0.006997,0.00700294,142,0.00699711
rod-twist,tight,cell2d,2027ee,ee,732020,3.12753,4.94579,5.89482,9.5946,0,0,732005,0,8.51815,13,0,0,0.00816126,0.000119371,0,2.21971e-05,0.0251265,0.0251487,15,0.0251274
rod-twist,tight,cell2d,2079vf,vf,159144,3.29918,1.4838,1.18221,0.432116,0,0,159139,0,1.48326,5,0,0,1.68445e-05,8.54503e-06,0,1.68445e-05,0.0122223,0.0122391,5,0.0122223
rod-twist,tight,cell2d,2110ee,ee,807841,2.99544,5.15027,6.30969,3.45664,0,0,807835,0,7.78981,6,0,0,0.000705531,0.000269546,0,0.000422472,0.0815735,0.081996,6,0.0815735
rod-twist,tight,cell2d,2142ee,ee,824215,3.04671,5.19103,6.61109,5.3277,0,0,824199,0,7.96587,14,0,0,0.00156883,0.000325018,0,0.000325018,0.0597229,0.0600479,16,0.0597229
rod-twist,tight,cell2d,2166vf,vf,180778,3.13096,1.57711,1.33955,1.31885,0,0,180773,0,1.6717,5,0,0,0.00289602,0.00026356,0,2.46068e-06,0.0145821,0.0145846,5,0.0145798
rod-twist,tight,cell2d,2189vf,vf,185857,3.06139,1.52246,1.47567,5.06617,0,0,185846,0,3.43085,10,0,0,0.000555925,0.000162256,0,2.48707e-05,0.0628357,0.0628606,11,0.0628357
rod-twist,tight,cell2d,2213vf,vf,170781,3.06273,1.39702,1.31788,1.06045,0,0,170776,0,1.49436,5,0,0,0.000544561,0.000133151,0,7.55185e-05,0.02976,0.0298355,5,0.0297623
rod-twist,tight,cell2d,2236ee,ee,881389,3.00552,5.66052,7.33094,9.67667,0,0,881372,0,9.21736,12,0,0,0.00861057,0.000798118,0,9.05856e-05,0.0492482,0.0493388,17,0.0492516
rod-twist,tight,cell2d,2259vf,vf,199921,3.18043,1.5093,1.48175,1.50249,0,0,199917,0,1.93157,4,0,0,0.000377674,0.000355238,0,2.18758e-05,0.0177536,0.0177755,4,0.0177536
rod-twist,tight,cell2d,2282vf,vf,192187,3.09102,1.55705,1.49948,24.835,0,0,192121,0,6.30668,62,0,0,0.00342922,4.1375e-05,0,1.13194e-05,0.00264536,0.00265668,66,0.00264549
rod-twist,tight,cell2d,2307ee,ee,859513,3.03032,5.43925,7.63465,22.5892,0,0,859453,0,13.3708,50,0,0,0.00527851,0.000168235,0,2.48938e-06,0.00197488,0.00197737,60,0.00197601
rod-twist,tight,cell2d,2332ee,ee,858501,3.30276,5.47106,8.30477,2.80607,0,0,858495,0,10.0618,2,0,0,0.00250836,0.00250836,0,0.000238298,0.210266,0.210504,6,0.210266
rod-twist,tight,cell2d,2358ee,ee,951141,3.23915,5.86868,8.38928,9.64122,1,0,951131,0,11.9932,2,0,0,0.0088836,0.0088836,0,0.000250672,0.194113,0.194363,10,0.194084
rod-twist,tight,cell2d,2382ee,ee,1029109,3.33393,6.3933,8.20999,147.632,0,0,1028828,0,23.8242,244,0,0,0.0282241,0.000162949,0,9.15435e-06,0.00132394,0.0013331,281,0.00132561
rod-twist,tight,cell2d,2405vf,vf,189778,3.34359,1.49177,3.16443,5.82516,0,0,189764,0,3.1595,14,0,0,0.00201733,0.000165019,0,1.59127e-05,0.0241993,0.0242152,14,0.0241985
rod-twist,tight,cell2d,2431ee,ee,930926,3.20104,6.41414,8.70166,4.78643,0,0,930913,0,11.009,2,0,0,0.00182188,0.00182188,0,0.00130933,0.265778,0.267087,13,0.265778
rod-twist,tight,cell2d,2456ee,ee,947330,3.50295,6.29273,8.37367,7.54275,1,0,947313,0,10.4649,4,0,0,0.000969611,0.000580273,0,0.0645379,0,0.0645379,17,0
rod-twist,tight,cell2d,2479vf,vf,179577,3.53341,1.39366,1.68927,0.104317,0,0,179576,0,1.69228,1,0,0,0.000119522,0.000119522,0,0.000119522,0.0754547,0.0755742,1,0.0754547
rod-twist,tight,cell2d,2502vf,vf,234432,3.04715,1.68181,1.67349,8.99752,0,0,234393,0,4.80291,37,0,0,0.00511803,3.68581e-05,0,2.38659e-06,0.00246322,0.00246561,39,0.00246429
rod-twist,tight,cell2d,2526ee,ee,1073690,3.09886,6.91732,11.1361,87.7933,2,0,1073588,0,37.4982,72,0,0,0.00620415,0.00053525,0,0.000146266,0.0110695,0.0112158,102,0.0110626
rod-twist,tight,cell2d,2549ee,ee,1156862,3.54663,6.75576,9.51281,102.45,0,0,1156747,0,26.2988,72,0,0,0.0122357,0.00056067,0,2.12991e-05,0.00384436,0.00386566,115,0.0038414
rod-twist,tight,cell2d,2573ee,ee,1015444,3.58365,7.0171,9.45313,19.5796,0,0,1015411,0,13.0194,9,0,0,0.026686,0.000760151,0,0.000614942,0.0912126,0.0918275,33,0.0911789
rod-twist,tight,cell2d,2596vf,vf,207277,3.42516,1.54847,1.65007,6.93831,0,0,207264,0,4.11736,12,0,0,0.00733216,8.22407e-05,0,8.44503e-05,0.0842414,0.0843258,13,0.0842514
rod-twist,tight,cell2d,2622ee,ee,1073716,3.12881,6.88932,13.8102,3.67312,0,0,1073696,0,13.8457,0,0,0,0,0,0,0,1,1,20,1
rod-twist,tight,cell2d,2644vf,vf,269815,3.6801,1.83957,1.96497,12.2303,0,0,269787,0,4.7289,22,0,0,0.013437,0.000147776,0,1.0194e-05,0.00251075,0.00252095,28,0.00251007
rod-twist,tight,cell2d,2667vf,vf,201857,3.17275,1.35123,1.73999,1.4438,0,0,201853,0,2.34647,1,0,0,0.00155517,0.00155517,0,0.00155517,0.273468,0.275023,4,0.273468
rod-twist,tight,cell2d,2690vf,vf,228023,3.31754,1.70149,8.13208,10.5298,0,0,228012,0,8.23351,10,0,0,0.00527491,0.000250721,0,1.54144e-05,0.0515252,0.0515406,11,0.0515213
rod-twist,tight,cell2d,2714ee,ee,1106866,3.30823,6.73282,14.8961,5.37458,0,0,1106842,0,14.9687,0,0,0,0,0,0,0,1,1,24,1
rod-twist,tight,cell2d,2737ee,ee,1129390,3.44164,7.10506,10.178,21.5113,1,0,1129346,0,14.9537,5,0,0,0.000945368,0.000466985,0,5.70354e-05,0.0245881,0.0246451,44,0.0245667
rod-twist,tight,cell2d,2761vf,vf,233358,3.44545,1.46236,1.79198,0.561585,0,0,233356,0,2.14692,1,0,0,2.05832e-05,2.05832e-05,0,2.05832e-05,0.0164108,0.0164314,2,0.0164108
rod-twist,tight,cell2d,2785vf,vf,283025,3.32638,1.75858,2.16026,1.15898,0,0,283022,0,2.54454,2,0,0,0.00152598,0.00152598,0,6.49086e-05,0.104199,0.104264,3,0.104187
rod-twist,tight,cell2d,2808ee,ee,1324480,3.35322,8.34244,11.3138,25.7388,0,0,1324413,0,17.0117,18,0,0,0.00257519,0.00038646,0,1.7141e-05,0.008469,0.00848614,67,0.00847626
rod-twist,tight,cell2d,2832ee,ee,1224481,3.41885,7.84719,11.5293,32.7079,0,0,1224424,0,19.712,16,0,0,0.0113587,0.000546364,0,0.000130376,0.0211092,0.0212396,57,0.0211105
rod-twist,tight,cell2d,2856vf,vf,273715,3.47517,1.71144,2.12657,2.04788,0,0,273711,0,2.94661,2,0,0,0.002258,0.002258,0,1.95684e-05,0.137306,0.137326,4,0.137306
rod-twist,tight,cell2d,2881ee,ee,1472159,3.35457,8.3576,11.6326,116.634,0,0,1471795,0,32.0079,307,0,0,0.0243664,0.000135738,0,3.98499e-06,0.00150822,0.0015122,364,0.00150681
rod-twist,tight,cell2d,2903vf,vf,246089,3.48954,1.56188,1.39353,3.07323,1,0,246076,0,3.11,9,0,0,0.00278438,0.000144814,0,0.0295277,0,0.0295277,13,0
rod-twist,tight,cell2d,2926vf,vf,245763,3.30484,1.52895,2.04283,1.51788,0,0,245758,0,2.64038,2,0,0,0.00110766,0.00110766,0,3.46169e-05,0.224223,0.224257,5,0.22422
rod-twist,tight,cell2d,2949vf,vf,277757,3.24318,1.7517,2.1675,5.82404,0,0,277737,0,4.22722,16,0,0,0.00240284,0.000287996,0,0.000265155,0.026535,0.0268001,20,0.0265121
rod-twist,tight,cell2d,2972vf,vf,261254,3.29335,1.53756,2.01975,2.48563,0,0,261245,0,2.98463,6,0,0,0.00270726,0.00117378,0,0.000179673,0.0135498,0.0137295,9,0.0135498
rod-twist,tight,cell2d,2995vf,vf,280405,3.37486,2.16209,3.56675,0.212122,0,0,280404,0,3.55648,0,0,0,0,0,0,0,1,1,1,1
rod-twist,tight,cell2d,3018vf,vf,259529,3.64774,1.62578,2.54653,0.151036,0,0,259527,0,2.55692,0,0,0,0,0,0,0,1,1,2,1
rod-twist,tight,cell2d,3041vf,vf,282795,4.04789,1.75314,1.85573,9.44606,0,0,282779,0,7.84453,16,0,0,0.00118374,5.93745e-05,0,7.17173e-06,0.0651747,0.0651819,16,0.0651741
rod-twist,tight,cell2d,3077ee,ee,1491258,3.51783,8.13675,11.2269,13.2742,0,0,1491243,0,16.6901,13,0,0,0.00189422,0.000297758,0,0.000143204,0.065275,0.0654182,15,0.0652771
rod-twist,tight,cell2d,3117ee,ee,1463335,4.17224,8.9038,10.8334,3.55127,0,0,1463331,0,14.66,3,0,0,0.000731969,0.000135335,0,0.000115478,0.0426788,0.0427943,4,0.0426788
rod-twist,tight,cell2d,3152vf,vf,262379,4.00495,1.73042,1.93342,1.97288,0,0,262377,0,2.83778,2,0,0,0.000949475,0.000949475,0,0.000772959,0.339592,0.340365,2,0.339592
rod-twist,tight,cell2d,3187vf,vf,312881,3.63824,1.82344,2.02411,3.61987,0,0,312868,0,2.66915,13,0,0,0.000391874,4.86902e-05,0,1.60942e-05,0.0398006,0.0398167,13,0.0397949
rod-twist,tight,cell2d,3216ee,ee,1654755,3.53968,8.60243,12.2369,14.8155,0,0,1654711,0,15.2593,42,0,0,0.00555641,2.39361e-05,0,6.01348e-06,0.0143168,0.0143228,44,0.0143166
rod-twist,tight,cell2d,3252vf,vf,291723,4.06674,1.7987,1.93611,0.200667,0,0,291722,0,1.9363,1,0,0,6.71995e-05,6.71995e-05,0,6.71995e-05,0.156418,0.156485,1,0.156418
rod-twist,tight,cell2d,3284vf,vf,324840,3.59613,1.93118,2.1147,1.11927,0,0,324834,0,2.46099,6,0,0,0.000861332,4.51718e-05,0,5.5706e-06,0.0301239,0.0301295,6,0.0301228
rod-twist,tight,cell2d,3312ee,ee,1764051,3.70016,9.0891,12.5789,19.0701,0,0,1764033,0,15.8587,14,0,0,0.00243152,0.000793518,0,0.000452651,0.109291,0.109744,18,0.109291
rod-twist,tight,cell2d,3340ee,ee,1648427,3.95151,8.29661,12.0177,1.39878,0,0,1648425,0,12.9923,2,0,0,0.00142169,0.00142169,0,0.00142169,0.211502,0.212924,2,0.211502
rod-twist,tight,cell2d,3372vf,vf,325068,4.0646,1.98344,2.08955,1.32963,0,0,325063,0,3.05845,5,0,0,0.00044799,4.35208e-05,0,5.47097e-06,0.0100065,0.010012,5,0.010005
rod-twist,tight,cell2d,3405ee,ee,1725023,3.34167,8.84146,13.0568,3.44125,0,0,1725019,0,13.8686,4,0,0,0.00235814,0.000964316,0,0.000148742,0.0433382,0.043487,4,0.0433426
rod-twist,tight,cell2d,3430ee,ee,1826716,3.98633,8.83295,15.823,11.4078,0,0,1826682,0,18.422,4,0,0,0.00447679,0.00428747,0,0.000692415,0.164719,0.165411,34,0.164719
rod-twist,tight,cell2d,3453ee,ee,2118419,4.09685,10.597,16.1796,338.056,2,0,2117045,0,79.6541,1051,0,0,0.0378941,0.000101615,0,7.2938e-07,3.41071e-05,3.48365e-05,1374,3.38554e-05
rod-twist,tight,cell2d,3475vf,vf,333548,5.09619,2.06142,2.77509,4.18402,0,0,333533,0,3.42074,6,0,0,0.00506678,0.000580729,0,7.47538e-05,0.0960437,0.0961184,15,0.0960541
rod-twist,tight,cell2d,3498vf,vf,388542,4.55921,2.42141,3.6857,11.8889,0,0,388518,0,5.83175,7,0,0,0.00117173,0.000143521,0,4.93218e-05,0.0402679,0.0403172,24,0.0402679
rod-twist,tight,cell2d,3521vf,vf,350990,4.58174,2.0018,4.96163,4.41374,0,0,350974,0,5.06851,2,0,0,0.00320129,0.00320129,0,0.000653537,0.168604,0.169258,16,0.168686
rod-twist,tight,cell2d,3544vf,vf,612958,4.65642,3.4378,3.56343,10.6657,0,0,612924,0,5.54235,15,0,0,0.00977711,0.000207532,0,8.35045e-06,0.00203879,0.00204714,34,0.00204086
rod-twist,tight,cell2d,3567ee,ee,1870826,4.60257,10.4228,8.88146,90.3697,1,0,1870525,0,27.5548,7,0,0,0.0244204,0.000541764,0,0.069402,0,0.069402,301,0
rod-twist,tight,cell2d,3590ee,ee,2048695,5.09391,9.45038,16.9684,98.5639,0,0,2048392,0,25.6626,7,0,0,0.00988798,0.00288029,0,9.63626e-05,0.024501,0.0245974,303,0.0244522
rod-twist,tight,cell2d,3613ee,ee,2026956,5.15231,11.2479,17.3105,153.201,0,0,2026607,0,28.5602,28,0,0,0.0143934,0.00155531,0,0.000320375,0.0173162,0.0176365,349,0.017334
rod-twist,tight,cell2d,3635vf,vf,369826,4.57597,2.47389,3.3723,4.28133,0,0,369798,0,3.66515,2,0,0,0.000839805,0.000839805,0,0.000327307,0.165192,0.165519,28,0.165192
rod-twist,tight,cell2d,3658vf,vf,383887,4.52382,2.4184,2.95467,21.68,0,0,383850,0,12.534,10,0,0,0.00604381,0.000156018,0,1.97555e-05,0.00425339,0.00427314,37,0.00425339
rod-twist,tight,cell2d,3681vf,vf,432601,4.74637,2.9014,6.05171,45.685,0,0,432488,0,9.20929,75,0,0,0.0104258,0.000218277,0,1.82826e-05,0.00171696,0.00173524,113,0.00171852
rod-twist,tight,cell2d,3704vf,vf,409450,4.84758,2.52272,3.12273,2.45853,0,0,409427,0,4.6337,3,0,0,0.00884967,0.00100594,0,9.65232e-05,0.0477982,0.0478947,23,0.0477982
rod-twist,tight,cell2d,3727ee,ee,2215811,4.68836,10.201,17.9008,131.041,0,0,2215409,0,45.1536,65,0,0,0.030167,0.00118282,0,0.00150168,0.0129746,0.0144763,402,0.0129395
rod-twist,tight,cell2d,3750ee,ee,2297441,5.26149,10.3996,19.36,210.548,0,0,2296961,0,39.7103,97,0,0,0.0323816,0.000574813,0,3.20998e-05,0.000886631,0.000918731,480,0.000888824
rod-twist,tight,cell2d,3773ee,ee,2733104,5.42789,12.8764,20.143,557.399,4,0,2731170,0,120.84,1388,0,0,0.0315947,0.000337049,0,4.94957e-06,0.00202229,0.00202724,1934,0.00202274
rod-twist,tight,cell2d,3795vf,vf,406767,5.37231,2.34519,3.329,33.2238,0,0,406727,0,22.4038,9,0,0,0.00207593,0.000134158,0,1.60345e-05,0.0110182,0.0110343,40,0.0110092
rod-twist,tight,cell2d,3818vf,vf,488962,4.59319,2.62508,5.29919,43.6266,0,0,488862,0,11.1642,69,0,0,0.0142516,0.000176038,0,2.4745e-05,0.00354879,0.00357353,100,0.00354195
rod-twist,tight,cell2d,3841vf,vf,406026,4.53185,2.18158,5.06144,11.8785,0,0,405998,0,5.07692,2,0,0,0.000779165,0.000779165,0,0.000687734,0.19494,0.195628,28,0.194958
rod-twist,tight,cell2d,3864vf,vf,399302,4.38574,2.19565,5.05459,8.84812,0,0,399266,0,5.00678,4,0,0,0.00143442,0.000416354,0,0.00143442,0.131805,0.13324,36,0.131805
rod-twist,tight,cell2d,3887ee,ee,2278509,4.60948,11.4272,19.3768,240.246,1,0,2277994,0,44.205,66,0,0,0.0252367,0.00127082,0,0.000926571,0.0178159,0.0187425,515,0.0177917
rod-twist,tight,cell2d,3910ee,ee,2430782,5.18639,12.1042,21.1182,187.155,3,0,2430237,0,34.5021,68,0,0,0.0184683,0.00100551,0,0.000165049,0.0102593,0.0104244,545,0.0102539
rod-twist,tight,cell2d,3933ee,ee,2476439,5.02284,12.2228,21.375,91.173,1,0,2475955,0,28.5919,4,0,0,0.0026925,0.000948967,0,0.132739,0.000715643,0.133454,484,0.13324
rod-twist,tight,cell2d,3955vf,vf,594020,5.29391,3.10344,4.44078,136.839,1,0,593788,0,40.7249,176,0,0,0.0158932,5.71611e-05,0,3.25767e-07,7.81939e-05,7.85196e-05,232,7.82013e-05
rod-twist,tight,cell2d,3978vf,vf,430133,5.0519,2.32746,5.80356,3.06273,0,0,430127,0,5.76468,3,0,0,0.0003977,6.98901e-05,0,4.92188e-06,0.380535,0.38054,6,0.380535
rod-twist,tight,cell2d,791ee,ee,580337,5.80058,4.83622,3.16843,0.498259,0,0,580335,0,3.60048,2,0,0,0.000197448,0.000197448,0,9.19989e-05,0.248199,0.248291,2,0.248199
rod-twist,tight,cell2d,1022ee,ee,337396,1.00887,3.91766,2.40234,0.425941,0,0,337395,0,2.62163,1,0,0,0.000305632,0.000305632,0,0.000305632,0.313812,0.314118,1,0.313812
rod-twist,tight,cell2d,1263ee,ee,489290,2.60035,3.95714,3.5824,1.02404,0,0,489289,0,3.68534,1,0,0,0.000448969,0.000448969,0,0.000448969,0.31266,0.313109,1,0.31266
rod-twist,tight,cell2d,1301ee,ee,478843,2.92927,4.95565,3.61606,2.81109,0,0,478833,0,5.11017,10,0,0,0.000487062,0.000232445,0,3.71491e-05,0.0485521,0.0485893,10,0.0485535
rod-twist,tight,cell2d,1353ee,ee,522979,2.83205,4.94326,3.91855,0.372918,0,0,522978,0,4.10076,1,0,0,0.000200137,0.000200137,0,0.000200137,0.0840263,0.0842265,1,0.0840263
rod-twist,tight,cell2d,1389ee,ee,517764,2.88748,4.53915,4.01036,0.99687,0,0,517762,0,4.47201,1,0,0,0.000126119,0.000126119,0,0.000126119,0.151211,0.151337,2,0.151211
rod-twist,tight,cell2d,1456ee,ee,491047,3.38749,4.80103,3.98662,0.293784,0,0,491046,0,4.38692,1,0,0,0.000529911,0.000529911,0,0.000529911,0.2173,0.21783,1,0.2173
rod-twist,tight,cell2d,1517ee,ee,549574,2.91877,5.02518,4.27803,0.995622,0,0,549569,0,4.98502,5,0,0,0.00252455,0.000101114,0,3.13972e-05,0.040741,0.0407724,5,0.040741
rod-twist,tight,cell2d,1555vf,vf,113125,1.17565,1.17629,1.2583,1.23027,0,0,113124,0,1.30608,1,0,0,0.00154315,0.00154315,0,0.00154315,0.307648,0.309191,1,0.307648
rod-twist,tight,cell2d,1583ee,ee,1637625,3.03951,9.02444,7.66143,47.9296,1,0,1637478,0,13.7196,136,0,0,0.00325246,0.000100952,0,2.48311e-05,0.0200615,0.0200863,147,0.0200615
rod-twist,tight,cell2d,1646ee,ee,581233,2.61091,4.87056,5.6132,2.61484,0,0,581230,0,6.07456,3,0,0,0.000384729,0.000164378,0,9.64683e-05,0.0828836,0.0829801,3,0.0828934
rod-twist,tight,cell2d,1690ee,ee,644553,2.83212,5.38091,5.06348,6.41292,0,0,644539,0,7.24503,14,0,0,0.00643887,0.000253517,0,1.9708e-05,0.0346317,0.0346515,14,0.0346298
rod-twist,tight,cell2d,1720ee,ee,651256,4.19755,5.23106,5.30799,1.3582,0,0,651254,0,5.56149,1,0,0,0.00318648,0.00318648,0,0.00318648,0.419678,0.422864,2,0.419678
rod-twist,tight,cell2d,1748ee,ee,634727,4.46936,5.49198,5.29653,2.10542,0,0,634715,0,6.70242,12,0,0,0.00191986,3.81582e-05,0,3.2013e-05,0.0885943,0.0886263,12,0.0885944
rod-twist,tight,cell2d,1776vf,vf,132542,3.57085,1.25232,1.04407,0.086845,0,0,132541,0,1.06452,1,0,0,5.96139e-05,5.96139e-05,0,5.96139e-05,0.0867462,0.0868058,1,0.0867462
rod-twist,tight,cell2d,1807ee,ee,638978,2.90421,4.99152,5.60104,3.88156,0,0,638977,0,5.59985,1,0,0,0.00478774,0.00478774,0,0.00478774,0.40773,0.412518,1,0.40773
rod-twist,tight,cell2d,1831vf,vf,141719,3.16766,1.34483,1.08832,1.3416,0,0,141714,0,1.18717,5,0,0,0.000850767,0.000366366,0,3.25955e-05,0.0177283,0.0177609,5,0.0177269
rod-twist,tight,cell2d,1859vf,vf,141707,2.90133,1.48863,1.2512,3.12392,0,0,141698,0,2.21722,9,0,0,0.000302569,0.000121229,0,6.02517e-05,0.0623641,0.0624243,9,0.0623741
rod-twist,tight,cell2d,1893vf,vf,126970,2.78722,1.21827,1.00762,0.326167,0,0,126969,0,1.09904,1,0,0,0.000706453,0.000706453,0,0.000706453,0.332169,0.332875,1,0.332169
rod-twist,tight,cell2d,1927ee,ee,750699,2.98479,5.2414,6.0072,9.71072,0,0,750680,0,6.96129,13,0,0,0.00265354,0.000126051,0,5.1246e-05,0.0181336,0.0181848,19,0.0181427
rod-twist,tight,cell2d,1956ee,ee,792743,3.19953,5.22594,6.18973,9.106,0,0,792718,0,7.5542,23,0,0,0.00129082,0.000192143,0,0.000169281,0.0501729,0.0503422,25,0.0501709
rod-twist,tight,cell2d,1985vf,vf,528252,3.49268,5.42696,2.48733,19.8209,0,0,528110,0,4.34654,140,0,0,0.0105962,4.93355e-05,0,5.93299e-06,0.006997,0.00700294,142,0.00699711
rod-twist,tight,cell2d,2027ee,ee,732020,3.11627,4.87318,5.89095,9.53601,0,0,732005,0,8.54534,13,0,0,0.00816126,0.000119371,0,2.21971e-05,0.0251265,0.0251487,15,0.0251274
rod-twist,tight,cell2d,2079vf,vf,159144,3.23268,1.43878,1.1904,0.426133,0,0,159139,0,1.52057,5,0,0,1.68445e-05,8.54503e-06,0,1.68445e-05,0.0122223,0.0122391,5,0.0122223
rod-twist,tight,cell2d,2110ee,ee,807841,2.88018,5.34735,6.39068,3.46612,0,0,807835,0,7.82047,6,0,0,0.000705531,0.000269546,0,0.000422472,0.0815735,0.081996,6,0.0815735
rod-twist,tight,cell2d,2142ee,ee,824215,3.26414,5.38264,6.65106,5.34188,0,0,824199,0,7.83915,14,0,0,0.00156883,0.000325018,0,0.000325018,0.0597229,0.0600479,16,0.0597229
rod-twist,tight,cell2d,2166vf,vf,180778,3.20251,1.59647,1.33302,1.30857,0,0,180773,0,1.64018,5,0,0,0.00289602,0.00026356,0,2.46068e-06,0.0145821,0.0145846,5,0.0145798
rod-twist,tight,cell2d,2189vf,vf,185857,2.89413,1.49679,1.52534,5.09475,0,0,185846,0,3.42583,10,0,0,0.000555925,0.000162256,0,2.48707e-05,0.0628357,0.0628606,11,0.0628357
rod-twist,tight,cell2d,2213vf,vf,170781,2.83804,1.32281,1.36534,1.04618,0,0,170776,0,1.45241,5,0,0,0.000544561,0.000133151,0,7.55185e-05,0.02976,0.0298355,5,0.0297623
rod-twist,tight,cell2d,2236ee,ee,881389,2.89036,5.84612,7.36458,9.70758,0,0,881372,0,9.34535,12,0,0,0.00861057,0.000798118,0,9.05856e-05,0.0492482,0.0493388,17,0.0492516
rod-twist,tight,cell2d,2259vf,vf,199921,3.13537,1.5191,1.42723,1.51407,0,0,199917,0,1.9171,4,0,0,0.000377674,0.000355238,0,2.18758e-05,0.0177536,0.0177755,4,0.0177536
rod-twist,tight,cell2d,2282vf,vf,192187,2.90437,1.52655,1.42195,24.8564,0,0,192121,0,6.32867,62,0,0,0.00342922,4.1375e-05,0,1.13194e-05,0.00264536,0.00265668,66,0.00264549
rod-twist,tight,cell2d,2307ee,ee,859513,2.86367,5.37317,7.59506,22.6293,0,0,859453,0,13.4159,50,0,0,0.00527851,0.000168235,0,2.48938e-06,0.00197488,0.00197737,60,0.00197601
rod-twist,tight,cell2d,2332ee,ee,858501,3.12107,5.43147,8.33172,2.79122,0,0,858495,0,9.95884,2,0,0,0.00250836,0.00250836,0,0.000238298,0.210266,0.210504,6,0.210266
rod-twist,tight,cell2d,2358ee,ee,951141,3.1291,5.83498,8.41572,9.59482,1,0,951131,0,11.9956,2,0,0,0.0088836,0.0088836,0,0.000250672,0.194113,0.194363,10,0.194084
rod-twist,tight,cell2d,2382ee,ee,1029109,3.17291,6.39372,8.16097,148.112,0,0,1028828,0,23.8997,244,0,0,0.0282241,0.000162949,0,9.15435e-06,0.00132394,0.0013331,281,0.00132561
rod-twist,tight,cell2d,2405vf,vf,189778,3.29892,1.53366,3.19579,5.86289,0,0,189764,0,3.13438,14,0,0,0.00201733,0.000165019,0,1.59127e-05,0.0241993,0.0242152,14,0.0241985
rod-twist,tight,cell2d,2431ee,ee,930926,3.06104,6.30348,8.70707,4.82531,0,0,930913,0,11.0148,2,0,0,0.00182188,0.00182188,0,0.00130933,0.265778,0.267087,13,0.265778
rod-twist,tight,cell2d,2456ee,ee,947330,3.21985,6.23581,8.40714,7.61321,1,0,947313,0,10.4257,4,0,0,0.000969611,0.000580273,0,0.0645379,0,0.0645379,17,0
rod-twist,tight,cell2d,2479vf,vf,179577,3.30462,1.53004,1.691,0.106237,0,0,179576,0,1.66204,1,0,0,0.000119522,0.000119522,0,0.000119522,0.0754547,0.0755742,1,0.0754547
rod-twist,tight,cell2d,2502vf,vf,234432,3.01858,1.72572,1.67378,9.05317,0,0,234393,0,4.83709,37,0,0,0.00511803,3.68581e-05,0,2.38659e-06,0.00246322,0.00246561,39,0.00246429
rod-twist,tight,cell2d,2526ee,ee,1073690,3.22337,7.50249,11.3466,88.5381,2,0,1073588,0,37.4337,72,0,0,0.00620415,0.00053525,0,0.000146266,0.0110695,0.0112158,102,0.0110626
rod-twist,tight,cell2d,2549ee,ee,1156862,3.37982,6.77845,9.49693,102.173,0,0,1156747,0,26.2451,72,0,0,0.0122357,0.00056067,0,2.12991e-05,0.00384436,0.00386566,115,0.0038414
rod-twist,tight,cell2d,2573ee,ee,1015444,3.46481,6.94439,9.44923,19.3639,0,0,1015411,0,12.6623,9,0,0,0.026686,0.000760151,0,0.000614942,0.0912126,0.0918275,33,0.0911789
rod-twist,tight,cell2d,2596vf,vf,207277,3.3121,1.63791,1.64617,6.88449,0,0,207264,0,4.15916,12,0,0,0.00733216,8.22407e-05,0,8.44503e-05,0.0842414,0.0843258,13,0.0842514
rod-twist,tight,cell2d,2622ee,ee,1073716,3.06594,6.90897,13.7809,3.67654,0,0,1073696,0,13.7938,0,0,0,0,0,0,0,1,1,20,1
rod-twist,tight,cell2d,2644vf,vf,269815,3.53104,1.74376,1.99793,12.2172,0,0,269787,0,4.69021,22,0,0,0.013437,0.000147776,0,1.0194e-05,0.00251075,0.00252095,28,0.00251007
rod-twist,tight,cell2d,2667vf,vf,201857,3.05922,1.28502,1.78581,1.43481,0,0,201853,0,2.29252,1,0,0,0.00155517,0.00155517,0,0.00155517,0.273468,0.275023,4,0.273468
rod-twist,tight,cell2d,2690vf,vf,228023,3.12238,1.76399,8.2146,10.5218,0,0,228012,0,8.181,10,0,0,0.00527491,0.000250721,0,1.54144e-05,0.0515252,0.0515406,11,0.0515213
rod-twist,tight,cell2d,2714ee,ee,1106866,3.17681,6.82353,14.8395,5.39375,0,0,1106842,0,14.9808,0,0,0,0,0,0,0,1,1,24,1
rod-twist,tight,cell2d,2737ee,ee,1129390,3.49383,7.10695,10.2284,21.5807,1,0,1129346,0,15.0038,5,0,0,0.000945368,0.000466985,0,5.70354e-05,0.0245881,0.0246451,44,0.0245667
rod-twist,tight,cell2d,2761vf,vf,233358,3.69149,1.56098,1.85269,0.554545,0,0,233356,0,2.14903,1,0,0,2.05832e-05,2.05832e-05,0,2.05832e-05,0.0164108,0.0164314,2,0.0164108
rod-twist,tight,cell2d,2785vf,vf,283025,3.41876,1.89563,2.15133,1.14464,0,0,283022,0,2.57942,2,0,0,0.00152598,0.00152598,0,6.49086e-05,0.104199,0.104264,3,0.104187
rod-twist,tight,cell2d,2808ee,ee,1324480,3.64096,8.35201,11.3084,25.6718,0,0,1324413,0,17.1,18,0,0,0.00257519,0.00038646,0,1.7141e-05,0.008469,0.00848614,67,0.00847626
rod-twist,tight,cell2d,2832ee,ee,1224481,3.77417,7.93554,11.5062,32.6716,0,0,1224424,0,19.7696,16,0,0,0.0113587,0.000546364,0,0.000130376,0.0211092,0.0212396,57,0.0211105
rod-twist,tight,cell2d,2856vf,vf,273715,3.70339,1.74552,2.12823,1.98449,0,0,273711,0,2.94091,2,0,0,0.002258,0.002258,0,1.95684e-05,0.137306,0.137326,4,0.137306
rod-twist,tight,cell2d,2881ee,ee,1472159,3.35316,8.38826,11.7265,116.702,0,0,1471795,0,32.0896,307,0,0,0.0243664,0.000135738,0,3.98499e-06,0.00150822,0.0015122,364,0.00150681
rod-twist,tight,cell2d,2903vf,vf,246089,3.75894,1.54537,1.44527,3.06427,1,0,246076,0,3.08904,9,0,0,0.00278438,0.000144814,0,0.0295277,0,0.0295277,13,0
rod-twist,tight,cell2d,2926vf,vf,245763,3.3073,1.62172,2.077,1.55577,0,0,245758,0,2.62348,2,0,0,0.00110766,0.00110766,0,3.46169e-05,0.224223,0.224257,5,0.22422
rod-twist,tight,cell2d,2949vf,vf,277757,3.21441,1.6734,2.1643,5.77399,0,0,277737,0,4.26712,16,0,0,0.00240284,0.000287996,0,0.000265155,0.026535,0.0268001,20,0.0265121
rod-twist,tight,cell2d,2972vf,vf,261254,3.47066,1.5655,1.98414,2.48637,0,0,261245,0,2.94834,6,0,0,0.00270726,0.00117378,0,0.000179673,0.0135498,0.0137295,9,0.0135498
rod-twist,tight,cell2d,2995vf,vf,280405,3.24824,1.56869,3.53098,0.195163,0,0,280404,0,3.50656,0,0,0,0,0,0,0,1,1,1,1
rod-twist,tight,cell2d,3018vf,vf,259529,3.41165,1.49951,2.48637,0.161628,0,0,259527,0,2.50105,0,0,0,0,0,0,0,1,1,2,1
rod-twist,tight,cell2d,3041vf,vf,282795,3.21694,1.74949,1.84315,9.4401,0,0,282779,0,7.84232,16,0,0,0.00118374,5.93745e-05,0,7.17173e-06,0.0651747,0.0651819,16,0.0651741
rod-twist,tight,cell2d,3077ee,ee,1491258,3.17665,8.20615,11.1694,13.3663,0,0,1491243,0,16.6664,13,0,0,0.00189422,0.000297758,0,0.000143204,0.065275,0.0654182,15,0.0652771
rod-twist,tight,cell2d,3117ee,ee,1463335,3.96409,8.79324,10.8268,3.5425,0,0,1463331,0,14.5898,3,0,0,0.000731969,0.000135335,0,0.000115478,0.0426788,0.0427943,4,0.0426788
rod-twist,tight,cell2d,3152vf,vf,262379,3.83711,1.71048,1.89819,1.97189,0,0,262377,0,2.8069,2,0,0,0.000949475,0.000949475,0,0.000772959,0.339592,0.340365,2,0.339592
rod-twist,tight,cell2d,3187vf,vf,312881,3.20564,1.76786,2.0092,3.67008,0,0,312868,0,2.67999,13,0,0,0.000391874,4.86902e-05,0,1.60942e-05,0.0398006,0.0398167,13,0.0397949
rod-twist,tight,cell2d,3216ee,ee,1654755,3.33962,8.41322,12.2976,14.8116,0,0,1654711,0,15.2525,42,0,0,0.00555641,2.39361e-05,0,6.01348e-06,0.0143168,0.0143228,44,0.0143166
rod-twist,tight,cell2d,3252vf,vf,291723,4.36865,1.71839,1.9195,0.211739,0,0,291722,0,1.95205,1,0,0,6.71995e-05,6.71995e-05,0,6.71995e-05,0.156418,0.156485,1,0.156418
rod-twist,tight,cell2d,3284vf,vf,324840,5.39487,1.93259,2.11489,1.14983,0,0,324834,0,2.46214,6,0,0,0.000861332,4.51718e-05,0,5.5706e-06,0.0301239,0.0301295,6,0.0301228
rod-twist,tight,cell2d,3312ee,ee,1764051,5.14492,9.07173,12.5708,19.1511,0,0,1764033,0,15.9076,14,0,0,0.00243152,0.000793518,0,0.000452651,0.109291,0.109744,18,0.109291
rod-twist,tight,cell2d,3340ee,ee,1648427,3.9799,8.33629,12.0347,1.35216,0,0,1648425,0,12.9224,2,0,0,0.00142169,0.00142169,0,0.00142169,0.211502,0.212924,2,0.211502
rod-twist,tight,cell2d,3372vf,vf,325068,3.9317,1.89317,2.06308,1.34086,0,0,325063,0,3.03515,5,0,0,0.00044799,4.35208e-05,0,5.47097e-06,0.0100065,0.010012,5,0.010005
rod-twist,tight,cell2d,3405ee,ee,1725023,3.3531,8.76787,12.9989,3.34676,0,0,1725019,0,13.8532,4,0,0,0.00235814,0.000964316,0,0.000148742,0.0433382,0.043487,4,0.0433426
rod-twist,tight,cell2d,3430ee,ee,1826716,3.75702,8.72707,15.787,11.3934,0,0,1826682,0,18.49,4,0,0,0.00447679,0.00428747,0,0.000692415,0.164719,0.165411,34,0.164719
rod-twist,tight,cell2d,3453ee,ee,2118419,3.94278,10.5783,16.1407,337.627,2,0,2117045,0,79.6283,1051,0,0,0.0378941,0.000101615,0,7.2938e-07,3.41071e-05,3.48365e-05,1374,3.38554e-05
rod-twist,tight,cell2d,3475vf,vf,333548,4.63444,1.97188,2.76953,4.13944,0,0,333533,0,3.40346,6,0,0,0.00506678,0.000580729,0,7.47538e-05,0.0960437,0.0961184,15,0.0960541
rod-twist,tight,cell2d,3498vf,vf,388542,4.32341,2.3042,3.59687,11.8386,0,0,388518,0,5.90877,7,0,0,0.00117173,0.000143521,0,4.93218e-05,0.0402679,0.0403172,24,0.0402679
rod-twist,tight,cell2d,3521vf,vf,350990,4.21711,1.86667,4.99769,4.37685,0,0,350974,0,5.03292,2,0,0,0.00320129,0.00320129,0,0.000653537,0.168604,0.169258,16,0.168686
rod-twist,tight,cell2d,3544vf,vf,612958,4.48919,3.38586,3.52848,10.6639,0,0,612924,0,5.49525,15,0,0,0.00977711,0.000207532,0,8.35045e-06,0.00203879,0.00204714,34,0.00204086
rod-twist,tight,cell2d,3567ee,ee,1870826,4.26523,10.2595,8.88687,90.3841,1,0,1870525,0,27.5602,7,0,0,0.0244204,0.000541764,0,0.069402,0,0.069402,301,0
rod-twist,tight,cell2d,3590ee,ee,2048695,4.9016,9.24177,16.9413,98.6344,0,0,2048392,0,25.5152,7,0,0,0.00988798,0.00288029,0,9.63626e-05,0.024501,0.0245974,303,0.0244522
rod-twist,tight,cell2d,3613ee,ee,2026956,4.73776,11.1503,17.2975,152.045,0,0,2026607,0,28.5713,28,0,0,0.0143934,0.00155531,0,0.000320375,0.0173162,0.0176365,349,0.017334
rod-twist,tight,cell2d,3635vf,vf,369826,4.85075,2.27488,3.26347,4.23982,0,0,369798,0,3.59066,2,0,0,0.000839805,0.000839805,0,0.000327307,0.165192,0.165519,28,0.165192
rod-twist,tight,cell2d,3658vf,vf,383887,4.15125,2.23213,2.91323,21.6091,0,0,383850,0,12.4419,10,0,0,0.00604381,0.000156018,0,1.97555e-05,0.00425339,0.00427314,37,0.00425339
rod-twist,tight,cell2d,3681vf,vf,432601,4.23231,2.75218,6.15389,46.2215,0,0,432488,0,9.22635,75,0,0,0.0104258,0.000218277,0,1.82826e-05,0.00171696,0.00173524,113,0.00171852
rod-twist,tight,cell2d,3704vf,vf,409450,4.3826,2.48669,3.08744,2.41171,0,0,409427,0,4.61511,3,0,0,0.00884967,0.00100594,0,9.65232e-05,0.0477982,0.0478947,23,0.0477982
rod-twist,tight,cell2d,3727ee,ee,2215811,4.45393,10.0278,17.8781,130.932,0,0,2215409,0,45.2035,65,0,0,0.030167,0.00118282,0,0.00150168,0.0129746,0.0144763,402,0.0129395
rod-twist,tight,cell2d,3750ee,ee,2297441,4.98416,10.3403,19.3611,212.724,0,0,2296961,0,39.6049,97,0,0,0.0323816,0.000574813,0,3.20998e-05,0.000886631,0.000918731,480,0.000888824
rod-twist,tight,cell2d,3773ee,ee,2733104,5.02985,12.8408,20.0632,557.219,4,0,2731170,0,120.741,1388,0,0,0.0315947,0.000337049,0,4.94957e-06,0.00202229,0.00202724,1934,0.00202274
rod-twist,tight,cell2d,3795vf,vf,406767,5.15772,2.44624,3.32154,33.1849,0,0,406727,0,22.6489,9,0,0,0.00207593,0.000134158,0,1.60345e-05,0.0110182,0.0110343,40,0.0110092
rod-twist,tight,cell2d,3818vf,vf,488962,4.60954,2.6423,5.35253,43.6606,0,0,488862,0,11.2239,69,0,0,0.0142516,0.000176038,0,2.4745e-05,0.00354879,0.00357353,100,0.00354195
rod-twist,tight,cell2d,3841vf,vf,406026,4.51041,2.05159,5.09823,11.7731,0,0,405998,0,5.05302,2,0,0,0.000779165,0.000779165,0,0.000687734,0.19494,0.195628,28,0.194958
rod-twist,tight,cell2d,3864vf,vf,399302,4.45393,2.29184,5.00057,8.83564,0,0,399266,0,5.0367,4,0,0,0.00143442,0.000416354,0,0.00143442,0.131805,0.13324,36,0.131805
rod-twist,tight,cell2d,3887ee,ee,2278509,4.72663,11.5287,19.4031,242.42,1,0,2277994,0,44.1979,66,0,0,0.0252367,0.00127082,0,0.000926571,0.0178159,0.0187425,515,0.0177917
rod-twist,tight,cell2d,3910ee,ee,2430782,4.64951,11.9653,21.1611,187.378,3,0,2430237,0,34.6266,68,0,0,0.0184683,0.00100551,0,0.000165049,0.0102593,0.0104244,545,0.0102539
rod-twist,tight,cell2d,3933ee,ee,2476439,4.95158,12.2178,21.3889,90.5336,1,0,2475955,0,28.7451,4,0,0,0.0026925,0.000948967,0,0.132739,0.000715643,0.133454,484,0.13324
rod-twist,tight,cell2d,3955vf,vf,594020,4.8407,2.95807,4.4642,136.928,1,0,593788,0,40.7985,176,0,0,0.0158932,5.71611e-05,0,3.25767e-07,7.81939e-05,7.85196e-05,232,7.82013e-05
rod-twist,tight,cell2d,3978vf,vf,430133,4.72567,2.05604,5.67092,2.94482,0,0,430127,0,5.76782,3,0,0,0.0003977,6.98901e-05,0,4.92188e-06,0.380535,0.38054,6,0.380535
rod-twist,tight,cell2d,791ee,ee,580337,4.63172,4.64497,3.20334,0.511475,0,0,580335,0,3.48874,2,0,0,0.000197448,0.000197448,0,9.19989e-05,0.248199,0.248291,2,0.248199
rod-twist,tight,cell2dmin,1022ee,ee,337396,0.777193,1.7995,2.40799,0.441235,0,0,337395,0,2.68933,1,0,0,0.000305632,0.000305632,0,0.000305632,0.313812,0.314118,1,0.313812
rod-twist,tight,cell2dmin,1263ee,ee,489290,1.9049,3.63883,3.61378,1.02519,0,0,489289,0,3.90183,1,0,0,0.000448969,0.000448969,0,0.000448969,0.31266,0.313109,1,0.31266
rod-twist,tight,cell2dmin,1301ee,ee,478843,1.83556,3.15837,3.53545,2.76875,0,0,478833,0,4.32307,10,0,0,0.000487062,0.000232445,0,3.71491e-05,0.0485521,0.0485893,10,0.0485535
rod-twist,tight,cell2dmin,1353ee,ee,522979,1.88461,4.01809,4.2096,0.379188,0,0,522978,0,4.39744,1,0,0,0.000200137,0.000200137,0,0.000200137,0.0840263,0.0842265,1,0.0840263
rod-twist,tight,cell2dmin,1389ee,ee,517764,1.8921,3.76056,3.95937,0.994818,0,0,517762,0,4.39625,1,0,0,0.000126119,0.000126119,0,0.000126119,0.151211,0.151337,2,0.151211
rod-twist,tight,cell2dmin,1456ee,ee,491047,1.85406,3.91217,3.97665,0.297751,0,0,491046,0,4.28922,1,0,0,0.000529911,0.000529911,0,0.000529911,0.2173,0.21783,1,0.2173
rod-twist,tight,cell2dmin,1517ee,ee,549574,1.81876,3.75278,4.22218,0.989954,0,0,549569,0,5.0202,5,0,0,0.00252455,0.000101114,0,3.13972e-05,0.040741,0.0407724,5,0.040741
rod-twist,tight,cell2dmin,1555vf,vf,113125,0.78772,1.1872,1.30841,1.23599,0,0,113124,0,1.29737,1,0,0,0.00154315,0.00154315,0,0.00154315,0.307648,0.309191,1,0.307648
rod-twist,tight,cell2dmin,1583ee,ee,1637625,2.16445,5.32179,7.94911,47.832,1,0,1637478,0,13.5612,136,0,0,0.00325246,0.000100952,0,2.65717e-05,0.0200598,0.0200863,147,0.0200615
rod-twist,tight,cell2dmin,1646ee,ee,581233,1.28239,3.7604,4.74171,2.60527,0,0,581230,0,7.38758,3,0,0,0.000384729,0.000164378,0,8.83687e-05,0.0828917,0.0829801,3,0.0828934
rod-twist,tight,cell2dmin,1690ee,ee,644553,1.41653,3.93985,5.08366,6.34698,0,0,644539,0,7.33597,14,0,0,0.00643887,0.000253517,0,2.44248e-05,0.034627,0.0346515,14,0.0346298
rod-twist,tight,cell2dmin,1720ee,ee,651256,1.49736,3.96942,5.25187,1.1992,0,0,651254,0,5.68124,1,0,0,0.00318648,0.00318648,0,0.00318648,0.419678,0.422864,2,0.419678
rod-twist,tight,cell2dmin,1748ee,ee,634727,1.45736,4.00609,5.18871,2.08726,0,0,634715,0,5.83282,12,0,0,0.00191986,3.81582e-05,0,3.2013e-05,0.0885943,0.0886263,12,0.0885944
rod-twist,tight,cell2dmin,1776vf,vf,132542,1.52917,1.23696,1.02758,0.081277,0,0,132541,0,1.05395,1,0,0,5.96139e-05,5.96139e-05,0,5.96139e-05,0.0867462,0.0868058,1,0.0867462
rod-twist,tight,cell2dmin,1807ee,ee,638978,1.80174,6.35475,5.44064,3.70952,0,0,638977,0,5.76543,1,0,0,0.00478774,0.00478774,0,0.00478774,0.40773,0.412518,1,0.40773
rod-twist,tight,cell2dmin,1831vf,vf,141719,1.49535,1.32207,1.07542,1.29513,0,0,141714,0,1.2542,5,0,0,0.000850767,0.000366366,0,3.25955e-05,0.0177283,0.0177609,5,0.0177269
rod-twist,tight,cell2dmin,1859vf,vf,141707,1.88836,1.40434,1.26831,3.07408,0,0,141698,0,2.22224,9,0,0,0.000302569,0.000121229,0,6.02517e-05,0.0623641,0.0624243,9,0.0623741
rod-twist,tight,cell2dmin,1893vf,vf,126970,1.86382,1.23766,1.04189,0.328119,0,0,126969,0,0.997282,1,0,0,0.000706453,0.000706453,0,0.000706453,0.332169,0.332875,1,0.332169
rod-twist,tight,cell2dmin,1927ee,ee,750699,1.87681,4.37241,5.96433,9.64473,0,0,750680,0,7.3506,13,0,0,0.00265354,0.000126051,0,3.8262e-05,0.0181465,0.0181848,19,0.0181427
rod-twist,tight,cell2dmin,1956ee,ee,792743,1.83908,4.67644,6.19351,9.07534,0,0,792718,0,7.8637,23,0,0,0.00129082,0.000192143,0,0.000128865,0.0502133,0.0503422,25,0.0501709
rod-twist,tight,cell2dmin,1985vf,vf,528252,2.21366,5.51014,2.4205,19.8859,0,0,528110,0,4.46646,140,0,0,0.0105962,4.93355e-05,0,5.93299e-06,0.006997,0.00700294,142,0.00699711
rod-twist,tight,cell2dmin,2027ee,ee,732020,1.81924,4.53071,6.00817,9.49226,0,0,732005,0,8.16791,13,0,0,0.00816126,0.000119371,0,2.41847e-05,0.0251245,0.0251487,15,0.0251274
rod-twist,tight,cell2dmin,2079vf,vf,159144,2.08739,1.46498,1.17196,0.428916,0,0,159139,0,1.53359,5,0,0,1.68445e-05,8.54503e-06,0,1.68445e-05,0.0122223,0.0122391,5,0.0122223
rod-twist,tight,cell2dmin,2110ee,ee,807841,2.10774,4.57637,6.39776,3.43987,0,0,807835,0,7.40099,6,0,0,0.000705531,0.000269546,0,0.000422472,0.0815735,0.081996,6,0.0815735
rod-twist,tight,cell2dmin,2142ee,ee,824215,1.87018,4.47289,6.66601,5.27293,0,0,824199,0,7.93154,14,0,0,0.00156883,0.000325018,0,0.000325018,0.0597229,0.0600479,16,0.0597229
rod-twist,tight,cell2dmin,2166vf,vf,180778,1.95025,1.58232,1.31638,1.30614,0,0,180773,0,1.61122,5,0,0,0.00289602,0.00026356,0,2.46068e-06,0.0145821,0.0145846,5,0.0145798
rod-twist,tight,cell2dmin,2189vf,vf,185857,2.39746,1.62507,1.46594,5.04289,0,0,185846,0,3.3543,10,0,0,0.000555925,0.000162256,0,2.48707e-05,0.0628357,0.0628606,11,0.0628357
rod-twist,tight,cell2dmin,2213vf,vf,170781,2.47637,1.47131,1.32156,0.963523,0,0,170776,0,1.43605,5,0,0,0.000544561,0.000133151,0,7.55185e-05,0.02976,0.0298355,5,0.0297623
rod-twist,tight,cell2dmin,2236ee,ee,881389,2.32959,4.89342,7.31479,9.62313,0,0,881372,0,9.11656,12,0,0,0.00861057,0.000798118,0,0.000115407,0.0492234,0.0493388,17,0.0492516
rod-twist,tight,cell2dmin,2259vf,vf,199921,1.98023,1.48437,1.41212,1.52315,0,0,199917,0,1.98308,4,0,0,0.000377674,0.000355238,0,2.18758e-05,0.0177536,0.0177755,4,0.0177536
rod-twist,tight,cell2dmin,2282vf,vf,192187,2.40169,1.61954,1.47061,24.7873,0,0,192121,0,6.28493,62,0,0,0.00342922,4.1375e-05,0,1.13194e-05,0.00264536,0.00265668,66,0.00264549
rod-twist,tight,cell2dmin,2307ee,ee,859513,2.1552,4.66943,7.47673,22.5813,0,0,859453,0,14.357,50,0,0,0.00527851,0.000168235,0,1.35643e-06,0.00197601,0.00197737,60,0.00197601
rod-twist,tight,cell2dmin,2332ee,ee,858501,1.97956,4.60895,8.31585,2.78011,0,0,858495,0,8.81839,2,0,0,0.00250836,0.00250836,0,0.000238298,0.210266,0.210504,6,0.210266
rod-twist,tight,cell2dmin,2358ee,ee,951141,1.88593,4.63797,8.75695,9.54774,1,0,951131,0,9.87407,2,0,0,0.0088836,0.0088836,0,0.000279054,0.194084,0.194363,10,0.194084
rod-twist,tight,cell2dmin,2382ee,ee,1029109,1.97581,5.2409,8.28142,146.213,0,0,1028828,0,21.1656,244,0,0,0.0282241,0.000162949,0,7.23796e-06,0.00132586,0.0013331,281,0.00132561
rod-twist,tight,cell2dmin,2405vf,vf,189778,2.25456,1.48018,3.13863,5.78091,0,0,189764,0,3.16342,14,0,0,0.00201733,0.000165019,0,1.59127e-05,0.0241993,0.0242152,14,0.0241985
rod-twist,tight,cell2dmin,2431ee,ee,930926,2.51688,5.31952,8.85106,4.77157,0,0,930913,0,10.2531,2,0,0,0.00182188,0.00182188,0,0.00130933,0.265778,0.267087,13,0.265778
rod-twist,tight,cell2dmin,2456ee,ee,947330,2.19571,5.47878,7.40611,7.56294,1,0,947313,0,10.3935,4,0,0,0.000969611,0.000580273,0,0.0645379,0,0.0645379,17,0
rod-twist,tight,cell2dmin,2479vf,vf,179577,2.28979,1.38332,1.77175,0.103869,0,0,179576,0,1.65262,1,0,0,0.000119522,0.000119522,0,0.000119522,0.0754547,0.0755742,1,0.0754547
rod-twist,tight,cell2dmin,2502vf,vf,234432,2.48873,1.71979,1.66427,8.87394,0,0,234393,0,4.88248,37,0,0,0.00511803,3.68581e-05,0,2.38659e-06,0.00246322,0.00246561,39,0.00246429
rod-twist,tight,cell2dmin,2526ee,ee,1073690,2.55269,5.59382,9.38909,87.5556,2,0,1073588,0,32.3744,72,0,0,0.00620415,0.00053525,0,0.000146266,0.0110695,0.0112158,102,0.0110626
rod-twist,tight,cell2dmin,2549ee,ee,1156862,2.34838,5.69039,9.54765,101.792,0,0,1156747,0,25.2975,72,0,0,0.0122357,0.00056067,0,2.11793e-05,0.00384448,0.00386566,115,0.0038414
rod-twist,tight,cell2dmin,2573ee,ee,1015444,2.36556,5.99153,9.33172,19.3485,0,0,1015411,0,13.0176,9,0,0,0.026686,0.000760151,0,0.000617589,0.0912099,0.0918275,33,0.0911789
rod-twist,tight,cell2dmin,2596vf,vf,207277,2.13987,1.53266,1.64315,6.85074,0,0,207264,0,4.10228,12,0,0,0.00733216,8.22407e-05,0,8.44503e-05,0.0842414,0.0843258,13,0.0842514
rod-twist,tight,cell2dmin,2622ee,ee,1073716,2.4143,5.64921,12.0874,3.67826,0,0,1073696,0,12.2852,0,0,0,0,0,0,0,1,1,20,1
rod-twist,tight,cell2dmin,2644vf,vf,269815,2.32444,1.73678,2.02759,12.1153,0,0,269787,0,4.66117,22,0,0,0.013437,0.000147776,0,1.0194e-05,0.00251075,0.00252095,28,0.00251007
rod-twist,tight,cell2dmin,2667vf,vf,201857,2.7203,1.44319,1.78839,1.41746,0,0,201853,0,2.28876,1,0,0,0.00155517,0.00155517,0,0.00155517,0.273468,0.275023,4,0.273468
rod-twist,tight,cell2dmin,2690vf,vf,228023,2.63378,1.6779,8.12951,10.4392,0,0,228012,0,8.11908,10,0,0,0.00527491,0.000250721,0,1.54144e-05,0.0515252,0.0515406,11,0.0515213
rod-twist,tight,cell2dmin,2714ee,ee,1106866,2.64882,5.80219,15.0872,5.36489,0,0,1106842,0,15.2589,0,0,0,0,0,0,0,1,1,24,1
rod-twist,tight,cell2dmin,2737ee,ee,1129390,2.26336,5.92341,10.2419,21.2157,1,0,1129346,0,14.6139,5,0,0,0.000945368,0.000466985,0,5.70354e-05,0.0245881,0.0246451,44,0.0245667
rod-twist,tight,cell2dmin,2761vf,vf,233358,2.47215,1.42828,1.78574,0.531408,0,0,233356,0,2.09264,1,0,0,2.05832e-05,2.05832e-05,0,2.05832e-05,0.0164108,0.0164314,2,0.0164108
rod-twist,tight,cell2dmin,2785vf,vf,283025,2.60229,1.82366,2.06282,1.13091,0,0,283022,0,2.65157,2,0,0,0.00152598,0.00152598,0,6.49086e-05,0.104199,0.104264,3,0.104187
rod-twist,tight,cell2dmin,2808ee,ee,1324480,2.52428,6.1882,11.1219,25.5839,0,0,1324413,0,16.9798,18,0,0,0.00257519,0.00038646,0,1.7141e-05,0.008469,0.00848614,67,0.00847626
rod-twist,tight,cell2dmin,2832ee,ee,1224481,2.45644,5.93307,11.2682,32.387,0,0,1224424,0,16.7149,16,0,0,0.0113587,0.000546364,0,0.00012774,0.0211119,0.0212396,57,0.0211105
rod-twist,tight,cell2dmin,2856vf,vf,273715,2.32383,1.77345,2.07392,1.95015,0,0,273711,0,2.96381,2,0,0,0.002258,0.002258,0,1.95684e-05,0.137306,0.137326,4,0.137306
rod-twist,tight,cell2dmin,2881ee,ee,1472159,2.48021,6.16212,11.8606,115.451,0,0,1471795,0,31.2276,307,0,0,0.0243664,0.000135738,0,4.07977e-06,0.00150812,0.0015122,364,0.00150681
rod-twist,tight,cell2dmin,2903vf,vf,246089,2.34428,1.57883,1.44597,3.03709,1,0,246076,0,3.04512,9,0,0,0.00278438,0.000144814,0,0.0295277,0,0.0295277,13,0
rod-twist,tight,cell2dmin,2926vf,vf,245763,2.78334,1.68293,2.02749,1.50072,0,0,245758,0,2.58687,2,0,0,0.00110766,0.00110766,0,3.46169e-05,0.224223,0.224257,5,0.22422
rod-twist,tight,cell2dmin,2949vf,vf,277757,2.61765,1.66235,2.2015,5.73512,0,0,277737,0,4.28976,16,0,0,0.00240284,0.000287996,0,0.000265155,0.026535,0.0268001,20,0.0265121
rod-twist,tight,cell2dmin,2972vf,vf,261254,2.60933,1.55938,1.96109,2.48853,0,0,261245,0,2.98842,6,0,0,0.00270726,0.00117378,0,0.000179673,0.0135498,0.0137295,9,0.0135498
rod-twist,tight,cell2dmin,2995vf,vf,280405,2.63118,1.62024,3.59004,0.197178,0,0,280404,0,3.5061,0,0,0,0,0,0,0,1,1,1,1
rod-twist,tight,cell2dmin,3018vf,vf,259529,2.65058,1.5572,2.55519,0.177019,0,0,259527,0,2.55602,0,0,0,0,0,0,0,1,1,2,1
rod-twist,tight,cell2dmin,3041vf,vf,282795,2.63323,1.74283,1.82587,9.34333,0,0,282779,0,7.86367,16,0,0,0.00118374,5.93745e-05,0,7.17173e-06,0.0651747,0.0651819,16,0.0651741
rod-twist,tight,cell2dmin,3077ee,ee,1491258,2.6061,6.34829,11.3966,13.1853,0,0,1491243,0,14.9919,13,0,0,0.00189422,0.000297758,0,0.000157796,0.0652604,0.0654182,15,0.0652771
rod-twist,tight,cell2dmin,3117ee,ee,1463335,2.52408,6.29971,11.4231,3.49941,0,0,1463331,0,13.9621,3,0,0,0.000731969,0.000135335,0,0.000115478,0.0426788,0.0427943,4,0.0426788
rod-twist,tight,cell2dmin,3152vf,vf,262379,2.41743,1.69016,1.99412,1.97053,0,0,262377,0,2.68594,2,0,0,0.000949475,0.000949475,0,0.000772959,0.339592,0.340365,2,0.339592
rod-twist,tight,cell2dmin,3187vf,vf,312881,2.5981,1.81271,2.01527,3.56425,0,0,312868,0,2.55951,13,0,0,0.000391874,4.86902e-05,0,1.60942e-05,0.0398006,0.0398167,13,0.0397949
rod-twist,tight,cell2dmin,3216ee,ee,1654755,2.52008,6.79295,12.2741,14.6248,0,0,1654711,0,16.1997,42,0,0,0.00555641,2.39361e-05,0,6.16505e-06,0.0143166,0.0143228,44,0.0143166
rod-twist,tight,cell2dmin,3252vf,vf,291723,2.28716,1.72404,1.93025,0.219034,0,0,291722,0,1.94058,1,0,0,6.71995e-05,6.71995e-05,0,6.71995e-05,0.156418,0.156485,1,0.156418
rod-twist,tight,cell2dmin,3284vf,vf,324840,2.8579,1.94992,2.05664,1.10333,0,0,324834,0,2.46962,6,0,0,0.000861332,4.51718e-05,0,5.5706e-06,0.0301239,0.0301295,6,0.0301228
rod-twist,tight,cell2dmin,3312ee,ee,1764051,2.62565,6.56639,12.9053,18.6814,0,0,1764033,0,16.0702,14,0,0,0.00243152,0.000793518,0,0.000446937,0.109297,0.109744,18,0.109291
rod-twist,tight,cell2dmin,3340ee,ee,1648427,2.99089,6.8652,12.1949,1.42927,0,0,1648425,0,13.3123,2,0,0,0.00142169,0.00142169,0,0.00142169,0.211502,0.212924,2,0.211502
rod-twist,tight,cell2dmin,3372vf,vf,325068,3.36489,1.96778,2.12768,1.39343,0,0,325063,0,3.00474,5,0,0,0.00044799,4.35208e-05,0,5.47097e-06,0.0100065,0.010012,5,0.010005
rod-twist,tight,cell2dmin,3405ee,ee,1725023,3.58559,6.78431,13.3135,3.40246,0,0,1725019,0,14.259,4,0,0,0.00235814,0.000964316,0,0.000148742,0.0433382,0.043487,4,0.0433426
rod-twist,tight,cell2dmin,3430ee,ee,1826716,3.12643,6.72025,15.5086,11.2414,0,0,1826682,0,18.0152,4,0,0,0.00447679,0.00428747,0,0.000720213,0.164691,0.165411,34,0.164719
rod-twist,tight,cell2dmin,3453ee,ee,2118419,3.24269,7.02097,16.3057,333.434,2,0,2117045,0,73.5367,1051,0,0,0.0378941,0.000101615,0,8.02611e-07,3.40339e-05,3.48365e-05,1374,3.38554e-05
rod-twist,tight,cell2dmin,3475vf,vf,333548,2.93927,2.06407,2.69685,4.01604,0,0,333533,0,3.27939,6,0,0,0.00506678,0.000580729,0,7.47538e-05,0.0960437,0.0961184,15,0.0960541
rod-twist,tight,cell2dmin,3498vf,vf,388542,1.94592,2.27753,3.55506,11.6609,0,0,388518,0,5.79391,7,0,0,0.00117173,0.000143521,0,4.93218e-05,0.0402679,0.0403172,24,0.0402679
rod-twist,tight,cell2dmin,3521vf,vf,350990,2.0322,1.86714,4.93403,4.27862,0,0,350974,0,4.89704,2,0,0,0.00320129,0.00320129,0,0.000653537,0.168604,0.169258,16,0.168686
rod-twist,tight,cell2dmin,3544vf,vf,612958,2.14672,3.35583,3.43708,11.1691,0,0,612924,0,5.38227,15,0,0,0.00977711,0.000207532,0,8.35045e-06,0.00203879,0.00204714,34,0.00204086
rod-twist,tight,cell2dmin,3567ee,ee,1870826,2.71505,5.18205,6.98245,88.5147,1,0,1870525,0,25.0635,7,0,0,0.0244204,0.000541764,0,0.069402,0,0.069402,301,0
rod-twist,tight,cell2dmin,3590ee,ee,2048695,2.59679,5.47103,16.9616,96.9595,0,0,2048392,0,27.64,7,0,0,0.00988798,0.00288029,0,0.000145145,0.0244522,0.0245974,303,0.0244522
rod-twist,tight,cell2dmin,3613ee,ee,2026956,2.58527,5.52479,17.44,150.552,0,0,2026607,0,36.097,28,0,0,0.0143934,0.00155531,0,0.000228173,0.0174084,0.0176365,349,0.017334
rod-twist,tight,cell2dmin,3635vf,vf,369826,2.58319,2.01866,3.20618,4.16995,0,0,369798,0,3.51535,2,0,0,0.000839805,0.000839805,0,0.000327307,0.165192,0.165519,28,0.165192
rod-twist,tight,cell2dmin,3658vf,vf,383887,1.96948,2.28985,2.83572,21.3034,0,0,383850,0,12.2698,10,0,0,0.00604381,0.000156018,0,1.97555e-05,0.00425339,0.00427314,37,0.00425339
rod-twist,tight,cell2dmin,3681vf,vf,432601,2.03763,2.74296,5.95141,45.182,0,0,432488,0,9.03627,75,0,0,0.0104258,0.000218277,0,1.82826e-05,0.00171696,0.00173524,113,0.00171852
rod-twist,tight,cell2dmin,3704vf,vf,409450,2.03466,2.48572,3.02513,2.33622,0,0,409427,0,4.48175,3,0,0,0.00884967,0.00100594,0,9.65232e-05,0.0477982,0.0478947,23,0.0477982
rod-twist,tight,cell2dmin,3727ee,ee,2215811,2.56923,4.3143,34.3622,130.214,0,0,2215409,0,36.4137,65,0,0,0.030167,0.00118282,0,0.00158866,0.0128876,0.0144763,402,0.0129395
rod-twist,tight,cell2dmin,3750ee,ee,2297441,2.50847,5.87969,20.4048,208.854,0,0,2296961,0,40.2331,97,0,0,0.0323816,0.000574813,0,2.81431e-05,0.000890588,0.000918731,480,0.000888824
rod-twist,tight,cell2dmin,3773ee,ee,2733104,2.88353,6.38234,20.3898,549.853,4,0,2731170,0,142.029,1388,0,0,0.0315947,0.000337049,0,5.17488e-06,0.00202206,0.00202724,1934,0.00202274
rod-twist,tight,cell2dmin,3795vf,vf,406767,3.27699,2.4263,3.24586,32.7455,0,0,406727,0,22.0524,9,0,0,0.00207593,0.000134158,0,1.60345e-05,0.0110182,0.0110343,40,0.0110092
rod-twist,tight,cell2dmin,3818vf,vf,488962,2.20349,2.70718,5.18048,43.0711,0,0,488862,0,11.0356,69,0,0,0.0142516,0.000176038,0,2.4745e-05,0.00354879,0.00357353,100,0.00354195
rod-twist,tight,cell2dmin,3841vf,vf,406026,2.28614,1.84119,4.93662,11.5794,0,0,405998,0,5.08327,2,0,0,0.000779165,0.000779165,0,0.000687734,0.19494,0.195628,28,0.194958
rod-twist,tight,cell2dmin,3864vf,vf,399302,2.22041,2.16121,4.862,8.66464,0,0,399266,0,4.93739,4,0,0,0.00143442,0.000416354,0,0.00143442,0.131805,0.13324,36,0.131805
rod-twist,tight,cell2dmin,3887ee,ee,2278509,2.31286,4.81809,19.0789,237.543,1,0,2277994,0,36.6204,66,0,0,0.0252367,0.00127082,0,0.00101927,0.0177232,0.0187425,515,0.0177917
rod-twist,tight,cell2dmin,3910ee,ee,2430782,2.83083,6.96904,20.3746,184.941,3,0,2430237,0,56.1581,68,0,0,0.0184683,0.00100551,0,0.000169,0.0102554,0.0104244,545,0.0102539
rod-twist,tight,cell2dmin,3933ee,ee,2476439,3.09232,7.07,21.1274,89.905,1,0,2475955,0,31.3176,4,0,0,0.0026925,0.000948967,0,0.133321,0.000133246,0.133454,484,0.13324
rod-twist,tight,cell2dmin,3955vf,vf,594020,2.85899,2.76027,4.38963,134.819,1,0,593788,0,40.2901,176,0,0,0.0158932,5.71611e-05,0,3.25767e-07,7.81939e-05,7.85196e-05,232,7.82013e-05
rod-twist,tight,cell2dmin,3978vf,vf,430133,2.71928,2.07808,5.61494,2.92903,0,0,430127,0,5.66793,3,0,0,0.0003977,6.98901e-05,0,4.92188e-06,0.380535,0.38054,6,0.380535
rod-twist,tight,cell2dmin,791ee,ee,580337,2.47746,1.32674,3.16061,0.417332,0,0,580335,0,3.44278,2,0,0,0.000197448,0.000197448,0,9.19989e-05,0.248199,0.248291,2,0.248199
rod-twist,tight,cell2dmin,1022ee,ee,337396,0.836967,1.74036,2.36905,0.424019,0,0,337395,0,2.60475,1,0,0,0.000305632,0.000305632,0,0.000305632,0.313812,0.314118,1,0.313812
rod-twist,tight,cell2dmin,1263ee,ee,489290,1.84686,3.67749,3.64306,1.02029,0,0,489289,0,3.95051,1,0,0,0.000448969,0.000448969,0,0.000448969,0.31266,0.313109,1,0.31266
rod-twist,tight,cell2dmin,1301ee,ee,478843,1.83111,3.15975,3.46079,2.7523,0,0,478833,0,4.30301,10,0,0,0.000487062,0.000232445,0,3.71491e-05,0.0485521,0.0485893,10,0.0485535
rod-twist,tight,cell2dmin,1353ee,ee,522979,1.81735,3.91227,4.15687,0.375861,0,0,522978,0,4.36531,1,0,0,0.000200137,0.000200137,0,0.000200137,0.0840263,0.0842265,1,0.0840263
rod-twist,tight,cell2dmin,1389ee,ee,517764,1.84631,3.80981,3.98836,0.98589,0,0,517762,0,4.37334,1,0,0,0.000126119,0.000126119,0,0.000126119,0.151211,0.151337,2,0.151211
rod-twist,tight,cell2dmin,1456ee,ee,491047,2.30793,3.95531,3.99959,0.279319,0,0,491046,0,4.35868,1,0,0,0.000529911,0.000529911,0,0.000529911,0.2173,0.21783,1,0.2173
rod-twist,tight,cell2dmin,1517ee,ee,549574,2.38002,3.82984,4.2335,0.994498,0,0,549569,0,5.02436,5,0,0,0.00252455,0.000101114,0,3.13972e-05,0.040741,0.0407724,5,0.040741
rod-twist,tight,cell2dmin,1555vf,vf,113125,1.19891,1.1998,1.27132,1.24844,0,0,113124,0,1.33858,1,0,0,0.00154315,0.00154315,0,0.00154315,0.307648,0.309191,1,0.307648
rod-twist,tight,cell2dmin,1583ee,ee,1637625,2.49103,5.71916,7.99336,48.1956,1,0,1637478,0,13.6697,136,0,0,0.00325246,0.000100952,0,2.65717e-05,0.0200598,0.0200863,147,0.0200615
rod-twist,tight,cell2dmin,1646ee,ee,581233,2.89319,4.26819,4.76642,2.65538,0,0,581230,0,7.50953,3,0,0,0.000384729,0.000164378,0,8.83687e-05,0.0828917,0.0829801,3,0.0828934
rod-twist,tight,cell2dmin,1690ee,ee,644553,2.95863,4.55199,5.13642,6.40355,0,0,644539,0,7.42816,14,0,0,0.00643887,0.000253517,0,2.44248e-05,0.034627,0.0346515,14,0.0346298
rod-twist,tight,cell2dmin,1720ee,ee,651256,3.49769,4.46451,5.36784,1.28396,0,0,651254,0,5.85925,1,0,0,0.00318648,0.00318648,0,0.00318648,0.419678,0.422864,2,0.419678
rod-twist,tight,cell2dmin,1748ee,ee,634727,3.39683,4.65906,5.21786,2.16201,0,0,634715,0,5.92401,12,0,0,0.00191986,3.81582e-05,0,3.2013e-05,0.0885943,0.0886263,12,0.0885944
rod-twist,tight,cell2dmin,1776vf,vf,132542,3.58399,1.36975,1.00106,0.180123,0,0,132541,0,1.10275,1,0,0,5.96139e-05,5.96139e-05,0,5.96139e-05,0.0867462,0.0868058,1,0.0867462
rod-twist,tight,cell2dmin,1807ee,ee,638978,3.56114,4.72629,5.48102,3.81336,0,0,638977,0,5.87454,1,0,0,0.00478774,0.00478774,0,0.00478774,0.40773,0.412518,1,0.40773
rod-twist,tight,cell2dmin,1831vf,vf,141719,3.34038,1.41881,1.11312,1.36466,0,0,141714,0,1.21795,5,0,0,0.000850767,0.000366366,0,2.92178e-05,0.0177317,0.0177609,5,0.0177269
rod-twist,tight,cell2dmin,1859vf,vf,141707,3.68277,1.53509,1.23523,3.11811,0,0,141698,0,2.33055,9,0,0,0.000302569,0.000121229,0,6.02517e-05,0.0623641,0.0624243,9,0.0623741
rod-twist,tight,cell2dmin,1893vf,vf,126970,3.854,1.35314,1.03917,0.39858,0,0,126969,0,1.03991,1,0,0,0.000706453,0.000706453,0,0.000706453,0.332169,0.332875,1,0.332169
rod-twist,tight,cell2dmin,1927ee,ee,750699,3.91998,4.79147,5.94462,9.74716,0,0,750680,0,7.4608,13,0,0,0.00265354,0.000126051,0,3.8262e-05,0.0181465,0.0181848,19,0.0181427
rod-twist,tight,cell2dmin,1956ee,ee,792743,3.42479,4.82814,6.15566,9.18932,0,0,792718,0,8.01131,23,0,0,0.00129082,0.000192143,0,0.000128865,0.0502133,0.0503422,25,0.0501709
rod-twist,tight,cell2dmin,1985vf,vf,528252,3.91243,5.70069,2.43845,19.8037,0,0,528110,0,4.38947,140,0,0,0.0105962,4.93355e-05,0,5.93299e-06,0.006997,0.00700294,142,0.00699711
rod-twist,tight,cell2dmin,2027ee,ee,732020,3.55525,4.65868,6.05755,9.54269,0,0,732005,0,8.12971,13,0,0,0.00816126,0.000119371,0,2.41847e-05,0.0251245,0.0251487,15,0.0251274
rod-twist,tight,cell2dmin,2079vf,vf,159144,3.49055,1.52722,1.16745,0.494353,0,0,159139,0,1.47131,5,0,0,1.68445e-05,8.54503e-06,0,1.68445e-05,0.0122223,0.0122391,5,0.0122223
rod-twist,tight,cell2dmin,2110ee,ee,807841,3.69368,4.90472,6.32998,3.4941,0,0,807835,0,7.51414,6,0,0,0.000705531,0.000269546,0,0.000422472,0.0815735,0.081996,6,0.0815735
rod-twist,tight,cell2dmin,2142ee,ee,824215,3.41737,4.92552,6.64041,5.37689,0,0,824199,0,7.92821,14,0,0,0.00156883,0.000325018,0,0.000325018,0.0597229,0.0600479,16,0.0597229
rod-twist,tight,cell2dmin,2166vf,vf,180778,3.5765,1.6283,1.33433,1.36518,0,0,180773,0,1.68558,5,0,0,0.00289602,0.00026356,0,2.46068e-06,0.0145821,0.0145846,5,0.0145798
rod-twist,tight,cell2dmin,2189vf,vf,185857,3.76414,1.64888,1.45954,5.08439,0,0,185846,0,3.47449,10,0,0,0.000555925,0.000162256,0,2.48707e-05,0.0628357,0.0628606,11,0.0628357
rod-twist,tight,cell2dmin,2213vf,vf,170781,3.82536,1.45896,1.3414,1.02688,0,0,170776,0,1.46408,5,0,0,0.000544561,0.000133151,0,7.55185e-05,0.02976,0.0298355,5,0.0297623
rod-twist,tight,cell2dmin,2236ee,ee,881389,3.69736,5.2688,7.30589,9.66896,0,0,881372,0,9.1402,12,0,0,0.00861057,0.000798118,0,0.000115407,0.0492234,0.0493388,17,0.0492516
rod-twist,tight,cell2dmin,2259vf,vf,199921,3.35507,1.5997,1.4333,1.56031,0,0,199917,0,1.92452,4,0,0,0.000377674,0.000355238,0,2.18758e-05,0.0177536,0.0177755,4,0.0177536
rod-twist,tight,cell2dmin,2282vf,vf,192187,4.45382,1.81451,1.46863,24.8618,0,0,192121,0,6.33523,62,0,0,0.00342922,4.1375e-05,0,1.13194e-05,0.00264536,0.00265668,66,0.00264549
rod-twist,tight,cell2dmin,2307ee,ee,859513,3.97307,7.29815,7.52531,22.4979,0,0,859453,0,14.664,50,0,0,0.00527851,0.000168235,0,1.35643e-06,0.00197601,0.00197737,60,0.00197601
rod-twist,tight,cell2dmin,2332ee,ee,858501,3.59266,7.49443,8.31453,2.90932,0,0,858495,0,9.00514,2,0,0,0.00250836,0.00250836,0,0.000238298,0.210266,0.210504,6,0.210266
rod-twist,tight,cell2dmin,2358ee,ee,951141,3.4837,7.44634,8.76028,9.60774,1,0,951131,0,10.0328,2,0,0,0.0088836,0.0088836,0,0.000279054,0.194084,0.194363,10,0.194084
rod-twist,tight,cell2dmin,2382ee,ee,1029109,3.9036,8.3841,8.22551,145.914,0,0,1028828,0,21.1114,244,0,0,0.0282241,0.000162949,0,7.23796e-06,0.00132586,0.0013331,281,0.00132561
rod-twist,tight,cell2dmin,2405vf,vf,189778,3.52591,1.72228,3.17719,5.88712,0,0,189764,0,3.19258,14,0,0,0.00201733,0.000165019,0,1.59127e-05,0.0241993,0.0242152,14,0.0241985
rod-twist,tight,cell2dmin,2431ee,ee,930926,4.00058,8.23073,8.87285,4.93403,0,0,930913,0,10.3738,2,0,0,0.00182188,0.00182188,0,0.00130933,0.265778,0.267087,13,0.265778
rod-twist,tight,cell2dmin,2456ee,ee,947330,3.43887,8.54112,7.37159,7.64092,1,0,947313,0,10.5157,4,0,0,0.000969611,0.000580273,0,0.0645379,0,0.0645379,17,0
rod-twist,tight,cell2dmin,2479vf,vf,179577,3.73595,1.69928,1.70005,0.173883,0,0,179576,0,1.80257,1,0,0,0.000119522,0.000119522,0,0.000119522,0.0754547,0.0755742,1,0.0754547
rod-twist,tight,cell2dmin,2502vf,vf,234432,4.16023,1.90391,1.67963,8.98696,0,0,234393,0,4.86414,37,0,0,0.00511803,3.68581e-05,0,2.38659e-06,0.00246322,0.00246561,39,0.00246429
rod-twist,tight,cell2dmin,2526ee,ee,1073690,4.26973,9.20513,9.33975,88.6057,2,0,1073588,0,32.4427,72,0,0,0.00620415,0.00053525,0,0.000146266,0.0110695,0.0112158,102,0.0110626
rod-twist,tight,cell2dmin,2549ee,ee,1156862,3.82561,8.46055,9.56899,101.762,0,0,1156747,0,25.3303,72,0,0,0.0122357,0.00056067,0,2.11793e-05,0.00384448,0.00386566,115,0.0038414
rod-twist,tight,cell2dmin,2573ee,ee,1015444,3.64664,9.13429,9.30062,19.4276,0,0,1015411,0,13.0661,9,0,0,0.026686,0.000760151,0,0.000617589,0.0912099,0.0918275,33,0.0911789
rod-twist,tight,cell2dmin,2596vf,vf,207277,3.495,1.7323,1.67665,6.93589,0,0,207264,0,4.08845,12,0,0,0.00733216,8.22407e-05,0,8.44503e-05,0.0842414,0.0843258,13,0.0842514
rod-twist,tight,cell2dmin,2622ee,ee,1073716,3.99626,9.52464,12.0329,3.74651,0,0,1073696,0,12.2686,0,0,0,0,0,0,0,1,1,20,1
rod-twist,tight,cell2dmin,2644vf,vf,269815,3.65925,1.98202,2.00483,12.1314,0,0,269787,0,4.65631,22,0,0,0.013437,0.000147776,0,1.0194e-05,0.00251075,0.00252095,28,0.00251007
rod-twist,tight,cell2dmin,2667vf,vf,201857,4.14727,1.64859,1.81323,1.57778,0,0,201853,0,2.46946,1,0,0,0.00155517,0.00155517,0,0.00155517,0.273468,0.275023,4,0.273468
rod-twist,tight,cell2dmin,2690vf,vf,228023,4.42041,1.87873,8.257,10.621,0,0,228012,0,8.18075,10,0,0,0.00527491,0.000250721,0,1.54144e-05,0.0515252,0.0515406,11,0.0515213
rod-twist,tight,cell2dmin,2714ee,ee,1106866,4.16797,8.54822,15.0248,5.49651,0,0,1106842,0,15.4106,0,0,0,0,0,0,0,1,1,24,1
rod-twist,tight,cell2dmin,2737ee,ee,1129390,3.49506,8.58736,10.152,21.3755,1,0,1129346,0,14.6351,5,0,0,0.000945368,0.000466985,0,5.70354e-05,0.0245881,0.0246451,44,0.0245667
rod-twist,tight,cell2dmin,2761vf,vf,233358,3.50828,1.73201,1.78215,0.652044,0,0,233356,0,2.1689,1,0,0,2.05832e-05,2.05832e-05,0,2.05832e-05,0.0164108,0.0164314,2,0.0164108
rod-twist,tight,cell2dmin,2785vf,vf,283025,4.29213,1.91825,2.11805,1.21974,0,0,283022,0,2.7139,2,0,0,0.00152598,0.00152598,0,6.49086e-05,0.104199,0.104264,3,0.104187
rod-twist,tight,cell2dmin,2808ee,ee,1324480,4.17811,9.1307,11.0431,25.5909,0,0,1324413,0,17.103,18,0,0,0.00257519,0.00038646,0,1.7141e-05,0.008469,0.00848614,67,0.00847626
rod-twist,tight,cell2dmin,2832ee,ee,1224481,3.51317,8.81893,11.209,32.719,0,0,1224424,0,16.9044,16,0,0,0.0113587,0.000546364,0,0.00012774,0.0211119,0.0212396,57,0.0211105
rod-twist,tight,cell2dmin,2856vf,vf,273715,3.738,1.91569,2.15325,2.07235,0,0,273711,0,2.98346,2,0,0,0.002258,0.002258,0,1.95684e-05,0.137306,0.137326,4,0.137306
rod-twist,tight,cell2dmin,2881ee,ee,1472159,4.16944,9.31322,11.7488,116.057,0,0,1471795,0,31.302,307,0,0,0.0243664,0.000135738,0,4.07977e-06,0.00150812,0.0015122,364,0.00150681
rod-twist,tight,cell2dmin,2903vf,vf,246089,3.51602,1.86346,1.40354,3.14871,1,0,246076,0,3.1408,9,0,0,0.00278438,0.000144814,0,0.0295277,0,0.0295277,13,0
rod-twist,tight,cell2dmin,2926vf,vf,245763,4.22586,1.78487,2.07651,1.58629,0,0,245758,0,2.64443,2,0,0,0.00110766,0.00110766,0,3.46169e-05,0.224223,0.224257,5,0.22422
rod-twist,tight,cell2dmin,2949vf,vf,277757,4.12164,1.94592,2.33071,5.7749,0,0,277737,0,4.26969,16,0,0,0.00240284,0.000287996,0,0.000265155,0.026535,0.0268001,20,0.0265121
rod-twist,tight,cell2dmin,2972vf,vf,261254,4.27075,1.63461,2.01322,2.53976,0,0,261245,0,2.96484,6,0,0,0.00270726,0.00117378,0,0.000179673,0.0135498,0.0137295,9,0.0135498
rod-twist,tight,cell2dmin,2995vf,vf,280405,4.1617,1.897,3.55557,0.230617,0,0,280404,0,3.59128,0,0,0,0,0,0,0,1,1,1,1
rod-twist,tight,cell2dmin,3018vf,vf,259529,4.1266,1.76324,2.50277,0.238105,0,0,259527,0,2.58587,0,0,0,0,0,0,0,1,1,2,1
rod-twist,tight,cell2dmin,3041vf,vf,282795,4.25626,2.17955,1.85642,9.40525,0,0,282779,0,7.73973,16,0,0,0.00118374,5.93745e-05,0,7.17173e-06,0.0651747,0.0651819,16,0.0651741
rod-twist,tight,cell2dmin,3077ee,ee,1491258,4.01761,9.0452,11.321,13.0823,0,0,1491243,0,15.1495,13,0,0,0.00189422,0.000297758,0,0.000157796,0.0652604,0.0654182,15,0.0652771
rod-twist,tight,cell2dmin,3117ee,ee,1463335,3.52713,8.83913,11.3317,3.59042,0,0,1463331,0,14.204,3,0,0,0.000731969,0.000135335,0,0.000115478,0.0426788,0.0427943,4,0.0426788
rod-twist,tight,cell2dmin,3152vf,vf,262379,3.47545,1.7642,1.94186,2.02659,0,0,262377,0,2.79294,2,0,0,0.000949475,0.000949475,0,0.000772959,0.339592,0.340365,2,0.339592
rod-twist,tight,cell2dmin,3187vf,vf,312881,4.13556,2.03172,2.00772,3.6557,0,0,312868,0,2.6892,13,0,0,0.000391874,4.86902e-05,0,1.60942e-05,0.0398006,0.0398167,13,0.0397949
rod-twist,tight,cell2dmin,3216ee,ee,1654755,4.01319,10.0457,12.2432,14.6769,0,0,1654711,0,16.3919,42,0,0,0.00555641,2.39361e-05,0,6.16505e-06,0.0143166,0.0143228,44,0.0143166
rod-twist,tight,cell2dmin,3252vf,vf,291723,3.49474,1.96212,1.92138,0.216409,0,0,291722,0,3.77006,1,0,0,6.71995e-05,6.71995e-05,0,6.71995e-05,0.156418,0.156485,1,0.156418
rod-twist,tight,cell2dmin,3284vf,vf,324840,4.22103,2.24153,2.09069,1.17065,0,0,324834,0,2.53999,6,0,0,0.000861332,4.51718e-05,0,5.5706e-06,0.0301239,0.0301295,6,0.0301228
rod-twist,tight,cell2dmin,3312ee,ee,1764051,3.98647,9.46567,12.8459,18.7555,0,0,1764033,0,16.3435,14,0,0,0.00243152,0.000793518,0,0.000446937,0.109297,0.109744,18,0.109291
rod-twist,tight,cell2dmin,3340ee,ee,1648427,3.47631,9.3873,12.2028,1.47324,0,0,1648425,0,13.5801,2,0,0,0.00142169,0.00142169,0,0.00142169,0.211502,0.212924,2,0.211502
rod-twist,tight,cell2dmin,3372vf,vf,325068,3.51119,2.09584,2.15299,1.39164,0,0,325063,0,3.06301,5,0,0,0.00044799,4.35208e-05,0,5.47097e-06,0.0100065,0.010012,5,0.010005
rod-twist,tight,cell2dmin,3405ee,ee,1725023,3.9298,9.19851,13.232,3.4271,0,0,1725019,0,14.1221,4,0,0,0.00235814,0.000964316,0,0.000148742,0.0433382,0.043487,4,0.0433426
rod-twist,tight,cell2dmin,3430ee,ee,1826716,3.47686,9.49328,15.3539,11.4267,0,0,1826682,0,18.1938,4,0,0,0.00447679,0.00428747,0,0.000720213,0.164691,0.165411,34,0.164719
rod-twist,tight,cell2dmin,3453ee,ee,2118419,3.60399,9.82095,16.2045,333.099,2,0,2117045,0,73.1755,1051,0,0,0.0378941,0.000101615,0,8.02611e-07,3.40339e-05,3.48365e-05,1374,3.38554e-05
rod-twist,tight,cell2dmin,3475vf,vf,333548,3.13373,1.93351,2.66616,4.029,0,0,333533,0,3.42294,6,0,0,0.00506678,0.000580729,0,7.47538e-05,0.0960437,0.0961184,15,0.0960541
rod-twist,tight,cell2dmin,3498vf,vf,388542,2.07469,2.39122,3.54511,11.762,0,0,388518,0,5.83375,7,0,0,0.00117173,0.000143521,0,4.93218e-05,0.0402679,0.0403172,24,0.0402679
rod-twist,tight,cell2dmin,3521vf,vf,350990,2.18121,1.9729,4.94817,4.32947,0,0,350974,0,4.97723,2,0,0,0.00320129,0.00320129,0,0.000653537,0.168604,0.169258,16,0.168686
rod-twist,tight,cell2dmin,3544vf,vf,612958,2.38361,4.24061,3.43394,10.4973,0,0,612924,0,5.42489,15,0,0,0.00977711,0.000207532,0,8.35045e-06,0.00203879,0.00204714,34,0.00204086
rod-twist,tight,cell2dmin,3567ee,ee,1870826,3.27321,6.95109,6.42105,88.9898,1,0,1870525,0,25.1814,7,0,0,0.0244204,0.000541764,0,0.069402,0,0.069402,301,0
rod-twist,tight,cell2dmin,3590ee,ee,2048695,2.73617,7.20276,16.4892,96.9509,0,0,2048392,0,27.5302,7,0,0,0.00988798,0.00288029,0,0.000145145,0.0244522,0.0245974,303,0.0244522
rod-twist,tight,cell2dmin,3613ee,ee,2026956,2.56991,7.37095,17.4251,149.876,0,0,2026607,0,36.1053,28,0,0,0.0143934,0.00155531,0,0.000228173,0.0174084,0.0176365,349,0.017334
rod-twist,tight,cell2dmin,3635vf,vf,369826,2.72926,2.1991,3.29321,4.23219,0,0,369798,0,3.55996,2,0,0,0.000839805,0.000839805,0,0.000327307,0.165192,0.165519,28,0.165192
rod-twist,tight,cell2dmin,3658vf,vf,383887,2.17933,2.33807,2.82232,21.366,0,0,383850,0,12.3309,10,0,0,0.00604381,0.000156018,0,1.97555e-05,0.00425339,0.00427314,37,0.00425339
rod-twist,tight,cell2dmin,3681vf,vf,432601,2.2152,2.82657,5.94651,45.1465,0,0,432488,0,9.15765,75,0,0,0.0104258,0.000218277,0,1.82826e-05,0.00171696,0.00173524,113,0.00171852
rod-twist,tight,cell2dmin,3704vf,vf,409450,2.42738,2.48418,3.0522,2.35183,0,0,409427,0,4.56188,3,0,0,0.00884967,0.00100594,0,9.65232e-05,0.0477982,0.0478947,23,0.0477982
rod-twist,tight,cell2dmin,3727ee,ee,2215811,2.45212,5.64818,34.8755,129.288,0,0,2215409,0,36.4958,65,0,0,0.030167,0.00118282,0,0.00158866,0.0128876,0.0144763,402,0.0129395
rod-twist,tight,cell2dmin,3750ee,ee,2297441,2.57371,7.55622,20.3632,207.619,0,0,2296961,0,40.3637,97,0,0,0.0323816,0.000574813,0,2.81431e-05,0.000890588,0.000918731,480,0.000888824
rod-twist,tight,cell2dmin,3773ee,ee,2733104,2.91415,8.23521,20.3388,548.572,4,0,2731170,0,142.076,1388,0,0,0.0315947,0.000337049,0,5.17488e-06,0.00202206,0.00202724,1934,0.00202274
rod-twist,tight,cell2dmin,3795vf,vf,406767,3.2295,2.24444,3.20461,32.7717,0,0,406727,0,22.0782,9,0,0,0.00207593,0.000134158,0,1.60345e-05,0.0110182,0.0110343,40,0.0110092
rod-twist,tight,cell2dmin,3818vf,vf,488962,2.14346,2.68002,5.20573,43.1714,0,0,488862,0,11.0881,69,0,0,0.0142516,0.000176038,0,2.4745e-05,0.00354879,0.00357353,100,0.00354195
rod-twist,tight,cell2dmin,3841vf,vf,406026,2.21027,1.86622,4.92379,11.5396,0,0,405998,0,4.96359,2,0,0,0.000779165,0.000779165,0,0.000687734,0.19494,0.195628,28,0.194958
rod-twist,tight,cell2dmin,3864vf,vf,399302,2.34636,2.09056,4.90152,8.69107,0,0,399266,0,4.94907,4,0,0,0.00143442,0.000416354,0,0.00143442,0.131805,0.13324,36,0.131805
rod-twist,tight,cell2dmin,3887ee,ee,2278509,2.17254,4.43993,19.3357,237.148,1,0,2277994,0,36.7151,66,0,0,0.0252367,0.00127082,0,0.00101927,0.0177232,0.0187425,515,0.0177917
rod-twist,tight,cell2dmin,3910ee,ee,2430782,2.76782,6.61679,20.273,185.781,3,0,2430237,0,56.0687,68,0,0,0.0184683,0.00100551,0,0.000169,0.0102554,0.0104244,545,0.0102539
rod-twist,tight,cell2dmin,3933ee,ee,2476439,2.70792,6.79365,21.1043,89.6593,1,0,2475955,0,31.5253,4,0,0,0.0026925,0.000948967,0,0.133321,0.000133246,0.133454,484,0.13324
rod-twist,tight,cell2dmin,3955vf,vf,594020,2.51698,2.74942,4.35203,143.653,1,0,593788,0,40.7718,176,0,0,0.0158932,5.71611e-05,0,3.25767e-07,7.81939e-05,7.85196e-05,232,7.82013e-05
rod-twist,tight,cell2dmin,3978vf,vf,430133,2.37311,2.0217,5.54067,2.89278,0,0,430127,0,5.68466,3,0,0,0.0003977,6.98901e-05,0,4.92188e-06,0.380535,0.38054,6,0.380535
rod-twist,tight,cell2dmin,791ee,ee,580337,2.3975,1.39839,3.20701,0.415123,0,0,580335,0,3.40502,2,0,0,0.000197448,0.000197448,0,9.19989e-05,0.248199,0.248291,2,0.248199
rod-twist,tight,cell2dminsort,1022ee,ee,337396,1.04474,1.01693,2.38256,0.426228,0,0,337395,0,2.86389,1,0,0,0.000305632,0.000305632,0,0.000305632,0.313812,0.314118,1,0.313812
rod-twist,tight,cell2dminsort,1263ee,ee,489290,1.87774,2.7214,3.67853,1.03012,0,0,489289,0,3.95967,1,0,0,0.000448969,0.000448969,0,0.000448969,0.31266,0.313109,1,0.31266
rod-twist,tight,cell2dminsort,1301ee,ee,478843,1.98321,2.49357,3.54509,2.74751,0,0,478833,0,4.46382,10,0,0,0.000487062,0.000232445,0,3.71491e-05,0.0485521,0.0485893,10,0.0485535
rod-twist,tight,cell2dminsort,1353ee,ee,522979,2.27511,3.17524,4.08744,0.382806,0,0,522978,0,4.25355,1,0,0,0.000200137,0.000200137,0,0.000200137,0.0840263,0.0842265,1,0.0840263
rod-twist,tight,cell2dminsort,1389ee,ee,517764,2.33264,2.95106,4.00671,1.02045,0,0,517762,0,4.41732,1,0,0,0.000126119,0.000126119,0,0.000126119,0.151211,0.151337,2,0.151211
rod-twist,tight,cell2dminsort,1456ee,ee,491047,2.39222,3.30174,4.00668,0.291608,0,0,491046,0,4.25781,1,0,0,0.000529911,0.000529911,0,0.000529911,0.2173,0.21783,1,0.2173
rod-twist,tight,cell2dminsort,1517ee,ee,549574,2.52765,3.16321,4.26194,1.00868,0,0,549569,0,5.01405,5,0,0,0.00252455,0.000101114,0,3.13972e-05,0.040741,0.0407724,5,0.040741
rod-twist,tight,cell2dminsort,1555vf,vf,113125,1.2255,1.20694,1.31398,1.20794,0,0,113124,0,1.32173,1,0,0,0.00154315,0.00154315,0,0.00154315,0.307648,0.309191,1,0.307648
rod-twist,tight,cell2dminsort,1583ee,ee,1637625,2.47386,4.69482,7.94379,47.9511,1,0,1637478,0,14.9187,136,0,0,0.00325246,0.000100952,0,2.65717e-05,0.0200598,0.0200863,147,0.0200615
rod-twist,tight,cell2dminsort,1646ee,ee,581233,1.77346,3.30251,4.75357,2.6224,0,0,581230,0,7.43296,3,0,0,0.000384729,0.000164378,0,8.83687e-05,0.0828917,0.0829801,3,0.0828934
rod-twist,tight,cell2dminsort,1690ee,ee,644553,2.37309,3.30868,5.05673,6.38012,0,0,644539,0,7.45712,14,0,0,0.00643887,0.000253517,0,2.44248e-05,0.034627,0.0346515,14,0.0346298
rod-twist,tight,cell2dminsort,1720ee,ee,651256,2.36832,3.6177,5.30501,1.22394,0,0,651254,0,5.78836,1,0,0,0.00318648,0.00318648,0,0.00318648,0.419678,0.422864,2,0.419678
rod-twist,tight,cell2dminsort,1748ee,ee,634727,2.43795,3.69805,5.26898,2.10836,0,0,634715,0,5.84385,12,0,0,0.00191986,3.81582e-05,0,3.2013e-05,0.0885943,0.0886263,12,0.0885944
rod-twist,tight,cell2dminsort,1776vf,vf,132542,2.4624,1.2361,0.990054,0.08307,0,0,132541,0,1.12983,1,0,0,5.96139e-05,5.96139e-05,0,5.96139e-05,0.0867462,0.0868058,1,0.0867462
rod-twist,tight,cell2dminsort,1807ee,ee,638978,2.29671,3.6992,8.16459,3.7895,0,0,638977,0,8.35841,1,0,0,0.00478774,0.00478774,0,0.00478774,0.40773,0.412518,1,0.40773
rod-twist,tight,cell2dminsort,1831vf,vf,141719,2.92194,1.33165,1.07786,1.29747,0,0,141714,0,1.24528,5,0,0,0.000850767,0.000366366,0,3.25955e-05,0.0177283,0.0177609,5,0.0177269
rod-twist,tight,cell2dminsort,1859vf,vf,141707,2.34083,1.5022,1.25174,3.1059,0,0,141698,0,2.217,9,0,0,0.000302569,0.000121229,0,6.02517e-05,0.0623641,0.0624243,9,0.0623741
rod-twist,tight,cell2dminsort,1893vf,vf,126970,2.29828,1.24451,1.01953,0.331383,0,0,126969,0,1.00772,1,0,0,0.000706453,0.000706453,0,0.000706453,0.332169,0.332875,1,0.332169
rod-twist,tight,cell2dminsort,1927ee,ee,750699,2.4487,4.12978,5.95325,9.69904,0,0,750680,0,7.3936,13,0,0,0.00265354,0.000126051,0,3.8262e-05,0.0181465,0.0181848,19,0.0181427
rod-twist,tight,cell2dminsort,1956ee,ee,792743,2.42112,3.85132,6.20976,9.11915,0,0,792718,0,7.84136,23,0,0,0.00129082,0.000192143,0,0.000128865,0.0502133,0.0503422,25,0.0501709
rod-twist,tight,cell2dminsort,1985vf,vf,528252,2.53638,5.42664,2.44224,19.8656,0,0,528110,0,4.35742,140,0,0,0.0105962,4.93355e-05,0,5.93299e-06,0.006997,0.00700294,142,0.00699711
rod-twist,tight,cell2dminsort,2027ee,ee,732020,2.17102,3.8886,5.996,9.65168,0,0,732005,0,8.16315,13,0,0,0.00816126,0.000119371,0,2.41847e-05,0.0251245,0.0251487,15,0.0251274
rod-twist,tight,cell2dminsort,2079vf,vf,159144,2.4297,1.43891,1.17523,0.426453,0,0,159139,0,1.43375,5,0,0,1.68445e-05,8.54503e-06,0,1.68445e-05,0.0122223,0.0122391,5,0.0122223
rod-twist,tight,cell2dminsort,2110ee,ee,807841,2.36426,3.86403,6.30649,3.48023,0,0,807835,0,7.29094,6,0,0,0.000705531,0.000269546,0,0.000422472,0.0815735,0.081996,6,0.0815735
rod-twist,tight,cell2dminsort,2142ee,ee,824215,2.22193,3.81424,6.61301,5.31119,0,0,824199,0,7.87288,14,0,0,0.00156883,0.000325018,0,0.000325018,0.0597229,0.0600479,16,0.0597229
rod-twist,tight,cell2dminsort,2166vf,vf,180778,2.3928,1.51148,1.33817,1.29008,0,0,180773,0,1.7261,5,0,0,0.00289602,0.00026356,0,2.46068e-06,0.0145821,0.0145846,5,0.0145798
rod-twist,tight,cell2dminsort,2189vf,vf,185857,2.53203,1.60946,1.4662,5.10675,0,0,185846,0,3.42682,10,0,0,0.000555925,0.000162256,0,2.48707e-05,0.0628357,0.0628606,11,0.0628357
rod-twist,tight,cell2dminsort,2213vf,vf,170781,2.53133,1.43587,1.32118,1.06548,0,0,170776,0,1.44191,5,0,0,0.000544561,0.000133151,0,7.55185e-05,0.02976,0.0298355,5,0.0297623
rod-twist,tight,cell2dminsort,2236ee,ee,881389,2.4152,4.07413,7.31981,9.67856,0,0,881372,0,9.12235,12,0,0,0.00861057,0.000798118,0,0.000115407,0.0492234,0.0493388,17,0.0492516
rod-twist,tight,cell2dminsort,2259vf,vf,199921,2.60864,1.46335,1.43977,1.48866,0,0,199917,0,1.982,4,0,0,0.000377674,0.000355238,0,2.18758e-05,0.0177536,0.0177755,4,0.0177536
rod-twist,tight,cell2dminsort,2282vf,vf,192187,2.71148,1.62981,1.44291,24.9927,0,0,192121,0,6.38265,62,0,0,0.00342922,4.1375e-05,0,1.13194e-05,0.00264536,0.00265668,66,0.00264549
rod-twist,tight,cell2dminsort,2307ee,ee,859513,2.67711,4.25848,7.45472,22.5607,0,0,859453,0,14.4171,50,0,0,0.00527851,0.000168235,0,1.35643e-06,0.00197601,0.00197737,60,0.00197601
rod-twist,tight,cell2dminsort,2332ee,ee,858501,2.61219,4.14469,8.34529,2.80191,0,0,858495,0,8.76777,2,0,0,0.00250836,0.00250836,0,0.000238298,0.210266,0.210504,6,0.210266
rod-twist,tight,cell2dminsort,2358ee,ee,951141,2.47747,4.21039,9.52615,9.63028,1,0,951131,0,9.86352,2,0,0,0.0088836,0.0088836,0,0.000279054,0.194084,0.194363,10,0.194084
rod-twist,tight,cell2dminsort,2382ee,ee,1029109,2.79375,4.82621,8.27886,151.199,0,0,1028828,0,20.8769,244,0,0,0.0282241,0.000162949,0,7.23796e-06,0.00132586,0.0013331,281,0.00132561
rod-twist,tight,cell2dminsort,2405vf,vf,189778,2.49414,1.44281,3.09678,5.89265,0,0,189764,0,3.13323,14,0,0,0.00201733,0.000165019,0,1.59127e-05,0.0241993,0.0242152,14,0.0241985
rod-twist,tight,cell2dminsort,2431ee,ee,930926,3.1099,6.37913,8.95327,4.85443,0,0,930913,0,10.4088,2,0,0,0.00182188,0.00182188,0,0.00130933,0.265778,0.267087,13,0.265778
rod-twist,tight,cell2dminsort,2456ee,ee,947330,2.94607,7.03322,7.36426,7.65874,1,0,947313,0,10.4901,4,0,0,0.000969611,0.000580273,0,0.0645379,0,0.0645379,17,0
rod-twist,tight,cell2dminsort,2479vf,vf,179577,3.24456,1.48188,1.71845,0.116573,0,0,179576,0,1.70933,1,0,0,0.000119522,0.000119522,0,0.000119522,0.0754547,0.0755742,1,0.0754547
rod-twist,tight,cell2dminsort,2502vf,vf,234432,3.36174,1.76786,1.73909,8.96162,0,0,234393,0,4.8255,37,0,0,0.00511803,3.68581e-05,0,2.38659e-06,0.00246322,0.00246561,39,0.00246429
rod-twist,tight,cell2dminsort,2526ee,ee,1073690,3.34788,6.91998,9.41898,88.8052,2,0,1073588,0,34.9631,72,0,0,0.00620415,0.00053525,0,0.000146266,0.0110695,0.0112158,102,0.0110626
rod-twist,tight,cell2dminsort,2549ee,ee,1156862,3.22958,7.14509,9.41079,102.855,0,0,1156747,0,23.2518,72,0,0,0.0122357,0.00056067,0,2.12306e-05,0.00384443,0.00386566,115,0.0038414
rod-twist,tight,cell2dminsort,2573ee,ee,1015444,3.47274,7.27616,9.39246,19.5583,0,0,1015411,0,13.2405,9,0,0,0.026686,0.000760151,0,0.000617589,0.0912099,0.0918275,33,0.0911789
rod-twist,tight,cell2dminsort,2596vf,vf,207277,3.07499,1.60591,1.65928,6.97515,0,0,207264,0,4.11919,12,0,0,0.00733216,8.22407e-05,0,8.44503e-05,0.0842414,0.0843258,13,0.0842514
rod-twist,tight,cell2dminsort,2622ee,ee,1073716,3.35031,7.42857,12.1358,3.67693,0,0,1073696,0,12.3916,0,0,0,0,0,0,0,1,1,20,1
rod-twist,tight,cell2dminsort,2644vf,vf,269815,2.89087,1.89073,1.9723,12.1582,0,0,269787,0,4.77632,22,0,0,0.013437,0.000147776,0,1.0194e-05,0.00251075,0.00252095,28,0.00251007
rod-twist,tight,cell2dminsort,2667vf,vf,201857,3.36362,1.47938,1.8012,1.44233,0,0,201853,0,2.4313,1,0,0,0.00155517,0.00155517,0,0.00155517,0.273468,0.275023,4,0.273468
rod-twist,tight,cell2dminsort,2690vf,vf,228023,3.60698,1.78075,8.27793,10.5972,0,0,228012,0,8.35559,10,0,0,0.00527491,0.000250721,0,1.54144e-05,0.0515252,0.0515406,11,0.0515213
rod-twist,tight,cell2dminsort,2714ee,ee,1106866,3.42052,6.95463,15.1481,5.44687,0,0,1106842,0,15.4428,0,0,0,0,0,0,0,1,1,24,1
rod-twist,tight,cell2dminsort,2737ee,ee,1129390,2.98264,7.31338,10.1783,21.5391,1,0,1129346,0,14.7188,5,0,0,0.000945368,0.000466985,0,5.70354e-05,0.0245881,0.0246451,44,0.0245667
rod-twist,tight,cell2dminsort,2761vf,vf,233358,3.20385,1.50495,1.85486,0.557937,0,0,233356,0,2.11886,1,0,0,2.05832e-05,2.05832e-05,0,2.05832e-05,0.0164108,0.0164314,2,0.0164108
rod-twist,tight,cell2dminsort,2785vf,vf,283025,3.45108,1.89861,2.08724,1.15923,0,0,283022,0,2.62022,2,0,0,0.00152598,0.00152598,0,6.49086e-05,0.104199,0.104264,3,0.104187
rod-twist,tight,cell2dminsort,2808ee,ee,1324480,3.08459,7.4256,11.1298,25.6902,0,0,1324413,0,17.052,18,0,0,0.00257519,0.00038646,0,1.7141e-05,0.008469,0.00848614,67,0.00847626
rod-twist,tight,cell2dminsort,2832ee,ee,1224481,3.17579,7.13261,11.2344,32.2832,0,0,1224424,0,16.9375,16,0,0,0.0113587,0.000546364,0,0.00012774,0.0211119,0.0212396,57,0.0211105
rod-twist,tight,cell2dminsort,2856vf,vf,273715,3.24731,1.8508,2.12945,1.98548,0,0,273711,0,2.98175,2,0,0,0.002258,0.002258,0,1.95684e-05,0.137306,0.137326,4,0.137306
rod-twist,tight,cell2dminsort,2881ee,ee,1472159,3.36375,7.75762,11.8268,116.516,0,0,1471795,0,31.1772,307,0,0,0.0243664,0.000135738,0,4.07977e-06,0.00150812,0.0015122,364,0.00150681
rod-twist,tight,cell2dminsort,2903vf,vf,246089,2.92943,1.68728,1.4302,3.10894,1,0,246076,0,3.1236,9,0,0,0.00278438,0.000144814,0,0.0295277,0,0.0295277,13,0
rod-twist,tight,cell2dminsort,2926vf,vf,245763,3.55482,1.70143,2.05598,1.56108,0,0,245758,0,2.6016,2,0,0,0.00110766,0.00110766,0,3.46169e-05,0.224223,0.224257,5,0.22422
rod-twist,tight,cell2dminsort,2949vf,vf,277757,3.36964,1.75739,2.25473,5.80062,0,0,277737,0,4.2821,16,0,0,0.00240284,0.000287996,0,0.000265155,0.026535,0.0268001,20,0.0265121
rod-twist,tight,cell2dminsort,2972vf,vf,261254,3.42436,1.62217,2.03524,2.49843,0,0,261245,0,2.94495,6,0,0,0.00270726,0.00117378,0,0.000179673,0.0135498,0.0137295,9,0.0135498
rod-twist,tight,cell2dminsort,2995vf,vf,280405,3.53591,1.82552,3.57255,0.221818,0,0,280404,0,3.63082,0,0,0,0,0,0,0,1,1,1,1
rod-twist,tight,cell2dminsort,3018vf,vf,259529,3.35377,1.5829,2.5504,0.15494,0,0,259527,0,2.52454,0,0,0,0,0,0,0,1,1,2,1
rod-twist,tight,cell2dminsort,3041vf,vf,282795,3.36785,1.75426,1.90225,9.48033,0,0,282779,0,7.81452,16,0,0,0.00118374,5.93745e-05,0,7.17173e-06,0.0651747,0.0651819,16,0.0651741
rod-twist,tight,cell2dminsort,3077ee,ee,1491258,3.42737,7.7902,11.3729,13.3645,0,0,1491243,0,15.1534,13,0,0,0.00189422,0.000297758,0,0.000157796,0.0652604,0.0654182,15,0.0652771
rod-twist,tight,cell2dminsort,3117ee,ee,1463335,3.07621,7.15428,11.4466,3.5513,0,0,1463331,0,14.0658,3,0,0,0.000731969,0.000135335,0,0.000115478,0.0426788,0.0427943,4,0.0426788
rod-twist,tight,cell2dminsort,3152vf,vf,262379,3.23326,1.71436,1.96516,2.01825,0,0,262377,0,2.83439,2,0,0,0.000949475,0.000949475,0,0.000772959,0.339592,0.340365,2,0.339592
rod-twist,tight,cell2dminsort,3187vf,vf,312881,3.49626,1.88293,1.99726,3.62106,0,0,312868,0,2.69145,13,0,0,0.000391874,4.86902e-05,0,1.60942e-05,0.0398006,0.0398167,13,0.0397949
rod-twist,tight,cell2dminsort,3216ee,ee,1654755,3.41633,7.93797,12.346,14.8868,0,0,1654711,0,16.2415,42,0,0,0.00555641,2.39361e-05,0,6.16505e-06,0.0143166,0.0143228,44,0.0143166
rod-twist,tight,cell2dminsort,3252vf,vf,291723,3.12718,1.81986,1.91377,0.283097,0,0,291722,0,2.03383,1,0,0,6.71995e-05,6.71995e-05,0,6.71995e-05,0.156418,0.156485,1,0.156418
rod-twist,tight,cell2dminsort,3284vf,vf,324840,3.55584,2.08647,2.13969,1.12048,0,0,324834,0,2.49955,6,0,0,0.000861332,4.51718e-05,0,5.5706e-06,0.0301239,0.0301295,6,0.0301228
rod-twist,tight,cell2dminsort,3312ee,ee,1764051,3.39159,7.72684,12.9729,19.072,0,0,1764033,0,16.2368,14,0,0,0.00243152,0.000793518,0,0.000446937,0.109297,0.109744,18,0.109291
rod-twist,tight,cell2dminsort,3340ee,ee,1648427,3.15083,7.63746,12.3282,1.37584,0,0,1648425,0,13.302,2,0,0,0.00142169,0.00142169,0,0.00142169,0.211502,0.212924,2,0.211502
rod-twist,tight,cell2dminsort,3372vf,vf,325068,3.28951,1.98184,2.17409,1.34694,0,0,325063,0,2.98427,5,0,0,0.00044799,4.35208e-05,0,5.47097e-06,0.0100065,0.010012,5,0.010005
rod-twist,tight,cell2dminsort,3405ee,ee,1725023,3.33681,7.62514,13.131,3.48698,0,0,1725019,0,14.2275,4,0,0,0.00235814,0.000964316,0,0.000148742,0.0433382,0.043487,4,0.0433426
rod-twist,tight,cell2dminsort,3430ee,ee,1826716,3.32106,7.6095,15.2152,11.4718,0,0,1826682,0,18.0829,4,0,0,0.00447679,0.00428747,0,0.000692415,0.164719,0.165411,34,0.164719
rod-twist,tight,cell2dminsort,3453ee,ee,2118419,3.18587,7.63097,16.3252,338.133,2,0,2117045,0,70.023,1051,0,0,0.0378941,0.000101615,0,6.70705e-07,3.41658e-05,3.48365e-05,1374,3.38554e-05
rod-twist,tight,cell2dminsort,3475vf,vf,333548,4.01977,1.91995,2.80223,4.14408,0,0,333533,0,3.38116,6,0,0,0.00506678,0.000580729,0,7.47538e-05,0.0960437,0.0961184,15,0.0960541
rod-twist,tight,cell2dminsort,3498vf,vf,388542,3.0637,2.39629,3.6441,11.8225,0,0,388518,0,6.05024,7,0,0,0.00117173,0.000143521,0,4.93218e-05,0.0402679,0.0403172,24,0.0402679
rod-twist,tight,cell2dminsort,3521vf,vf,350990,2.91032,2.12769,5.05337,4.41374,0,0,350974,0,5.11785,2,0,0,0.00320129,0.00320129,0,0.000653537,0.168604,0.169258,16,0.168686
rod-twist,tight,cell2dminsort,3544vf,vf,612958,3.05378,3.4954,3.51476,10.6627,0,0,612924,0,5.56517,15,0,0,0.00977711,0.000207532,0,8.35045e-06,0.00203879,0.00204714,34,0.00204086
rod-twist,tight,cell2dminsort,3567ee,ee,1870826,4.0893,9.45716,9.61556,90.3102,1,0,1870525,0,25.1501,7,0,0,0.0244204,0.000541764,0,0.069402,0,0.069402,301,0
rod-twist,tight,cell2dminsort,3590ee,ee,2048695,3.62653,9.09394,16.8533,99.2341,0,0,2048392,0,28.2516,7,0,0,0.00988798,0.00288029,0,0.000145145,0.0244522,0.0245974,303,0.0244522
rod-twist,tight,cell2dminsort,3613ee,ee,2026956,3.51533,9.75914,17.8834,152.094,0,0,2026607,0,37.0202,28,0,0,0.0143934,0.00155531,0,0.000228173,0.0174084,0.0176365,349,0.017334
rod-twist,tight,cell2dminsort,3635vf,vf,369826,3.76896,2.28429,3.3011,4.27416,0,0,369798,0,3.70377,2,0,0,0.000839805,0.000839805,0,0.000327307,0.165192,0.165519,28,0.165192
rod-twist,tight,cell2dminsort,3658vf,vf,383887,2.93301,2.35053,2.87359,21.5904,0,0,383850,0,12.6417,10,0,0,0.00604381,0.000156018,0,1.97555e-05,0.00425339,0.00427314,37,0.00425339
rod-twist,tight,cell2dminsort,3681vf,vf,432601,3.11995,2.88604,5.97968,45.5907,0,0,432488,0,9.27905,75,0,0,0.0104258,0.000218277,0,1.82826e-05,0.00171696,0.00173524,113,0.00171852
rod-twist,tight,cell2dminsort,3704vf,vf,409450,4.67524,2.4433,3.15329,2.39469,0,0,409427,0,4.61332,3,0,0,0.00884967,0.00100594,0,9.65232e-05,0.0477982,0.0478947,23,0.0477982
rod-twist,tight,cell2dminsort,3727ee,ee,2215811,4.10828,9.80336,30.9258,131.128,0,0,2215409,0,37.4914,65,0,0,0.030167,0.00118282,0,0.00158866,0.0128876,0.0144763,402,0.0129395
rod-twist,tight,cell2dminsort,3750ee,ee,2297441,3.60832,9.73184,20.8768,210.482,0,0,2296961,0,41.3263,97,0,0,0.0323816,0.000574813,0,2.81431e-05,0.000890588,0.000918731,480,0.000888824
rod-twist,tight,cell2dminsort,3773ee,ee,2733104,3.89433,10.4711,20.8647,558.132,4,0,2731170,0,144.423,1388,0,0,0.0315947,0.000337049,0,5.17488e-06,0.00202206,0.00202724,1934,0.00202274
rod-twist,tight,cell2dminsort,3795vf,vf,406767,4.4907,2.38701,3.36603,33.2948,0,0,406727,0,22.4762,9,0,0,0.00207593,0.000134158,0,1.60345e-05,0.0110182,0.0110343,40,0.0110092
rod-twist,tight,cell2dminsort,3818vf,vf,488962,3.10305,2.94034,5.31823,43.5564,0,0,488862,0,11.3326,69,0,0,0.0142516,0.000176038,0,2.4745e-05,0.00354879,0.00357353,100,0.00354195
rod-twist,tight,cell2dminsort,3841vf,vf,406026,2.96299,2.13671,4.97475,11.7873,0,0,405998,0,5.33791,2,0,0,0.000779165,0.000779165,0,0.000687734,0.19494,0.195628,28,0.194958
rod-twist,tight,cell2dminsort,3864vf,vf,399302,3.08936,2.50451,5.0144,8.84271,0,0,399266,0,5.18767,4,0,0,0.00143442,0.000416354,0,0.00143442,0.131805,0.13324,36,0.131805
rod-twist,tight,cell2dminsort,3887ee,ee,2278509,3.02344,7.29805,19.4633,240.04,1,0,2277994,0,37.4725,66,0,0,0.0252367,0.00127082,0,0.000903971,0.0178385,0.0187425,515,0.0177917
rod-twist,tight,cell2dminsort,3910ee,ee,2430782,3.84735,10.5057,20.7337,187.293,3,0,2430237,0,51.1481,68,0,0,0.0184683,0.00100551,0,0.000169,0.0102554,0.0104244,545,0.0102539
rod-twist,tight,cell2dminsort,3933ee,ee,2476439,3.53463,10.1664,21.5957,90.702,1,0,2475955,0,32.1987,4,0,0,0.0026925,0.000948967,0,0.133321,0.000133246,0.133454,484,0.13324
rod-twist,tight,cell2dminsort,3955vf,vf,594020,3.71942,2.96799,4.41323,136.621,1,0,593788,0,40.7279,176,0,0,0.0158932,5.71611e-05,0,3.25767e-07,7.81939e-05,7.85196e-05,232,7.82013e-05
rod-twist,tight,cell2dminsort,3978vf,vf,430133,3.17125,2.2784,5.75444,2.96037,0,0,430127,0,5.96336,3,0,0,0.0003977,6.98901e-05,0,4.92188e-06,0.380535,0.38054,6,0.380535
rod-twist,tight,cell2dminsort,791ee,ee,580337,3.31706,1.55746,3.21953,0.482515,0,0,580335,0,3.58852,2,0,0,0.000197448,0.000197448,0,9.19989e-05,0.248199,0.248291,2,0.248199
rod-twist,tight,cell2dminsort,1022ee,ee,337396,0.991366,1.80827,2.42832,0.430068,0,0,337395,0,2.60505,1,0,0,0.000305632,0.000305632,0,0.000305632,0.313812,0.314118,1,0.313812
rod-twist,tight,cell2dminsort,1263ee,ee,489290,2.08158,3.74797,3.72454,1.05853,0,0,489289,0,3.88105,1,0,0,0.000448969,0.000448969,0,0.000448969,0.31266,0.313109,1,0.31266
rod-twist,tight,cell2dminsort,1301ee,ee,478843,2.38672,3.43569,3.58336,2.79116,0,0,478833,0,4.60039,10,0,0,0.000487062,0.000232445,0,3.71491e-05,0.0485521,0.0485893,10,0.0485535
rod-twist,tight,cell2dminsort,1353ee,ee,522979,2.58713,4.22488,4.14421,0.394262,0,0,522978,0,4.27477,1,0,0,0.000200137,0.000200137,0,0.000200137,0.0840263,0.0842265,1,0.0840263
rod-twist,tight,cell2dminsort,1389ee,ee,517764,2.46832,4.38974,3.98918,1.00938,0,0,517762,0,4.51854,1,0,0,0.000126119,0.000126119,0,0.000126119,0.151211,0.151337,2,0.151211
rod-twist,tight,cell2dminsort,1456ee,ee,491047,2.53539,4.23189,4.10808,0.296632,0,0,491046,0,4.36529,1,0,0,0.000529911,0.000529911,0,0.000529911,0.2173,0.21783,1,0.2173
rod-twist,tight,cell2dminsort,1517ee,ee,549574,2.59942,3.99314,4.29054,1.01639,0,0,549569,0,5.03894,5,0,0,0.00252455,0.000101114,0,3.13972e-05,0.040741,0.0407724,5,0.040741
rod-twist,tight,cell2dminsort,1555vf,vf,113125,1.20922,1.30537,1.28771,1.24185,0,0,113124,0,1.3487,1,0,0,0.00154315,0.00154315,0,0.00154315,0.307648,0.309191,1,0.307648
rod-twist,tight,cell2dminsort,1583ee,ee,1637625,2.70179,4.37368,8.04849,48.2844,1,0,1637478,0,15.0416,136,0,0,0.00325246,0.000100952,0,2.65717e-05,0.0200598,0.0200863,147,0.0200615
rod-twist,tight,cell2dminsort,1646ee,ee,581233,1.64521,4.02076,4.84797,2.75542,0,0,581230,0,7.50643,3,0,0,0.000384729,0.000164378,0,8.83687e-05,0.0828917,0.0829801,3,0.0828934
rod-twist,tight,cell2dminsort,1690ee,ee,644553,2.332,4.08076,5.12412,6.38582,0,0,644539,0,7.55404,14,0,0,0.00643887,0.000253517,0,2.44248e-05,0.034627,0.0346515,14,0.0346298
rod-twist,tight,cell2dminsort,1720ee,ee,651256,2.23632,4.36821,5.27317,1.24653,0,0,651254,0,5.84887,1,0,0,0.00318648,0.00318648,0,0.00318648,0.419678,0.422864,2,0.419678
rod-twist,tight,cell2dminsort,1748ee,ee,634727,2.10548,4.41048,5.29388,2.16766,0,0,634715,0,5.97012,12,0,0,0.00191986,3.81582e-05,0,3.2013e-05,0.0885943,0.0886263,12,0.0885944
rod-twist,tight,cell2dminsort,1776vf,vf,132542,2.40026,1.36566,0.99623,0.084189,0,0,132541,0,1.11751,1,0,0,5.96139e-05,5.96139e-05,0,5.96139e-05,0.0867462,0.0868058,1,0.0867462
rod-twist,tight,cell2dminsort,1807ee,ee,638978,2.35728,4.43563,8.22795,3.81888,0,0,638977,0,8.34618,1,0,0,0.00478774,0.00478774,0,0.00478774,0.40773,0.412518,1,0.40773
rod-twist,tight,cell2dminsort,1831vf,vf,141719,2.34522,1.32886,1.14093,1.3392,0,0,141714,0,1.18592,5,0,0,0.000850767,0.000366366,0,2.92178e-05,0.0177317,0.0177609,5,0.0177269
rod-twist,tight,cell2dminsort,1859vf,vf,141707,2.47661,1.55893,1.26797,3.11099,0,0,141698,0,2.25325,9,0,0,0.000302569,0.000121229,0,6.02517e-05,0.0623641,0.0624243,9,0.0623741
rod-twist,tight,cell2dminsort,1893vf,vf,126970,2.40103,1.28611,0.998342,0.333943,0,0,126969,0,1.00528,1,0,0,0.000706453,0.000706453,0,0.000706453,0.332169,0.332875,1,0.332169
rod-twist,tight,cell2dminsort,1927ee,ee,750699,2.46608,4.96438,6.06509,9.76259,0,0,750680,0,7.47241,13,0,0,0.00265354,0.000126051,0,3.8262e-05,0.0181465,0.0181848,19,0.0181427
rod-twist,tight,cell2dminsort,1956ee,ee,792743,2.14087,4.5746,6.2447,9.16034,0,0,792718,0,7.91499,23,0,0,0.00129082,0.000192143,0,0.000128865,0.0502133,0.0503422,25,0.0501709
rod-twist,tight,cell2dminsort,1985vf,vf,528252,2.44787,5.42808,2.49894,19.9405,0,0,528110,0,4.41153,140,0,0,0.0105962,4.93355e-05,0,5.93299e-06,0.006997,0.00700294,142,0.00699711
rod-twist,tight,cell2dminsort,2027ee,ee,732020,2.10798,4.66493,6.05421,9.62356,0,0,732005,0,8.24775,13,0,0,0.00816126,0.000119371,0,2.41847e-05,0.0251245,0.0251487,15,0.0251274
rod-twist,tight,cell2dminsort,2079vf,vf,159144,2.20919,1.43164,1.20656,0.427637,0,0,159139,0,1.43833,5,0,0,1.68445e-05,8.54503e-06,0,1.68445e-05,0.0122223,0.0122391,5,0.0122223
rod-twist,tight,cell2dminsort,2110ee,ee,807841,2.28871,4.64445,6.423,3.45828,0,0,807835,0,7.46976,6,0,0,0.000705531,0.000269546,0,0.000422472,0.0815735,0.081996,6,0.0815735
rod-twist,tight,cell2dminsort,2142ee,ee,824215,2.23338,4.72573,6.64399,5.34181,0,0,824199,0,7.89621,14,0,0,0.00156883,0.000325018,0,0.000325018,0.0597229,0.0600479,16,0.0597229
rod-twist,tight,cell2dminsort,2166vf,vf,180778,2.22753,1.54018,1.32851,1.3496,0,0,180773,0,1.73519,5,0,0,0.00289602,0.00026356,0,2.46068e-06,0.0145821,0.0145846,5,0.0145798
rod-twist,tight,cell2dminsort,2189vf,vf,185857,2.51885,1.58044,1.51526,5.14531,0,0,185846,0,3.42394,10,0,0,0.000555925,0.000162256,0,2.48707e-05,0.0628357,0.0628606,11,0.0628357
rod-twist,tight,cell2dminsort,2213vf,vf,170781,2.42432,1.4399,1.33334,0.949032,0,0,170776,0,1.53414,5,0,0,0.000544561,0.000133151,0,7.55185e-05,0.02976,0.0298355,5,0.0297623
rod-twist,tight,cell2dminsort,2236ee,ee,881389,2.33629,5.01152,7.41117,9.70039,0,0,881372,0,9.11211,12,0,0,0.00861057,0.000798118,0,0.000115407,0.0492234,0.0493388,17,0.0492516
rod-twist,tight,cell2dminsort,2259vf,vf,199921,2.09972,1.46899,1.42902,1.52079,0,0,199917,0,1.9866,4,0,0,0.000377674,0.000355238,0,2.18758e-05,0.0177536,0.0177755,4,0.0177536
rod-twist,tight,cell2dminsort,2282vf,vf,192187,2.54512,1.59029,1.45254,25.0277,0,0,192121,0,6.33273,62,0,0,0.00342922,4.1375e-05,0,1.13194e-05,0.00264536,0.00265668,66,0.00264549
rod-twist,tight,cell2dminsort,2307ee,ee,859513,2.35031,4.7442,7.46777,22.5267,0,0,859453,0,14.517,50,0,0,0.00527851,0.000168235,0,1.35643e-06,0.00197601,0.00197737,60,0.00197601
rod-twist,tight,cell2dminsort,2332ee,ee,858501,2.35059,4.74528,8.43575,2.811,0,0,858495,0,8.88805,2,0,0,0.00250836,0.00250836,0,0.000238298,0.210266,0.210504,6,0.210266
rod-twist,tight,cell2dminsort,2358ee,ee,951141,2.26029,4.77591,9.79629,9.64941,1,0,951131,0,9.9479,2,0,0,0.0088836,0.0088836,0,0.000279054,0.194084,0.194363,10,0.194084
rod-twist,tight,cell2dminsort,2382ee,ee,1029109,2.16109,5.37272,8.33831,147.759,0,0,1028828,0,21.1492,244,0,0,0.0282241,0.000162949,0,7.23796e-06,0.00132586,0.0013331,281,0.00132561
rod-twist,tight,cell2dminsort,2405vf,vf,189778,3.05973,1.5501,3.10792,5.86465,0,0,189764,0,3.13784,14,0,0,0.00201733,0.000165019,0,1.59127e-05,0.0241993,0.0242152,14,0.0241985
rod-twist,tight,cell2dminsort,2431ee,ee,930926,4.05141,5.31183,9.03596,4.84291,0,0,930913,0,10.4539,2,0,0,0.00182188,0.00182188,0,0.00130933,0.265778,0.267087,13,0.265778
rod-twist,tight,cell2dminsort,2456ee,ee,947330,3.59831,5.5475,7.40841,7.70492,1,0,947313,0,10.6253,4,0,0,0.000969611,0.000580273,0,0.0645379,0,0.0645379,17,0
rod-twist,tight,cell2dminsort,2479vf,vf,179577,3.76163,1.45907,1.66271,0.164988,0,0,179576,0,1.74479,1,0,0,0.000119522,0.000119522,0,0.000119522,0.0754547,0.0755742,1,0.0754547
rod-twist,tight,cell2dminsort,2502vf,vf,234432,4.05013,1.80581,1.69708,9.03461,0,0,234393,0,4.85706,37,0,0,0.00511803,3.68581e-05,0,2.38659e-06,0.00246322,0.00246561,39,0.00246429
rod-twist,tight,cell2dminsort,2526ee,ee,1073690,4.37921,5.50779,9.47921,89.7449,2,0,1073588,0,35.1524,72,0,0,0.00620415,0.00053525,0,0.000146266,0.0110695,0.0112158,102,0.0110626
rod-twist,tight,cell2dminsort,2549ee,ee,1156862,3.9478,6.13613,9.49713,102.447,0,0,1156747,0,23.4322,72,0,0,0.0122357,0.00056067,0,2.12306e-05,0.00384443,0.00386566,115,0.0038414
rod-twist,tight,cell2dminsort,2573ee,ee,1015444,3.86031,5.95882,9.46846,19.5138,0,0,1015411,0,13.0669,9,0,0,0.026686,0.000760151,0,0.000617589,0.0912099,0.0918275,33,0.0911789
rod-twist,tight,cell2dminsort,2596vf,vf,207277,3.81148,1.76901,1.66853,6.94651,0,0,207264,0,4.09388,12,0,0,0.00733216,8.22407e-05,0,8.44503e-05,0.0842414,0.0843258,13,0.0842514
rod-twist,tight,cell2dminsort,2622ee,ee,1073716,4.36808,5.8194,12.1909,3.73289,0,0,1073696,0,12.368,0,0,0,0,0,0,0,1,1,20,1
rod-twist,tight,cell2dminsort,2644vf,vf,269815,3.96745,2.05102,1.96795,12.2419,0,0,269787,0,4.74916,22,0,0,0.013437,0.000147776,0,1.0194e-05,0.00251075,0.00252095,28,0.00251007
rod-twist,tight,cell2dminsort,2667vf,vf,201857,4.20143,1.64063,1.75602,1.48454,0,0,201853,0,2.38592,1,0,0,0.00155517,0.00155517,0,0.00155517,0.273468,0.275023,4,0.273468
rod-twist,tight,cell2dminsort,2690vf,vf,228023,4.29992,1.97288,8.22302,10.68,0,0,228012,0,8.21275,10,0,0,0.00527491,0.000250721,0,1.54144e-05,0.0515252,0.0515406,11,0.0515213
rod-twist,tight,cell2dminsort,2714ee,ee,1106866,4.20773,6.33833,15.4045,5.45787,0,0,1106842,0,15.6478,0,0,0,0,0,0,0,1,1,24,1
rod-twist,tight,cell2dminsort,2737ee,ee,1129390,3.54653,6.20029,10.2794,21.6772,1,0,1129346,0,14.8937,5,0,0,0.000945368,0.000466985,0,5.70354e-05,0.0245881,0.0246451,44,0.0245667
rod-twist,tight,cell2dminsort,2761vf,vf,233358,3.62743,1.54476,1.7932,0.60376,0,0,233356,0,2.1513,1,0,0,2.05832e-05,2.05832e-05,0,2.05832e-05,0.0164108,0.0164314,2,0.0164108
rod-twist,tight,cell2dminsort,2785vf,vf,283025,4.36888,1.80914,2.1011,1.19338,0,0,283022,0,2.62339,2,0,0,0.00152598,0.00152598,0,6.49086e-05,0.104199,0.104264,3,0.104187
rod-twist,tight,cell2dminsort,2808ee,ee,1324480,4.12594,6.28387,11.237,25.7876,0,0,1324413,0,17.232,18,0,0,0.00257519,0.00038646,0,1.7141e-05,0.008469,0.00848614,67,0.00847626
rod-twist,tight,cell2dminsort,2832ee,ee,1224481,3.91151,6.04061,11.4506,32.8934,0,0,1224424,0,16.9726,16,0,0,0.0113587,0.000546364,0,0.00012774,0.0211119,0.0212396,57,0.0211105
rod-twist,tight,cell2dminsort,2856vf,vf,273715,3.69264,2.06897,2.14714,2.13866,0,0,273711,0,2.95084,2,0,0,0.002258,0.002258,0,1.95684e-05,0.137306,0.137326,4,0.137306
rod-twist,tight,cell2dminsort,2881ee,ee,1472159,4.19855,6.42162,11.86,116.969,0,0,1471795,0,31.5623,307,0,0,0.0243664,0.000135738,0,4.07977e-06,0.00150812,0.0015122,364,0.00150681
rod-twist,tight,cell2dminsort,2903vf,vf,246089,3.86819,1.77851,1.46604,3.13723,1,0,246076,0,3.09857,9,0,0,0.00278438,0.000144814,0,0.0295277,0,0.0295277,13,0
rod-twist,tight,cell2dminsort,2926vf,vf,245763,4.49713,1.79339,2.05745,1.5718,0,0,245758,0,2.611,2,0,0,0.00110766,0.00110766,0,3.46169e-05,0.224223,0.224257,5,0.22422
rod-twist,tight,cell2dminsort,2949vf,vf,277757,4.35093,1.79307,2.14337,5.84286,0,0,277737,0,4.31864,16,0,0,0.00240284,0.000287996,0,0.000265155,0.026535,0.0268001,20,0.0265121
rod-twist,tight,cell2dminsort,2972vf,vf,261254,4.28027,1.7253,1.97192,2.54521,0,0,261245,0,3.00629,6,0,0,0.00270726,0.00117378,0,0.000179673,0.0135498,0.0137295,9,0.0135498
rod-twist,tight,cell2dminsort,2995vf,vf,280405,4.23151,1.77883,3.57488,0.22601,0,0,280404,0,3.61939,0,0,0,0,0,0,0,1,1,1,1
rod-twist,tight,cell2dminsort,3018vf,vf,259529,4.23861,1.70837,2.46438,0.188123,0,0,259527,0,2.56841,0,0,0,0,0,0,0,1,1,2,1
rod-twist,tight,cell2dminsort,3041vf,vf,282795,4.27282,1.88683,1.89851,9.5265,0,0,282779,0,7.9804,16,0,0,0.00118374,5.93745e-05,0,7.17173e-06,0.0651747,0.0651819,16,0.0651741
rod-twist,tight,cell2dminsort,3077ee,ee,1491258,4.31429,7.04561,11.4671,13.2873,0,0,1491243,0,15.3086,13,0,0,0.00189422,0.000297758,0,0.000157796,0.0652604,0.0654182,15,0.0652771
rod-twist,tight,cell2dminsort,3117ee,ee,1463335,3.76345,6.50751,11.4871,3.58954,0,0,1463331,0,14.2649,3,0,0,0.000731969,0.000135335,0,0.000115478,0.0426788,0.0427943,4,0.0426788
rod-twist,tight,cell2dminsort,3152vf,vf,262379,3.69776,1.87365,1.93621,2.04055,0,0,262377,0,2.77718,2,0,0,0.000949475,0.000949475,0,0.000772959,0.339592,0.340365,2,0.339592
rod-twist,tight,cell2dminsort,3187vf,vf,312881,4.18645,1.8916,2.03025,3.68816,0,0,312868,0,2.63379,13,0,0,0.000391874,4.86902e-05,0,1.60942e-05,0.0398006,0.0398167,13,0.0397949
rod-twist,tight,cell2dminsort,3216ee,ee,1654755,4.32273,7.44201,12.4133,14.91,0,0,1654711,0,16.4173,42,0,0,0.00555641,2.39361e-05,0,6.16505e-06,0.0143166,0.0143228,44,0.0143166
rod-twist,tight,cell2dminsort,3252vf,vf,291723,3.77091,1.942,1.88264,0.222938,0,0,291722,0,2.07329,1,0,0,6.71995e-05,6.71995e-05,0,6.71995e-05,0.156418,0.156485,1,0.156418
rod-twist,tight,cell2dminsort,3284vf,vf,324840,4.51364,2.04222,2.09111,1.16416,0,0,324834,0,2.56064,6,0,0,0.000861332,4.51718e-05,0,5.5706e-06,0.0301239,0.0301295,6,0.0301228
rod-twist,tight,cell2dminsort,3312ee,ee,1764051,4.16722,6.92331,13.075,19.0847,0,0,1764033,0,16.3815,14,0,0,0.00243152,0.000793518,0,0.000446937,0.109297,0.109744,18,0.109291
rod-twist,tight,cell2dminsort,3340ee,ee,1648427,3.73533,7.01463,12.3761,1.42323,0,0,1648425,0,13.4875,2,0,0,0.00142169,0.00142169,0,0.00142169,0.211502,0.212924,2,0.211502
rod-twist,tight,cell2dminsort,3372vf,vf,325068,3.92559,2.0162,2.07444,1.38697,0,0,325063,0,3.05928,5,0,0,0.00044799,4.35208e-05,0,5.47097e-06,0.0100065,0.010012,5,0.010005
rod-twist,tight,cell2dminsort,3405ee,ee,1725023,4.17963,6.71685,13.251,3.39431,0,0,1725019,0,14.4235,4,0,0,0.00235814,0.000964316,0,0.000148742,0.0433382,0.043487,4,0.0433426
rod-twist,tight,cell2dminsort,3430ee,ee,1826716,3.84147,6.94472,15.3294,11.5622,0,0,1826682,0,18.1677,4,0,0,0.00447679,0.00428747,0,0.000692415,0.164719,0.165411,34,0.164719
rod-twist,tight,cell2dminsort,3453ee,ee,2118419,3.76086,7.05764,16.5117,337.823,2,0,2117045,0,70.1609,1051,0,0,0.0378941,0.000101615,0,6.70705e-07,3.41658e-05,3.48365e-05,1374,3.38554e-05
rod-twist,tight,cell2dminsort,3475vf,vf,333548,5.13305,2.14113,2.79113,4.14562,0,0,333533,0,3.44852,6,0,0,0.00506678,0.000580729,0,7.47538e-05,0.0960437,0.0961184,15,0.0960541
rod-twist,tight,cell2dminsort,3498vf,vf,388542,3.37566,2.57165,3.60477,11.8882,0,0,388518,0,5.98736,7,0,0,0.00117173,0.000143521,0,4.93218e-05,0.0402679,0.0403172,24,0.0402679
rod-twist,tight,cell2dminsort,3521vf,vf,350990,3.24756,2.18154,4.99616,4.46452,0,0,350974,0,5.2142,2,0,0,0.00320129,0.00320129,0,0.000653537,0.168604,0.169258,16,0.168686
rod-twist,tight,cell2dminsort,3544vf,vf,612958,3.4225,3.648,3.51773,10.7182,0,0,612924,0,5.49848,15,0,0,0.00977711,0.000207532,0,8.35045e-06,0.00203879,0.00204714,34,0.00204086
rod-twist,tight,cell2dminsort,3567ee,ee,1870826,4.50276,10.0441,9.51085,89.8235,1,0,1870525,0,25.2796,7,0,0,0.0244204,0.000541764,0,0.069402,0,0.069402,301,0
rod-twist,tight,cell2dminsort,3590ee,ee,2048695,3.90748,9.92345,16.8558,98.642,0,0,2048392,0,28.2474,7,0,0,0.00988798,0.00288029,0,0.000145145,0.0244522,0.0245974,303,0.0244522
rod-twist,tight,cell2dminsort,3613ee,ee,2026956,3.69158,10.419,17.9121,152.547,0,0,2026607,0,37.0796,28,0,0,0.0143934,0.00155531,0,0.000228173,0.0174084,0.0176365,349,0.017334
rod-twist,tight,cell2dminsort,3635vf,vf,369826,3.94223,2.31639,3.3547,4.31813,0,0,369798,0,3.73629,2,0,0,0.000839805,0.000839805,0,0.000327307,0.165192,0.165519,28,0.165192
rod-twist,tight,cell2dminsort,3658vf,vf,383887,3.1691,2.39834,2.87176,21.6496,0,0,383850,0,12.7282,10,0,0,0.00604381,0.000156018,0,1.97555e-05,0.00425339,0.00427314,37,0.00425339
rod-twist,tight,cell2dminsort,3681vf,vf,432601,3.2746,2.91196,5.97533,45.4916,0,0,432488,0,9.32129,75,0,0,0.0104258,0.000218277,0,1.82826e-05,0.00171696,0.00173524,113,0.00171852
rod-twist,tight,cell2dminsort,3704vf,vf,409450,4.9024,2.70594,3.16757,2.44029,0,0,409427,0,4.58471,3,0,0,0.00884967,0.00100594,0,9.65232e-05,0.0477982,0.0478947,23,0.0477982
rod-twist,tight,cell2dminsort,3727ee,ee,2215811,4.67396,10.8674,30.8141,132.161,0,0,2215409,0,37.4351,65,0,0,0.030167,0.00118282,0,0.00158866,0.0128876,0.0144763,402,0.0129395
rod-twist,tight,cell2dminsort,3750ee,ee,2297441,3.98674,10.2064,20.8345,212.298,0,0,2296961,0,41.2811,97,0,0,0.0323816,0.000574813,0,2.81431e-05,0.000890588,0.000918731,480,0.000888824
rod-twist,tight,cell2dminsort,3773ee,ee,2733104,4.19138,11.0716,20.818,557.979,4,0,2731170,0,145.256,1388,0,0,0.0315947,0.000337049,0,5.17488e-06,0.00202206,0.00202724,1934,0.00202274
rod-twist,tight,cell2dminsort,3795vf,vf,406767,5.05814,2.46614,3.3379,33.5563,0,0,406727,0,22.4745,9,0,0,0.00207593,0.000134158,0,1.60345e-05,0.0110182,0.0110343,40,0.0110092
rod-twist,tight,cell2dminsort,3818vf,vf,488962,3.19,3.19675,5.27289,43.195,0,0,488862,0,11.4,69,0,0,0.0142516,0.000176038,0,2.4745e-05,0.00354879,0.00357353,100,0.00354195
rod-twist,tight,cell2dminsort,3841vf,vf,406026,3.06987,2.1929,5.03849,11.8133,0,0,405998,0,5.2718,2,0,0,0.000779165,0.000779165,0,0.000687734,0.19494,0.195628,28,0.194958
rod-twist,tight,cell2dminsort,3864vf,vf,399302,3.1755,2.57286,5.01008,8.89676,0,0,399266,0,5.21762,4,0,0,0.00143442,0.000416354,0,0.00143442,0.131805,0.13324,36,0.131805
rod-twist,tight,cell2dminsort,3887ee,ee,2278509,3.11646,7.3065,19.444,239.862,1,0,2277994,0,37.5734,66,0,0,0.0252367,0.00127082,0,0.000903971,0.0178385,0.0187425,515,0.0177917
rod-twist,tight,cell2dminsort,3910ee,ee,2430782,3.70515,10.6364,20.6944,189.164,3,0,2430237,0,51.0951,68,0,0,0.0184683,0.00100551,0,0.000169,0.0102554,0.0104244,545,0.0102539
rod-twist,tight,cell2dminsort,3933ee,ee,2476439,3.80128,10.9096,21.5149,91.007,1,0,2475955,0,32.2911,4,0,0,0.0026925,0.000948967,0,0.133321,0.000133246,0.133454,484,0.13324
rod-twist,tight,cell2dminsort,3955vf,vf,594020,3.95503,3.10958,4.51159,136.685,1,0,593788,0,40.8114,176,0,0,0.0158932,5.71611e-05,0,3.25767e-07,7.81939e-05,7.85196e-05,232,7.82013e-05
rod-twist,tight,cell2dminsort,3978vf,vf,430133,3.38922,2.40359,5.82606,3.02619,0,0,430127,0,5.95447,3,0,0,0.0003977,6.98901e-05,0,4.92188e-06,0.380535,0.38054,6,0.380535
rod-twist,tight,cell2dminsort,791ee,ee,580337,3.41633,1.60751,3.23832,0.492627,0,0,580335,0,3.65136,2,0,0,0.000197448,0.000197448,0,9.19989e-05,0.248199,0.248291,2,0.248199
rod-twist,tight,sweep,1022ee,ee,337396,3.38489,2.08643,2.4534,0.431188,0,0,337395,0,2.61422,1,0,0,0.000305632,0.000305632,0,0.000305632,0.313812,0.314118,1,0.313812
rod-twist,tight,sweep,1263ee,ee,489290,3.98238,2.59218,4.08618,1.03927,0,0,489289,0,4.29933,1,0,0,0.000448969,0.000448969,0,0.000448969,0.31266,0.313109,1,0.31266
rod-twist,tight,sweep,1301ee,ee,478843,5.08673,2.73614,3.63538,2.74088,0,0,478833,0,4.6197,10,0,0,0.000487062,0.000232445,0,4.02336e-05,0.048549,0.0485893,10,0.0485535
rod-twist,tight,sweep,1353ee,ee,522979,5.81919,2.75112,3.84625,0.376693,0,0,522978,0,4.1152,1,0,0,0.000200137,0.000200137,0,0.000200137,0.0840263,0.0842265,1,0.0840263
rod-twist,tight,sweep,1389ee,ee,517764,4.1658,2.78331,4.41904,0.979267,0,0,517762,0,4.5343,1,0,0,0.000126119,0.000126119,0,0.000126119,0.151211,0.151337,2,0.151211
rod-twist,tight,sweep,1456ee,ee,491047,4.21859,2.80862,3.97969,0.369909,0,0,491046,0,4.31373,1,0,0,0.000529911,0.000529911,0,0.000529911,0.2173,0.21783,1,0.2173
rod-twist,tight,sweep,1517ee,ee,549574,4.18183,2.95956,4.24902,0.981571,0,0,549569,0,5.01633,5,0,0,0.00252455,0.000101114,0,3.13972e-05,0.040741,0.0407724,5,0.040741
rod-twist,tight,sweep,1555vf,vf,113125,3.23613,1.0367,1.30578,1.20192,0,0,113124,0,1.28662,1,0,0,0.00154315,0.00154315,0,0.00154315,0.307648,0.309191,1,0.307648
rod-twist,tight,sweep,1583ee,ee,1637625,3.90315,4.68415,7.85743,47.2995,1,0,1637478,0,13.492,136,0,0,0.00325246,0.000100952,0,2.48311e-05,0.0200615,0.0200863,147,0.0200615
rod-twist,tight,sweep,1646ee,ee,581233,3.53196,2.83128,5.81122,2.58316,0,0,581230,0,5.90014,3,0,0,0.000384729,0.000164378,0,8.67179e-05,0.0828934,0.0829801,3,0.0828934
rod-twist,tight,sweep,1690ee,ee,644553,3.52681,3.07187,4.96753,6.23668,0,0,644539,0,7.57331,14,0,0,0.00643887,0.000253517,0,1.97965e-05,0.0346317,0.0346515,14,0.0346298
rod-twist,tight,sweep,1720ee,ee,651256,3.53977,3.24448,5.62089,1.20505,0,0,651254,0,5.65279,1,0,0,0.00318648,0.00318648,0,0.00318648,0.419678,0.422864,2,0.419678
rod-twist,tight,sweep,1748ee,ee,634727,3.55602,2.76693,5.15917,2.08087,0,0,634715,0,5.66133,12,0,0,0.00191986,3.81582e-05,0,3.2013e-05,0.0885943,0.0886263,12,0.0885944
rod-twist,tight,sweep,1776vf,vf,132542,3.53608,1.16582,1.03501,0.084094,0,0,132541,0,1.03187,1,0,0,5.96139e-05,5.96139e-05,0,5.96139e-05,0.0867462,0.0868058,1,0.0867462
rod-twist,tight,sweep,1807ee,ee,638978,3.51132,2.95924,6.66367,3.70446,0,0,638977,0,6.74933,1,0,0,0.00478774,0.00478774,0,0.00478774,0.40773,0.412518,1,0.40773
rod-twist,tight,sweep,1831vf,vf,141719,3.50738,1.09283,1.08234,1.28614,0,0,141714,0,1.14278,5,0,0,0.000850767,0.000366366,0,3.40232e-05,0.0177269,0.0177609,5,0.0177269
rod-twist,tight,sweep,1859vf,vf,141707,3.50534,1.05392,1.28467,3.05284,0,0,141698,0,1.98423,9,0,0,0.000302569,0.000121229,0,6.02517e-05,0.0623641,0.0624243,9,0.0623741
rod-twist,tight,sweep,1893vf,vf,126970,3.52645,1.00608,0.994178,0.332342,0,0,126969,0,1.01443,1,0,0,0.000706453,0.000706453,0,0.000706453,0.332169,0.332875,1,0.332169
rod-twist,tight,sweep,1927ee,ee,750699,3.58184,3.27868,5.94574,9.59101,0,0,750680,0,6.95352,13,0,0,0.00265354,0.000126051,0,3.50434e-05,0.0181498,0.0181848,19,0.0181427
rod-twist,tight,sweep,1956ee,ee,792743,3.55746,3.42348,6.38179,9.04472,0,0,792718,0,7.81202,23,0,0,0.00129082,0.000192143,0,0.000164733,0.0501775,0.0503422,25,0.0501709
rod-twist,tight,sweep,1985vf,vf,528252,4.52463,2.78724,2.49704,19.5975,0,0,528110,0,4.06324,140,0,0,0.0105962,4.93355e-05,0,6.1811e-06,0.00699675,0.00700294,142,0.00699711
rod-twist,tight,sweep,2027ee,ee,732020,3.56312,3.09351,6.10196,9.3577,0,0,732005,0,8.36791,13,0,0,0.00816126,0.000119371,0,2.69189e-05,0.0251218,0.0251487,15,0.0251274
rod-twist,tight,sweep,2079vf,vf,159144,3.65176,1.09386,1.2214,0.426036,0,0,159139,0,1.54629,5,0,0,1.68445e-05,8.54503e-06,0,1.76967e-05,0.0122214,0.0122391,5,0.0122223
rod-twist,tight,sweep,2110ee,ee,807841,3.5822,3.20566,6.64985,3.40831,0,0,807835,0,7.35747,6,0,0,0.000705531,0.000269546,0,0.000482933,0.081513,0.081996,6,0.0815735
rod-twist,tight,sweep,2142ee,ee,824215,5.41577,3.38012,6.84184,5.23818,0,0,824199,0,8.34394,14,0,0,0.00156883,0.000325018,0,0.000326712,0.0597212,0.0600479,16,0.0597229
rod-twist,tight,sweep,2166vf,vf,180778,5.53759,1.27759,1.35842,1.29692,0,0,180773,0,1.72734,5,0,0,0.00289602,0.00026356,0,2.46068e-06,0.0145821,0.0145846,5,0.0145798
rod-twist,tight,sweep,2189vf,vf,185857,4.59103,1.11485,1.46485,5.0209,0,0,185846,0,2.62533,10,0,0,0.000555925,0.000162256,0,3.3015e-05,0.0628275,0.0628606,11,0.0628357
rod-twist,tight,sweep,2213vf,vf,170781,4.50425,1.16352,1.32143,0.966019,0,0,170776,0,1.47519,5,0,0,0.000544561,0.000133151,0,7.26808e-05,0.0297628,0.0298355,5,0.0297623
rod-twist,tight,sweep,2236ee,ee,881389,4.56889,3.10048,7.56934,9.55415,0,0,881372,0,8.9509,12,0,0,0.00861057,0.000798118,0,8.72653e-05,0.0492516,0.0493388,17,0.0492516
rod-twist,tight,sweep,2259vf,vf,199921,5.59158,1.36933,1.51368,1.5036,0,0,199917,0,1.85086,4,0,0,0.000377674,0.000355238,0,2.18758e-05,0.0177536,0.0177755,4,0.0177536
rod-twist,tight,sweep,2282vf,vf,192187,4.59845,1.35909,1.55983,24.5743,0,0,192121,0,6.29034,62,0,0,0.00342922,4.1375e-05,0,1.05725e-05,0.0026461,0.00265668,66,0.00264549
rod-twist,tight,sweep,2307ee,ee,859513,4.56207,2.98026,7.75161,22.2735,0,0,859453,0,12.7013,50,0,0,0.00527851,0.000168235,0,2.3939e-06,0.00197498,0.00197737,60,0.00197601
rod-twist,tight,sweep,2332ee,ee,858501,5.51923,3.03709,9.49773,2.77377,0,0,858495,0,9.72768,2,0,0,0.00250836,0.00250836,0,0.000238298,0.210266,0.210504,6,0.210266
rod-twist,tight,sweep,2358ee,ee,951141,5.40867,3.06996,8.37805,9.54448,1,0,951131,0,10.1589,2,0,0,0.0088836,0.0088836,0,0.000250672,0.194113,0.194363,10,0.194084
rod-twist,tight,sweep,2382ee,ee,1029109,5.4552,3.3639,8.2467,145.378,0,0,1028828,0,22.1196,244,0,0,0.0282241,0.000162949,0,7.85064e-06,0.00132525,0.0013331,281,0.00132561
rod-twist,tight,sweep,2405vf,vf,189778,5.49238,1.32902,2.88484,5.76466,0,0,189764,0,3.07424,14,0,0,0.00201733,0.000165019,0,2.11641e-05,0.024194,0.0242152,14,0.0241985
rod-twist,tight,sweep,2431ee,ee,930926,4.58562,3.29164,8.96872,4.77035,0,0,930913,0,12.3231,2,0,0,0.00182188,0.00182188,0,0.00130933,0.265778,0.267087,13,0.265778
rod-twist,tight,sweep,2456ee,ee,947330,5.58854,3.53208,9.20596,7.51788,1,0,947313,0,11.1997,4,0,0,0.000969611,0.000580273,0,0.0645379,0,0.0645379,17,0
rod-twist,tight,sweep,2479vf,vf,179577,5.58956,1.351,1.74606,0.101757,0,0,179576,0,1.89966,1,0,0,0.000119522,0.000119522,0,0.000119522,0.0754547,0.0755742,1,0.0754547
rod-twist,tight,sweep,2502vf,vf,234432,4.46038,1.36879,1.69668,8.78921,0,0,234393,0,4.38393,37,0,0,0.00511803,3.68581e-05,0,2.07534e-06,0.00246353,0.00246561,39,0.00246429
rod-twist,tight,sweep,2526ee,ee,1073690,4.80632,3.77678,12.0528,87.2472,2,0,1073588,0,31.9523,72,0,0,0.00620415,0.00053525,0,0.000146266,0.0110695,0.0112158,102,0.0110626
rod-twist,tight,sweep,2549ee,ee,1156862,5.69007,3.82715,9.71494,100.931,0,0,1156747,0,22.526,72,0,0,0.0122357,0.00056067,0,2.30252e-05,0.00384264,0.00386566,115,0.0038414
rod-twist,tight,sweep,2573ee,ee,1015444,5.62201,3.82462,9.69965,19.2641,0,0,1015411,0,12.6925,9,0,0,0.026686,0.000760151,0,0.000704116,0.0911234,0.0918275,33,0.0911789
rod-twist,tight,sweep,2596vf,vf,207277,5.60198,1.42277,2.68059,6.83324,0,0,207264,0,2.63234,12,0,0,0.00733216,8.22407e-05,0,7.61296e-05,0.0842497,0.0843258,13,0.0842514
rod-twist,tight,sweep,2622ee,ee,1073716,4.60418,4.02231,11.887,3.60367,0,0,1073696,0,12.0214,0,0,0,0,0,0,0,1,1,20,1
rod-twist,tight,sweep,2644vf,vf,269815,5.6326,1.52258,2.07722,11.9954,0,0,269787,0,4.58594,22,0,0,0.013437,0.000147776,0,1.0878e-05,0.00251007,0.00252095,28,0.00251007
rod-twist,tight,sweep,2667vf,vf,201857,4.57481,1.30287,1.75256,1.45852,0,0,201853,0,2.24662,1,0,0,0.00155517,0.00155517,0,0.00155517,0.273468,0.275023,4,0.273468
rod-twist,tight,sweep,2690vf,vf,228023,4.62658,1.27151,1.73339,10.4126,0,0,228012,0,9.02046,10,0,0,0.00527491,0.000250721,0,1.5304e-05,0.0515253,0.0515406,11,0.0515213
rod-twist,tight,sweep,2714ee,ee,1106866,4.646,3.93124,16.9083,5.30451,0,0,1106842,0,17.0916,0,0,0,0,0,0,0,1,1,24,1
rod-twist,tight,sweep,2737ee,ee,1129390,5.70063,4.01271,10.1323,21.1942,1,0,1129346,0,13.7527,5,0,0,0.000945368,0.000466985,0,7.84376e-05,0.0245667,0.0246451,44,0.0245667
rod-twist,tight,sweep,2761vf,vf,233358,5.55026,1.38207,1.81387,0.533136,0,0,233356,0,2.11011,1,0,0,2.05832e-05,2.05832e-05,0,2.05832e-05,0.0164108,0.0164314,2,0.0164108
rod-twist,tight,sweep,2785vf,vf,283025,4.51807,1.4644,1.98698,1.1167,0,0,283022,0,2.53519,2,0,0,0.00152598,0.00152598,0,7.69031e-05,0.104187,0.104264,3,0.104187
rod-twist,tight,sweep,2808ee,ee,1324480,4.51398,4.19824,11.5357,25.2277,0,0,1324413,0,17.8768,18,0,0,0.00257519,0.00038646,0,1.36985e-05,0.00847244,0.00848614,67,0.00847626
rod-twist,tight,sweep,2832ee,ee,1224481,5.30058,4.05543,11.2903,32.1739,0,0,1224424,0,19.5382,16,0,0,0.0113587,0.000546364,0,0.00013008,0.0211095,0.0212396,57,0.0211105
rod-twist,tight,sweep,2856vf,vf,273715,5.15175,1.53301,2.37587,1.93857,0,0,273711,0,2.73361,2,0,0,0.002258,0.002258,0,1.95684e-05,0.137306,0.137326,4,0.137306
rod-twist,tight,sweep,2881ee,ee,1472159,4.5934,4.11636,11.7021,115.086,0,0,1471795,0,30.3377,307,0,0,0.0243664,0.000135738,0,3.22741e-06,0.00150898,0.0015122,364,0.00150681
rod-twist,tight,sweep,2903vf,vf,246089,5.05569,1.46786,1.10387,3.01559,1,0,246076,0,2.74395,9,0,0,0.00278438,0.000144814,0,0.0295277,0,0.0295277,13,0
rod-twist,tight,sweep,2926vf,vf,245763,4.57081,1.41804,1.98564,1.51019,0,0,245758,0,2.38303,2,0,0,0.00110766,0.00110766,0,3.70821e-05,0.22422,0.224257,5,0.22422
rod-twist,tight,sweep,2949vf,vf,277757,4.47609,1.47151,2.06663,5.72498,0,0,277737,0,5.6118,16,0,0,0.00240284,0.000287996,0,0.000295964,0.0265042,0.0268001,20,0.0265121
rod-twist,tight,sweep,2972vf,vf,261254,4.49663,1.45964,2.10982,2.45302,0,0,261245,0,2.89457,6,0,0,0.00270726,0.00117378,0,0.000129876,0.0135996,0.0137295,9,0.0135498
rod-twist,tight,sweep,2995vf,vf,280405,4.41465,1.50037,3.35324,0.212153,0,0,280404,0,3.33804,0,0,0,0,0,0,0,1,1,1,1
rod-twist,tight,sweep,3018vf,vf,259529,4.48476,1.38991,2.27724,0.156571,0,0,259527,0,2.3703,0,0,0,0,0,0,0,1,1,2,1
rod-twist,tight,sweep,3041vf,vf,282795,4.48924,1.42437,1.90327,9.36554,0,0,282779,0,6.84059,16,0,0,0.00118374,5.93745e-05,0,5.54497e-06,0.0651763,0.0651819,16,0.0651741
rod-twist,tight,sweep,3077ee,ee,1491258,4.44179,4.23046,11.2065,13.0471,0,0,1491243,0,14.1961,13,0,0,0.00189422,0.000297758,0,0.000140194,0.065278,0.0654182,15,0.0652771
rod-twist,tight,sweep,3117ee,ee,1463335,5.11665,4.09853,11.1771,3.45954,0,0,1463331,0,13.9348,3,0,0,0.000731969,0.000135335,0,0.00011922,0.0426751,0.0427943,4,0.0426788
rod-twist,tight,sweep,3152vf,vf,262379,4.94203,1.47343,2.88231,1.94919,0,0,262377,0,2.90686,2,0,0,0.000949475,0.000949475,0,0.000772959,0.339592,0.340365,2,0.339592
rod-twist,tight,sweep,3187vf,vf,312881,4.4702,1.57451,1.95917,3.52713,0,0,312868,0,3.05754,13,0,0,0.000391874,4.86902e-05,0,1.59843e-05,0.0398007,0.0398167,13,0.0397949
rod-twist,tight,sweep,3216ee,ee,1654755,5.56518,4.77064,12.2145,14.7793,0,0,1654711,0,16.5081,42,0,0,0.00555641,2.39361e-05,0,5.79207e-06,0.014317,0.0143228,44,0.0143166
rod-twist,tight,sweep,3252vf,vf,291723,8.90489,1.64744,1.93341,0.200666,0,0,291722,0,1.99981,1,0,0,6.71995e-05,6.71995e-05,0,6.71995e-05,0.156418,0.156485,1,0.156418
rod-twist,tight,sweep,3284vf,vf,324840,6.1065,1.63144,2.0288,1.15478,0,0,324834,0,2.91614,6,0,0,0.000861332,4.51718e-05,0,6.74212e-06,0.0301228,0.0301295,6,0.0301228
rod-twist,tight,sweep,3312ee,ee,1764051,6.35712,4.72127,13.0381,18.7595,0,0,1764033,0,15.6023,14,0,0,0.00243152,0.000793518,0,0.000486947,0.109257,0.109744,18,0.109291
rod-twist,tight,sweep,3340ee,ee,1648427,6.36067,5.14871,12.247,1.39436,0,0,1648425,0,13.2902,2,0,0,0.00142169,0.00142169,0,0.00142169,0.211502,0.212924,2,0.211502
rod-twist,tight,sweep,3372vf,vf,325068,6.50582,1.87745,2.07783,1.36476,0,0,325063,0,2.83636,5,0,0,0.00044799,4.35208e-05,0,5.47097e-06,0.0100065,0.010012,5,0.010005
rod-twist,tight,sweep,3405ee,ee,1725023,6.71625,5.04282,13.334,3.39782,0,0,1725019,0,14.7476,4,0,0,0.00235814,0.000964316,0,0.000167689,0.0433193,0.043487,4,0.0433426
rod-twist,tight,sweep,3430ee,ee,1826716,6.77468,4.8523,15.5316,11.282,0,0,1826682,0,18.4181,4,0,0,0.00447679,0.00428747,0,0.000692415,0.164719,0.165411,34,0.164719
rod-twist,tight,sweep,3453ee,ee,2118419,6.36448,6.0386,16.3452,333.481,2,0,2117045,0,99.8209,1051,0,0,0.0378941,0.000101615,0,6.9939e-07,3.41371e-05,3.48365e-05,1374,3.38554e-05
rod-twist,tight,sweep,3475vf,vf,333548,5.71925,1.65541,2.5452,3.99834,0,0,333533,0,4.75368,6,0,0,0.00506678,0.000580729,0,7.47538e-05,0.0960437,0.0961184,15,0.0960541
rod-twist,tight,sweep,3498vf,vf,388542,4.81009,1.66241,3.51209,11.591,0,0,388518,0,4.91652,7,0,0,0.00117173,0.000143521,0,4.93218e-05,0.0402679,0.0403172,24,0.0402679
rod-twist,tight,sweep,3521vf,vf,350990,4.76341,1.81662,3.33033,4.26442,0,0,350974,0,6.91928,2,0,0,0.00320129,0.00320129,0,0.000571673,0.168686,0.169258,16,0.168686
rod-twist,tight,sweep,3544vf,vf,612958,4.7917,2.44239,3.5151,10.4663,0,0,612924,0,5.51775,15,0,0,0.00977711,0.000207532,0,6.56081e-06,0.00204058,0.00204714,34,0.00204086
rod-twist,tight,sweep,3567ee,ee,1870826,6.46608,5.6805,7.92917,88.6804,1,0,1870525,0,34.3806,7,0,0,0.0244204,0.000541764,0,0.069402,0,0.069402,301,0
rod-twist,tight,sweep,3590ee,ee,2048695,5.22771,5.1386,17.48,97.2302,0,0,2048392,0,26.159,7,0,0,0.00988798,0.00288029,0,9.63626e-05,0.024501,0.0245974,303,0.0244522
rod-twist,tight,sweep,3613ee,ee,2026956,5.221,5.129,17.3818,151.098,0,0,2026607,0,30.8216,28,0,0,0.0143934,0.00155531,0,0.000310349,0.0173262,0.0176365,349,0.017334
rod-twist,tight,sweep,3635vf,vf,369826,5.3048,1.86103,2.86955,4.14586,0,0,369798,0,3.67307,2,0,0,0.000839805,0.000839805,0,0.000327307,0.165192,0.165519,28,0.165192
rod-twist,tight,sweep,3658vf,vf,383887,5.03022,1.79371,3.07015,21.3928,0,0,383850,0,14.1803,10,0,0,0.00604381,0.000156018,0,2.54394e-05,0.0042477,0.00427314,37,0.00425339
rod-twist,tight,sweep,3681vf,vf,432601,4.92168,2.0378,3.0402,44.9264,0,0,432488,0,11.4467,75,0,0,0.0104258,0.000218277,0,1.19515e-05,0.00172329,0.00173524,113,0.00171852
rod-twist,tight,sweep,3704vf,vf,409450,5.07818,2.08045,3.5166,2.34076,0,0,409427,0,4.59301,3,0,0,0.00884967,0.00100594,0,8.00612e-05,0.0478146,0.0478947,23,0.0477982
rod-twist,tight,sweep,3727ee,ee,2215811,5.0802,7.05806,19.6209,128.548,0,0,2215409,0,40.1043,65,0,0,0.030167,0.00118282,0,0.00138875,0.0130875,0.0144763,402,0.0129395
rod-twist,tight,sweep,3750ee,ee,2297441,5.06097,7.7925,20.6466,208.141,0,0,2296961,0,39.1687,97,0,0,0.0323816,0.000574813,0,2.84979e-05,0.000890233,0.000918731,480,0.000888824
rod-twist,tight,sweep,3773ee,ee,2733104,4.94948,8.70841,20.3331,553.792,4,0,2731170,0,134.94,1388,0,0,0.0315947,0.000337049,0,4.28293e-06,0.00202296,0.00202724,1934,0.00202274
rod-twist,tight,sweep,3795vf,vf,406767,5.74568,2.53576,4.76562,32.8557,0,0,406727,0,21.493,9,0,0,0.00207593,0.000134158,0,2.50388e-05,0.0110092,0.0110343,40,0.0110092
rod-twist,tight,sweep,3818vf,vf,488962,5.87685,2.66456,3.4701,43.0184,0,0,488862,0,13.9598,69,0,0,0.0142516,0.000176038,0,2.68419e-05,0.00354669,0.00357353,100,0.00354195
rod-twist,tight,sweep,3841vf,vf,406026,4.91144,2.38972,4.69832,11.5695,0,0,405998,0,4.84401,2,0,0,0.000779165,0.000779165,0,0.000669847,0.194958,0.195628,28,0.194958
rod-twist,tight,sweep,3864vf,vf,399302,4.97163,2.36364,3.74405,8.67084,0,0,399266,0,6.37005,4,0,0,0.00143442,0.000416354,0,0.00118175,0.132058,0.13324,36,0.131805
rod-twist,tight,sweep,3887ee,ee,2278509,4.96292,8.04264,23.9,237.007,1,0,2277994,0,38.0115,66,0,0,0.0252367,0.00127082,0,0.000926816,0.0178156,0.0187425,515,0.0177917
rod-twist,tight,sweep,3910ee,ee,2430782,6.1866,7.36154,20.427,185.734,3,0,2430237,0,42.3424,68,0,0,0.0184683,0.00100551,0,0.000140753,0.0102836,0.0104244,545,0.0102539
rod-twist,tight,sweep,3933ee,ee,2476439,5.74828,7.63519,22.212,89.3987,1,0,2475955,0,34.8318,4,0,0,0.0026925,0.000948967,0,0.132739,0.000715643,0.133454,484,0.13324
rod-twist,tight,sweep,3955vf,vf,594020,7.36922,2.95668,4.47698,135.118,1,0,593788,0,39.8596,176,0,0,0.0158932,5.71611e-05,0,3.84139e-07,7.81355e-05,7.85196e-05,232,7.82013e-05
rod-twist,tight,sweep,3978vf,vf,430133,5.79595,2.3638,6.76217,2.87662,0,0,430127,0,6.87064,3,0,0,0.0003977,6.98901e-05,0,4.92188e-06,0.380535,0.38054,6,0.380535
rod-twist,tight,sweep,791ee,ee,580337,4.87803,3.06644,3.11901,0.465202,0,0,580335,0,3.4869,2,0,0,0.000197448,0.000197448,0,9.19989e-05,0.248199,0.248291,2,0.248199
rod-twist,tight,sweep,1022ee,ee,337396,1.88247,2.14259,2.45471,0.446323,0,0,337395,0,2.6317,1,0,0,0.000305632,0.000305632,0,0.000305632,0.313812,0.314118,1,0.313812
rod-twist,tight,sweep,1263ee,ee,489290,4.22045,2.48876,4.11255,1.03053,0,0,489289,0,4.20554,1,0,0,0.000448969,0.000448969,0,0.000448969,0.31266,0.313109,1,0.31266
rod-twist,tight,sweep,1301ee,ee,478843,4.15136,2.75112,3.65231,2.75925,0,0,478833,0,4.60508,10,0,0,0.000487062,0.000232445,0,4.02336e-05,0.048549,0.0485893,10,0.0485535
rod-twist,tight,sweep,1353ee,ee,522979,4.34553,2.76404,3.8612,0.386485,0,0,522978,0,4.15383,1,0,0,0.000200137,0.000200137,0,0.000200137,0.0840263,0.0842265,1,0.0840263
rod-twist,tight,sweep,1389ee,ee,517764,4.37344,2.80532,4.43686,0.993922,0,0,517762,0,4.55935,1,0,0,0.000126119,0.000126119,0,0.000126119,0.151211,0.151337,2,0.151211
rod-twist,tight,sweep,1456ee,ee,491047,4.3463,2.82993,4.01956,0.392052,0,0,491046,0,4.30867,1,0,0,0.000529911,0.000529911,0,0.000529911,0.2173,0.21783,1,0.2173
rod-twist,tight,sweep,1517ee,ee,549574,4.41017,2.95581,4.24512,1.00573,0,0,549569,0,5.01793,5,0,0,0.00252455,0.000101114,0,3.13972e-05,0.040741,0.0407724,5,0.040741
rod-twist,tight,sweep,1555vf,vf,113125,4.08336,1.06307,1.28297,1.20614,0,0,113124,0,1.26476,1,0,0,0.00154315,0.00154315,0,0.00154315,0.307648,0.309191,1,0.307648
rod-twist,tight,sweep,1583ee,ee,1637625,4.12813,4.66015,7.84802,47.6098,1,0,1637478,0,13.5491,136,0,0,0.00325246,0.000100952,0,2.48311e-05,0.0200615,0.0200863,147,0.0200615
rod-twist,tight,sweep,1646ee,ee,581233,3.56613,2.86843,5.7915,2.55122,0,0,581230,0,5.90805,3,0,0,0.000384729,0.000164378,0,8.67179e-05,0.0828934,0.0829801,3,0.0828934
rod-twist,tight,sweep,1690ee,ee,644553,3.52959,3.10829,4.96244,6.25392,0,0,644539,0,7.56115,14,0,0,0.00643887,0.000253517,0,1.97965e-05,0.0346317,0.0346515,14,0.0346298
rod-twist,tight,sweep,1720ee,ee,651256,3.56946,3.3446,5.65279,1.20819,0,0,651254,0,5.68357,1,0,0,0.00318648,0.00318648,0,0.00318648,0.419678,0.422864,2,0.419678
rod-twist,tight,sweep,1748ee,ee,634727,3.67995,2.7995,5.14992,2.06205,0,0,634715,0,5.68143,12,0,0,0.00191986,3.81582e-05,0,3.2013e-05,0.0885943,0.0886263,12,0.0885944
rod-twist,tight,sweep,1776vf,vf,132542,3.66799,1.2119,1.0496,0.099293,0,0,132541,0,1.03331,1,0,0,5.96139e-05,5.96139e-05,0,5.96139e-05,0.0867462,0.0868058,1,0.0867462
rod-twist,tight,sweep,1807ee,ee,638978,3.61359,3.07591,6.63087,3.74078,0,0,638977,0,6.75381,1,0,0,0.00478774,0.00478774,0,0.00478774,0.40773,0.412518,1,0.40773
rod-twist,tight,sweep,1831vf,vf,141719,3.66626,1.11011,1.10461,1.29449,0,0,141714,0,1.14691,5,0,0,0.000850767,0.000366366,0,3.40232e-05,0.0177269,0.0177609,5,0.0177269
rod-twist,tight,sweep,1859vf,vf,141707,3.59199,1.06275,1.35494,3.08157,0,0,141698,0,1.91812,9,0,0,0.000302569,0.000121229,0,6.02517e-05,0.0623641,0.0624243,9,0.0623741
rod-twist,tight,sweep,1893vf,vf,126970,3.65416,1.00391,0.984258,0.340949,0,0,126969,0,1.06474,1,0,0,0.000706453,0.000706453,0,0.000706453,0.332169,0.332875,1,0.332169
rod-twist,tight,sweep,1927ee,ee,750699,3.63183,3.27558,5.94696,9.759,0,0,750680,0,7.00497,13,0,0,0.00265354,0.000126051,0,3.50434e-05,0.0181498,0.0181848,19,0.0181427
rod-twist,tight,sweep,1956ee,ee,792743,3.59724,3.42393,6.37866,9.05947,0,0,792718,0,7.82143,23,0,0,0.00129082,0.000192143,0,0.000172949,0.0501693,0.0503422,25,0.0501709
rod-twist,tight,sweep,1985vf,vf,528252,4.62418,2.8138,2.50415,19.6212,0,0,528110,0,4.04285,140,0,0,0.0105962,4.93355e-05,0,6.1811e-06,0.00699675,0.00700294,142,0.00699711
rod-twist,tight,sweep,2027ee,ee,732020,3.54818,3.06525,6.10951,9.42548,0,0,732005,0,8.45434,13,0,0,0.00816126,0.000119371,0,2.69189e-05,0.0251218,0.0251487,15,0.0251274
rod-twist,tight,sweep,2079vf,vf,159144,3.6382,1.05526,1.22521,0.434483,0,0,159139,0,1.57739,5,0,0,1.68445e-05,8.54503e-06,0,1.76967e-05,0.0122214,0.0122391,5,0.0122223
rod-twist,tight,sweep,2110ee,ee,807841,3.6445,3.21382,6.65682,3.43587,0,0,807835,0,7.35661,6,0,0,0.000705531,0.000269546,0,0.000482933,0.081513,0.081996,6,0.0815735
rod-twist,tight,sweep,2142ee,ee,824215,4.55023,3.36793,6.84031,5.2449,0,0,824199,0,8.33185,14,0,0,0.00156883,0.000325018,0,0.000326712,0.0597212,0.0600479,16,0.0597229
rod-twist,tight,sweep,2166vf,vf,180778,4.64373,1.25555,1.36767,1.2887,0,0,180773,0,1.70648,5,0,0,0.00289602,0.00026356,0,2.46068e-06,0.0145821,0.0145846,5,0.0145798
rod-twist,tight,sweep,2189vf,vf,185857,3.67589,1.11037,1.44306,5.0266,0,0,185846,0,2.66043,10,0,0,0.000555925,0.000162256,0,3.3015e-05,0.0628275,0.0628606,11,0.0628357
rod-twist,tight,sweep,2213vf,vf,170781,3.62364,1.06074,1.32649,0.987107,0,0,170776,0,1.45199,5,0,0,0.000544561,0.000133151,0,7.26808e-05,0.0297628,0.0298355,5,0.0297623
rod-twist,tight,sweep,2236ee,ee,881389,3.61797,3.02989,7.5592,9.6024,0,0,881372,0,8.89394,12,0,0,0.00861057,0.000798118,0,8.72653e-05,0.0492516,0.0493388,17,0.0492516
rod-twist,tight,sweep,2259vf,vf,199921,4.40416,1.26691,1.47852,1.48146,0,0,199917,0,1.85614,4,0,0,0.000377674,0.000355238,0,2.18758e-05,0.0177536,0.0177755,4,0.0177536
rod-twist,tight,sweep,2282vf,vf,192187,3.62146,1.26515,1.54895,24.5079,0,0,192121,0,6.21623,62,0,0,0.00342922,4.1375e-05,0,1.05725e-05,0.0026461,0.00265668,66,0.00264549
rod-twist,tight,sweep,2307ee,ee,859513,3.60895,3.02439,7.73046,22.1109,0,0,859453,0,12.6295,50,0,0,0.00527851,0.000168235,0,2.3939e-06,0.00197498,0.00197737,60,0.00197601
rod-twist,tight,sweep,2332ee,ee,858501,4.6397,3.05028,9.48996,2.75022,0,0,858495,0,9.71372,2,0,0,0.00250836,0.00250836,0,0.000238298,0.210266,0.210504,6,0.210266
rod-twist,tight,sweep,2358ee,ee,951141,4.66741,3.01405,8.33562,9.48522,1,0,951131,0,10.0735,2,0,0,0.0088836,0.0088836,0,0.000250672,0.194113,0.194363,10,0.194084
rod-twist,tight,sweep,2382ee,ee,1029109,4.72069,3.2535,8.2187,145.095,0,0,1028828,0,22.0374,244,0,0,0.0282241,0.000162949,0,7.85064e-06,0.00132525,0.0013331,281,0.00132561
rod-twist,tight,sweep,2405vf,vf,189778,4.66498,1.18288,2.85367,5.7268,0,0,189764,0,3.09367,14,0,0,0.00201733,0.000165019,0,2.11641e-05,0.024194,0.0242152,14,0.0241985
rod-twist,tight,sweep,2431ee,ee,930926,3.66658,3.17002,8.93208,4.7611,0,0,930913,0,12.2528,2,0,0,0.00182188,0.00182188,0,0.00130933,0.265778,0.267087,13,0.265778
rod-twist,tight,sweep,2456ee,ee,947330,4.51836,3.31795,9.16197,7.5438,1,0,947313,0,11.1022,4,0,0,0.000969611,0.000580273,0,0.0645379,0,0.0645379,17,0
rod-twist,tight,sweep,2479vf,vf,179577,4.63733,1.24646,1.62635,0.101341,0,0,179576,0,1.8506,1,0,0,0.000119522,0.000119522,0,0.000119522,0.0754547,0.0755742,1,0.0754547
rod-twist,tight,sweep,2502vf,vf,234432,3.62779,1.23046,1.63557,8.78998,0,0,234393,0,4.36573,37,0,0,0.00511803,3.68581e-05,0,2.07534e-06,0.00246353,0.00246561,39,0.00246429
rod-twist,tight,sweep,2526ee,ee,1073690,3.69147,3.7443,11.9806,88.0791,2,0,1073588,0,32.0429,72,0,0,0.00620415,0.00053525,0,0.000146266,0.0110695,0.0112158,102,0.0110626
rod-twist,tight,sweep,2549ee,ee,1156862,4.77963,3.84318,9.6878,101.189,0,0,1156747,0,22.6129,72,0,0,0.0122357,0.00056067,0,2.30252e-05,0.00384264,0.00386566,115,0.0038414
rod-twist,tight,sweep,2573ee,ee,1015444,4.65224,3.86244,9.67136,19.1695,0,0,1015411,0,12.5724,9,0,0,0.026686,0.000760151,0,0.000704116,0.0911234,0.0918275,33,0.0911789
rod-twist,tight,sweep,2596vf,vf,207277,4.55599,1.37506,2.58719,6.77692,0,0,207264,0,2.64082,12,0,0,0.00733216,8.22407e-05,0,7.61296e-05,0.0842497,0.0843258,13,0.0842514
rod-twist,tight,sweep,2622ee,ee,1073716,3.69445,3.89131,11.8804,3.61045,0,0,1073696,0,12.0437,0,0,0,0,0,0,0,1,1,20,1
rod-twist,tight,sweep,2644vf,vf,269815,4.80174,1.41967,2.07587,12.0296,0,0,269787,0,4.61653,22,0,0,0.013437,0.000147776,0,1.0878e-05,0.00251007,0.00252095,28,0.00251007
rod-twist,tight,sweep,2667vf,vf,201857,3.76024,1.22636,1.71918,1.4429,0,0,201853,0,2.21571,1,0,0,0.00155517,0.00155517,0,0.00155517,0.273468,0.275023,4,0.273468
rod-twist,tight,sweep,2690vf,vf,228023,3.7531,1.26886,1.73412,10.3968,0,0,228012,0,8.98594,10,0,0,0.00527491,0.000250721,0,1.5304e-05,0.0515253,0.0515406,11,0.0515213
rod-twist,tight,sweep,2714ee,ee,1106866,3.76193,3.87105,16.898,5.29303,0,0,1106842,0,17.057,0,0,0,0,0,0,0,1,1,24,1
rod-twist,tight,sweep,2737ee,ee,1129390,4.80789,4.00321,10.0889,21.064,1,0,1129346,0,13.701,5,0,0,0.000945368,0.000466985,0,7.84376e-05,0.0245667,0.0246451,44,0.0245667
rod-twist,tight,sweep,2761vf,vf,233358,4.66085,1.35721,1.81105,0.5372,0,0,233356,0,2.10883,1,0,0,2.05832e-05,2.05832e-05,0,2.05832e-05,0.0164108,0.0164314,2,0.0164108
rod-twist,tight,sweep,2785vf,vf,283025,3.76568,1.46556,1.98423,1.11472,0,0,283022,0,2.53164,2,0,0,0.00152598,0.00152598,0,7.69031e-05,0.104187,0.104264,3,0.104187
rod-twist,tight,sweep,2808ee,ee,1324480,3.71563,4.18109,11.5396,25.2037,0,0,1324413,0,17.8534,18,0,0,0.00257519,0.00038646,0,1.36985e-05,0.00847244,0.00848614,67,0.00847626
rod-twist,tight,sweep,2832ee,ee,1224481,4.27843,4.09885,11.2812,32.0496,0,0,1224424,0,19.5299,16,0,0,0.0113587,0.000546364,0,0.00013008,0.0211095,0.0212396,57,0.0211105
rod-twist,tight,sweep,2856vf,vf,273715,4.36144,1.52194,2.35062,1.92509,0,0,273711,0,2.73707,2,0,0,0.002258,0.002258,0,1.95684e-05,0.137306,0.137326,4,0.137306
rod-twist,tight,sweep,2881ee,ee,1472159,3.77432,4.12906,11.6765,114.715,0,0,1471795,0,30.2986,307,0,0,0.0243664,0.000135738,0,3.22741e-06,0.00150898,0.0015122,364,0.00150681
rod-twist,tight,sweep,2903vf,vf,246089,4.50095,1.44399,1.09309,3.00532,1,0,246076,0,2.71224,9,0,0,0.00278438,0.000144814,0,0.0295277,0,0.0295277,13,0
rod-twist,tight,sweep,2926vf,vf,245763,3.92644,1.47148,1.96861,1.48316,0,0,245758,0,2.41996,2,0,0,0.00110766,0.00110766,0,3.70821e-05,0.22422,0.224257,5,0.22422
rod-twist,tight,sweep,2949vf,vf,277757,3.85796,1.47733,2.04141,5.71391,0,0,277737,0,5.73314,16,0,0,0.00240284,0.000287996,0,0.000295964,0.0265042,0.0268001,20,0.0265121
rod-twist,tight,sweep,2972vf,vf,261254,3.84126,1.49746,2.08003,2.44594,0,0,261245,0,2.88967,6,0,0,0.00270726,0.00117378,0,0.000129876,0.0135996,0.0137295,9,0.0135498
rod-twist,tight,sweep,2995vf,vf,280405,3.81659,1.45896,3.35222,0.219513,0,0,280404,0,3.32985,0,0,0,0,0,0,0,1,1,1,1
rod-twist,tight,sweep,3018vf,vf,259529,3.83636,1.38226,2.26451,0.14806,0,0,259527,0,2.25926,0,0,0,0,0,0,0,1,1,2,1
rod-twist,tight,sweep,3041vf,vf,282795,3.85156,1.43135,1.89946,9.29354,0,0,282779,0,6.84242,16,0,0,0.00118374,5.93745e-05,0,5.54497e-06,0.0651763,0.0651819,16,0.0651741
rod-twist,tight,sweep,3077ee,ee,1491258,3.87659,4.22768,11.1957,12.9862,0,0,1491243,0,14.1216,13,0,0,0.00189422,0.000297758,0,0.000140194,0.065278,0.0654182,15,0.0652771
rod-twist,tight,sweep,3117ee,ee,1463335,4.34912,4.06189,11.1808,3.48012,0,0,1463331,0,14.0235,3,0,0,0.000731969,0.000135335,0,0.00011922,0.0426751,0.0427943,4,0.0426788
rod-twist,tight,sweep,3152vf,vf,262379,4.23904,1.46088,2.85537,1.95264,0,0,262377,0,2.93854,2,0,0,0.000949475,0.000949475,0,0.000772959,0.339592,0.340365,2,0.339592
rod-twist,tight,sweep,3187vf,vf,312881,3.854,1.57189,1.95533,3.56732,0,0,312868,0,3.06458,13,0,0,0.000391874,4.86902e-05,0,1.59843e-05,0.0398007,0.0398167,13,0.0397949
rod-twist,tight,sweep,3216ee,ee,1654755,3.81179,4.55468,12.1333,14.5783,0,0,1654711,0,16.2835,42,0,0,0.00555641,2.39361e-05,0,5.79207e-06,0.014317,0.0143228,44,0.0143166
rod-twist,tight,sweep,3252vf,vf,291723,4.85224,1.53883,1.913,0.20057,0,0,291722,0,1.97607,1,0,0,6.71995e-05,6.71995e-05,0,6.71995e-05,0.156418,0.156485,1,0.156418
rod-twist,tight,sweep,3284vf,vf,324840,3.88488,1.43484,2.01095,1.08768,0,0,324834,0,2.78286,6,0,0,0.000861332,4.51718e-05,0,6.74212e-06,0.0301228,0.0301295,6,0.0301228
rod-twist,tight,sweep,3312ee,ee,1764051,3.84574,4.43657,12.949,18.6711,0,0,1764033,0,15.3188,14,0,0,0.00243152,0.000793518,0,0.000486947,0.109257,0.109744,18,0.109291
rod-twist,tight,sweep,3340ee,ee,1648427,3.88817,4.54713,12.1712,1.37724,0,0,1648425,0,13.1335,2,0,0,0.00142169,0.00142169,0,0.00142169,0.211502,0.212924,2,0.211502
rod-twist,tight,sweep,3372vf,vf,325068,4.18679,1.71713,2.07549,1.31942,0,0,325063,0,2.81444,5,0,0,0.00044799,4.35208e-05,0,5.47097e-06,0.0100065,0.010012,5,0.010005
rod-twist,tight,sweep,3405ee,ee,1725023,3.90574,4.73221,13.2906,3.32192,0,0,1725019,0,14.4959,4,0,0,0.00235814,0.000964316,0,0.000167689,0.0433193,0.043487,4,0.0433426
rod-twist,tight,sweep,3430ee,ee,1826716,4.40144,4.71231,15.4178,11.2567,0,0,1826682,0,18.1278,4,0,0,0.00447679,0.00428747,0,0.000692415,0.164719,0.165411,34,0.164719
rod-twist,tight,sweep,3453ee,ee,2118419,3.98932,5.42467,16.2498,335.776,2,0,2117045,0,99.2733,1051,0,0,0.0378941,0.000101615,0,6.9939e-07,3.41371e-05,3.48365e-05,1374,3.38554e-05
rod-twist,tight,sweep,3475vf,vf,333548,5.29283,1.57886,2.55244,4.02436,0,0,333533,0,4.79582,6,0,0,0.00506678,0.000580729,0,7.47538e-05,0.0960437,0.0961184,15,0.0960541
rod-twist,tight,sweep,3498vf,vf,388542,5.13866,1.73412,3.50946,11.7496,0,0,388518,0,4.85729,7,0,0,0.00117173,0.000143521,0,4.93218e-05,0.0402679,0.0403172,24,0.0402679
rod-twist,tight,sweep,3521vf,vf,350990,5.07828,1.67384,3.38665,4.31981,0,0,350974,0,7.01201,2,0,0,0.00320129,0.00320129,0,0.000571673,0.168686,0.169258,16,0.168686
rod-twist,tight,sweep,3544vf,vf,612958,5.12167,2.52348,3.55263,10.4771,0,0,612924,0,5.41235,15,0,0,0.00977711,0.000207532,0,6.56081e-06,0.00204058,0.00204714,34,0.00204086
rod-twist,tight,sweep,3567ee,ee,1870826,5.30346,5.57833,7.91122,88.5426,1,0,1870525,0,34.3421,7,0,0,0.0244204,0.000541764,0,0.069402,0,0.069402,301,0
rod-twist,tight,sweep,3590ee,ee,2048695,5.65509,5.2657,17.4913,97.5058,0,0,2048392,0,26.2084,7,0,0,0.00988798,0.00288029,0,9.63626e-05,0.024501,0.0245974,303,0.0244522
rod-twist,tight,sweep,3613ee,ee,2026956,5.67176,5.16084,17.4075,150.453,0,0,2026607,0,30.8704,28,0,0,0.0143934,0.00155531,0,0.000310349,0.0173262,0.0176365,349,0.017334
rod-twist,tight,sweep,3635vf,vf,369826,5.40339,1.82001,2.87217,4.31075,0,0,369798,0,3.76248,2,0,0,0.000839805,0.000839805,0,0.000327307,0.165192,0.165519,28,0.165192
rod-twist,tight,sweep,3658vf,vf,383887,5.3112,1.92573,3.2209,21.2507,0,0,383850,0,14.0537,10,0,0,0.00604381,0.000156018,0,2.54394e-05,0.0042477,0.00427314,37,0.00425339
rod-twist,tight,sweep,3681vf,vf,432601,5.20954,2.09895,3.01959,44.9197,0,0,432488,0,11.5336,75,0,0,0.0104258,0.000218277,0,1.19515e-05,0.00172329,0.00173524,113,0.00171852
rod-twist,tight,sweep,3704vf,vf,409450,5.20263,2.26224,3.56392,2.32982,0,0,409427,0,4.61791,3,0,0,0.00884967,0.00100594,0,8.00612e-05,0.0478146,0.0478947,23,0.0477982
rod-twist,tight,sweep,3727ee,ee,2215811,5.25133,7.28061,19.6539,129.7,0,0,2215409,0,40.1334,65,0,0,0.030167,0.00118282,0,0.00138875,0.0130875,0.0144763,402,0.0129395
rod-twist,tight,sweep,3750ee,ee,2297441,5.22589,7.98526,20.6307,208.237,0,0,2296961,0,39.3824,97,0,0,0.0323816,0.000574813,0,2.84979e-05,0.000890233,0.000918731,480,0.000888824
rod-twist,tight,sweep,3773ee,ee,2733104,5.19549,9.04664,20.3439,548.3,4,0,2731170,0,134.996,1388,0,0,0.0315947,0.000337049,0,4.28293e-06,0.00202296,0.00202724,1934,0.00202274
rod-twist,tight,sweep,3795vf,vf,406767,5.91768,2.56994,4.79291,32.9454,0,0,406727,0,21.6863,9,0,0,0.00207593,0.000134158,0,2.50388e-05,0.0110092,0.0110343,40,0.0110092
rod-twist,tight,sweep,3818vf,vf,488962,5.0769,2.65982,3.46393,42.9554,0,0,488862,0,13.9859,69,0,0,0.0142516,0.000176038,0,2.68419e-05,0.00354669,0.00357353,100,0.00354195
rod-twist,tight,sweep,3841vf,vf,406026,5.15008,2.44949,4.73115,11.619,0,0,405998,0,4.86408,2,0,0,0.000779165,0.000779165,0,0.000669847,0.194958,0.195628,28,0.194958
rod-twist,tight,sweep,3864vf,vf,399302,5.10109,2.42889,3.77029,8.65801,0,0,399266,0,6.30983,4,0,0,0.00143442,0.000416354,0,0.00118175,0.132058,0.13324,36,0.131805
rod-twist,tight,sweep,3887ee,ee,2278509,4.88235,8.13176,24.0796,236.981,1,0,2277994,0,37.8929,66,0,0,0.0252367,0.00127082,0,0.000926816,0.0178156,0.0187425,515,0.0177917
rod-twist,tight,sweep,3910ee,ee,2430782,6.2153,7.38167,20.4808,184.686,3,0,2430237,0,42.4511,68,0,0,0.0184683,0.00100551,0,0.000149325,0.0102751,0.0104244,545,0.0102539
rod-twist,tight,sweep,3933ee,ee,2476439,5.74322,7.7437,22.1903,89.4336,1,0,2475955,0,34.8476,4,0,0,0.0026925,0.000948967,0,0.132739,0.000715643,0.133454,484,0.13324
rod-twist,tight,sweep,3955vf,vf,594020,5.64959,2.97537,4.45734,134.945,1,0,593788,0,39.8035,176,0,0,0.0158932,5.71611e-05,0,3.84139e-07,7.81355e-05,7.85196e-05,232,7.82013e-05
rod-twist,tight,sweep,3978vf,vf,430133,5.08388,2.39814,6.79839,2.89111,0,0,430127,0,6.81701,3,0,0,0.0003977,6.98901e-05,0,4.92188e-06,0.380535,0.38054,6,0.380535
rod-twist,tight,sweep,791ee,ee,580337,5.13952,3.10327,3.13056,0.389716,0,0,580335,0,3.46454,2,0,0,0.000197448,0.000197448,0,9.19989e-05,0.248199,0.248291,2,0.248199
