dataset,mode,broadphase,case,type,queries,prep_ms,broad_ms,narrow_ms,query_narrow_ms,fp,fn,broad_fp,broad_fn,narrow_ms_s1,toi_n,toi_late,toi_max_late,toi_max_early,toi_med_early,s0_late,s0_margin,s0_toi,gt_earliest,root_n,s1_min
armadillo-rollers,device-tight,cell2d,100ee,ee,225252,0.337877,6.12422,2.35132,4.74657,0,0,225187,0,7.7795,65,0,0,0.000110117,1.15441e-06,0,9.22821e-07,0.00103008,0.001031,65,0.00102997
armadillo-rollers,device-tight,cell2d,103vf,vf,75907,0.331798,1.65464,2.48709,2.24047,0,0,75903,0,3.84602,4,0,0,0.000140772,6.61985e-05,0,1.86099e-06,0.218369,0.218371,4,0.218369
armadillo-rollers,device-tight,cell2d,107vf,vf,101595,0.350197,2.58389,2.86676,7.79009,0,0,101062,0,9.36761,530,0,0,6.16231e-05,5.61617e-07,0,1.40005e-07,0.00129987,0.00130001,533,0.00129986
armadillo-rollers,device-tight,cell2d,111ee,ee,94831,0.347573,4.12547,1.68718,2.96003,0,0,94811,0,2.25827,20,0,0,3.09636e-05,1.21061e-06,0,1.75781e-07,0.0142322,0.0142323,20,0.0142322
armadillo-rollers,device-tight,cell2d,115vf,vf,18978,0.338613,1.23497,1.54577,1.4037,0,0,18975,0,1.70644,3,0,0,1.38831e-05,1.82316e-06,0,1.72102e-06,0.00871944,0.00872117,3,0.00871944
armadillo-rollers,device-tight,cell2d,119vf,vf,33604,0.344085,1.16499,1.43739,1.79025,0,0,33600,0,1.91799,4,0,0,9.31144e-06,4.63769e-06,0,4.63769e-06,0.00977039,0.00977503,4,0.00977039
armadillo-rollers,device-tight,cell2d,122ee,ee,137371,0.334198,4.24348,1.94624,3.28287,0,0,137355,0,2.42341,16,0,0,4.35727e-05,3.86259e-06,0,7.11423e-06,0.0228672,0.0228743,16,0.0228672
armadillo-rollers,device-tight,cell2d,126vf,vf,49095,0.341397,1.39071,2.23526,2.09785,0,0,49094,0,2.69441,1,0,0,9.47518e-05,9.47518e-05,0,9.47518e-05,0.37149,0.371585,1,0.37149
armadillo-rollers,device-tight,cell2d,12vf,vf,107536,0.347061,2.14902,1.84279,5.42191,0,0,107500,0,3.09465,34,0,0,0.000335354,6.61307e-06,0,2.61327e-07,0.0003016,0.000301861,36,0.0003016
armadillo-rollers,device-tight,cell2d,134ee,ee,67235,0.440146,4.51512,1.73738,3.80301,0,0,67213,0,2.87188,22,0,0,0.000141787,3.56355e-06,0,1.65444e-06,0.0185483,0.01855,22,0.018549
armadillo-rollers,device-tight,cell2d,138ee,ee,103311,0.344021,4.8394,3.15075,8.3167,0,0,101881,0,9.81249,1430,0,0,1.83929e-05,4.52791e-07,0,2.44247e-07,0.000391354,0.000391598,1430,0.000391245
armadillo-rollers,device-tight,cell2d,140vf,vf,18676,0.476177,1.04147,1.8841,0.959873,0,0,18675,0,1.70215,0,0,0,0,0,0,0,1,1,1,1
armadillo-rollers,device-tight,cell2d,145vf,vf,14520,0.472465,0.884292,1.59649,2.71214,0,0,14504,0,2.76001,15,0,0,2.53054e-05,2.25757e-06,0,1.49641e-06,0.00845537,0.00845687,16,0.00845528
armadillo-rollers,device-tight,cell2d,149vf,vf,17621,0.479281,0.924131,1.61665,2.50267,0,0,17608,0,1.89719,12,0,0,3.6276e-05,1.7316e-06,0,3.72313e-07,0.0899653,0.0899657,13,0.0899653
armadillo-rollers,device-tight,cell2d,153ee,ee,54774,0.474097,4.25779,1.89239,4.81274,0,0,54738,0,3.31807,36,0,0,0.000761246,1.07022e-05,0,9.75101e-06,0.0113463,0.0113561,36,0.0113468
armadillo-rollers,device-tight,cell2d,157ee,ee,51080,0.477744,4.84609,1.81914,4.81454,0,0,51050,0,2.27676,30,0,0,9.38738e-05,2.72258e-06,0,9.94063e-06,0.0157661,0.0157761,30,0.0157661
armadillo-rollers,device-tight,cell2d,15vf,vf,81346,0.338134,1.61096,2.24892,5.01146,0,0,81308,0,3.06921,38,0,0,9.49289e-05,5.59616e-06,0,5.38657e-06,0.00615025,0.00615563,38,0.00615025
armadillo-rollers,device-tight,cell2d,164ee,ee,52133,0.472849,4.83924,1.78823,1.98851,0,0,52123,0,1.86852,10,0,0,0.000105438,1.07768e-06,0,4.40618e-07,0.0559936,0.055994,10,0.0559936
armadillo-rollers,device-tight,cell2d,168ee,ee,43829,0.492624,4.81482,2.05744,3.58277,0,0,43809,0,2.61057,20,0,0,0.000502079,6.73425e-06,0,9.24219e-06,0.0161005,0.0161098,20,0.016103
armadillo-rollers,device-tight,cell2d,171ee,ee,51464,0.477777,4.71991,1.85546,5.44562,0,0,51437,0,3.08409,26,0,0,0.000556547,2.4388e-06,0,3.85467e-07,0.00859983,0.00860021,27,0.00859976
armadillo-rollers,device-tight,cell2d,175ee,ee,51829,0.479249,4.4236,1.75028,2.99997,0,0,51821,0,2.48498,8,0,0,0.00104547,5.05564e-05,0,1.21445e-05,0.022461,0.0224731,8,0.0224609
armadillo-rollers,device-tight,cell2d,179vf,vf,15919,0.473681,1.00528,1.45227,1.2726,0,0,15915,0,1.80545,4,0,0,7.83533e-06,6.94747e-06,0,7.605e-07,0.0502243,0.0502251,4,0.0502243
armadillo-rollers,device-tight,cell2d,182ee,ee,52057,0.471985,4.33711,2.136,4.77671,0,0,52022,0,2.78564,34,0,0,0.000261225,3.22832e-06,0,1.73358e-06,0.00282764,0.00282938,35,0.00282764
armadillo-rollers,device-tight,cell2d,186ee,ee,86111,0.337558,4.70324,1.93139,5.5533,0,0,86023,0,3.05747,88,0,0,0.00032175,4.68735e-07,0,1.00018e-06,0.00233625,0.00233725,88,0.00233662
armadillo-rollers,device-tight,cell2d,18ee,ee,157963,0.341045,4.57368,2.11101,4.54027,0,0,157927,0,3.59435,36,0,0,0.000167007,1.96226e-06,0,2.17605e-06,0.0061275,0.00612967,36,0.00612688
armadillo-rollers,device-tight,cell2d,193ee,ee,60618,0.477137,4.25068,1.7465,4.92669,0,0,60575,0,2.93447,43,0,0,8.33211e-05,4.1757e-06,0,1.20101e-06,0.00437355,0.00437475,43,0.00437355
armadillo-rollers,device-tight,cell2d,197ee,ee,48550,0.485552,4.68456,1.79629,4.13878,0,0,48523,0,2.60539,27,0,0,0.000139258,1.98502e-06,0,1.2323e-06,0.00140992,0.00141115,27,0.00141051
armadillo-rollers,device-tight,cell2d,19vf,vf,50546,0.345269,1.89677,1.87444,1.96727,0,0,50540,0,2.06512,6,0,0,6.04696e-06,2.3169e-06,0,1.53353e-06,0.267323,0.267325,6,0.267323
armadillo-rollers,device-tight,cell2d,203vf,vf,18050,0.479281,1.04781,2.11373,1.44645,0,0,18046,0,2.5811,4,0,0,1.40649e-05,3.74728e-06,0,1.4695e-06,0.0206542,0.0206557,4,0.0206542
armadillo-rollers,device-tight,cell2d,207vf,vf,15228,0.472721,1.0199,1.69124,1.64545,0,0,15224,0,2.13766,4,0,0,3.25912e-05,4.2952e-06,0,3.36693e-06,0.0458746,0.045878,4,0.0458746
armadillo-rollers,device-tight,cell2d,210vf,vf,14783,0.475697,0.941955,1.71511,2.99571,0,0,14769,0,3.00128,14,0,0,0.000164511,2.25646e-06,0,1.05179e-06,0.00194693,0.00194798,14,0.00194693
armadillo-rollers,device-tight,cell2d,214vf,vf,17463,0.485008,1.04297,2.2774,2.28306,0,0,17456,0,2.97312,7,0,0,1.05304e-05,2.28321e-06,0,6.14693e-07,0.00241947,0.00242009,7,0.00241947
armadillo-rollers,device-tight,cell2d,218ee,ee,57259,0.346805,4.89712,2.367,7.00464,0,0,57141,0,5.74855,117,0,0,0.00155511,3.31359e-06,0,2.28716e-07,0.000527382,0.000527611,118,0.000527382
armadillo-rollers,device-tight,cell2d,221ee,ee,58422,0.502992,4.83159,2.01078,6.86778,0,0,58328,0,4.01098,94,0,0,0.00113087,5.02115e-06,0,2.18921e-06,0.000574112,0.000576301,94,0.000574112
armadillo-rollers,device-tight,cell2d,225ee,ee,69534,0.471729,5.45308,1.85789,5.27145,0,0,69493,0,3.40639,41,0,0,0.000103531,4.15884e-06,0,1.67002e-06,0.000816822,0.000818492,41,0.000816822
armadillo-rollers,device-tight,cell2d,229ee,ee,303368,0.497008,8.28684,2.71249,9.39961,0,0,299350,0,13.5366,4015,0,0,0.00364026,3.52246e-07,0,1.13695e-07,2.86102e-05,2.87239e-05,4018,2.86102e-05
armadillo-rollers,device-tight,cell2d,232ee,ee,74356,0.354069,5.8386,1.60385,2.67537,0,0,74343,0,1.80337,13,0,0,5.49337e-05,2.20089e-06,0,1.56815e-06,0.00295019,0.00295176,13,0.00295019
armadillo-rollers,device-tight,cell2d,235vf,vf,25746,0.341045,1.0583,1.82074,2.52184,0,0,25740,0,2.65713,6,0,0,1.99529e-05,9.58202e-06,0,9.58202e-06,0.077322,0.0773316,6,0.077322
armadillo-rollers,device-tight,cell2d,239vf,vf,35150,0.340693,1.25468,1.71335,2.1039,0,0,35146,0,2.20537,4,0,0,2.00943e-05,4.73987e-06,0,3.8756e-06,0.228525,0.228529,4,0.228524
armadillo-rollers,device-tight,cell2d,242vf,vf,50658,0.346517,1.56053,1.84612,2.30022,0,0,50648,0,2.59067,10,0,0,4.47485e-06,5.23562e-07,0,2.94722e-07,0.013407,0.0134073,10,0.013407
armadillo-rollers,device-tight,cell2d,246vf,vf,34492,0.350549,1.53889,1.74545,2.04918,0,0,34485,0,2.86468,7,0,0,2.97204e-05,2.25818e-06,0,1.31416e-05,0.0296783,0.0296915,7,0.0296783
armadillo-rollers,device-tight,cell2d,24vf,vf,51354,0.34303,1.1615,2.33039,3.05689,0,0,51336,0,2.72891,18,0,0,2.31918e-05,2.65447e-06,0,1.17986e-05,0.0533628,0.0533746,18,0.0533648
armadillo-rollers,device-tight,cell2d,253vf,vf,35573,0.34207,1.8377,1.84439,4.43378,0,0,35546,0,3.68779,27,0,0,0.000286837,6.47282e-06,0,1.61151e-07,0.0076766,0.00767676,27,0.0076766
armadillo-rollers,device-tight,cell2d,257ee,ee,116712,0.338357,5.84173,2.26316,7.16509,0,0,116593,0,4.10867,119,0,0,0.000626831,1.38228e-05,0,1.79667e-06,0.00168099,0.00168279,119,0.00168133
armadillo-rollers,device-tight,cell2d,260ee,ee,118287,0.340054,6.20732,1.94586,5.44216,0,0,118237,0,3.1567,50,0,0,0.000846526,5.22592e-06,0,2.38924e-06,0.00157263,0.00157501,50,0.00157356
armadillo-rollers,device-tight,cell2d,264ee,ee,130094,0.338549,6.14013,2.25762,7.30815,0,0,129930,0,4.24092,164,0,0,0.000663531,9.26199e-06,0,1.95864e-06,0.00103423,0.00103619,164,0.00103378
armadillo-rollers,device-tight,cell2d,268ee,ee,130104,0.353525,7.41688,2.24351,7.9786,0,0,129968,0,3.78017,135,0,0,0.00192053,1.08612e-05,0,1.61487e-06,0.00080061,0.000802224,136,0.00080061
armadillo-rollers,device-tight,cell2d,271ee,ee,131744,0.360213,7.69249,2.75777,6.90586,0,0,131671,0,4.13091,72,0,0,0.00222042,5.55073e-05,0,5.79277e-06,0.00370789,0.00371368,73,0.00370789
armadillo-rollers,device-tight,cell2d,274vf,vf,42186,0.340758,1.91098,2.46021,7.82474,0,0,42114,0,5.08249,70,0,0,0.00086114,6.65433e-05,0,2.05597e-06,0.0063467,0.00634876,72,0.0063467
armadillo-rollers,device-tight,cell2d,278vf,vf,49349,0.348981,1.8826,2.4957,6.75115,0,0,49273,0,5.16524,75,0,0,0.00733316,1.34475e-05,0,2.25692e-06,0.0115829,0.0115851,76,0.0115829
armadillo-rollers,device-tight,cell2d,281vf,vf,62328,0.342325,2.61339,3.03178,9.67201,0,0,61881,0,7.44789,444,0,0,0.00169614,1.28031e-05,0,4.90012e-06,0.00212097,0.00212587,447,0.00212073
armadillo-rollers,device-tight,cell2d,285vf,vf,54416,0.341686,2.42824,2.6723,8.24032,0,0,54302,0,5.18431,112,0,0,0.000654468,2.72935e-05,0,1.35344e-05,0.00705696,0.00707049,114,0.00706005
armadillo-rollers,device-tight,cell2d,289vf,vf,56855,0.337397,2.49758,2.36328,7.28834,0,0,56757,0,5.18003,98,0,0,0.00223737,1.98132e-05,0,1.11317e-06,0.00656652,0.00656764,98,0.00656652
armadillo-rollers,device-tight,cell2d,292ee,ee,175809,0.351029,9.03629,2.51659,7.60177,0,0,175708,0,3.82414,99,0,0,0.00133702,1.43802e-05,0,5.26928e-07,0.00252485,0.00252538,101,0.00252485
armadillo-rollers,device-tight,cell2d,296ee,ee,175448,0.345237,8.09203,2.17344,8.70785,0,0,175277,0,5.15321,169,0,0,0.012878,5.97218e-06,0,1.19529e-06,0.000519656,0.000520851,171,0.000519753
armadillo-rollers,device-tight,cell2d,29ee,ee,257518,0.342069,3.65412,1.78887,3.1958,1,0,257507,0,3.31941,8,0,0,5.63906e-05,2.05855e-05,0,8.46659e-06,0.0186033,0.0186118,11,0.0186033
armadillo-rollers,device-tight,cell2d,303ee,ee,167165,0.354965,8.63784,2.02365,7.75124,0,0,167027,0,4.0975,136,0,0,0.0038805,5.05125e-06,0,8.17816e-07,0.00062769,0.000628508,138,0.000627518
armadillo-rollers,device-tight,cell2d,307ee,ee,168325,0.342869,8.21244,2.57182,8.08122,0,0,168145,0,5.29689,178,0,0,0.00202337,2.57083e-05,0,1.67977e-06,0.00228405,0.00228573,180,0.00228405
armadillo-rollers,device-tight,cell2d,30vf,vf,132560,0.341781,2.06387,2.51906,7.12624,0,0,132469,0,4.68302,90,0,0,0.000189309,9.57931e-07,0,2.86264e-07,0.000885163,0.000885449,91,0.000885129
armadillo-rollers,device-tight,cell2d,313vf,vf,57734,0.339093,1.87277,2.27804,9.18566,0,0,57491,0,5.677,240,0,0,0.000901046,2.49112e-05,0,1.43219e-05,0.00500679,0.00502111,243,0.00500679
armadillo-rollers,device-tight,cell2d,317vf,vf,77826,0.338453,2.10483,2.13568,9.00557,0,0,77445,0,5.37487,376,0,0,0.00160166,8.14344e-06,0,1.07687e-07,0.000854492,0.0008546,381,0.000854492
armadillo-rollers,device-tight,cell2d,320vf,vf,205206,0.397651,3.22348,2.43599,9.65912,0,0,204474,0,5.67345,728,0,0,0.00156726,6.34836e-06,0,4.46174e-07,0.000239737,0.000240184,732,0.000239491
armadillo-rollers,device-tight,cell2d,324vf,vf,181994,0.381108,4.8417,2.38328,8.70072,0,0,181495,0,5.31046,498,0,0,0.00034952,2.10163e-06,0,3.22445e-07,0.00165963,0.00165995,499,0.00165963
armadillo-rollers,device-tight,cell2d,328vf,vf,275197,0.377556,7.65512,2.11427,6.7156,0,0,275046,0,4.91168,151,0,0,2.39899e-05,4.99705e-07,0,6.70678e-08,0.00330897,0.00330904,151,0.00330889
armadillo-rollers,device-tight,cell2d,331ee,ee,316965,0.419891,10.2214,1.72561,6.85389,0,0,316884,0,4.96874,81,0,0,8.53844e-05,5.55671e-06,0,8.35238e-07,0.0186119,0.0186127,81,0.0186119
armadillo-rollers,device-tight,cell2d,335ee,ee,69302,0.350037,3.41836,2.14096,8.35436,0,0,69090,0,5.2174,210,0,0,5.75602e-05,4.04398e-06,0,1.81429e-06,0.00644493,0.00644675,212,0.00644493
armadillo-rollers,device-tight,cell2d,339ee,ee,103160,0.357813,3.32895,2.03437,7.52034,0,0,103040,0,4.93975,120,0,0,7.03927e-05,2.57687e-06,0,2.47399e-06,0.0241356,0.0241381,120,0.0241356
armadillo-rollers,device-tight,cell2d,342ee,ee,82085,0.344117,4.00435,2.34482,9.12493,0,0,81623,0,6.91233,462,0,0,2.82453e-05,2.49078e-06,0,2.0106e-07,0.00203466,0.00203487,462,0.00203466
armadillo-rollers,device-tight,cell2d,346ee,ee,57426,0.342549,3.47109,1.91236,7.40956,0,0,57330,0,3.92029,96,0,0,0.00012026,2.53543e-06,0,6.69838e-07,0.00321865,0.00321932,96,0.00321865
armadillo-rollers,device-tight,cell2d,349vf,vf,14534,0.340822,0.69201,1.8826,4.95549,0,0,14520,0,2.86775,14,0,0,3.24729e-05,1.17943e-05,0,1.59288e-06,0.0074091,0.00741069,14,0.0074091
armadillo-rollers,device-tight,cell2d,352vf,vf,12619,0.339862,0.846373,1.68353,4.65365,0,0,12600,0,2.61848,19,0,0,8.09834e-05,1.45245e-05,0,6.75591e-06,0.0480733,0.04808,19,0.0480733
armadillo-rollers,device-tight,cell2d,356vf,vf,14706,0.333685,0.872484,1.65915,5.29887,0,0,14656,0,2.51211,50,0,0,3.26195e-05,3.0384e-06,0,1.76962e-06,0.0249038,0.0249055,50,0.0249038
armadillo-rollers,device-tight,cell2d,35vf,vf,216958,0.337525,2.3766,1.89895,2.90202,0,0,216931,0,2.51006,27,0,0,1.9609e-06,3.75639e-07,0,3.80404e-07,0.00599041,0.00599079,27,0.00599051
armadillo-rollers,device-tight,cell2d,363vf,vf,106090,0.427058,9.70222,1.53832,2.35,0,0,106074,0,2.26687,16,0,0,1.06332e-05,7.02483e-07,0,1.11038e-07,0.00788701,0.00788712,16,0.00788701
armadillo-rollers,device-tight,cell2d,367ee,ee,218489,0.429299,5.71185,2.1039,6.61755,0,0,218361,0,3.1935,128,0,0,0.000126601,6.30835e-07,0,1.4832e-06,0.00937843,0.00937992,128,0.00937843
armadillo-rollers,device-tight,cell2d,370ee,ee,123009,0.350421,3.47458,1.72986,4.96634,0,0,122947,0,3.06841,62,0,0,1.32065e-05,1.31928e-06,0,6.30939e-07,0.0022006,0.00220123,62,0.0022006
armadillo-rollers,device-tight,cell2d,374ee,ee,42205,0.343829,2.45621,1.77591,3.84103,0,0,42164,0,2.38149,41,0,0,0.000283211,1.52927e-06,0,3.32253e-07,0.0012579,0.00125823,41,0.0012579
armadillo-rollers,device-tight,cell2d,378ee,ee,48991,0.398356,2.55666,1.67585,4.89165,0,0,48947,0,2.82708,44,0,0,4.9483e-05,6.08649e-07,0,8.85562e-07,0.00481118,0.00481207,44,0.00481129
armadillo-rollers,device-tight,cell2d,381ee,ee,47719,0.338613,2.72289,1.73684,4.33465,0,0,47601,0,3.88378,118,0,0,2.37909e-05,4.96665e-07,0,3.1125e-08,0.000941753,0.000941785,118,0.000941753
armadillo-rollers,device-tight,cell2d,384vf,vf,13419,0.335285,0.766088,1.90096,1.97696,0,0,13415,0,2.23875,4,0,0,5.99359e-05,5.70009e-07,0,5.70009e-07,0.00623798,0.00623855,4,0.00623798
armadillo-rollers,device-tight,cell2d,388vf,vf,17036,0.353013,0.800198,2.01114,4.39503,0,0,17019,0,2.76538,16,0,0,0.000259075,1.94418e-06,0,7.27808e-07,0.01585,0.0158507,17,0.0158501
armadillo-rollers,device-tight,cell2d,391vf,vf,17561,0.332021,0.902628,1.68023,4.29151,0,0,17524,0,3.40357,37,0,0,0.000119545,1.17896e-06,0,7.19843e-07,0.00730371,0.00730443,37,0.00730371
armadillo-rollers,device-tight,cell2d,395vf,vf,22790,0.330421,0.982561,1.78474,3.96154,0,0,22764,0,2.66084,26,0,0,0.000116984,3.05279e-06,0,4.48851e-07,0.00658751,0.00658795,26,0.00658751
armadillo-rollers,device-tight,cell2d,399vf,vf,28190,0.33055,0.985856,3.25356,5.54616,0,0,28110,0,3.38805,80,0,0,0.000128987,1.51709e-06,0,2.1244e-07,0.00895119,0.0089514,80,0.00895119
armadillo-rollers,device-tight,cell2d,42ee,ee,335997,0.33679,5.97437,1.54219,2.32738,0,0,335985,0,2.16057,12,0,0,7.2785e-06,1.15468e-06,0,9.77643e-07,0.00885677,0.00885775,12,0.00885677
armadillo-rollers,device-tight,cell2d,45vf,vf,220522,0.350005,4.57409,1.73098,3.51931,0,0,220513,0,2.25506,9,0,0,2.98217e-05,5.24933e-06,0,1.18203e-05,0.044589,0.0446009,9,0.044589
armadillo-rollers,device-tight,cell2d,49vf,vf,60782,0.350581,4.13952,1.60808,3.50405,1,0,60774,0,3.00774,7,0,0,0.000197534,2.27138e-05,0,3.6392e-06,0.0048399,0.00484354,8,0.0048399
armadillo-rollers,device-tight,cell2d,53ee,ee,78081,0.352085,4.46674,1.80826,3.08925,0,0,78065,0,2.4292,16,0,0,2.81136e-05,1.05962e-06,0,1.31258e-06,0.00314903,0.00315035,16,0.00314903
armadillo-rollers,device-tight,cell2d,57ee,ee,127303,0.371637,6.26483,1.70491,3.8664,0,0,127275,0,2.46351,27,0,0,1.69745e-05,3.28104e-06,0,4.48052e-06,0.00984097,0.00984545,28,0.00984097
armadillo-rollers,device-tight,cell2d,60ee,ee,154944,0.357173,6.11001,1.91338,4.14668,0,0,154914,0,3.09955,30,0,0,2.06404e-05,1.65851e-06,0,1.96072e-06,0.0183589,0.0183608,30,0.0183592
armadillo-rollers,device-tight,cell2d,63vf,vf,42577,0.346901,1.37682,1.86439,5.15606,0,0,42500,0,3.17503,75,0,0,1.45625e-05,1.06527e-06,0,6.88988e-07,0.00477076,0.00477144,77,0.00477076
armadillo-rollers,device-tight,cell2d,67vf,vf,19961,0.336757,1.00016,1.74987,4.39036,0,0,19926,0,2.69102,33,0,0,4.91836e-05,1.20202e-06,0,1.55559e-06,0.00504017,0.00504172,35,0.00504017
armadillo-rollers,device-tight,cell2d,70vf,vf,26179,0.346389,1.2269,2.83581,5.4076,0,0,26112,0,3.59614,65,0,0,2.64281e-05,1.36578e-06,0,1.60617e-07,0.00320435,0.00320451,67,0.00320435
armadillo-rollers,device-tight,cell2d,74vf,vf,16046,0.36914,0.796039,1.74375,4.11513,1,0,16027,0,3.11158,14,0,0,6.29761e-05,5.57887e-06,0,0.0145067,0,0.0145067,19,0
armadillo-rollers,device-tight,cell2d,78vf,vf,27297,0.344085,1.07097,1.47791,1.80654,1,0,27292,0,1.79111,4,0,0,1.73305e-05,2.36941e-06,0,0.010025,0,0.010025,5,0
armadillo-rollers,device-tight,cell2d,81ee,ee,134694,0.350581,4.80206,1.88458,2.56129,0,0,134678,0,3.14048,16,0,0,7.47494e-05,1.48671e-06,0,3.06737e-06,0.0452318,0.0452349,16,0.0452318
armadillo-rollers,device-tight,cell2d,85ee,ee,195005,0.348565,4.68219,1.78215,3.56862,0,0,194969,0,2.72187,36,0,0,3.71529e-05,1.88432e-06,0,7.48256e-07,0.00129652,0.00129727,36,0.00129652
armadillo-rollers,device-tight,cell2d,89ee,ee,236507,0.341077,7.02522,1.91837,4.93623,0,0,236453,0,2.99728,54,0,0,0.00022224,4.40194e-06,0,5.67508e-06,0.0019207,0.00192638,54,0.0019207
armadillo-rollers,device-tight,cell2d,93ee,ee,220161,0.349493,6.92576,1.95818,5.97719,0,0,220122,0,3.42207,39,0,0,0.000409077,9.12297e-06,0,6.28501e-07,0.0027256,0.00272623,39,0.0027256
armadillo-rollers,device-tight,cell2d,97ee,ee,207900,0.343189,5.25385,2.10371,6.76916,0,0,207822,0,4.09849,77,0,0,0.000215103,2.68574e-06,0,8.89791e-07,0.000444412,0.000445302,78,0.000444412
armadillo-rollers,device-tight,cell2d,100ee,ee,225252,0.34079,6.15149,2.40863,5.2446,0,0,225187,0,7.71694,65,0,0,0.00010058,1.15441e-06,0,1.13767e-06,0.00102986,0.001031,65,0.00102997
armadillo-rollers,device-tight,cell2d,103vf,vf,75907,0.331126,1.65534,2.10656,2.22329,0,0,75903,0,2.39599,4,0,0,0.000140772,6.61985e-05,0,1.86099e-06,0.218369,0.218371,4,0.218369
armadillo-rollers,device-tight,cell2d,107vf,vf,101595,0.354805,2.57269,3.10861,8.26335,0,0,101062,0,8.82215,530,0,0,6.24426e-05,5.60441e-07,0,1.40005e-07,0.00129987,0.00130001,533,0.00129986
armadillo-rollers,device-tight,cell2d,111ee,ee,94831,0.349813,4.07219,1.60305,2.84426,0,0,94811,0,2.39477,20,0,0,3.09636e-05,1.21061e-06,0,1.75781e-07,0.0142322,0.0142323,20,0.0142322
armadillo-rollers,device-tight,cell2d,115vf,vf,18978,0.358261,1.23689,1.46587,1.40754,0,0,18975,0,2.78254,3,0,0,1.38831e-05,1.82316e-06,0,1.72102e-06,0.00871944,0.00872117,3,0.00871944
armadillo-rollers,device-tight,cell2d,119vf,vf,33604,0.347413,1.16095,1.37976,1.76455,0,0,33600,0,1.82209,4,0,0,9.31144e-06,4.63769e-06,0,4.63769e-06,0.00977039,0.00977503,4,0.00977039
armadillo-rollers,device-tight,cell2d,122ee,ee,137371,0.350005,4.23398,1.97654,3.07219,0,0,137355,0,2.66734,16,0,0,4.35727e-05,3.86259e-06,0,7.11423e-06,0.0228672,0.0228743,16,0.0228672
armadillo-rollers,device-tight,cell2d,126vf,vf,49095,0.345109,1.38834,2.33906,2.24194,0,0,49094,0,2.43163,1,0,0,9.47518e-05,9.47518e-05,0,0.000116925,0.371468,0.371585,1,0.37149
armadillo-rollers,device-tight,cell2d,12vf,vf,107536,0.351317,2.14486,1.69531,4.13683,0,0,107500,0,2.70305,34,0,0,0.000335727,6.61307e-06,0,2.61327e-07,0.0003016,0.000301861,36,0.0003016
armadillo-rollers,device-tight,cell2d,134ee,ee,67235,0.357237,4.50095,2.69009,3.68923,0,0,67213,0,2.99088,22,0,0,0.000141787,3.56355e-06,0,1.01373e-06,0.018549,0.01855,22,0.018549
armadillo-rollers,device-tight,cell2d,138ee,ee,103311,0.351413,4.83434,2.56437,7.94192,0,0,101881,0,9.89143,1430,0,0,2.19431e-05,4.54495e-07,0,2.44247e-07,0.000391354,0.000391598,1430,0.000391245
armadillo-rollers,device-tight,cell2d,140vf,vf,18676,0.345045,1.04957,2.01197,0.973697,0,0,18675,0,1.69284,0,0,0,0,0,0,0,1,1,1,1
armadillo-rollers,device-tight,cell2d,145vf,vf,14520,0.334805,0.87242,1.9473,2.75969,0,0,14504,0,2.62785,15,0,0,2.53054e-05,2.25757e-06,0,1.49641e-06,0.00845537,0.00845687,16,0.00845528
armadillo-rollers,device-tight,cell2d,149vf,vf,17621,0.341429,0.921187,1.55509,2.72523,0,0,17608,0,1.93027,12,0,0,3.08669e-05,1.7316e-06,0,3.72313e-07,0.0899653,0.0899657,13,0.0899653
armadillo-rollers,device-tight,cell2d,153ee,ee,54774,0.355797,4.26131,1.79207,5.11923,0,0,54738,0,2.88896,36,0,0,0.000810837,1.07022e-05,0,6.60337e-06,0.0113494,0.0113561,36,0.0113468
armadillo-rollers,device-tight,cell2d,157ee,ee,51080,0.343286,4.86353,1.72801,4.05683,0,0,51050,0,2.4508,30,0,0,9.38738e-05,2.3749e-06,0,9.94063e-06,0.0157661,0.0157761,30,0.0157681
armadillo-rollers,device-tight,cell2d,15vf,vf,81346,0.354581,1.60574,2.02211,5.29705,0,0,81308,0,3.06701,38,0,0,9.49289e-05,5.59616e-06,0,5.38657e-06,0.00615025,0.00615563,38,0.00615025
armadillo-rollers,device-tight,cell2d,164ee,ee,52133,0.335126,4.8209,1.60532,2.04246,0,0,52123,0,1.86906,10,0,0,0.000105438,1.07768e-06,0,5.14192e-07,0.0559935,0.055994,10,0.0559936
armadillo-rollers,device-tight,cell2d,168ee,ee,43829,0.346773,4.84039,1.68475,3.45884,0,0,43809,0,2.44421,20,0,0,0.000502079,6.54852e-06,0,6.019e-06,0.0161037,0.0161098,20,0.0161037
armadillo-rollers,device-tight,cell2d,171ee,ee,51464,0.336405,4.7643,1.92426,5.06714,0,0,51437,0,2.77329,26,0,0,0.000556547,2.4388e-06,0,3.85467e-07,0.00859983,0.00860021,27,0.00859976
armadillo-rollers,device-tight,cell2d,175ee,ee,51829,0.33359,4.44069,1.73463,2.97255,0,0,51821,0,2.70407,8,0,0,0.00104547,5.05564e-05,0,1.21445e-05,0.022461,0.0224731,8,0.0224609
armadillo-rollers,device-tight,cell2d,179vf,vf,15919,0.361685,1.00074,1.53093,1.41291,0,0,15915,0,1.8242,4,0,0,7.83533e-06,6.94747e-06,0,7.605e-07,0.0502243,0.0502251,4,0.0502243
armadillo-rollers,device-tight,cell2d,182ee,ee,52057,0.331254,4.39567,1.90653,4.48187,0,0,52022,0,2.52226,34,0,0,0.000261225,3.22832e-06,0,2.32963e-06,0.00282705,0.00282938,35,0.00282764
armadillo-rollers,device-tight,cell2d,186ee,ee,86111,0.334069,4.6642,1.98365,5.16844,0,0,86023,0,3.57224,88,0,0,0.00032175,4.68735e-07,0,6.24774e-07,0.00233662,0.00233725,88,0.00233662
armadillo-rollers,device-tight,cell2d,18ee,ee,157963,0.340086,4.51832,2.03485,4.59867,0,0,157927,0,3.4829,36,0,0,0.000167007,1.93567e-06,0,3.66436e-06,0.00612601,0.00612967,36,0.00612688
armadillo-rollers,device-tight,cell2d,193ee,ee,60618,0.344565,4.28082,1.71828,5.50216,0,0,60575,0,3.11321,43,0,0,8.33211e-05,4.1757e-06,0,1.20101e-06,0.00437355,0.00437475,43,0.00437355
armadillo-rollers,device-tight,cell2d,197ee,ee,48550,0.330454,4.68052,1.89856,4.20624,0,0,48523,0,2.69259,27,0,0,0.000135443,1.98502e-06,0,6.69781e-07,0.00141048,0.00141115,27,0.00141051
armadillo-rollers,device-tight,cell2d,19vf,vf,50546,0.347093,1.9488,1.82174,1.94762,0,0,50540,0,1.96234,6,0,0,6.04696e-06,2.3169e-06,0,1.53353e-06,0.267323,0.267325,6,0.267323
armadillo-rollers,device-tight,cell2d,203vf,vf,18050,0.33727,1.05254,1.82279,1.45755,0,0,18046,0,2.59259,4,0,0,1.40649e-05,3.74728e-06,0,1.4695e-06,0.0206542,0.0206557,4,0.0206542
armadillo-rollers,device-tight,cell2d,207vf,vf,15228,0.337206,1.02707,1.66971,2.43365,0,0,15224,0,2.19881,4,0,0,3.25912e-05,4.2952e-06,0,3.36693e-06,0.0458746,0.045878,4,0.0458746
armadillo-rollers,device-tight,cell2d,210vf,vf,14783,0.352757,0.937474,1.75146,3.29142,0,0,14769,0,2.83642,14,0,0,0.000164511,2.25646e-06,0,1.05179e-06,0.00194693,0.00194798,14,0.00194693
armadillo-rollers,device-tight,cell2d,214vf,vf,17463,0.340853,1.05123,2.30815,2.27513,0,0,17456,0,4.8153,7,0,0,1.05304e-05,2.28321e-06,0,6.14693e-07,0.00241947,0.00242009,7,0.00241947
armadillo-rollers,device-tight,cell2d,218ee,ee,57259,0.48776,4.89591,2.14489,6.68526,0,0,57141,0,4.29855,117,0,0,0.00155511,3.31359e-06,0,2.28716e-07,0.000527382,0.000527611,118,0.000527382
armadillo-rollers,device-tight,cell2d,221ee,ee,58422,0.483889,4.85089,2.03587,6.59352,0,0,58328,0,3.8482,94,0,0,0.00113087,5.02115e-06,0,2.18921e-06,0.000574112,0.000576301,94,0.000574112
armadillo-rollers,device-tight,cell2d,225ee,ee,69534,0.485137,5.45071,2.0543,4.84858,0,0,69493,0,3.41055,41,0,0,0.000103531,4.15884e-06,0,1.72497e-06,0.000816767,0.000818492,41,0.000816822
armadillo-rollers,device-tight,cell2d,229ee,ee,303368,0.472401,8.36197,2.62939,10.1221,0,0,299350,0,13.5829,4015,0,0,0.00356997,3.52797e-07,0,1.13695e-07,2.86102e-05,2.87239e-05,4018,2.86102e-05
armadillo-rollers,device-tight,cell2d,232ee,ee,74356,0.347477,5.82884,1.71483,2.56856,0,0,74343,0,1.77697,13,0,0,5.49337e-05,2.20089e-06,0,1.56815e-06,0.00295019,0.00295176,13,0.00295019
armadillo-rollers,device-tight,cell2d,235vf,vf,25746,0.335733,1.06528,1.78308,2.70232,0,0,25740,0,2.4446,6,0,0,1.99529e-05,9.58202e-06,0,9.58202e-06,0.077322,0.0773316,6,0.077322
armadillo-rollers,device-tight,cell2d,239vf,vf,35150,0.336565,1.25554,1.76567,1.95959,0,0,35146,0,2.04813,4,0,0,2.00943e-05,4.73987e-06,0,3.8756e-06,0.228525,0.228529,4,0.228524
armadillo-rollers,device-tight,cell2d,242vf,vf,50658,0.349172,1.56437,1.76225,2.44645,0,0,50648,0,2.94311,10,0,0,4.47485e-06,5.23562e-07,0,2.94722e-07,0.013407,0.0134073,10,0.013407
armadillo-rollers,device-tight,cell2d,246vf,vf,34492,0.352405,1.52798,1.95802,2.03581,0,0,34485,0,2.97994,7,0,0,2.97204e-05,2.25818e-06,0,1.31416e-05,0.0296783,0.0296915,7,0.0296783
armadillo-rollers,device-tight,cell2d,24vf,vf,51354,0.346357,1.15737,2.28511,3.61899,0,0,51336,0,2.54283,18,0,0,2.31918e-05,2.85232e-06,0,1.17986e-05,0.0533628,0.0533746,18,0.0533628
armadillo-rollers,device-tight,cell2d,253vf,vf,35573,0.340373,1.8546,1.87239,5.16716,0,0,35546,0,3.41013,27,0,0,0.000265528,6.47282e-06,0,1.61151e-07,0.0076766,0.00767676,27,0.0076766
armadillo-rollers,device-tight,cell2d,257ee,ee,116712,0.338294,5.81521,2.18543,7.41631,0,0,116593,0,5.07267,119,0,0,0.000626831,1.38228e-05,0,1.54242e-06,0.00168124,0.00168279,119,0.00168133
armadillo-rollers,device-tight,cell2d,260ee,ee,118287,0.341173,6.21257,1.89949,5.64571,0,0,118237,0,3.04573,50,0,0,0.000846526,5.22592e-06,0,1.45187e-06,0.00157356,0.00157501,50,0.00157356
armadillo-rollers,device-tight,cell2d,264ee,ee,130094,0.381972,6.1359,2.33785,7.7291,0,0,129930,0,4.40543,164,0,0,0.000662816,9.27415e-06,0,1.15537e-06,0.00103503,0.00103619,164,0.00103378
armadillo-rollers,device-tight,cell2d,268ee,ee,130104,0.341077,7.49148,2.23791,7.44975,0,0,129968,0,3.92324,135,0,0,0.00192053,1.08612e-05,0,1.61487e-06,0.00080061,0.000802224,136,0.00080061
armadillo-rollers,device-tight,cell2d,271ee,ee,131744,0.344405,7.72059,2.23247,7.79761,0,0,131671,0,4.82052,72,0,0,0.00222042,5.55073e-05,0,5.79277e-06,0.00370789,0.00371368,73,0.00370789
armadillo-rollers,device-tight,cell2d,274vf,vf,42186,0.344789,1.89229,2.19055,9.36066,0,0,42114,0,4.87824,70,0,0,0.00086114,6.84459e-05,0,2.05597e-06,0.0063467,0.00634876,72,0.0063467
armadillo-rollers,device-tight,cell2d,278vf,vf,49349,0.353173,1.87783,2.83437,7.0808,0,0,49273,0,5.06419,75,0,0,0.00733316,1.34475e-05,0,2.25692e-06,0.0115829,0.0115851,76,0.0115823
armadillo-rollers,device-tight,cell2d,281vf,vf,62328,0.342069,2.62856,2.83162,10.3005,0,0,61881,0,13.8605,444,0,0,0.0014768,1.28843e-05,0,5.23446e-06,0.00212064,0.00212587,447,0.00212097
armadillo-rollers,device-tight,cell2d,285vf,vf,54416,0.330454,2.42539,2.79706,8.16246,0,0,54302,0,5.32895,112,0,0,0.000642644,2.67315e-05,0,1.04407e-05,0.00706005,0.00707049,114,0.00706005
armadillo-rollers,device-tight,cell2d,289vf,vf,56855,0.337557,2.46274,2.26348,7.62222,0,0,56757,0,5.11917,98,0,0,0.00225989,2.00567e-05,0,1.11317e-06,0.00656652,0.00656764,98,0.00656652
armadillo-rollers,device-tight,cell2d,292ee,ee,175809,0.334646,9.01984,2.2327,7.70859,0,0,175708,0,4.3502,99,0,0,0.00133702,1.43802e-05,0,5.26928e-07,0.00252485,0.00252538,101,0.00252485
armadillo-rollers,device-tight,cell2d,296ee,ee,175448,0.337941,8.04032,2.12694,7.96919,0,0,175277,0,5.32486,169,0,0,0.012878,6.1877e-06,0,1.19529e-06,0.000519656,0.000520851,171,0.000519753
armadillo-rollers,device-tight,cell2d,29ee,ee,257518,0.334357,3.71367,1.95213,3.2589,1,0,257507,0,3.19318,8,0,0,5.63906e-05,2.17776e-05,0,8.46659e-06,0.0186033,0.0186118,11,0.0186033
armadillo-rollers,device-tight,cell2d,303ee,ee,167165,0.337014,8.64379,2.41631,7.81121,0,0,167027,0,4.22591,136,0,0,0.00415996,6.655e-06,0,7.47131e-07,0.000627761,0.000628508,138,0.000627518
armadillo-rollers,device-tight,cell2d,307ee,ee,168325,0.332182,8.18454,3.06041,7.94202,0,0,168145,0,4.75345,178,0,0,0.00178043,2.57083e-05,0,1.67977e-06,0.00228405,0.00228573,180,0.00228405
armadillo-rollers,device-tight,cell2d,30vf,vf,132560,0.342037,2.06505,2.62817,6.76219,0,0,132469,0,4.56353,90,0,0,0.000189309,8.17785e-07,0,2.65149e-07,0.000885184,0.000885449,91,0.000885129
armadillo-rollers,device-tight,cell2d,313vf,vf,57734,0.329078,1.87168,2.49067,8.63771,0,0,57491,0,5.13811,240,0,0,0.000914397,2.44933e-05,0,1.54544e-05,0.00500566,0.00502111,243,0.00500679
armadillo-rollers,device-tight,cell2d,317vf,vf,77826,0.33247,2.11657,2.30831,8.89191,0,0,77445,0,5.3061,376,0,0,0.00160166,8.14344e-06,0,1.07687e-07,0.000854492,0.0008546,381,0.000854492
armadillo-rollers,device-tight,cell2d,320vf,vf,205206,0.361461,3.43112,2.31215,9.84948,0,0,204474,0,5.73659,728,0,0,0.00156757,6.37497e-06,0,6.92072e-07,0.000239491,0.000240184,732,0.000239491
armadillo-rollers,device-tight,cell2d,324vf,vf,181994,0.371412,4.9537,2.03792,8.78171,0,0,181495,0,6.32409,498,0,0,0.00034952,2.10163e-06,0,2.81816e-07,0.00165967,0.00165995,499,0.00165963
armadillo-rollers,device-tight,cell2d,328vf,vf,275197,0.373716,7.85495,2.08912,6.98,0,0,275046,0,4.29609,151,0,0,2.39899e-05,5.11374e-07,0,6.70678e-08,0.00330897,0.00330904,151,0.00330889
armadillo-rollers,device-tight,cell2d,331ee,ee,316965,0.425331,10.3987,2.03437,6.8906,0,0,316884,0,4.91709,81,0,0,7.36274e-05,5.37763e-06,0,8.41001e-07,0.0186119,0.0186127,81,0.0186119
armadillo-rollers,device-tight,cell2d,335ee,ee,69302,0.347157,3.44232,1.89805,7.89361,0,0,69090,0,4.60462,210,0,0,5.75602e-05,4.04398e-06,0,1.81429e-06,0.00644493,0.00644675,212,0.00644493
armadillo-rollers,device-tight,cell2d,339ee,ee,103160,0.351413,3.32914,2.13382,8.29523,0,0,103040,0,4.34933,120,0,0,7.03927e-05,2.55544e-06,0,2.47399e-06,0.0241356,0.0241381,120,0.0241356
armadillo-rollers,device-tight,cell2d,342ee,ee,82085,0.336918,4.00394,2.16195,8.38265,0,0,81623,0,5.91581,462,0,0,2.82453e-05,2.52961e-06,0,2.0106e-07,0.00203466,0.00203487,462,0.00203466
armadillo-rollers,device-tight,cell2d,346ee,ee,57426,0.330741,3.47531,2.09923,8.32009,0,0,57330,0,3.13142,96,0,0,0.00012026,2.53543e-06,0,6.69838e-07,0.00321865,0.00321932,96,0.00321865
armadillo-rollers,device-tight,cell2d,349vf,vf,14534,0.339189,0.691466,1.61246,4.66798,0,0,14520,0,2.45829,14,0,0,3.24729e-05,1.17943e-05,0,1.59288e-06,0.0074091,0.00741069,14,0.0074091
armadillo-rollers,device-tight,cell2d,352vf,vf,12619,0.339765,0.835397,1.71022,4.73809,0,0,12600,0,2.59499,19,0,0,8.09834e-05,1.32508e-05,0,6.75591e-06,0.0480733,0.04808,19,0.0480733
armadillo-rollers,device-tight,cell2d,356vf,vf,14706,0.333558,0.869092,1.7227,5.76276,0,0,14656,0,2.38754,50,0,0,3.26195e-05,3.0384e-06,0,1.76962e-06,0.0249038,0.0249055,50,0.0249038
armadillo-rollers,device-tight,cell2d,35vf,vf,216958,0.364693,2.26681,1.35624,3.10157,0,0,216931,0,2.49519,27,0,0,1.9609e-06,3.75639e-07,0,2.89101e-07,0.00599051,0.00599079,27,0.00599051
armadillo-rollers,device-tight,cell2d,363vf,vf,106090,0.394963,9.57029,1.67153,2.58459,0,0,106074,0,2.24409,16,0,0,1.06332e-05,7.02483e-07,0,1.11038e-07,0.00788701,0.00788712,16,0.00788701
armadillo-rollers,device-tight,cell2d,367ee,ee,218489,0.38194,5.79802,2.29772,5.99805,0,0,218361,0,3.12601,128,0,0,8.69656e-05,6.30835e-07,0,1.4832e-06,0.00937843,0.00937992,128,0.00937891
armadillo-rollers,device-tight,cell2d,370ee,ee,123009,0.340597,3.46616,1.64888,4.65966,0,0,122947,0,2.51371,62,0,0,1.33985e-05,1.41297e-06,0,6.30939e-07,0.0022006,0.00220123,62,0.0022006
armadillo-rollers,device-tight,cell2d,374ee,ee,42205,0.338965,2.46079,1.7211,4.19932,0,0,42164,0,2.20585,41,0,0,0.000283211,1.52927e-06,0,3.32253e-07,0.0012579,0.00125823,41,0.0012579
armadillo-rollers,device-tight,cell2d,378ee,ee,48991,0.338741,2.57422,2.41631,3.63924,0,0,48947,0,2.27206,44,0,0,4.75756e-05,6.08649e-07,0,7.05467e-07,0.00481136,0.00481207,44,0.00481129
armadillo-rollers,device-tight,cell2d,381ee,ee,47719,0.334133,2.72724,2.09789,4.79886,0,0,47601,0,3.60885,118,0,0,2.37909e-05,4.96665e-07,0,3.1125e-08,0.000941753,0.000941785,118,0.000941753
armadillo-rollers,device-tight,cell2d,384vf,vf,13419,0.328822,0.770951,1.53374,2.4406,0,0,13415,0,2.17551,4,0,0,5.99359e-05,5.70009e-07,0,5.70009e-07,0.00623798,0.00623855,4,0.00623798
armadillo-rollers,device-tight,cell2d,388vf,vf,17036,0.330422,0.79431,2.89009,4.25452,0,0,17019,0,3.10054,16,0,0,0.000259075,1.94418e-06,0,6.81969e-07,0.0158501,0.0158507,17,0.0158501
armadillo-rollers,device-tight,cell2d,391vf,vf,17561,0.340501,0.911491,1.84663,4.59339,0,0,17524,0,4.02051,37,0,0,0.000119545,1.19671e-06,0,6.96851e-07,0.00730374,0.00730443,37,0.00730371
armadillo-rollers,device-tight,cell2d,395vf,vf,22790,0.336661,0.983009,1.73719,3.9273,0,0,22764,0,2.51262,26,0,0,0.000105411,3.05279e-06,0,4.48851e-07,0.00658751,0.00658795,26,0.00658751
armadillo-rollers,device-tight,cell2d,399vf,vf,28190,0.338614,0.987809,2.01917,5.17657,0,0,28110,0,3.73019,80,0,0,0.000128987,1.51709e-06,0,2.1244e-07,0.00895119,0.0089514,80,0.00895119
armadillo-rollers,device-tight,cell2d,42ee,ee,335997,0.348213,6.01341,1.47896,2.02534,0,0,335985,0,2.10048,12,0,0,7.2785e-06,1.15468e-06,0,9.77643e-07,0.00885677,0.00885775,12,0.00885677
armadillo-rollers,device-tight,cell2d,45vf,vf,220522,0.356564,4.8331,2.01872,3.57595,0,0,220513,0,2.48699,9,0,0,2.98217e-05,5.24933e-06,0,1.16497e-05,0.0445892,0.0446009,9,0.044589
armadillo-rollers,device-tight,cell2d,49vf,vf,60782,0.353333,4.24195,1.81015,3.70705,1,0,60774,0,3.01562,7,0,0,0.000197534,2.15217e-05,0,3.6392e-06,0.0048399,0.00484354,8,0.0048399
armadillo-rollers,device-tight,cell2d,53ee,ee,78081,0.342902,4.43093,1.80052,3.04246,0,0,78065,0,2.07117,16,0,0,2.81136e-05,1.05962e-06,0,1.579e-06,0.00314877,0.00315035,16,0.00314903
armadillo-rollers,device-tight,cell2d,57ee,ee,127303,0.348757,6.24047,1.74804,3.75182,0,0,127275,0,2.31164,27,0,0,1.69745e-05,3.28104e-06,0,4.48052e-06,0.00984097,0.00984545,28,0.00984097
armadillo-rollers,device-tight,cell2d,60ee,ee,154944,0.353589,6.03757,1.88599,4.39669,0,0,154914,0,2.65438,30,0,0,2.06404e-05,1.65851e-06,0,1.93277e-06,0.0183589,0.0183608,30,0.0183592
armadillo-rollers,device-tight,cell2d,63vf,vf,42577,0.340789,1.38277,1.59934,5.97149,0,0,42500,0,2.87153,75,0,0,1.45625e-05,1.06836e-06,0,6.88988e-07,0.00477076,0.00477144,77,0.00477076
armadillo-rollers,device-tight,cell2d,67vf,vf,19961,0.333686,0.992384,1.88951,3.91616,0,0,19926,0,3.33061,33,0,0,5.25252e-05,1.20202e-06,0,1.55559e-06,0.00504017,0.00504172,35,0.00504017
armadillo-rollers,device-tight,cell2d,70vf,vf,26179,0.338102,1.23324,1.9849,5.28713,0,0,26112,0,3.47845,65,0,0,2.64281e-05,1.36578e-06,0,1.60617e-07,0.00320435,0.00320451,67,0.00320435
armadillo-rollers,device-tight,cell2d,74vf,vf,16046,0.347189,0.789543,1.65768,3.71489,1,0,16027,0,2.79313,14,0,0,6.04131e-05,5.57887e-06,0,0.0145067,0,0.0145067,19,0
armadillo-rollers,device-tight,cell2d,78vf,vf,27297,0.35698,1.06185,1.52466,1.61678,1,0,27292,0,1.78177,4,0,0,1.73305e-05,2.36941e-06,0,0.010025,0,0.010025,5,0
armadillo-rollers,device-tight,cell2d,81ee,ee,134694,0.343989,4.80509,1.84196,2.69048,0,0,134678,0,2.62321,16,0,0,7.47494e-05,1.48671e-06,0,3.06737e-06,0.0452318,0.0452349,16,0.0452318
armadillo-rollers,device-tight,cell2d,85ee,ee,195005,0.344821,4.69294,1.72478,3.36591,0,0,194969,0,2.94759,36,0,0,3.71529e-05,1.88432e-06,0,7.48256e-07,0.00129652,0.00129727,36,0.00129652
armadillo-rollers,device-tight,cell2d,89ee,ee,236507,0.341429,6.9849,1.87956,5.18959,0,0,236453,0,2.83975,54,0,0,0.000222478,4.40194e-06,0,5.67508e-06,0.0019207,0.00192638,54,0.0019207
armadillo-rollers,device-tight,cell2d,93ee,ee,220161,0.346454,6.89841,1.71361,6.35046,0,0,220122,0,3.80215,39,0,0,0.000409077,9.12297e-06,0,6.28501e-07,0.0027256,0.00272623,39,0.0027256
armadillo-rollers,device-tight,cell2d,97ee,ee,207900,0.36098,5.23091,2.06333,5.67259,0,0,207822,0,4.12019,77,0,0,0.000154754,2.68574e-06,0,8.89791e-07,0.000444412,0.000445302,78,0.000444412
armadillo-rollers,device-tight,cell2dmin,100ee,ee,225252,0.309334,0.730249,1.7954,5.57451,0,0,225187,0,3.8986,65,0,0,0.00010058,1.12264e-06,0,1.13767e-06,0.00102986,0.001031,65,0.00102997
armadillo-rollers,device-tight,cell2dmin,103vf,vf,75907,0.320374,1.67182,2.34873,2.22054,0,0,75903,0,3.73559,4,0,0,0.000140772,6.61985e-05,0,1.86099e-06,0.218369,0.218371,4,0.218369
armadillo-rollers,device-tight,cell2dmin,107vf,vf,101595,0.342613,2.56709,2.91031,7.57646,0,0,101062,0,9.35906,530,0,0,6.16249e-05,5.60441e-07,0,1.40005e-07,0.00129987,0.00130001,533,0.00129986
armadillo-rollers,device-tight,cell2dmin,111ee,ee,94831,0.324117,0.33375,1.6098,3.23491,0,0,94811,0,1.84762,20,0,0,3.09636e-05,1.21061e-06,0,1.75781e-07,0.0142322,0.0142323,20,0.0142322
armadillo-rollers,device-tight,cell2dmin,115vf,vf,18978,0.312694,1.24329,1.49131,1.39192,0,0,18975,0,1.71854,3,0,0,1.38831e-05,1.82316e-06,0,1.72102e-06,0.00871944,0.00872117,3,0.00871944
armadillo-rollers,device-tight,cell2dmin,119vf,vf,33604,0.323318,1.16057,1.42111,1.77962,0,0,33600,0,4.34937,4,0,0,1.05631e-05,4.63769e-06,0,4.63769e-06,0.00977039,0.00977503,4,0.00977039
armadillo-rollers,device-tight,cell2dmin,122ee,ee,137371,0.348565,0.392916,2.03034,3.66971,0,0,137355,0,2.95015,16,0,0,4.35727e-05,3.86259e-06,0,7.11423e-06,0.0228672,0.0228743,16,0.0228672
armadillo-rollers,device-tight,cell2dmin,126vf,vf,49095,0.321174,1.39394,2.47992,2.23094,0,0,49094,0,2.26655,1,0,0,9.47518e-05,9.47518e-05,0,9.47518e-05,0.37149,0.371585,1,0.37149
armadillo-rollers,device-tight,cell2dmin,12vf,vf,107536,0.341269,2.15792,1.84545,5.66203,0,0,107500,0,3.03462,34,0,0,0.000335727,6.61307e-06,0,2.61327e-07,0.0003016,0.000301861,36,0.0003016
armadillo-rollers,device-tight,cell2dmin,134ee,ee,67235,0.322549,0.31231,1.75198,3.59934,0,0,67213,0,2.74551,22,0,0,0.000141787,3.56355e-06,0,1.65444e-06,0.0185483,0.01855,22,0.018549
armadillo-rollers,device-tight,cell2dmin,138ee,ee,103311,0.325718,0.345557,2.07558,8.32588,0,0,101881,0,8.97994,1430,0,0,1.83929e-05,4.50517e-07,0,3.53561e-07,0.000391245,0.000391598,1430,0.000391245
armadillo-rollers,device-tight,cell2dmin,140vf,vf,18676,0.31935,1.03187,1.92183,0.968673,0,0,18675,0,1.64996,0,0,0,0,0,0,0,1,1,1,1
armadillo-rollers,device-tight,cell2dmin,145vf,vf,14520,0.322166,0.891107,1.70977,2.57048,0,0,14504,0,2.5019,15,0,0,2.53054e-05,2.25757e-06,0,1.49641e-06,0.00845537,0.00845687,16,0.00845528
armadillo-rollers,device-tight,cell2dmin,149vf,vf,17621,0.320918,0.921666,1.6355,2.73751,0,0,17608,0,1.889,12,0,0,3.08669e-05,2.31268e-06,0,3.72313e-07,0.0899653,0.0899657,13,0.0899653
armadillo-rollers,device-tight,cell2dmin,153ee,ee,54774,0.322102,0.283223,1.83025,5.52914,0,0,54738,0,2.56728,36,0,0,0.00104651,1.07022e-05,0,9.23575e-06,0.0113468,0.0113561,36,0.0113468
armadillo-rollers,device-tight,cell2dmin,157ee,ee,51080,0.318614,0.287959,1.64299,4.57211,0,0,51050,0,2.18108,30,0,0,9.38738e-05,2.3749e-06,0,9.94063e-06,0.0157661,0.0157761,30,0.0157661
armadillo-rollers,device-tight,cell2dmin,15vf,vf,81346,0.331445,1.60366,1.84932,5.14947,0,0,81308,0,2.93639,38,0,0,9.49289e-05,6.54984e-06,0,5.38657e-06,0.00615025,0.00615563,38,0.00615025
armadillo-rollers,device-tight,cell2dmin,164ee,ee,52133,0.32239,0.298166,1.40741,1.89687,0,0,52123,0,1.64795,10,0,0,0.000105438,1.07768e-06,0,4.40618e-07,0.0559936,0.055994,10,0.0559936
armadillo-rollers,device-tight,cell2dmin,168ee,ee,43829,0.349492,0.283415,1.96451,3.62929,0,0,43809,0,3.12521,20,0,0,0.000502079,6.54852e-06,0,6.6048e-06,0.0161032,0.0161098,20,0.0161037
armadillo-rollers,device-tight,cell2dmin,171ee,ee,51464,0.321717,0.283831,1.84605,5.12361,0,0,51437,0,2.79178,26,0,0,0.000556547,2.4388e-06,0,3.85467e-07,0.00859983,0.00860021,27,0.00859976
armadillo-rollers,device-tight,cell2dmin,175ee,ee,51829,0.325109,0.315574,1.81306,3.09635,0,0,51821,0,2.09942,8,0,0,0.00104547,5.05564e-05,0,1.21445e-05,0.022461,0.0224731,8,0.0224609
armadillo-rollers,device-tight,cell2dmin,179vf,vf,15919,0.323926,1.01504,1.62459,1.23731,0,0,15915,0,1.80612,4,0,0,7.83533e-06,6.94747e-06,0,7.605e-07,0.0502243,0.0502251,4,0.0502243
armadillo-rollers,device-tight,cell2dmin,182ee,ee,52057,0.319126,0.303094,1.8225,4.71476,0,0,52022,0,2.93716,34,0,0,0.000302017,3.22832e-06,0,1.73358e-06,0.00282764,0.00282938,35,0.00282764
armadillo-rollers,device-tight,cell2dmin,186ee,ee,86111,0.323158,0.337461,1.98531,6.20505,0,0,86023,0,3.98115,88,0,0,0.00032175,4.53225e-07,0,5.81984e-07,0.00233666,0.00233725,88,0.00233662
armadillo-rollers,device-tight,cell2dmin,18ee,ee,157963,0.324886,0.373013,1.87092,4.52494,0,0,157927,0,4.39586,36,0,0,0.000167007,1.96226e-06,0,2.17605e-06,0.0061275,0.00612967,36,0.00612688
armadillo-rollers,device-tight,cell2dmin,193ee,ee,60618,0.324022,0.32783,1.88973,5.19238,0,0,60575,0,2.65716,43,0,0,8.33211e-05,4.1757e-06,0,1.20101e-06,0.00437355,0.00437475,43,0.00437355
armadillo-rollers,device-tight,cell2dmin,197ee,ee,48550,0.32207,0.335221,1.9242,4.54494,0,0,48523,0,2.38066,27,0,0,0.000135443,1.98502e-06,0,9.54068e-07,0.0014102,0.00141115,27,0.00141022
armadillo-rollers,device-tight,cell2dmin,19vf,vf,50546,0.324886,1.92851,1.74542,1.95059,0,0,50540,0,1.94893,6,0,0,6.04696e-06,2.19769e-06,0,1.53353e-06,0.267323,0.267325,6,0.267323
armadillo-rollers,device-tight,cell2dmin,203vf,vf,18050,0.315798,1.06256,1.79748,1.43183,0,0,18046,0,2.55704,4,0,0,1.40649e-05,3.74728e-06,0,1.4695e-06,0.0206542,0.0206557,4,0.0206542
armadillo-rollers,device-tight,cell2dmin,207vf,vf,15228,0.31695,1.02534,1.7569,1.62977,0,0,15224,0,2.08032,4,0,0,3.25912e-05,4.2952e-06,0,3.36693e-06,0.0458746,0.045878,4,0.0458746
armadillo-rollers,device-tight,cell2dmin,210vf,vf,14783,0.327445,0.94973,2.06886,3.27772,0,0,14769,0,4.84647,14,0,0,0.000164511,2.25646e-06,0,1.05179e-06,0.00194693,0.00194798,14,0.00194693
armadillo-rollers,device-tight,cell2dmin,214vf,vf,17463,0.322198,1.04755,2.27974,2.2959,0,0,17456,0,6.8657,7,0,0,1.05304e-05,2.28321e-06,0,6.14693e-07,0.00241947,0.00242009,7,0.00241947
armadillo-rollers,device-tight,cell2dmin,218ee,ee,57259,0.316342,0.363284,2.29074,6.59518,0,0,57141,0,5.43176,117,0,0,0.00155511,3.31359e-06,0,2.28716e-07,0.000527382,0.000527611,118,0.000527382
armadillo-rollers,device-tight,cell2dmin,221ee,ee,58422,0.322806,0.36226,1.90202,6.63461,0,0,58328,0,3.74894,94,0,0,0.00113087,4.89455e-06,0,2.18921e-06,0.000574112,0.000576301,94,0.000574112
armadillo-rollers,device-tight,cell2dmin,225ee,ee,69534,0.320566,0.38386,1.85617,5.02442,0,0,69493,0,2.83495,41,0,0,0.000103531,4.15884e-06,0,1.67002e-06,0.000816822,0.000818492,41,0.000816822
armadillo-rollers,device-tight,cell2dmin,229ee,ee,303368,0.342389,1.50821,2.53304,9.95965,0,0,299350,0,12.8846,4015,0,0,0.00394167,3.52797e-07,0,1.13695e-07,2.86102e-05,2.87239e-05,4018,2.86102e-05
armadillo-rollers,device-tight,cell2dmin,232ee,ee,74356,0.332886,0.364948,1.5716,2.50184,0,0,74343,0,1.69412,13,0,0,5.49337e-05,2.20089e-06,0,1.56815e-06,0.00295019,0.00295176,13,0.00295019
armadillo-rollers,device-tight,cell2dmin,235vf,vf,25746,0.315862,1.05232,1.76148,2.46136,0,0,25740,0,2.47055,6,0,0,1.99529e-05,9.58202e-06,0,9.58202e-06,0.077322,0.0773316,6,0.077322
armadillo-rollers,device-tight,cell2dmin,239vf,vf,35150,0.316342,1.2246,1.81511,1.93485,0,0,35146,0,2.09907,4,0,0,2.00943e-05,4.73987e-06,0,3.8756e-06,0.228525,0.228529,4,0.228524
armadillo-rollers,device-tight,cell2dmin,242vf,vf,50658,0.328374,1.55025,1.78458,2.39724,0,0,50648,0,2.77498,10,0,0,4.47485e-06,5.23562e-07,0,2.94722e-07,0.013407,0.0134073,10,0.013407
armadillo-rollers,device-tight,cell2dmin,246vf,vf,34492,0.336278,1.51694,1.86695,2.02525,0,0,34485,0,2.50194,7,0,0,2.97204e-05,2.25818e-06,0,1.31416e-05,0.0296783,0.0296915,7,0.0296783
armadillo-rollers,device-tight,cell2dmin,24vf,vf,51354,0.310614,1.14211,2.05958,3.58321,0,0,51336,0,2.55762,18,0,0,2.31918e-05,2.65447e-06,0,1.17986e-05,0.0533628,0.0533746,18,0.0533628
armadillo-rollers,device-tight,cell2dmin,253vf,vf,35573,0.313462,1.83245,2.06317,4.87332,0,0,35546,0,3.62728,27,0,0,0.000286837,6.47282e-06,0,1.61151e-07,0.0076766,0.00767676,27,0.0076766
armadillo-rollers,device-tight,cell2dmin,257ee,ee,116712,0.318998,0.433202,1.98925,6.86407,0,0,116593,0,4.00359,119,0,0,0.000682144,1.38228e-05,0,1.54242e-06,0.00168124,0.00168279,119,0.00168133
armadillo-rollers,device-tight,cell2dmin,260ee,ee,118287,0.321782,0.394355,1.87978,5.5549,0,0,118237,0,3.04755,50,0,0,0.000846526,5.22592e-06,0,1.67795e-06,0.00157334,0.00157501,50,0.00157356
armadillo-rollers,device-tight,cell2dmin,264ee,ee,130094,0.32223,0.418483,1.88426,7.40229,0,0,129930,0,4.26246,164,0,0,0.000636351,9.26199e-06,0,2.40567e-06,0.00103378,0.00103619,164,0.00103378
armadillo-rollers,device-tight,cell2dmin,268ee,ee,130104,0.320374,0.454769,2.31285,7.76279,0,0,129968,0,4.40287,135,0,0,0.00192053,1.08612e-05,0,1.61487e-06,0.00080061,0.000802224,136,0.00080061
armadillo-rollers,device-tight,cell2dmin,271ee,ee,131744,0.340758,0.425395,2.35564,8.34924,0,0,131671,0,4.49403,72,0,0,0.00222042,4.99535e-05,0,5.79277e-06,0.00370789,0.00371368,73,0.0037083
armadillo-rollers,device-tight,cell2dmin,274vf,vf,42186,0.32463,1.88368,2.33708,8.89274,0,0,42114,0,5.08138,70,0,0,0.00086114,6.54099e-05,0,2.05597e-06,0.0063467,0.00634876,72,0.0063467
armadillo-rollers,device-tight,cell2dmin,278vf,vf,49349,0.328661,1.87188,2.57429,7.59374,0,0,49273,0,5.3477,75,0,0,0.0072092,1.34475e-05,0,2.25692e-06,0.0115829,0.0115851,76,0.0115829
armadillo-rollers,device-tight,cell2dmin,281vf,vf,62328,0.327318,2.62078,2.57848,9.75476,0,0,61881,0,12.8727,444,0,0,0.00150276,1.30091e-05,0,5.13109e-06,0.00212074,0.00212587,447,0.00212097
armadillo-rollers,device-tight,cell2dmin,285vf,vf,54416,0.339029,2.38972,2.49602,8.32873,0,0,54302,0,4.98663,112,0,0,0.000664027,2.72935e-05,0,1.35344e-05,0.00705696,0.00707049,114,0.00706005
armadillo-rollers,device-tight,cell2dmin,289vf,vf,56855,0.335094,2.47275,2.61019,8.30134,0,0,56757,0,5.33462,98,0,0,0.00222231,1.98183e-05,0,1.11317e-06,0.00656652,0.00656764,98,0.00656652
armadillo-rollers,device-tight,cell2dmin,292ee,ee,175809,0.348309,0.549966,2.23241,8.68884,0,0,175708,0,4.36175,99,0,0,0.00133702,1.43802e-05,0,5.26928e-07,0.00252485,0.00252538,101,0.00252485
armadillo-rollers,device-tight,cell2dmin,296ee,ee,175448,0.334997,0.511856,2.28665,8.48264,0,0,175277,0,4.88813,169,0,0,0.012878,5.97218e-06,0,1.09843e-06,0.000519753,0.000520851,171,0.000519753
armadillo-rollers,device-tight,cell2dmin,29ee,ee,257518,0.314294,0.509776,1.66443,3.0928,1,0,257507,0,2.91965,8,0,0,5.63906e-05,2.17776e-05,0,8.46659e-06,0.0186033,0.0186118,11,0.0186033
armadillo-rollers,device-tight,cell2dmin,303ee,ee,167165,0.331125,0.50984,2.05037,7.05293,0,0,167027,0,3.76378,136,0,0,0.00388137,4.88329e-06,0,1.6588e-06,0.000626849,0.000628508,138,0.000627518
armadillo-rollers,device-tight,cell2dmin,307ee,ee,168325,0.327637,0.45845,2.35839,7.93729,0,0,168145,0,4.03731,178,0,0,0.00202337,2.57083e-05,0,1.67977e-06,0.00228405,0.00228573,180,0.00228405
armadillo-rollers,device-tight,cell2dmin,30vf,vf,132560,0.320982,2.02899,2.17561,6.64641,0,0,132469,0,4.47941,90,0,0,0.000190827,8.17785e-07,0,3.63971e-07,0.000885085,0.000885449,91,0.000885129
armadillo-rollers,device-tight,cell2dmin,313vf,vf,57734,0.323477,1.86781,2.65758,8.7354,0,0,57491,0,5.40549,240,0,0,0.000914397,2.40594e-05,0,1.43219e-05,0.00500679,0.00502111,243,0.00500679
armadillo-rollers,device-tight,cell2dmin,317vf,vf,77826,0.323414,2.09686,2.64564,8.80593,0,0,77445,0,5.471,376,0,0,0.00160166,8.15464e-06,0,1.07687e-07,0.000854492,0.0008546,381,0.000854492
armadillo-rollers,device-tight,cell2dmin,320vf,vf,205206,0.343157,3.27564,2.69278,9.54469,0,0,204474,0,6.51851,728,0,0,0.00156726,6.34836e-06,0,6.92072e-07,0.000239491,0.000240184,732,0.000239491
armadillo-rollers,device-tight,cell2dmin,324vf,vf,181994,0.360436,4.7258,2.23775,9.7563,0,0,181495,0,5.31001,498,0,0,0.00034952,2.01915e-06,0,2.81816e-07,0.00165967,0.00165995,499,0.00165963
armadillo-rollers,device-tight,cell2dmin,328vf,vf,275197,0.346581,7.77982,1.96474,6.24553,0,0,275046,0,4.32546,151,0,0,2.39899e-05,5.11374e-07,0,6.70678e-08,0.00330897,0.00330904,151,0.00330889
armadillo-rollers,device-tight,cell2dmin,331ee,ee,316965,0.385044,0.515247,1.82381,7.34841,0,0,316884,0,3.93725,81,0,0,8.53844e-05,5.14001e-06,0,8.35238e-07,0.0186119,0.0186127,81,0.0186119
armadillo-rollers,device-tight,cell2dmin,335ee,ee,69302,0.321621,0.309303,2.18492,8.79348,0,0,69090,0,5.60952,210,0,0,5.75602e-05,4.10386e-06,0,1.81429e-06,0.00644493,0.00644675,212,0.00644493
armadillo-rollers,device-tight,cell2dmin,339ee,ee,103160,0.325078,0.340949,1.94288,7.37308,0,0,103040,0,3.8339,120,0,0,7.03927e-05,2.59912e-06,0,2.47399e-06,0.0241356,0.0241381,120,0.0241356
armadillo-rollers,device-tight,cell2dmin,342ee,ee,82085,0.316021,0.281304,2.65518,9.82379,0,0,81623,0,5.79924,462,0,0,2.82453e-05,2.49078e-06,0,6.8852e-07,0.00203418,0.00203487,462,0.00203466
armadillo-rollers,device-tight,cell2dmin,346ee,ee,57426,0.313558,0.277687,1.83917,7.24543,0,0,57330,0,3.79521,96,0,0,0.00012394,2.74565e-06,0,6.69838e-07,0.00321865,0.00321932,96,0.00321865
armadillo-rollers,device-tight,cell2dmin,349vf,vf,14534,0.307479,0.691658,1.83847,5.07059,0,0,14520,0,2.73518,14,0,0,3.24729e-05,1.17943e-05,0,1.59288e-06,0.0074091,0.00741069,14,0.0074091
armadillo-rollers,device-tight,cell2dmin,352vf,vf,12619,0.307094,0.816518,1.63083,4.56757,0,0,12600,0,2.65844,19,0,0,8.09834e-05,1.45245e-05,0,6.75591e-06,0.0480733,0.04808,19,0.0480733
armadillo-rollers,device-tight,cell2dmin,356vf,vf,14706,0.310934,0.855141,1.68491,5.79841,0,0,14656,0,2.47282,50,0,0,3.26195e-05,3.0384e-06,0,1.76962e-06,0.0249038,0.0249055,50,0.0249038
armadillo-rollers,device-tight,cell2dmin,35vf,vf,216958,0.31855,2.28018,1.55979,2.80503,0,0,216931,0,2.4524,27,0,0,1.9609e-06,3.75639e-07,0,2.89101e-07,0.00599051,0.00599079,27,0.00599051
armadillo-rollers,device-tight,cell2dmin,363vf,vf,106090,0.368884,9.6596,1.86586,2.31599,0,0,106074,0,2.16681,16,0,0,1.06332e-05,7.02483e-07,0,1.11038e-07,0.00788701,0.00788712,16,0.00788701
armadillo-rollers,device-tight,cell2dmin,367ee,ee,218489,0.353205,0.42821,1.80954,7.21075,0,0,218361,0,3.55202,128,0,0,0.000126601,6.30835e-07,0,1.4832e-06,0.00937843,0.00937992,128,0.00937843
armadillo-rollers,device-tight,cell2dmin,370ee,ee,123009,0.32879,0.327605,1.67275,4.70036,0,0,122947,0,2.44917,62,0,0,1.33985e-05,1.44084e-06,0,6.30939e-07,0.0022006,0.00220123,62,0.00219917
armadillo-rollers,device-tight,cell2dmin,374ee,ee,42205,0.307638,0.268504,1.76916,3.7419,0,0,42164,0,2.2638,41,0,0,0.000283211,1.52927e-06,0,3.32253e-07,0.0012579,0.00125823,41,0.0012579
armadillo-rollers,device-tight,cell2dmin,378ee,ee,48991,0.30655,0.27708,1.60804,3.72187,0,0,48947,0,2.34101,44,0,0,4.75756e-05,6.08649e-07,0,7.79391e-07,0.00481129,0.00481207,44,0.00481129
armadillo-rollers,device-tight,cell2dmin,381ee,ee,47719,0.304278,0.259352,1.59217,4.80625,0,0,47601,0,2.9649,118,0,0,2.37909e-05,4.96665e-07,0,3.1125e-08,0.000941753,0.000941785,118,0.000941753
armadillo-rollers,device-tight,cell2dmin,384vf,vf,13419,0.314038,0.76964,1.55928,1.98429,0,0,13415,0,2.46603,4,0,0,5.99359e-05,5.70009e-07,0,5.70009e-07,0.00623798,0.00623855,4,0.00623798
armadillo-rollers,device-tight,cell2dmin,388vf,vf,17036,0.303478,0.797447,2.07241,3.93936,0,0,17019,0,2.88858,16,0,0,0.000259075,1.94418e-06,0,7.27808e-07,0.01585,0.0158507,17,0.0158501
armadillo-rollers,device-tight,cell2dmin,391vf,vf,17561,0.313686,0.908483,2.04051,4.74443,0,0,17524,0,3.83124,37,0,0,0.000119545,1.17896e-06,0,6.19173e-07,0.00730382,0.00730443,37,0.00730371
armadillo-rollers,device-tight,cell2dmin,395vf,vf,22790,0.308118,0.970881,2.01907,3.86493,0,0,22764,0,2.57285,26,0,0,0.000105411,3.05279e-06,0,4.48851e-07,0.00658751,0.00658795,26,0.00658751
armadillo-rollers,device-tight,cell2dmin,399vf,vf,28190,0.313462,0.980545,1.94983,5.901,0,0,28110,0,3.45717,80,0,0,0.000122907,1.51709e-06,0,2.1244e-07,0.00895119,0.0089514,80,0.00895119
armadillo-rollers,device-tight,cell2dmin,42ee,ee,335997,0.332277,0.523951,1.42264,2.05814,0,0,335985,0,1.75623,12,0,0,7.2785e-06,1.15468e-06,0,9.77643e-07,0.00885677,0.00885775,12,0.00885677
armadillo-rollers,device-tight,cell2dmin,45vf,vf,220522,0.340501,4.47685,2.02986,3.83761,0,0,220513,0,2.47352,9,0,0,2.98217e-05,5.24933e-06,0,1.18203e-05,0.044589,0.0446009,9,0.044589
armadillo-rollers,device-tight,cell2dmin,49vf,vf,60782,0.320054,4.02797,2.47848,3.68446,1,0,60774,0,2.55486,7,0,0,0.000197534,2.08064e-05,0,3.6392e-06,0.0048399,0.00484354,8,0.0048399
armadillo-rollers,device-tight,cell2dmin,53ee,ee,78081,0.327221,0.319894,1.92279,2.80782,0,0,78065,0,2.00522,16,0,0,2.81136e-05,1.05962e-06,0,1.579e-06,0.00314877,0.00315035,16,0.00314903
armadillo-rollers,device-tight,cell2dmin,57ee,ee,127303,0.334134,0.361268,1.85124,4.19478,0,0,127275,0,2.44709,27,0,0,1.69745e-05,3.75788e-06,0,5.3243e-06,0.00984012,0.00984545,28,0.00984097
armadillo-rollers,device-tight,cell2dmin,60ee,ee,154944,0.329334,0.381588,1.81326,3.83607,0,0,154914,0,2.70235,30,0,0,2.06404e-05,1.65851e-06,0,1.65851e-06,0.0183592,0.0183608,30,0.0183592
armadillo-rollers,device-tight,cell2dmin,63vf,vf,42577,0.318966,1.38668,1.8737,5.34338,0,0,42500,0,2.95818,75,0,0,1.45625e-05,1.06836e-06,0,6.88988e-07,0.00477076,0.00477144,77,0.00477076
armadillo-rollers,device-tight,cell2dmin,67vf,vf,19961,0.310326,0.993121,1.71051,3.98883,0,0,19926,0,2.53285,33,0,0,5.25252e-05,1.20202e-06,0,1.55559e-06,0.00504017,0.00504172,35,0.00504017
armadillo-rollers,device-tight,cell2dmin,70vf,vf,26179,0.320502,1.24559,1.85188,5.3902,0,0,26112,0,3.96647,65,0,0,2.64281e-05,1.36578e-06,0,1.60617e-07,0.00320435,0.00320451,67,0.00320435
armadillo-rollers,device-tight,cell2dmin,74vf,vf,16046,0.312662,0.791719,2.10941,3.7115,1,0,16027,0,2.55838,14,0,0,6.29761e-05,5.57887e-06,0,0.0145067,0,0.0145067,19,0
armadillo-rollers,device-tight,cell2dmin,78vf,vf,27297,0.31215,1.07494,1.55842,1.60542,1,0,27292,0,1.84097,4,0,0,1.73305e-05,2.36941e-06,0,0.010025,0,0.010025,5,0
armadillo-rollers,device-tight,cell2dmin,81ee,ee,134694,0.309143,0.341269,2.34457,2.50776,0,0,134678,0,2.4158,16,0,0,7.47494e-05,1.48671e-06,0,3.06737e-06,0.0452318,0.0452349,16,0.0452318
armadillo-rollers,device-tight,cell2dmin,85ee,ee,195005,0.311958,0.415443,1.80036,3.34191,0,0,194969,0,2.83633,36,0,0,3.71529e-05,1.88432e-06,0,7.48256e-07,0.00129652,0.00129727,36,0.00129652
armadillo-rollers,device-tight,cell2dmin,89ee,ee,236507,0.31807,0.497776,2.01088,4.99997,0,0,236453,0,3.10553,54,0,0,0.00022224,4.40194e-06,0,5.67508e-06,0.0019207,0.00192638,54,0.0019207
armadillo-rollers,device-tight,cell2dmin,93ee,ee,220161,0.326549,0.506896,2.00343,6.38751,0,0,220122,0,3.45087,39,0,0,0.000409077,9.12297e-06,0,6.28501e-07,0.0027256,0.00272623,39,0.0027256
armadillo-rollers,device-tight,cell2dmin,97ee,ee,207900,0.322774,0.413459,1.98464,6.82385,0,0,207822,0,3.96141,77,0,0,0.000235339,2.68574e-06,0,8.89791e-07,0.000444412,0.000445302,78,0.000444412
armadillo-rollers,device-tight,cell2dmin,100ee,ee,225252,0.316342,0.685515,1.98806,5.46767,0,0,225187,0,6.97344,65,0,0,0.000110117,1.15441e-06,0,1.13767e-06,0.00102986,0.001031,65,0.00102997
armadillo-rollers,device-tight,cell2dmin,103vf,vf,75907,0.326486,1.67083,2.42613,2.20582,0,0,75903,0,2.41884,4,0,0,0.000140772,6.61985e-05,0,1.86099e-06,0.218369,0.218371,4,0.218369
armadillo-rollers,device-tight,cell2dmin,107vf,vf,101595,0.342453,2.55784,2.47307,7.96016,0,0,101062,0,8.92308,530,0,0,6.07663e-05,5.61617e-07,0,1.40005e-07,0.00129987,0.00130001,533,0.00129986
armadillo-rollers,device-tight,cell2dmin,111ee,ee,94831,0.320406,0.309942,1.63806,3.12051,0,0,94811,0,1.83361,20,0,0,3.09636e-05,1.21061e-06,0,1.75781e-07,0.0142322,0.0142323,20,0.0142322
armadillo-rollers,device-tight,cell2dmin,115vf,vf,18978,0.317014,1.22246,1.46597,1.43122,0,0,18975,0,2.62974,3,0,0,1.38831e-05,1.82316e-06,0,1.72102e-06,0.00871944,0.00872117,3,0.00871944
armadillo-rollers,device-tight,cell2dmin,119vf,vf,33604,0.31855,1.17273,1.48677,1.79684,0,0,33600,0,1.87354,4,0,0,9.31144e-06,4.63769e-06,0,4.63769e-06,0.00977039,0.00977503,4,0.00977039
armadillo-rollers,device-tight,cell2dmin,122ee,ee,137371,0.343062,0.386836,1.69515,2.97955,0,0,137355,0,2.378,16,0,0,4.35727e-05,3.86259e-06,0,7.11423e-06,0.0228672,0.0228743,16,0.0228672
armadillo-rollers,device-tight,cell2dmin,126vf,vf,49095,0.32831,1.39656,2.22156,2.23212,0,0,49094,0,2.31106,1,0,0,9.47518e-05,9.47518e-05,0,0.000125269,0.37146,0.371585,1,0.37149
armadillo-rollers,device-tight,cell2dmin,12vf,vf,107536,0.331253,2.15644,1.77642,5.49602,0,0,107500,0,2.89104,34,0,0,0.000335727,6.61307e-06,0,2.61327e-07,0.0003016,0.000301861,36,0.0003016
armadillo-rollers,device-tight,cell2dmin,134ee,ee,67235,0.31983,0.307959,1.81601,3.88615,0,0,67213,0,2.56833,22,0,0,0.000141787,3.56355e-06,0,1.65444e-06,0.0185483,0.01855,22,0.018549
armadillo-rollers,device-tight,cell2dmin,138ee,ee,103311,0.32751,0.335861,1.86522,8.22784,0,0,101881,0,8.38649,1430,0,0,1.83929e-05,4.54619e-07,0,3.53561e-07,0.000391245,0.000391598,1430,0.000391245
armadillo-rollers,device-tight,cell2dmin,140vf,vf,18676,0.319126,1.04912,1.75313,0.974337,0,0,18675,0,1.77524,0,0,0,0,0,0,0,1,1,1,1
armadillo-rollers,device-tight,cell2dmin,145vf,vf,14520,0.319318,0.881572,1.79841,2.59365,0,0,14504,0,2.43077,15,0,0,2.53054e-05,2.25757e-06,0,1.49641e-06,0.00845537,0.00845687,16,0.00845528
armadillo-rollers,device-tight,cell2dmin,149vf,vf,17621,0.318806,0.926563,1.60017,2.90154,0,0,17608,0,1.80842,12,0,0,3.08669e-05,1.7316e-06,0,3.72313e-07,0.0899653,0.0899657,13,0.0899653
armadillo-rollers,device-tight,cell2dmin,153ee,ee,54774,0.322133,0.281367,1.6868,4.83831,0,0,54738,0,2.70907,36,0,0,0.000810837,1.07022e-05,0,9.23575e-06,0.0113468,0.0113561,36,0.0113468
armadillo-rollers,device-tight,cell2dmin,157ee,ee,51080,0.319893,0.287991,1.52232,4.60865,0,0,51050,0,2.25948,30,0,0,9.38738e-05,2.70288e-06,0,9.94063e-06,0.0157661,0.0157761,30,0.0157688
armadillo-rollers,device-tight,cell2dmin,15vf,vf,81346,0.333141,1.61259,1.79316,6.40633,0,0,81308,0,2.96227,38,0,0,9.49289e-05,5.68557e-06,0,5.38657e-06,0.00615025,0.00615563,38,0.00615025
armadillo-rollers,device-tight,cell2dmin,164ee,ee,52133,0.319925,0.298071,1.38034,2.06355,0,0,52123,0,1.65048,10,0,0,0.000105438,1.07768e-06,0,4.40618e-07,0.0559936,0.055994,10,0.0559936
armadillo-rollers,device-tight,cell2dmin,168ee,ee,43829,0.321782,0.29471,1.81217,3.36447,0,0,43809,0,2.21907,20,0,0,0.000603169,6.54852e-06,0,6.6048e-06,0.0161032,0.0161098,20,0.0161037
armadillo-rollers,device-tight,cell2dmin,171ee,ee,51464,0.344149,0.332917,2.02349,4.95165,0,0,51437,0,2.61518,26,0,0,0.000556547,2.4388e-06,0,4.55549e-07,0.00859976,0.00860021,27,0.00859976
armadillo-rollers,device-tight,cell2dmin,175ee,ee,51829,0.31887,0.304118,1.73419,3.1782,0,0,51821,0,3.10118,8,0,0,0.00108934,4.40371e-05,0,1.22079e-05,0.0224609,0.0224731,8,0.0224609
armadillo-rollers,device-tight,cell2dmin,179vf,vf,15919,0.319382,1.01011,1.50856,1.28089,0,0,15915,0,2.1286,4,0,0,7.83533e-06,6.94747e-06,0,7.605e-07,0.0502243,0.0502251,4,0.0502243
armadillo-rollers,device-tight,cell2dmin,182ee,ee,52057,0.316694,0.31455,1.80551,4.38729,0,0,52022,0,3.07904,34,0,0,0.00021852,3.22832e-06,0,1.73358e-06,0.00282764,0.00282938,35,0.00282764
armadillo-rollers,device-tight,cell2dmin,186ee,ee,86111,0.321366,0.328149,1.96352,6.22931,0,0,86023,0,3.48847,88,0,0,0.00032175,4.7946e-07,0,6.24774e-07,0.00233662,0.00233725,88,0.00233662
armadillo-rollers,device-tight,cell2dmin,18ee,ee,157963,0.323158,0.372372,1.82106,4.53323,0,0,157927,0,4.41951,36,0,0,0.000167007,1.93567e-06,0,2.43641e-06,0.00612724,0.00612967,36,0.00612688
armadillo-rollers,device-tight,cell2dmin,193ee,ee,60618,0.320598,0.329205,1.6906,4.72321,0,0,60575,0,2.58398,43,0,0,8.33211e-05,4.1757e-06,0,1.20101e-06,0.00437355,0.00437475,43,0.00437355
armadillo-rollers,device-tight,cell2dmin,197ee,ee,48550,0.321302,0.329013,1.5788,4.38959,0,0,48523,0,2.59336,27,0,0,0.000135443,2.35478e-06,0,6.69781e-07,0.00141048,0.00141115,27,0.00141048
armadillo-rollers,device-tight,cell2dmin,19vf,vf,50546,0.335862,1.95626,1.75934,1.95987,0,0,50540,0,1.92266,6,0,0,6.04696e-06,2.3169e-06,0,1.53353e-06,0.267323,0.267325,6,0.267323
armadillo-rollers,device-tight,cell2dmin,203vf,vf,18050,0.332246,1.05571,2.65857,1.45896,0,0,18046,0,2.75748,4,0,0,1.40649e-05,3.74728e-06,0,2.09981e-06,0.0206536,0.0206557,4,0.0206542
armadillo-rollers,device-tight,cell2dmin,207vf,vf,15228,0.316118,1.02458,1.62043,1.66865,0,0,15224,0,2.14355,4,0,0,3.25912e-05,4.2952e-06,0,3.36693e-06,0.0458746,0.045878,4,0.0458746
armadillo-rollers,device-tight,cell2dmin,210vf,vf,14783,0.356245,0.935586,2.09027,2.83121,0,0,14769,0,2.87088,14,0,0,0.000164511,2.25646e-06,0,1.05179e-06,0.00194693,0.00194798,14,0.00194693
armadillo-rollers,device-tight,cell2dmin,214vf,vf,17463,0.334197,1.02682,2.27516,2.32719,0,0,17456,0,3.07497,7,0,0,1.05304e-05,2.28321e-06,0,6.14693e-07,0.00241947,0.00242009,7,0.00241947
armadillo-rollers,device-tight,cell2dmin,218ee,ee,57259,0.318838,0.369652,2.19996,5.96538,0,0,57141,0,3.96362,117,0,0,0.00155511,3.30932e-06,0,2.28716e-07,0.000527382,0.000527611,118,0.000527382
armadillo-rollers,device-tight,cell2dmin,221ee,ee,58422,0.321302,0.353077,2.07741,6.73467,0,0,58328,0,3.44178,94,0,0,0.00113087,5.02115e-06,0,2.18921e-06,0.000574112,0.000576301,94,0.000574112
armadillo-rollers,device-tight,cell2dmin,225ee,ee,69534,0.315542,0.389844,1.86701,5.12096,0,0,69493,0,2.82961,41,0,0,0.000103531,4.15884e-06,0,1.67002e-06,0.000816822,0.000818492,41,0.000816822
armadillo-rollers,device-tight,cell2dmin,229ee,ee,303368,0.335221,1.27551,2.26988,9.19766,0,0,299350,0,12.9392,4015,0,0,0.00367297,3.53294e-07,0,1.13695e-07,2.86102e-05,2.87239e-05,4018,2.86102e-05
armadillo-rollers,device-tight,cell2dmin,232ee,ee,74356,0.328022,0.369012,1.51966,2.45909,0,0,74343,0,1.705,13,0,0,5.49337e-05,2.20089e-06,0,1.56815e-06,0.00295019,0.00295176,13,0.00295019
armadillo-rollers,device-tight,cell2dmin,235vf,vf,25746,0.326485,1.04781,2.01821,2.09123,0,0,25740,0,2.50799,6,0,0,2.23371e-05,9.58202e-06,0,9.58202e-06,0.077322,0.0773316,6,0.077322
armadillo-rollers,device-tight,cell2dmin,239vf,vf,35150,0.327446,1.25055,1.66683,1.949,0,0,35146,0,2.20124,4,0,0,2.00943e-05,4.73987e-06,0,3.8756e-06,0.228525,0.228529,4,0.228524
armadillo-rollers,device-tight,cell2dmin,242vf,vf,50658,0.336309,1.56795,1.78942,2.29631,0,0,50648,0,2.68299,10,0,0,4.47485e-06,5.23562e-07,0,2.94722e-07,0.013407,0.0134073,10,0.013407
armadillo-rollers,device-tight,cell2dmin,246vf,vf,34492,0.336757,1.53291,1.95136,2.08893,0,0,34485,0,2.61681,7,0,0,2.97204e-05,2.25818e-06,0,1.31416e-05,0.0296783,0.0296915,7,0.0296783
armadillo-rollers,device-tight,cell2dmin,24vf,vf,51354,0.317014,1.15529,1.78622,3.14761,0,0,51336,0,2.62648,18,0,0,2.31918e-05,2.65447e-06,0,1.17986e-05,0.0533628,0.0533746,18,0.0533628
armadillo-rollers,device-tight,cell2dmin,253vf,vf,35573,0.325685,1.83367,2.07654,5.80759,0,0,35546,0,3.61377,27,0,0,0.000265528,6.47282e-06,0,1.61151e-07,0.0076766,0.00767676,27,0.0076766
armadillo-rollers,device-tight,cell2dmin,257ee,ee,116712,0.329461,0.431826,2.55806,8.00144,0,0,116593,0,3.51426,119,0,0,0.000600128,1.38228e-05,0,1.54242e-06,0.00168124,0.00168279,119,0.00168133
armadillo-rollers,device-tight,cell2dmin,260ee,ee,118287,0.32719,0.395475,1.97843,5.64773,0,0,118237,0,3.43519,50,0,0,0.000762603,5.22592e-06,0,1.45187e-06,0.00157356,0.00157501,50,0.00157356
armadillo-rollers,device-tight,cell2dmin,264ee,ee,130094,0.324662,0.465425,2.33269,7.12573,0,0,129930,0,4.41839,164,0,0,0.000662816,9.26199e-06,0,2.40567e-06,0.00103378,0.00103619,164,0.00103378
armadillo-rollers,device-tight,cell2dmin,268ee,ee,130104,0.32367,0.476785,2.2749,7.75566,0,0,129968,0,4.75412,135,0,0,0.00192053,1.08612e-05,0,1.61487e-06,0.00080061,0.000802224,136,0.00080061
armadillo-rollers,device-tight,cell2dmin,271ee,ee,131744,0.339094,0.456145,2.13101,7.65726,0,0,131671,0,4.4006,72,0,0,0.00222042,4.54321e-05,0,5.79277e-06,0.00370789,0.00371368,73,0.00370789
armadillo-rollers,device-tight,cell2dmin,274vf,vf,42186,0.331766,1.89453,2.61966,8.36492,0,0,42114,0,4.45039,70,0,0,0.00086114,6.84459e-05,0,2.05597e-06,0.0063467,0.00634876,72,0.0063467
armadillo-rollers,device-tight,cell2dmin,278vf,vf,49349,0.345301,1.85857,2.33874,7.82276,0,0,49273,0,5.05891,75,0,0,0.00733316,1.34475e-05,0,2.25692e-06,0.0115829,0.0115851,76,0.0115829
armadillo-rollers,device-tight,cell2dmin,281vf,vf,62328,0.334774,2.61848,2.68391,10.4022,0,0,61881,0,15.355,444,0,0,0.00169614,1.28219e-05,0,4.90012e-06,0.00212097,0.00212587,447,0.00212097
armadillo-rollers,device-tight,cell2dmin,285vf,vf,54416,0.347574,2.43173,2.97031,7.50447,0,0,54302,0,5.86573,112,0,0,0.000654468,2.68458e-05,0,8.64172e-06,0.00706185,0.00707049,114,0.007061
armadillo-rollers,device-tight,cell2dmin,289vf,vf,56855,0.345174,2.49195,2.38389,8.34873,0,0,56757,0,5.25932,98,0,0,0.00186337,1.98183e-05,0,1.11317e-06,0.00656652,0.00656764,98,0.00656652
armadillo-rollers,device-tight,cell2dmin,292ee,ee,175809,0.342133,0.563246,2.17804,8.69134,0,0,175708,0,5.28822,99,0,0,0.00133702,1.41111e-05,0,5.26928e-07,0.00252485,0.00252538,101,0.00252485
armadillo-rollers,device-tight,cell2dmin,296ee,ee,175448,0.344726,0.485809,2.46511,7.6947,0,0,175277,0,4.43992,169,0,0,0.012878,6.1877e-06,0,1.09843e-06,0.000519753,0.000520851,171,0.000519753
armadillo-rollers,device-tight,cell2dmin,29ee,ee,257518,0.318102,0.50584,2.00387,3.139,1,0,257507,0,2.95661,8,0,0,5.63906e-05,2.03471e-05,0,7.82607e-06,0.018604,0.0186118,11,0.0186033
armadillo-rollers,device-tight,cell2dmin,303ee,ee,167165,0.33631,0.50408,2.08813,7.70171,0,0,167027,0,3.97235,136,0,0,0.00388137,5.88363e-06,0,9.90111e-07,0.000627518,0.000628508,138,0.000627518
armadillo-rollers,device-tight,cell2dmin,307ee,ee,168325,0.338805,0.469841,2.20617,7.83527,0,0,168145,0,4.22003,178,0,0,0.00202337,2.2309e-05,0,1.67977e-06,0.00228405,0.00228573,180,0.00228405
armadillo-rollers,device-tight,cell2dmin,30vf,vf,132560,0.32351,2.04166,2.10345,6.11545,0,0,132469,0,3.79764,90,0,0,0.000189309,8.17785e-07,0,2.84227e-07,0.000885165,0.000885449,91,0.000885129
armadillo-rollers,device-tight,cell2dmin,313vf,vf,57734,0.33183,1.86829,2.50392,8.86186,0,0,57491,0,5.48104,240,0,0,0.000914397,2.44206e-05,0,1.40983e-05,0.00500701,0.00502111,243,0.00500679
armadillo-rollers,device-tight,cell2dmin,317vf,vf,77826,0.328117,2.12297,2.50594,9.10794,0,0,77445,0,5.37721,376,0,0,0.00160166,8.14344e-06,0,1.07687e-07,0.000854492,0.0008546,381,0.000854492
armadillo-rollers,device-tight,cell2dmin,320vf,vf,205206,0.346805,3.17753,2.32233,9.50373,0,0,204474,0,6.13206,728,0,0,0.00156726,6.2992e-06,0,6.92072e-07,0.000239491,0.000240184,732,0.000239491
armadillo-rollers,device-tight,cell2dmin,324vf,vf,181994,0.366549,4.85274,2.32357,8.21184,0,0,181495,0,5.9457,498,0,0,0.00034952,1.9931e-06,0,3.22445e-07,0.00165963,0.00165995,499,0.00165963
armadillo-rollers,device-tight,cell2dmin,328vf,vf,275197,0.358709,7.43599,2.08355,6.76583,0,0,275046,0,4.54863,151,0,0,2.39899e-05,5.11374e-07,0,6.70678e-08,0.00330897,0.00330904,151,0.00330889
armadillo-rollers,device-tight,cell2dmin,331ee,ee,316965,0.392531,0.51496,1.83869,6.80228,0,0,316884,0,4.42578,81,0,0,7.36274e-05,5.37763e-06,0,8.35238e-07,0.0186119,0.0186127,81,0.0186119
armadillo-rollers,device-tight,cell2dmin,335ee,ee,69302,0.339829,0.31215,2.0321,8.74491,0,0,69090,0,4.76471,210,0,0,5.75602e-05,3.77316e-06,0,1.81429e-06,0.00644493,0.00644675,212,0.00644493
armadillo-rollers,device-tight,cell2dmin,339ee,ee,103160,0.331158,0.335733,2.05094,8.09104,0,0,103040,0,4.06083,120,0,0,7.03927e-05,2.55544e-06,0,2.47399e-06,0.0241356,0.0241381,120,0.0241356
armadillo-rollers,device-tight,cell2dmin,342ee,ee,82085,0.321686,0.285527,2.11894,9.26371,0,0,81623,0,6.33196,462,0,0,2.82453e-05,2.49657e-06,0,4.87442e-07,0.00203438,0.00203487,462,0.00203466
armadillo-rollers,device-tight,cell2dmin,346ee,ee,57426,0.326262,0.285495,1.91524,7.32521,0,0,57330,0,3.42213,96,0,0,0.00012394,2.53543e-06,0,6.69838e-07,0.00321865,0.00321932,96,0.00321865
armadillo-rollers,device-tight,cell2dmin,349vf,vf,14534,0.312406,0.694058,1.78199,4.35951,0,0,14520,0,2.74126,14,0,0,3.24729e-05,1.17943e-05,0,1.59288e-06,0.0074091,0.00741069,14,0.0074091
armadillo-rollers,device-tight,cell2dmin,352vf,vf,12619,0.30575,0.860037,1.58677,4.20547,0,0,12600,0,2.22147,19,0,0,8.09834e-05,1.32508e-05,0,6.75591e-06,0.0480733,0.04808,19,0.0480733
armadillo-rollers,device-tight,cell2dmin,356vf,vf,14706,0.315254,0.865925,1.71447,5.88916,0,0,14656,0,2.3117,50,0,0,3.26195e-05,3.0384e-06,0,1.76962e-06,0.0249038,0.0249055,50,0.0249038
armadillo-rollers,device-tight,cell2dmin,35vf,vf,216958,0.32623,2.40549,1.60472,3.14236,0,0,216931,0,2.38447,27,0,0,1.9609e-06,3.75639e-07,0,2.89101e-07,0.00599051,0.00599079,27,0.00599051
armadillo-rollers,device-tight,cell2dmin,363vf,vf,106090,0.389812,9.50181,1.73035,2.55598,0,0,106074,0,2.31385,16,0,0,1.06332e-05,7.02483e-07,0,1.11038e-07,0.00788701,0.00788712,16,0.00788701
armadillo-rollers,device-tight,cell2dmin,367ee,ee,218489,0.364181,0.436562,1.80839,7.23929,0,0,218361,0,3.16102,128,0,0,0.000126601,6.2214e-07,0,1.4832e-06,0.00937843,0.00937992,128,0.00937843
armadillo-rollers,device-tight,cell2dmin,370ee,ee,123009,0.325654,0.339285,1.59902,4.61067,0,0,122947,0,2.3981,62,0,0,1.54417e-05,1.41297e-06,0,6.30939e-07,0.0022006,0.00220123,62,0.0022006
armadillo-rollers,device-tight,cell2dmin,374ee,ee,42205,0.313814,0.263672,1.66132,4.21702,0,0,42164,0,1.99629,41,0,0,0.000283211,1.52927e-06,0,3.32253e-07,0.0012579,0.00125823,41,0.0012579
armadillo-rollers,device-tight,cell2dmin,378ee,ee,48991,0.312342,0.271576,1.609,3.63467,0,0,48947,0,2.38617,44,0,0,4.75756e-05,6.08649e-07,0,7.79391e-07,0.00481129,0.00481207,44,0.00481129
armadillo-rollers,device-tight,cell2dmin,381ee,ee,47719,0.310199,0.267863,1.73127,4.6339,0,0,47601,0,2.97994,118,0,0,2.37909e-05,4.96665e-07,0,3.1125e-08,0.000941753,0.000941785,118,0.000941753
armadillo-rollers,device-tight,cell2dmin,384vf,vf,13419,0.311734,0.770088,1.86887,1.94243,0,0,13415,0,2.05872,4,0,0,5.99359e-05,5.70009e-07,0,5.70009e-07,0.00623798,0.00623855,4,0.00623798
armadillo-rollers,device-tight,cell2dmin,388vf,vf,17036,0.311958,0.802982,1.81172,4.72187,0,0,17019,0,2.94672,16,0,0,0.000259075,1.94418e-06,0,6.81969e-07,0.0158501,0.0158507,17,0.0158501
armadillo-rollers,device-tight,cell2dmin,391vf,vf,17561,0.312662,0.905731,1.66747,4.02061,0,0,17524,0,3.50479,37,0,0,0.000119545,1.17896e-06,0,7.19843e-07,0.00730371,0.00730443,37,0.00730371
armadillo-rollers,device-tight,cell2dmin,395vf,vf,22790,0.311414,0.978881,1.96211,4.15622,0,0,22764,0,2.66692,26,0,0,0.000105411,3.05279e-06,0,4.48851e-07,0.00658751,0.00658795,26,0.00658751
armadillo-rollers,device-tight,cell2dmin,399vf,vf,28190,0.31423,0.981889,2.29561,5.95501,0,0,28110,0,3.70404,80,0,0,0.000128987,1.51709e-06,0,2.1244e-07,0.00895119,0.0089514,80,0.00895119
armadillo-rollers,device-tight,cell2dmin,42ee,ee,335997,0.330357,0.525552,1.40524,2.02842,0,0,335985,0,1.84039,12,0,0,7.2785e-06,1.15468e-06,0,9.77643e-07,0.00885677,0.00885775,12,0.00885677
armadillo-rollers,device-tight,cell2dmin,45vf,vf,220522,0.331413,4.65156,2.05859,3.67611,0,0,220513,0,2.65009,9,0,0,2.98217e-05,5.24933e-06,0,1.16497e-05,0.0445892,0.0446009,9,0.044589
armadillo-rollers,device-tight,cell2dmin,49vf,vf,60782,0.325174,4.16969,1.62878,3.99427,1,0,60774,0,2.64043,7,0,0,0.000197534,2.36674e-05,0,3.6392e-06,0.0048399,0.00484354,8,0.0048399
armadillo-rollers,device-tight,cell2dmin,53ee,ee,78081,0.31375,0.340662,2.06966,2.82913,0,0,78065,0,2.39839,16,0,0,2.81136e-05,1.05962e-06,0,1.579e-06,0.00314877,0.00315035,16,0.00314903
armadillo-rollers,device-tight,cell2dmin,57ee,ee,127303,0.340374,0.371508,1.68862,3.89591,0,0,127275,0,2.89114,27,0,0,1.69745e-05,3.28104e-06,0,4.48052e-06,0.00984097,0.00984545,28,0.00984097
armadillo-rollers,device-tight,cell2dmin,60ee,ee,154944,0.338486,0.401587,1.93616,4.08982,0,0,154914,0,2.53266,30,0,0,2.06404e-05,1.65851e-06,0,1.96072e-06,0.0183589,0.0183608,30,0.0183592
armadillo-rollers,device-tight,cell2dmin,63vf,vf,42577,0.324502,1.38335,1.69588,5.54827,0,0,42500,0,2.90976,75,0,0,1.45625e-05,1.06836e-06,0,6.88988e-07,0.00477076,0.00477144,77,0.00477076
armadillo-rollers,device-tight,cell2dmin,67vf,vf,19961,0.312022,1.01536,1.73089,4.88532,0,0,19926,0,2.74833,33,0,0,4.8189e-05,1.20202e-06,0,1.55559e-06,0.00504017,0.00504172,35,0.00504017
armadillo-rollers,device-tight,cell2dmin,70vf,vf,26179,0.327925,1.26092,1.70151,5.31106,0,0,26112,0,3.76967,65,0,0,2.64281e-05,1.36578e-06,0,1.60617e-07,0.00320435,0.00320451,67,0.00320435
armadillo-rollers,device-tight,cell2dmin,74vf,vf,16046,0.317654,0.804391,1.60769,4.07107,1,0,16027,0,2.80119,14,0,0,6.29761e-05,5.03598e-06,0,0.0145067,0,0.0145067,19,0
armadillo-rollers,device-tight,cell2dmin,78vf,vf,27297,0.313014,1.07184,1.59822,1.61896,1,0,27292,0,1.89303,4,0,0,1.73305e-05,2.36941e-06,0,0.010025,0,0.010025,5,0
armadillo-rollers,device-tight,cell2dmin,81ee,ee,134694,0.323126,0.351701,1.86711,3.12051,0,0,134678,0,2.37647,16,0,0,7.47494e-05,1.48671e-06,0,3.06737e-06,0.0452318,0.0452349,16,0.0452318
armadillo-rollers,device-tight,cell2dmin,85ee,ee,195005,0.32575,0.403603,1.79041,3.56843,0,0,194969,0,3.0535,36,0,0,3.71529e-05,1.88432e-06,0,1.14197e-06,0.00129613,0.00129727,36,0.00129652
armadillo-rollers,device-tight,cell2dmin,89ee,ee,236507,0.328437,0.50872,1.73002,5.27369,0,0,236453,0,3.0169,54,0,0,0.00022224,4.40194e-06,0,5.67508e-06,0.0019207,0.00192638,54,0.0019207
armadillo-rollers,device-tight,cell2dmin,93ee,ee,220161,0.329174,0.5132,1.93549,5.8249,0,0,220122,0,3.93748,39,0,0,0.000409077,9.09847e-06,0,6.28501e-07,0.0027256,0.00272623,39,0.0027256
armadillo-rollers,device-tight,cell2dmin,97ee,ee,207900,0.33087,0.438418,1.885,6.37599,0,0,207822,0,4.18777,77,0,0,0.000154754,2.68574e-06,0,8.89791e-07,0.000444412,0.000445302,78,0.000444412
cloth-ball,device-tight,cell2d,22ee,ee,93162,0.741353,1.29372,1.15657,0.996865,0,0,93161,0,1.1742,1,0,0,1.53307e-07,1.53307e-07,0,1.53307e-07,0.930994,0.930994,1,0.930994
cloth-ball,device-tight,cell2d,23ee,ee,75461,1.82452,1.98493,1.31903,0.981632,0,0,75460,0,1.255,1,0,0,2.24712e-07,2.24712e-07,0,2.24712e-07,0.810556,0.810557,1,0.810556
cloth-ball,device-tight,cell2d,25ee,ee,55367,1.54385,1.82308,1.11664,0.955138,0,0,55366,0,0.954818,1,0,0,2.2345e-07,2.2345e-07,0,2.2345e-07,0.124038,0.124038,1,0.124038
cloth-ball,device-tight,cell2d,47ee,ee,142929,1.34805,3.64347,1.21846,1.03891,0,0,142928,0,1.43224,1,0,0,1.39292e-07,1.39292e-07,0,1.39292e-07,0.923549,0.923549,1,0.923549
cloth-ball,device-tight,cell2d,50ee,ee,204121,1.07974,3.75105,1.24674,1.07734,0,0,204120,0,1.37484,1,0,0,2.09448e-07,2.09448e-07,0,2.09448e-07,0.0871633,0.0871635,1,0.0871633
cloth-ball,device-tight,cell2d,55ee,ee,292910,0.901603,4.17651,1.21116,1.0527,0,0,292909,0,1.42636,1,0,0,1.67018e-07,1.67018e-07,0,1.67018e-07,0.85804,0.85804,1,0.85804
cloth-ball,device-tight,cell2d,56ee,ee,402049,1.14124,4.4509,1.22633,1.08681,0,0,402048,0,1.53602,1,0,0,2.28421e-07,2.28421e-07,0,2.28421e-07,0.392759,0.392759,1,0.392759
cloth-ball,device-tight,cell2d,57ee,ee,553184,1.3661,4.81524,1.61627,5.67064,0,0,553150,0,2.13897,34,0,0,1.51067e-06,3.81027e-07,0,3.64784e-07,0.189111,0.189112,34,0.189111
cloth-ball,device-tight,cell2d,57vf,vf,174686,0.720489,7.10685,1.22566,1.41368,0,0,174679,0,1.43487,7,0,0,4.43212e-07,3.1466e-07,0,2.52938e-07,0.198356,0.198356,7,0.198356
cloth-ball,device-tight,cell2d,58ee,ee,677743,0.891684,4.23436,2.51237,14.0464,0,0,677562,0,6.13868,181,0,0,2.70035e-06,3.47995e-07,0,8.80959e-07,0.0177574,0.0177583,181,0.0177574
cloth-ball,device-tight,cell2d,58vf,vf,217433,0.900996,5.68308,1.79265,4.62945,0,0,217399,0,2.66513,34,0,0,2.67217e-06,3.36691e-07,0,7.53218e-07,0.115568,0.115568,34,0.115568
cloth-ball,device-tight,cell2d,59ee,ee,813886,0.877028,4.28943,2.18384,15.1545,0,0,813446,0,7.86532,440,0,0,3.56329e-06,3.14387e-07,0,4.11566e-07,0.00709677,0.00709718,440,0.00709677
cloth-ball,device-tight,cell2d,59vf,vf,263782,0.89498,5.64705,1.73883,6.47077,0,0,263694,0,1.83767,88,0,0,1.17018e-06,2.98933e-07,0,8.22932e-07,0.0249844,0.0249852,88,0.0249844
cloth-ball,device-tight,cell2d,60ee,ee,1077546,0.859493,4.90106,2.7499,16.2904,0,0,1076584,0,10.3741,962,0,0,5.81415e-06,3.15668e-07,0,5.08758e-07,0.00873804,0.00873855,962,0.00873804
cloth-ball,device-tight,cell2d,60vf,vf,360239,0.976225,6.62594,2.12137,8.60178,0,0,360036,0,3.29663,203,0,0,2.39565e-06,2.88344e-07,0,1.30218e-07,0.0611019,0.061102,203,0.0611019
cloth-ball,device-tight,cell2d,61ee,ee,1426132,0.987233,5.108,2.80254,20.2636,0,0,1422837,0,16.4815,3295,0,0,9.49728e-06,2.6864e-07,0,3.72114e-07,0.00113772,0.00113809,3295,0.00113726
cloth-ball,device-tight,cell2d,61vf,vf,487788,0.862916,6.61736,2.22201,8.9546,0,0,487152,0,4.26879,636,0,0,2.26154e-06,2.36262e-07,0,3.94727e-07,0.0118906,0.011891,636,0.0118906
cloth-ball,device-tight,cell2d,62ee,ee,2016457,0.874564,5.04218,2.29829,12.0772,0,0,2010540,0,19.7217,5917,0,0,1.87306e-05,3.14729e-07,0,4.00912e-08,0.000557264,0.000557304,5917,0.000557184
cloth-ball,device-tight,cell2d,62vf,vf,711484,0.952322,6.01536,1.96621,9.32204,0,0,710312,0,5.36069,1172,0,0,8.92782e-06,2.66837e-07,0,1.53644e-07,0.0012887,0.00128885,1172,0.00128865
cloth-ball,device-tight,cell2d,63ee,ee,2949103,0.946946,6.68692,2.49039,22.8921,0,0,2941276,0,21.7893,7827,0,0,1.07755e-05,3.28871e-07,0,2.32545e-07,0.000240697,0.00024093,7827,0.000240445
cloth-ball,device-tight,cell2d,63vf,vf,1079584,0.854085,5.92253,1.98951,10.7094,0,0,1077958,0,6.18259,1626,0,0,3.93582e-06,2.85515e-07,0,1.03951e-06,0.000689515,0.000690554,1626,0.000688076
cloth-ball,device-tight,cell2d,64ee,ee,3804130,0.8721,7.68561,2.58059,12.8349,0,0,3793044,0,23.7025,11086,0,0,3.13486e-05,3.14434e-07,0,2.84542e-07,2.14668e-05,2.17513e-05,11086,2.12193e-05
cloth-ball,device-tight,cell2d,64vf,vf,1414679,0.859045,7.13734,2.3229,9.52322,0,0,1412471,0,6.50207,2208,0,0,1.05311e-05,2.83013e-07,0,9.78155e-07,0.0011065,0.00110748,2208,0.0011065
cloth-ball,device-tight,cell2d,65ee,ee,4239673,0.864101,9.2231,3.01677,14.6097,0,0,4223323,0,29.4329,16350,0,0,1.82526e-05,2.97414e-07,0,2.19411e-07,0.000112748,0.000112967,16350,0.000112534
cloth-ball,device-tight,cell2d,65vf,vf,1572147,0.859493,7.33465,2.24627,10.1723,0,0,1568962,0,7.77351,3185,0,0,1.42209e-05,2.72002e-07,0,3.10778e-07,0.000548508,0.000548819,3185,0.000548601
cloth-ball,device-tight,cell2d,66ee,ee,4852404,0.875844,11.7927,2.74791,27.3308,0,0,4833074,0,33.05,19329,0,0,1.36364e-05,2.9504e-07,0,1.00959e-07,0.00015892,0.000159021,19330,0.000158787
cloth-ball,device-tight,cell2d,66vf,vf,1802633,0.892676,8.02947,2.31052,10.9849,0,0,1798776,0,8.75576,3857,0,0,7.44397e-06,2.62799e-07,0,2.05008e-07,0.000152349,0.000152554,3857,0.000152349
cloth-ball,device-tight,cell2d,67ee,ee,5689944,0.869988,12.7735,2.78996,28.5994,0,0,5667846,0,35.9077,22097,0,0,0.000180125,2.86841e-07,0,2.45832e-06,2.17387e-05,2.4197e-05,22098,1.83582e-05
cloth-ball,device-tight,cell2d,67vf,vf,2126413,0.886244,10.6657,2.61784,11.7864,0,0,2122157,0,8.41679,4256,0,0,1.62156e-05,2.52974e-07,0,2.26015e-07,8.02279e-05,8.04539e-05,4256,8.02279e-05
cloth-ball,device-tight,cell2d,68ee,ee,6476896,0.878373,15.5834,2.93357,15.5655,0,0,6456635,0,23.5172,20261,0,0,2.31303e-05,3.15561e-07,0,5.48737e-07,2.17689e-05,2.23177e-05,20261,2.07424e-05
cloth-ball,device-tight,cell2d,68vf,vf,2431467,1.95552,14.191,2.25666,10.7421,0,0,2427602,0,11.8191,3865,0,0,2.05652e-05,2.76802e-07,0,2.77766e-08,0.000100945,0.000100973,3865,0.000100851
cloth-ball,device-tight,cell2d,69ee,ee,6751331,0.882148,16.7559,2.98835,15.6225,1,0,6729561,0,25.8884,21769,0,0,1.93667e-05,3.0461e-07,0,8.14233e-08,4.16159e-05,4.16973e-05,21770,4.13656e-05
cloth-ball,device-tight,cell2d,69vf,vf,2526777,1.57688,14.1323,2.52376,10.548,0,0,2522725,0,11.5594,4051,0,0,8.56904e-06,2.66752e-07,0,1.38509e-07,0.000197016,0.000197155,4052,0.000196934
cloth-ball,device-tight,cell2d,70ee,ee,6693030,0.961345,17.0325,2.51103,14.0908,0,0,6673914,0,23.4535,19112,0,0,3.29796e-05,3.00442e-07,0,1.66244e-07,0,1.66244e-07,19116,0
cloth-ball,device-tight,cell2d,70vf,vf,2494148,1.72907,15.0294,2.40277,10.3466,0,0,2490582,0,10.5191,3565,0,0,1.33007e-05,2.65377e-07,0,7.15272e-08,0.000116894,0.000116965,3566,0.000116825
cloth-ball,device-tight,cell2d,71ee,ee,6122649,0.988992,17.5122,2.91792,14.33,0,0,6101323,0,23.2259,21323,0,0,3.29026e-05,2.87057e-07,0,9.78624e-08,3.52321e-05,3.53299e-05,21326,3.49283e-05
cloth-ball,device-tight,cell2d,71vf,vf,2247521,1.79569,16.8686,2.16515,10.3275,0,0,2243466,0,10.6599,4054,0,0,1.88597e-05,2.52928e-07,0,1.23089e-07,1.2517e-05,1.26401e-05,4055,1.2517e-05
cloth-ball,device-tight,cell2d,72ee,ee,5360502,0.956641,17.0982,2.69032,15.1797,0,0,5338812,0,21.6221,21689,0,0,2.78849e-05,2.79157e-07,0,1.89171e-07,2.55473e-05,2.57365e-05,21690,2.51532e-05
cloth-ball,device-tight,cell2d,72vf,vf,1929809,0.883844,14.4679,2.45589,10.371,0,0,1925720,0,8.15424,4089,0,0,7.11089e-06,2.50999e-07,0,3.62282e-08,4.60175e-05,4.60538e-05,4089,4.60148e-05
cloth-ball,device-tight,cell2d,73ee,ee,4482728,0.887332,16.3956,2.60312,13.0017,0,0,4463939,0,18.6222,18789,0,0,3.01405e-05,2.84369e-07,0,3.5919e-07,0.000114799,0.000115158,18789,0.000114799
cloth-ball,device-tight,cell2d,73vf,vf,1569765,0.876356,15.4964,2.25743,10.2062,0,0,1566112,0,7.46946,3653,0,0,7.68216e-06,2.5544e-07,0,5.90327e-07,2.38419e-05,2.44322e-05,3653,2.38419e-05
cloth-ball,device-tight,cell2d,74ee,ee,3843725,0.87818,14.6527,2.64808,13.0442,0,0,3824388,0,17.5221,19337,0,0,1.52563e-05,2.64397e-07,0,1.60718e-07,2.58961e-05,2.60569e-05,19337,2.57492e-05
cloth-ball,device-tight,cell2d,74vf,vf,1316922,0.891748,14.7707,2.12976,9.44898,0,0,1313249,0,7.46712,3673,0,0,5.17703e-06,2.37234e-07,0,3.00552e-08,0.00122313,0.00122316,3673,0.00122309
cloth-ball,device-tight,cell2d,75ee,ee,3397981,0.893412,15.0181,2.28201,10.9434,0,0,3385426,0,12.2686,12555,0,0,3.58395e-05,2.90378e-07,0,1.45894e-07,0.000411258,0.000411404,12555,0.000411034
cloth-ball,device-tight,cell2d,75vf,vf,1144734,1.81793,16.5411,2.00122,8.82442,0,0,1142424,0,6.65259,2310,0,0,3.1921e-05,2.67768e-07,0,2.04616e-07,0.00019666,0.000196864,2310,0.000196457
cloth-ball,device-tight,cell2d,76ee,ee,3077110,0.940994,15.4905,2.35913,10.7325,0,0,3069214,0,12.9388,7896,0,0,2.75756e-05,3.69666e-07,0,4.37316e-07,7.87614e-05,7.91987e-05,7896,7.79629e-05
cloth-ball,device-tight,cell2d,76vf,vf,1021601,0.8905,15.0924,2.08246,8.64315,0,0,1020262,0,4.44098,1339,0,0,1.69132e-05,3.22218e-07,0,6.36367e-07,0.00214911,0.00214974,1339,0.00214911
cloth-ball,device-tight,cell2d,77ee,ee,2915628,0.889828,13.9001,2.34821,10.5282,0,0,2905869,0,10.6779,9759,0,0,0.000155042,3.28413e-07,0,5.24066e-08,2.17862e-05,2.18386e-05,9759,2.16961e-05
cloth-ball,device-tight,cell2d,77vf,vf,963888,0.884292,15.2936,1.91719,8.20608,0,0,962143,0,5.25695,1745,0,0,5.96067e-06,2.95928e-07,0,2.85135e-07,0.00175915,0.00175943,1745,0.0017581
cloth-ball,device-tight,cell2d,78ee,ee,2864389,0.88474,14.487,2.34463,10.5294,0,0,2851808,0,11.2523,12581,0,0,4.70147e-05,2.70672e-07,0,1.00655e-07,7.82039e-05,7.83046e-05,12581,7.79629e-05
cloth-ball,device-tight,cell2d,78vf,vf,947065,0.88298,15.5442,1.91437,8.74852,0,0,944840,0,5.19743,2225,0,0,8.30693e-06,2.58094e-07,0,7.8111e-08,0.000849223,0.000849302,2225,0.000849009
cloth-ball,device-tight,cell2d,79ee,ee,2775535,0.958305,13.8267,2.42079,10.51,0,0,2764718,0,10.1567,10817,0,0,5.9827e-05,2.76515e-07,0,3.84547e-07,6.17947e-05,6.21793e-05,10817,6.1512e-05
cloth-ball,device-tight,cell2d,79vf,vf,913895,0.879844,16.3555,1.73514,8.39833,0,0,911879,0,4.98051,2016,0,0,1.73053e-05,2.59592e-07,0,3.34883e-08,0.000723272,0.000723306,2016,0.000723243
cloth-ball,device-tight,cell2d,80ee,ee,2836713,0.890724,14.8796,2.33941,10.9243,0,0,2825388,0,11.6764,11323,0,0,1.5655e-05,2.70648e-07,0,4.59671e-08,0.00023613,0.000236176,11325,0.000236034
cloth-ball,device-tight,cell2d,80vf,vf,935635,0.883396,16.2363,1.76359,8.3575,0,0,933489,0,4.86993,2146,0,0,4.79818e-06,2.37293e-07,0,8.70474e-08,0.0037562,0.00375628,2146,0.00375605
cloth-ball,device-tight,cell2d,81ee,ee,2830785,0.893988,13.524,2.29868,11.1035,0,0,2819669,0,10.9828,11116,0,0,2.4589e-05,2.66684e-07,0,1.44298e-07,5.23978e-05,5.25421e-05,11116,5.23329e-05
cloth-ball,device-tight,cell2d,81vf,vf,927924,0.934658,15.8736,2.9361,8.30249,0,0,925837,0,4.94548,2087,0,0,9.65595e-06,2.44817e-07,0,6.36632e-08,7.3856e-05,7.39197e-05,2087,7.37906e-05
cloth-ball,device-tight,cell2d,82ee,ee,2910424,0.897635,13.8514,2.42527,10.5756,0,0,2901522,0,10.3155,8902,0,0,1.80337e-05,2.78811e-07,0,2.48847e-07,9.33562e-05,9.36051e-05,8902,9.33409e-05
cloth-ball,device-tight,cell2d,82vf,vf,949767,0.86906,15.7159,2.06877,8.18233,0,0,948077,0,4.8322,1690,0,0,3.30996e-06,2.55815e-07,0,4.12558e-07,0.000973701,0.000974114,1690,0.000973701
cloth-ball,device-tight,cell2d,83ee,ee,2987261,0.880357,13.4746,2.4317,10.4481,0,0,2982068,0,9.76756,5193,0,0,2.66115e-05,3.31695e-07,0,4.77266e-08,0.000201526,0.000201574,5193,0.000201225
cloth-ball,device-tight,cell2d,83vf,vf,969694,0.877989,16.4053,2.05133,8.10861,0,0,968780,0,4.4789,914,0,0,5.45018e-06,2.93792e-07,0,5.13496e-07,0.00239921,0.00239972,914,0.00239921
cloth-ball,device-tight,cell2d,84ee,ee,3119377,0.882852,13.9324,2.40072,9.90039,0,0,3115429,0,8.7842,3948,0,0,2.56074e-05,3.866e-07,0,1.762e-07,0.000100037,0.000100213,3948,9.97782e-05
cloth-ball,device-tight,cell2d,84vf,vf,1011306,0.892036,14.7607,1.877,8.72116,0,0,1010753,0,3.20828,553,0,0,5.53975e-06,3.43209e-07,0,7.11309e-07,0.00650287,0.00650358,553,0.00650287
cloth-ball,device-tight,cell2d,85ee,ee,3222564,0.8993,13.8708,2.50478,9.89143,0,0,3218179,0,9.57746,4385,0,0,1.31271e-05,3.94198e-07,0,6.05924e-08,2.90605e-05,2.91211e-05,4385,2.89679e-05
cloth-ball,device-tight,cell2d,85vf,vf,1041160,0.882372,14.5194,1.87316,7.32294,0,0,1040460,0,3.57019,700,0,0,5.81867e-06,3.83527e-07,0,4.09527e-07,0.0043776,0.00437801,700,0.00437772
cloth-ball,device-tight,cell2d,86ee,ee,3347903,0.893187,13.6741,2.5892,9.9768,0,0,3339942,0,10.8973,7961,0,0,2.68197e-05,2.7417e-07,0,5.73058e-08,3.14457e-05,3.1503e-05,7961,3.12328e-05
cloth-ball,device-tight,cell2d,86vf,vf,1076950,1.82743,15.2564,1.80868,8.3654,0,0,1075505,0,5.10457,1445,0,0,5.52735e-06,2.61676e-07,0,1.61788e-07,0.000480113,0.000480275,1445,0.000480056
cloth-ball,device-tight,cell2d,87ee,ee,3522105,0.995969,14.6728,2.62184,9.42476,0,0,3512042,0,12.3726,10063,0,0,3.83242e-05,2.54704e-07,0,5.06662e-07,7.03335e-05,7.08401e-05,10063,7.03335e-05
cloth-ball,device-tight,cell2d,87vf,vf,1131097,2.05242,14.6557,1.87863,8.56808,0,0,1129323,0,8.84305,1774,0,0,3.50217e-05,2.34885e-07,0,9.04991e-08,0.000161941,0.000162032,1774,0.000161886
cloth-ball,device-tight,cell2d,88ee,ee,3705732,1.00147,14.5928,2.70446,10.1132,0,0,3692966,0,14.0741,12766,0,0,3.00133e-05,2.43531e-07,0,3.25732e-06,0.000187838,0.000191095,12766,0.000184253
cloth-ball,device-tight,cell2d,88vf,vf,1187237,0.895332,13.3396,1.97319,7.87777,0,0,1184855,0,6.63262,2382,0,0,5.56419e-06,2.25405e-07,0,7.30862e-08,0.000614853,0.000614926,2382,0.000614643
cloth-ball,device-tight,cell2d,89ee,ee,3916295,0.893444,14.784,2.96659,10.3416,0,0,3897178,0,16.421,19117,0,0,2.49381e-05,2.40859e-07,0,1.53618e-07,1.54699e-05,1.56235e-05,19117,1.52588e-05
cloth-ball,device-tight,cell2d,89vf,vf,1249990,0.881444,11.9198,2.1664,9.23923,0,0,1246311,0,6.31289,3679,0,0,4.29849e-05,2.31706e-07,0,2.12445e-08,0.000960843,0.000960864,3679,0.000960708
cloth-ball,device-tight,cell2d,90ee,ee,4210043,0.899683,14.0246,3.05453,12.9338,0,0,4180824,0,20.2159,29219,0,0,3.10472e-05,2.23735e-07,0,2.47918e-07,2.60427e-05,2.62906e-05,29219,2.57492e-05
cloth-ball,device-tight,cell2d,90vf,vf,1340531,0.911779,11.2761,2.07792,8.73422,0,0,1334816,0,7.47525,5715,0,0,2.20605e-05,2.18134e-07,0,5.3997e-08,0.000298168,0.000298222,5715,0.000298083
cloth-ball,device-tight,cell2d,91ee,ee,4569239,0.937283,14.2896,3.34476,29.5343,0,0,4513800,0,26.8227,55439,0,0,2.78428e-05,1.91895e-07,0,2.02533e-07,7.60365e-06,7.80619e-06,55439,7.39098e-06
cloth-ball,device-tight,cell2d,91vf,vf,1452086,0.916995,11.5318,2.25938,9.47292,0,0,1440808,0,10.0543,11278,0,0,7.31057e-05,1.88531e-07,0,2.92206e-08,0.000131071,0.0001311,11278,0.000131011
cloth-ball,device-tight,cell2d,92ee,ee,5197332,0.911875,17.0329,3.76276,37.2245,0,0,5102507,0,38.9426,94822,0,0,4.03822e-05,1.84973e-07,0,3.89275e-08,7.45314e-06,7.49207e-06,94825,7.45058e-06
cloth-ball,device-tight,cell2d,92vf,vf,1655541,0.907843,11.0773,2.35388,10.4464,0,0,1636507,0,12.7967,19032,0,0,6.14161e-05,1.81855e-07,0,1.19395e-07,0.000147562,0.000147682,19034,0.000147104
cloth-ball,device-tight,cell2d,22ee,ee,93162,0.739081,1.41941,0.999169,0.970849,0,0,93161,0,1.10509,1,0,0,1.53307e-07,1.53307e-07,0,1.53307e-07,0.930994,0.930994,1,0.930994
cloth-ball,device-tight,cell2d,23ee,ee,75461,1.53077,1.83988,1.16745,0.984353,0,0,75460,0,1.37919,1,0,0,2.24712e-07,2.24712e-07,0,2.24712e-07,0.810556,0.810557,1,0.810556
cloth-ball,device-tight,cell2d,25ee,ee,55367,1.462,1.38927,1.12508,1.11868,0,0,55366,0,0.967457,1,0,0,2.2345e-07,2.2345e-07,0,2.2345e-07,0.124038,0.124038,1,0.124038
cloth-ball,device-tight,cell2d,47ee,ee,142929,1.37746,3.45208,1.20895,1.03337,0,0,142928,0,1.19251,1,0,0,1.39292e-07,1.39292e-07,0,1.39292e-07,0.923549,0.923549,1,0.923549
cloth-ball,device-tight,cell2d,50ee,ee,204121,0.933475,3.65182,1.2286,1.11136,0,0,204120,0,1.43919,1,0,0,2.09448e-07,2.09448e-07,0,2.09448e-07,0.0871633,0.0871635,1,0.0871633
cloth-ball,device-tight,cell2d,55ee,ee,292910,0.911395,3.87981,1.39247,1.18227,0,0,292909,0,1.48472,1,0,0,1.67018e-07,1.67018e-07,0,1.67018e-07,0.85804,0.85804,1,0.85804
cloth-ball,device-tight,cell2d,56ee,ee,402049,1.19715,4.27174,1.23337,1.02074,0,0,402048,0,1.5292,1,0,0,2.28421e-07,2.28421e-07,0,2.28421e-07,0.392759,0.392759,1,0.392759
cloth-ball,device-tight,cell2d,57ee,ee,553184,1.50363,5.06323,1.62353,5.77351,0,0,553150,0,2.08537,34,0,0,1.51067e-06,3.81027e-07,0,3.64784e-07,0.189111,0.189112,34,0.189111
cloth-ball,device-tight,cell2d,57vf,vf,174686,0.733961,7.22643,1.21161,1.69598,0,0,174679,0,2.80062,7,0,0,4.43212e-07,3.1466e-07,0,2.52938e-07,0.198356,0.198356,7,0.198356
cloth-ball,device-tight,cell2d,58ee,ee,677743,0.910083,4.46703,2.85591,12.7359,0,0,677562,0,4.51714,181,0,0,2.70035e-06,3.47552e-07,0,8.80959e-07,0.0177574,0.0177583,181,0.0177574
cloth-ball,device-tight,cell2d,58vf,vf,217433,0.919907,5.86199,1.77297,5.67108,0,0,217399,0,1.94131,34,0,0,2.67217e-06,3.36691e-07,0,7.53218e-07,0.115568,0.115568,34,0.115568
cloth-ball,device-tight,cell2d,59ee,ee,813886,0.903236,4.29532,2.64481,16.3233,0,0,813446,0,8.04791,440,0,0,2.40845e-06,3.13859e-07,0,4.11566e-07,0.00709677,0.00709718,440,0.00709677
cloth-ball,device-tight,cell2d,59vf,vf,263782,0.895364,5.74593,1.7635,6.20348,0,0,263694,0,1.80996,88,0,0,1.17018e-06,3.00868e-07,0,8.22932e-07,0.0249844,0.0249852,88,0.0249844
cloth-ball,device-tight,cell2d,60ee,ee,1077546,0.890724,4.59867,2.62283,17.6959,0,0,1076584,0,10.6619,962,0,0,5.81415e-06,3.16123e-07,0,5.08758e-07,0.00873804,0.00873855,962,0.00873804
cloth-ball,device-tight,cell2d,60vf,vf,360239,0.998561,6.56946,1.99219,8.68747,0,0,360036,0,3.23113,203,0,0,2.39565e-06,2.88344e-07,0,1.30218e-07,0.0611019,0.061102,203,0.0611019
cloth-ball,device-tight,cell2d,61ee,ee,1426132,1.02586,5.05062,2.87649,20.2232,0,0,1422837,0,14.4642,3295,0,0,9.49728e-06,2.68097e-07,0,4.45431e-07,0.00113765,0.00113809,3295,0.00113726
cloth-ball,device-tight,cell2d,61vf,vf,487788,0.867877,6.479,2.20131,9.06119,0,0,487152,0,4.24041,636,0,0,2.26154e-06,2.35257e-07,0,3.94727e-07,0.0118906,0.011891,636,0.0118906
cloth-ball,device-tight,cell2d,62ee,ee,2016457,0.8769,4.92394,2.2829,11.58,0,0,2010540,0,19.8295,5917,0,0,1.87306e-05,3.14171e-07,0,3.06244e-08,0.000557273,0.000557304,5917,0.000557184
cloth-ball,device-tight,cell2d,62vf,vf,711484,0.881605,5.92596,2.22591,9.53896,0,0,710312,0,5.75508,1172,0,0,7.82514e-06,2.64683e-07,0,9.85455e-08,0.00128875,0.00128885,1172,0.00128865
cloth-ball,device-tight,cell2d,63ee,ee,2949103,0.846437,6.77063,2.46024,22.5259,0,0,2941276,0,21.1198,7827,0,0,1.07755e-05,3.28836e-07,0,1.9543e-07,0.000240734,0.00024093,7827,0.000240445
cloth-ball,device-tight,cell2d,63vf,vf,1079584,0.881124,5.98173,2.13152,10.022,0,0,1077958,0,5.55557,1626,0,0,3.93582e-06,2.86216e-07,0,1.03951e-06,0.000689515,0.000690554,1626,0.000688076
cloth-ball,device-tight,cell2d,64ee,ee,3804130,0.865957,7.75182,2.60952,13.3267,0,0,3793044,0,25.0045,11086,0,0,3.13486e-05,3.14306e-07,0,2.6893e-07,2.14824e-05,2.17513e-05,11086,2.12193e-05
cloth-ball,device-tight,cell2d,64vf,vf,1414679,0.882148,7.05405,2.17436,10.4141,0,0,1412471,0,6.8426,2208,0,0,1.05311e-05,2.86067e-07,0,3.50663e-07,0.00110713,0.00110748,2208,0.0011065
cloth-ball,device-tight,cell2d,65ee,ee,4239673,0.867493,10.127,2.42396,14.7666,0,0,4223323,0,30.0383,16350,0,0,1.82526e-05,2.97841e-07,0,2.19411e-07,0.000112748,0.000112967,16350,0.000112534
cloth-ball,device-tight,cell2d,65vf,vf,1572147,0.887396,7.14336,2.05158,9.79524,0,0,1568962,0,8.29481,3185,0,0,1.42209e-05,2.70824e-07,0,2.13343e-07,0.000548605,0.000548819,3185,0.000548601
cloth-ball,device-tight,cell2d,66ee,ee,4852404,0.869701,11.9109,3.78846,27.722,0,0,4833074,0,33.3683,19329,0,0,1.36046e-05,2.94806e-07,0,1.17174e-07,0.000158903,0.000159021,19330,0.000158824
cloth-ball,device-tight,cell2d,66vf,vf,1802633,0.895843,7.8682,2.09597,9.85022,0,0,1798776,0,8.35046,3857,0,0,7.40671e-06,2.62502e-07,0,2.05008e-07,0.000152349,0.000152554,3857,0.000152349
cloth-ball,device-tight,cell2d,67ee,ee,5689944,0.884612,12.848,2.62651,29.9138,0,0,5667846,0,37.4426,22097,0,0,0.000192801,2.86547e-07,0,2.17531e-06,2.20217e-05,2.4197e-05,22098,1.83582e-05
cloth-ball,device-tight,cell2d,67vf,vf,2126413,0.889668,10.569,2.17232,10.7721,0,0,2122157,0,9.14278,4256,0,0,1.62156e-05,2.51685e-07,0,2.26015e-07,8.02279e-05,8.04539e-05,4256,8.02279e-05
cloth-ball,device-tight,cell2d,68ee,ee,6476896,0.867109,15.2156,2.78161,15.667,0,0,6456635,0,24.0198,20261,0,0,2.31192e-05,3.15333e-07,0,4.22983e-07,2.18947e-05,2.23177e-05,20261,2.12193e-05
cloth-ball,device-tight,cell2d,68vf,vf,2431467,0.893283,11.2286,2.39663,11.4716,0,0,2427602,0,8.40988,3865,0,0,1.84493e-05,2.75489e-07,0,4.19619e-08,0.000100931,0.000100973,3865,0.000100851
cloth-ball,device-tight,cell2d,69ee,ee,6751331,0.87946,18.3989,2.8993,16.2314,1,0,6729561,0,25.4508,21769,0,0,1.99032e-05,3.05126e-07,0,5.98044e-08,4.16375e-05,4.16973e-05,21770,4.13656e-05
cloth-ball,device-tight,cell2d,69vf,vf,2526777,0.896612,12.5064,2.27852,10.3172,0,0,2522725,0,8.70177,4051,0,0,8.56904e-06,2.663e-07,0,1.67045e-07,0.000196988,0.000197155,4052,0.000196934
cloth-ball,device-tight,cell2d,70ee,ee,6693030,0.878756,15.5517,2.35861,14.5455,0,0,6673914,0,22.8291,19112,0,0,3.29796e-05,3.00741e-07,0,1.66244e-07,0,1.66244e-07,19116,0
cloth-ball,device-tight,cell2d,70vf,vf,2494148,0.880357,12.6832,2.17497,11.2266,0,0,2490582,0,8.26566,3565,0,0,1.32411e-05,2.6566e-07,0,7.15272e-08,0.000116894,0.000116965,3566,0.000116788
cloth-ball,device-tight,cell2d,71ee,ee,6122649,0.877989,16.3797,2.70603,14.7684,0,0,6101323,0,23.2348,21323,0,0,3.29026e-05,2.86823e-07,0,6.5688e-08,3.52643e-05,3.53299e-05,21326,3.49283e-05
cloth-ball,device-tight,cell2d,71vf,vf,2247521,0.928451,13.9486,2.31692,9.17165,0,0,2243466,0,7.97287,4054,0,0,1.88597e-05,2.53728e-07,0,1.23089e-07,1.2517e-05,1.26401e-05,4055,1.2517e-05
cloth-ball,device-tight,cell2d,72ee,ee,5360502,0.893124,15.7203,2.66062,14.7543,0,0,5338812,0,22.6706,21689,0,0,2.78849e-05,2.79304e-07,0,1.90538e-07,2.55459e-05,2.57365e-05,21690,2.51532e-05
cloth-ball,device-tight,cell2d,72vf,vf,1929809,0.897252,14.4028,2.1671,10.5081,0,0,1925720,0,9.23865,4089,0,0,7.11089e-06,2.52119e-07,0,3.62282e-08,4.60175e-05,4.60538e-05,4089,4.60148e-05
cloth-ball,device-tight,cell2d,73ee,ee,4482728,0.871492,15.9084,2.68033,13.2059,0,0,4463939,0,16.2098,18789,0,0,3.01405e-05,2.84346e-07,0,3.5919e-07,0.000114799,0.000115158,18789,0.000114799
cloth-ball,device-tight,cell2d,73vf,vf,1569765,0.879172,15.3279,2.38399,10.0214,0,0,1566112,0,8.31874,3653,0,0,7.68216e-06,2.55761e-07,0,5.90327e-07,2.38419e-05,2.44322e-05,3653,2.38419e-05
cloth-ball,device-tight,cell2d,74ee,ee,3843725,0.892644,14.4702,2.72817,13.2995,0,0,3824388,0,14.751,19337,0,0,1.52563e-05,2.64006e-07,0,1.60718e-07,2.58961e-05,2.60569e-05,19337,2.57492e-05
cloth-ball,device-tight,cell2d,74vf,vf,1316922,0.868005,15.0701,2.01526,9.75012,0,0,1313249,0,7.40601,3673,0,0,5.1449e-06,2.37885e-07,0,3.00552e-08,0.00122313,0.00122316,3673,0.00122309
cloth-ball,device-tight,cell2d,75ee,ee,3397981,0.871621,16.2163,2.40194,10.6124,0,0,3385426,0,10.8901,12555,0,0,3.72029e-05,2.90608e-07,0,1.46934e-07,0.000411257,0.000411404,12555,0.000411034
cloth-ball,device-tight,cell2d,75vf,vf,1144734,0.873796,14.6539,1.88388,8.8425,0,0,1142424,0,5.53598,2310,0,0,3.31131e-05,2.68177e-07,0,1.87823e-07,0.000196676,0.000196864,2310,0.000196457
cloth-ball,device-tight,cell2d,76ee,ee,3077110,0.888196,15.1532,2.33461,9.44393,0,0,3069214,0,9.21622,7896,0,0,2.60817e-05,3.69842e-07,0,4.41858e-07,7.87568e-05,7.91987e-05,7896,7.79629e-05
cloth-ball,device-tight,cell2d,76vf,vf,1021601,0.865284,15.1076,2.00598,8.59531,0,0,1020262,0,5.35103,1339,0,0,1.7323e-05,3.21919e-07,0,6.36367e-07,0.00214911,0.00214974,1339,0.00214911
cloth-ball,device-tight,cell2d,77ee,ee,2915628,0.873125,13.6241,2.35244,10.612,0,0,2905869,0,10.6854,9759,0,0,0.000168394,3.28403e-07,0,4.33471e-08,2.17952e-05,2.18386e-05,9759,2.16961e-05
cloth-ball,device-tight,cell2d,77vf,vf,963888,0.891491,15.2811,3.18975,8.44175,0,0,962143,0,4.54104,1745,0,0,5.96067e-06,2.96331e-07,0,2.51971e-07,0.00175918,0.00175943,1745,0.0017581
cloth-ball,device-tight,cell2d,78ee,ee,2864389,0.88714,14.7737,2.37224,10.7547,0,0,2851808,0,10.4156,12581,0,0,4.49285e-05,2.70721e-07,0,1.00655e-07,7.82039e-05,7.83046e-05,12581,7.79629e-05
cloth-ball,device-tight,cell2d,78vf,vf,947065,0.895939,15.5637,1.91312,9.22073,0,0,944840,0,5.41919,2225,0,0,8.30693e-06,2.58094e-07,0,6.26859e-08,0.000849239,0.000849302,2225,0.000849009
cloth-ball,device-tight,cell2d,79ee,ee,2775535,0.890756,14.0113,2.4725,10.328,0,0,2764718,0,10.699,10817,0,0,6.12692e-05,2.76515e-07,0,3.38257e-07,6.1841e-05,6.21793e-05,10817,6.1512e-05
cloth-ball,device-tight,cell2d,79vf,vf,913895,0.875204,16.2619,1.75169,8.7794,0,0,911879,0,4.96906,2016,0,0,1.73053e-05,2.58505e-07,0,3.9028e-08,0.000723267,0.000723306,2016,0.000723243
cloth-ball,device-tight,cell2d,80ee,ee,2836713,0.891491,14.7342,2.4444,11.0753,0,0,2825388,0,11.05,11323,0,0,1.5655e-05,2.7041e-07,0,6.55039e-08,0.00023611,0.000236176,11325,0.000236034
cloth-ball,device-tight,cell2d,80vf,vf,935635,0.876932,15.8565,1.98218,8.89617,0,0,933489,0,4.8761,2146,0,0,4.44055e-06,2.37698e-07,0,6.1858e-08,0.00375622,0.00375628,2146,0.00375605
cloth-ball,device-tight,cell2d,81ee,ee,2830785,0.874373,13.8653,2.36809,10.4714,0,0,2819669,0,11.1516,11116,0,0,2.43934e-05,2.6637e-07,0,1.44298e-07,5.23978e-05,5.25421e-05,11116,5.23329e-05
cloth-ball,device-tight,cell2d,81vf,vf,927924,0.879748,15.7743,1.9879,8.01376,0,0,925837,0,5.65464,2087,0,0,9.65595e-06,2.43786e-07,0,6.95901e-08,7.38501e-05,7.39197e-05,2087,7.37906e-05
cloth-ball,device-tight,cell2d,82ee,ee,2910424,0.864325,14.1521,2.41077,10.3306,0,0,2901522,0,10.0702,8902,0,0,1.80337e-05,2.79184e-07,0,2.48847e-07,9.33562e-05,9.36051e-05,8902,9.33409e-05
cloth-ball,device-tight,cell2d,82vf,vf,949767,0.865956,15.5688,1.83402,7.80628,0,0,948077,0,5.21011,1690,0,0,3.47186e-06,2.56334e-07,0,2.56736e-07,0.000973857,0.000974114,1690,0.000973701
cloth-ball,device-tight,cell2d,83ee,ee,2987261,0.894435,13.2451,2.33209,9.91514,0,0,2982068,0,8.95204,5193,0,0,2.66115e-05,3.31537e-07,0,3.48664e-07,0.000201225,0.000201574,5193,0.000201225
cloth-ball,device-tight,cell2d,83vf,vf,969694,0.886372,16.3553,2.04771,7.65419,0,0,968780,0,4.42152,914,0,0,5.45018e-06,2.91528e-07,0,5.13496e-07,0.00239921,0.00239972,914,0.00239921
cloth-ball,device-tight,cell2d,84ee,ee,3119377,0.899716,13.5746,2.38472,10.3087,0,0,3115429,0,9.48047,3948,0,0,2.56074e-05,3.86148e-07,0,8.87609e-08,0.000100124,0.000100213,3948,9.97782e-05
cloth-ball,device-tight,cell2d,84vf,vf,1011306,0.875844,14.7259,1.93117,7.53762,0,0,1010753,0,3.55637,553,0,0,5.53975e-06,3.43776e-07,0,7.11309e-07,0.00650287,0.00650358,553,0.00650287
cloth-ball,device-tight,cell2d,85ee,ee,3222564,0.892036,14.1531,2.44043,9.18972,0,0,3218179,0,8.63697,4385,0,0,1.30162e-05,3.94015e-07,0,6.58482e-08,2.90552e-05,2.91211e-05,4385,2.89679e-05
cloth-ball,device-tight,cell2d,85vf,vf,1041160,0.88362,14.4674,1.75796,7.99623,0,0,1040460,0,3.8499,700,0,0,5.81867e-06,3.82113e-07,0,4.09527e-07,0.0043776,0.00437801,700,0.0043776
cloth-ball,device-tight,cell2d,86ee,ee,3347903,0.892772,13.6944,2.58683,9.89098,0,0,3339942,0,9.99744,7961,0,0,2.70777e-05,2.73692e-07,0,6.20216e-08,3.1441e-05,3.1503e-05,7961,3.12328e-05
cloth-ball,device-tight,cell2d,86vf,vf,1076950,0.879108,13.801,2.0127,8.15088,0,0,1075505,0,4.207,1445,0,0,5.52735e-06,2.60603e-07,0,4.84467e-08,0.000480227,0.000480275,1445,0.000480056
cloth-ball,device-tight,cell2d,87ee,ee,3522105,0.899139,12.9589,2.66452,9.29593,0,0,3512042,0,10.8628,10063,0,0,4.16122e-05,2.54701e-07,0,5.06662e-07,7.03335e-05,7.08401e-05,10063,7.03335e-05
cloth-ball,device-tight,cell2d,87vf,vf,1131097,0.885764,12.8572,1.80721,8.14189,0,0,1129323,0,4.7835,1774,0,0,3.50217e-05,2.34885e-07,0,9.04991e-08,0.000161941,0.000162032,1774,0.000161886
cloth-ball,device-tight,cell2d,88ee,ee,3705732,0.911555,13.5593,2.78004,10.2524,0,0,3692966,0,11.4384,12766,0,0,2.43232e-05,2.4365e-07,0,3.21848e-06,0.000187877,0.000191095,12766,0.000184059
cloth-ball,device-tight,cell2d,88vf,vf,1187237,0.888612,12.632,1.95607,8.4382,0,0,1184855,0,4.54066,2382,0,0,5.56419e-06,2.25994e-07,0,1.45029e-07,0.000614781,0.000614926,2382,0.000614643
cloth-ball,device-tight,cell2d,89ee,ee,3916295,0.897444,12.4492,2.99658,10.6796,0,0,3897178,0,14.044,19117,0,0,2.49381e-05,2.40943e-07,0,1.63807e-07,1.54597e-05,1.56235e-05,19117,1.52588e-05
cloth-ball,device-tight,cell2d,89vf,vf,1249990,0.884004,11.8025,2.17065,8.35551,0,0,1246311,0,6.41989,3679,0,0,4.56075e-05,2.31611e-07,0,5.93951e-08,0.000960805,0.000960864,3679,0.000960708
cloth-ball,device-tight,cell2d,90ee,ee,4210043,0.901572,13.5379,3.08899,12.3718,0,0,4180824,0,17.1953,29219,0,0,2.89951e-05,2.23735e-07,0,2.18957e-07,2.60716e-05,2.62906e-05,29219,2.57492e-05
cloth-ball,device-tight,cell2d,90vf,vf,1340531,0.882212,10.9191,2.18556,8.6315,0,0,1334816,0,7.57912,5715,0,0,2.20605e-05,2.18134e-07,0,9.96261e-08,0.000298122,0.000298222,5715,0.000298083
cloth-ball,device-tight,cell2d,91ee,ee,4569239,0.893956,13.5286,3.38296,29.749,0,0,4513800,0,27.7761,55439,0,0,2.88795e-05,1.91941e-07,0,1.95208e-07,7.61098e-06,7.80619e-06,55439,7.39098e-06
cloth-ball,device-tight,cell2d,91vf,vf,1452086,0.89194,11.1516,2.21724,9.36828,0,0,1440808,0,9.956,11278,0,0,0.0001041,1.88581e-07,0,3.33086e-08,0.000131067,0.0001311,11278,0.000131011
cloth-ball,device-tight,cell2d,92ee,ee,5197332,0.893476,15.0459,3.79578,36.0631,0,0,5102507,0,38.8865,94822,0,0,4.03822e-05,1.85012e-07,0,2.09613e-08,7.47111e-06,7.49207e-06,94825,7.45058e-06
cloth-ball,device-tight,cell2d,92vf,vf,1655541,0.889764,11.3513,2.28745,10.4724,0,0,1636507,0,13.0399,19032,0,0,7.20258e-05,1.81826e-07,0,9.10255e-08,0.000147591,0.000147682,19034,0.000147104
cloth-ball,device-tight,cell2dmin,22ee,ee,93162,0.737481,1.05846,1.00125,0.997729,0,0,93161,0,1.17295,1,0,0,1.53307e-07,1.53307e-07,0,1.53307e-07,0.930994,0.930994,1,0.930994
cloth-ball,device-tight,cell2dmin,23ee,ee,75461,1.55016,1.76942,1.21353,1.02701,0,0,75460,0,1.21843,1,0,0,2.24712e-07,2.24712e-07,0,2.24712e-07,0.810556,0.810557,1,0.810556
cloth-ball,device-tight,cell2dmin,25ee,ee,55367,1.4036,1.36568,1.37845,0.975361,0,0,55366,0,0.963169,1,0,0,2.2345e-07,2.2345e-07,0,2.2345e-07,0.124038,0.124038,1,0.124038
cloth-ball,device-tight,cell2dmin,47ee,ee,142929,1.08243,2.01661,1.2822,1.05043,0,0,142928,0,1.40229,1,0,0,1.39292e-07,1.39292e-07,0,1.39292e-07,0.923549,0.923549,1,0.923549
cloth-ball,device-tight,cell2dmin,50ee,ee,204121,0.895972,1.97146,1.25561,1.06115,0,0,204120,0,1.55998,1,0,0,2.09448e-07,2.09448e-07,0,2.09448e-07,0.0871633,0.0871635,1,0.0871633
cloth-ball,device-tight,cell2dmin,55ee,ee,292910,0.725641,2.11987,1.28534,1.11273,0,0,292909,0,1.35858,1,0,0,1.67018e-07,1.67018e-07,0,1.67018e-07,0.85804,0.85804,1,0.85804
cloth-ball,device-tight,cell2dmin,56ee,ee,402049,0.732233,2.34412,1.26082,1.03901,0,0,402048,0,1.50491,1,0,0,2.28421e-07,2.28421e-07,0,2.28421e-07,0.392759,0.392759,1,0.392759
cloth-ball,device-tight,cell2dmin,57ee,ee,553184,1.28962,2.68545,2.21129,5.94775,0,0,553150,0,3.35244,34,0,0,1.51067e-06,3.81027e-07,0,3.64784e-07,0.189111,0.189112,34,0.189111
cloth-ball,device-tight,cell2dmin,57vf,vf,174686,0.688554,7.18851,1.20399,1.38882,0,0,174679,0,1.72052,7,0,0,4.43212e-07,3.1466e-07,0,2.52938e-07,0.198356,0.198356,7,0.198356
cloth-ball,device-tight,cell2dmin,58ee,ee,677743,0.772872,1.85133,2.53493,13.9111,0,0,677562,0,6.38415,181,0,0,2.70035e-06,3.47995e-07,0,8.80959e-07,0.0177574,0.0177583,181,0.0177574
cloth-ball,device-tight,cell2dmin,58vf,vf,217433,0.731817,5.7651,1.83793,4.8402,0,0,217399,0,2.5699,34,0,0,2.67217e-06,3.36691e-07,0,7.53218e-07,0.115568,0.115568,34,0.115568
cloth-ball,device-tight,cell2dmin,59ee,ee,813886,0.716393,1.98346,2.60632,14.8826,0,0,813446,0,7.88068,440,0,0,3.56329e-06,3.13859e-07,0,4.11566e-07,0.00709677,0.00709718,440,0.00709677
cloth-ball,device-tight,cell2dmin,59vf,vf,263782,0.722057,5.61793,1.81393,6.27388,0,0,263694,0,2.05763,88,0,0,1.17018e-06,2.98933e-07,0,8.22932e-07,0.0249844,0.0249852,88,0.0249844
cloth-ball,device-tight,cell2dmin,60ee,ee,1077546,0.724297,2.03574,2.51272,17.1915,0,0,1076584,0,10.2194,962,0,0,5.81415e-06,3.1556e-07,0,5.08758e-07,0.00873804,0.00873855,962,0.00873804
cloth-ball,device-tight,cell2dmin,60vf,vf,360239,0.730953,6.64206,2.18467,8.38725,0,0,360036,0,3.30854,203,0,0,2.39565e-06,2.88344e-07,0,1.30218e-07,0.0611019,0.061102,203,0.0611019
cloth-ball,device-tight,cell2dmin,61ee,ee,1426132,0.728489,2.37253,2.62289,20.7943,0,0,1422837,0,15.738,3295,0,0,9.51501e-06,2.68369e-07,0,4.81522e-07,0.00113761,0.00113809,3295,0.00113726
cloth-ball,device-tight,cell2dmin,61vf,vf,487788,0.723561,6.5036,3.11334,8.49451,0,0,487152,0,4.31276,636,0,0,2.26154e-06,2.31331e-07,0,3.94727e-07,0.0118906,0.011891,636,0.0118906
cloth-ball,device-tight,cell2dmin,62ee,ee,2016457,0.706218,2.96387,2.33541,12.79,0,0,2010540,0,18.4352,5917,0,0,1.87306e-05,3.14584e-07,0,4.46741e-08,0.000557259,0.000557304,5917,0.000557184
cloth-ball,device-tight,cell2dmin,62vf,vf,711484,0.724873,5.93789,2.18444,9.58078,0,0,710312,0,6.29183,1172,0,0,7.25889e-06,2.66408e-07,0,1.43121e-07,0.00128871,0.00128885,1172,0.00128865
cloth-ball,device-tight,cell2dmin,63ee,ee,2949103,0.705674,3.63841,2.50533,22.3587,0,0,2941276,0,20.2863,7827,0,0,1.07755e-05,3.28665e-07,0,2.13045e-07,0.000240717,0.00024093,7827,0.000240445
cloth-ball,device-tight,cell2dmin,63vf,vf,1079584,0.849285,5.90093,2.32005,9.47551,0,0,1077958,0,5.86285,1626,0,0,3.93582e-06,2.86179e-07,0,1.03951e-06,0.000689515,0.000690554,1626,0.000688076
cloth-ball,device-tight,cell2dmin,64ee,ee,3804130,0.879556,4.18211,2.52363,12.9493,0,0,3793044,0,23.9455,11086,0,0,3.13486e-05,3.14427e-07,0,3.0113e-07,2.14502e-05,2.17513e-05,11086,2.12193e-05
cloth-ball,device-tight,cell2dmin,64vf,vf,1414679,0.730089,7.04858,2.09376,10.222,0,0,1412471,0,5.8225,2208,0,0,1.05311e-05,2.85539e-07,0,3.20381e-07,0.00110716,0.00110748,2208,0.0011065
cloth-ball,device-tight,cell2dmin,65ee,ee,4239673,0.735976,3.94125,2.73412,13.8734,0,0,4223323,0,30.3074,16350,0,0,1.82526e-05,2.97165e-07,0,2.2593e-07,0.000112741,0.000112967,16350,0.000112534
cloth-ball,device-tight,cell2dmin,65vf,vf,1572147,0.740329,7.30582,2.05398,11.2792,0,0,1568962,0,6.9824,3185,0,0,1.42209e-05,2.71887e-07,0,2.13343e-07,0.000548605,0.000548819,3185,0.000548601
cloth-ball,device-tight,cell2dmin,66ee,ee,4852404,0.737288,4.62453,2.62756,28.0126,0,0,4833074,0,32.3827,19329,0,0,1.3364e-05,2.94929e-07,0,1.14017e-07,0.000158907,0.000159021,19330,0.000158787
cloth-ball,device-tight,cell2dmin,66vf,vf,1802633,0.75428,8.02403,2.29218,10.7071,0,0,1798776,0,8.21721,3857,0,0,7.40671e-06,2.62447e-07,0,2.05008e-07,0.000152349,0.000152554,3857,0.000152349
cloth-ball,device-tight,cell2dmin,67ee,ee,5689944,0.745193,5.20035,2.66564,29.4141,0,0,5667846,0,36.1308,22097,0,0,0.000182329,2.86547e-07,0,2.30984e-06,2.18872e-05,2.4197e-05,22098,1.83582e-05
cloth-ball,device-tight,cell2dmin,67vf,vf,2126413,0.751784,10.3978,2.48987,10.893,0,0,2122157,0,8.54741,4256,0,0,1.62156e-05,2.51756e-07,0,2.26015e-07,8.02279e-05,8.04539e-05,4256,8.02279e-05
cloth-ball,device-tight,cell2dmin,68ee,ee,6476896,0.755816,5.66257,2.80804,15.7391,0,0,6456635,0,23.7018,20261,0,0,2.1819e-05,3.15577e-07,0,5.59421e-07,2.17583e-05,2.23177e-05,20261,2.07424e-05
cloth-ball,device-tight,cell2dmin,68vf,vf,2431467,1.55944,13.6338,2.275,10.922,0,0,2427602,0,11.0398,3865,0,0,2.05652e-05,2.76332e-07,0,2.77766e-08,0.000100945,0.000100973,3865,0.000100851
cloth-ball,device-tight,cell2dmin,69ee,ee,6751331,0.77732,8.18985,3.24098,16.131,1,0,6729561,0,23.8655,21769,0,0,2.038e-05,3.04885e-07,0,5.93214e-08,4.1638e-05,4.16973e-05,21770,4.13656e-05
cloth-ball,device-tight,cell2dmin,69vf,vf,2526777,1.65915,14.7719,2.26857,10.7485,0,0,2522725,0,10.165,4051,0,0,8.56904e-06,2.65991e-07,0,1.06249e-07,0.000197049,0.000197155,4052,0.000196934
cloth-ball,device-tight,cell2dmin,70ee,ee,6693030,0.772104,7.94384,2.52139,15.4654,0,0,6673914,0,22.4486,19112,0,0,3.29796e-05,3.00404e-07,0,1.66244e-07,0,1.66244e-07,19116,0
cloth-ball,device-tight,cell2dmin,70vf,vf,2494148,1.75233,15.8183,2.38834,10.6083,0,0,2490582,0,10.6744,3565,0,0,9.06875e-06,2.64541e-07,0,7.15272e-08,0.000116894,0.000116965,3566,0.000116825
cloth-ball,device-tight,cell2dmin,71ee,ee,6122649,0.766504,8.11603,2.80964,16.2009,0,0,6101323,0,21.4917,21323,0,0,3.29026e-05,2.87376e-07,0,8.18516e-08,3.52481e-05,3.53299e-05,21326,3.49283e-05
cloth-ball,device-tight,cell2dmin,71vf,vf,2247521,1.56174,16.3118,2.44645,10.1021,0,0,2243466,0,10.3777,4054,0,0,1.88597e-05,2.52453e-07,0,8.42789e-08,1.25558e-05,1.26401e-05,4055,1.2517e-05
cloth-ball,device-tight,cell2dmin,72ee,ee,5360502,0.776839,7.41045,2.73031,15.8601,0,0,5338812,0,22.3273,21689,0,0,2.78849e-05,2.79271e-07,0,1.79246e-07,2.55572e-05,2.57365e-05,21690,2.51532e-05
cloth-ball,device-tight,cell2dmin,72vf,vf,1929809,0.770856,14.4413,2.38335,10.0836,0,0,1925720,0,9.16243,4089,0,0,7.11089e-06,2.52119e-07,0,4.16568e-08,4.60121e-05,4.60538e-05,4089,4.60148e-05
cloth-ball,device-tight,cell2dmin,73ee,ee,4482728,0.758504,4.3493,2.64516,13.4203,0,0,4463939,0,19.4979,18789,0,0,3.01405e-05,2.84663e-07,0,3.5919e-07,0.000114799,0.000115158,18789,0.000114799
cloth-ball,device-tight,cell2dmin,73vf,vf,1569765,0.765992,14.8894,2.16553,10.1709,0,0,1566112,0,7.00909,3653,0,0,7.68216e-06,2.54919e-07,0,5.90327e-07,2.38419e-05,2.44322e-05,3653,2.38419e-05
cloth-ball,device-tight,cell2dmin,74ee,ee,3843725,0.754504,4.13635,2.58904,13.3822,0,0,3824388,0,17.5531,19337,0,0,1.52563e-05,2.64437e-07,0,1.34196e-07,2.59227e-05,2.60569e-05,19337,2.57492e-05
cloth-ball,device-tight,cell2dmin,74vf,vf,1316922,0.758632,14.7703,3.20073,9.53298,0,0,1313249,0,8.73764,3673,0,0,4.86383e-06,2.37673e-07,0,3.86531e-08,0.00122312,0.00122316,3673,0.00122309
cloth-ball,device-tight,cell2dmin,75ee,ee,3397981,0.746472,3.91194,2.46815,11.2148,0,0,3385426,0,12.0377,12555,0,0,3.80523e-05,2.90092e-07,0,1.45894e-07,0.000411258,0.000411404,12555,0.000411034
cloth-ball,device-tight,cell2dmin,75vf,vf,1144734,1.65992,16.7328,2.11808,9.49621,0,0,1142424,0,6.80209,2310,0,0,2.92835e-05,2.67757e-07,0,1.87823e-07,0.000196676,0.000196864,2310,0.000196457
cloth-ball,device-tight,cell2dmin,76ee,ee,3077110,0.756168,5.81383,2.27708,10.9993,0,0,3069214,0,11.8929,7896,0,0,2.75756e-05,3.70424e-07,0,4.39688e-07,7.8759e-05,7.91987e-05,7896,7.79629e-05
cloth-ball,device-tight,cell2dmin,76vf,vf,1021601,0.758536,15.076,2.12339,8.49752,0,0,1020262,0,5.01546,1339,0,0,1.7323e-05,3.20528e-07,0,6.36367e-07,0.00214911,0.00214974,1339,0.00214911
cloth-ball,device-tight,cell2dmin,77ee,ee,2915628,0.747528,3.51208,2.25075,10.2398,0,0,2905869,0,10.22,9759,0,0,0.000168394,3.27939e-07,0,4.30129e-08,2.17956e-05,2.18386e-05,9759,2.16961e-05
cloth-ball,device-tight,cell2dmin,77vf,vf,963888,0.779655,15.5571,1.8129,9.24284,0,0,962143,0,4.13558,1745,0,0,5.96067e-06,2.95754e-07,0,2.85135e-07,0.00175915,0.00175943,1745,0.0017581
cloth-ball,device-tight,cell2dmin,78ee,ee,2864389,0.746665,3.6108,2.3509,10.1061,0,0,2851808,0,11.7988,12581,0,0,4.49732e-05,2.70774e-07,0,1.3306e-07,7.81715e-05,7.83046e-05,12581,7.79629e-05
cloth-ball,device-tight,cell2dmin,78vf,vf,947065,0.74564,15.7925,2.13158,8.59381,0,0,944840,0,5.16499,2225,0,0,8.30693e-06,2.57943e-07,0,1.04812e-07,0.000849197,0.000849302,2225,0.000849009
cloth-ball,device-tight,cell2dmin,79ee,ee,2775535,0.7378,3.6027,3.04042,11.277,0,0,2764718,0,10.4598,10817,0,0,6.03171e-05,2.76647e-07,0,3.84547e-07,6.17947e-05,6.21793e-05,10817,6.1512e-05
cloth-ball,device-tight,cell2dmin,79vf,vf,913895,0.749609,16.0337,1.76516,8.77383,0,0,911879,0,4.66513,2016,0,0,1.73053e-05,2.59592e-07,0,3.9028e-08,0.000723267,0.000723306,2016,0.000723243
cloth-ball,device-tight,cell2dmin,80ee,ee,2836713,0.751368,3.57122,2.44143,10.4045,0,0,2825388,0,11.2654,11323,0,0,1.5655e-05,2.7041e-07,0,6.55039e-08,0.00023611,0.000236176,11325,0.000236034
cloth-ball,device-tight,cell2dmin,80vf,vf,935635,0.737545,15.8933,1.94343,8.47256,0,0,933489,0,4.9816,2146,0,0,4.79818e-06,2.37545e-07,0,6.93977e-08,0.00375621,0.00375628,2146,0.00375605
cloth-ball,device-tight,cell2dmin,81ee,ee,2830785,0.738441,3.51544,2.3582,10.6584,0,0,2819669,0,11.7158,11116,0,0,2.4589e-05,2.6637e-07,0,1.44298e-07,5.23978e-05,5.25421e-05,11116,5.23329e-05
cloth-ball,device-tight,cell2dmin,81vf,vf,927924,0.728073,15.8681,1.93565,9.25798,0,0,925837,0,5.35266,2087,0,0,9.65595e-06,2.44817e-07,0,6.95901e-08,7.38501e-05,7.39197e-05,2087,7.37906e-05
cloth-ball,device-tight,cell2dmin,82ee,ee,2910424,0.740937,3.6443,2.44315,9.99603,0,0,2901522,0,10.3506,8902,0,0,1.80337e-05,2.79006e-07,0,2.76521e-07,9.33285e-05,9.36051e-05,8902,9.33409e-05
cloth-ball,device-tight,cell2dmin,82vf,vf,949767,0.736936,15.6071,2.01101,8.15174,0,0,948077,0,5.08096,1690,0,0,3.30996e-06,2.56738e-07,0,1.61782e-07,0.000973952,0.000974114,1690,0.000973701
cloth-ball,device-tight,cell2dmin,83ee,ee,2987261,0.737961,3.69854,2.30345,9.93008,0,0,2982068,0,8.75207,5193,0,0,2.66115e-05,3.31539e-07,0,3.48664e-07,0.000201225,0.000201574,5193,0.000201225
cloth-ball,device-tight,cell2dmin,83vf,vf,969694,0.735593,15.995,2.01827,8.24863,0,0,968780,0,4.94605,914,0,0,5.45018e-06,2.94803e-07,0,5.13496e-07,0.00239921,0.00239972,914,0.00239921
cloth-ball,device-tight,cell2dmin,84ee,ee,3119377,0.738761,3.85034,2.50942,9.62081,0,0,3115429,0,8.19475,3948,0,0,2.21503e-05,3.87421e-07,0,1.99214e-07,0.000100014,0.000100213,3948,9.97782e-05
cloth-ball,device-tight,cell2dmin,84vf,vf,1011306,0.738024,14.6266,2.25254,7.62209,0,0,1010753,0,3.49928,553,0,0,5.53975e-06,3.43437e-07,0,7.55168e-07,0.00650282,0.00650358,553,0.00650287
cloth-ball,device-tight,cell2dmin,85ee,ee,3222564,0.748904,3.8474,2.36713,9.38642,0,0,3218179,0,9.86222,4385,0,0,1.31271e-05,3.942e-07,0,5.99669e-08,2.90611e-05,2.91211e-05,4385,2.89679e-05
cloth-ball,device-tight,cell2dmin,85vf,vf,1041160,0.750569,14.4632,1.8025,8.27398,0,0,1040460,0,3.76702,700,0,0,5.77542e-06,3.82113e-07,0,4.09527e-07,0.0043776,0.00437801,700,0.0043776
cloth-ball,device-tight,cell2dmin,86ee,ee,3347903,0.752968,3.86967,2.45122,9.87217,0,0,3339942,0,11.2407,7961,0,0,2.5229e-05,2.74118e-07,0,5.73058e-08,3.14457e-05,3.1503e-05,7961,3.12328e-05
cloth-ball,device-tight,cell2dmin,86vf,vf,1076950,1.56302,15.6194,1.81364,8.00944,0,0,1075505,0,5.14553,1445,0,0,5.52735e-06,2.61676e-07,0,4.84467e-08,0.000480227,0.000480275,1445,0.000480056
cloth-ball,device-tight,cell2dmin,87ee,ee,3522105,0.79527,7.14128,2.66532,10.0228,0,0,3512042,0,12.029,10063,0,0,3.49388e-05,2.55205e-07,0,5.06662e-07,7.03335e-05,7.08401e-05,10063,7.03335e-05
cloth-ball,device-tight,cell2dmin,87vf,vf,1131097,1.73134,14.7593,3.07862,8.34911,0,0,1129323,0,5.85309,1774,0,0,3.50217e-05,2.34808e-07,0,7.58163e-08,0.000161956,0.000162032,1774,0.000161886
cloth-ball,device-tight,cell2dmin,88ee,ee,3705732,0.755272,7.03408,2.79978,9.96087,0,0,3692966,0,12.9641,12766,0,0,3.00133e-05,2.43315e-07,0,3.21309e-06,0.000187882,0.000191095,12766,0.000184059
cloth-ball,device-tight,cell2dmin,88vf,vf,1187237,0.752104,13.5677,1.84753,8.06531,0,0,1184855,0,6.49451,2382,0,0,5.56419e-06,2.25222e-07,0,1.45029e-07,0.000614781,0.000614926,2382,0.000614643
cloth-ball,device-tight,cell2dmin,89ee,ee,3916295,0.758535,7.58305,2.87008,10.3123,0,0,3897178,0,15.5669,19117,0,0,2.49381e-05,2.40943e-07,0,1.31517e-07,1.5492e-05,1.56235e-05,19117,1.52588e-05
cloth-ball,device-tight,cell2dmin,89vf,vf,1249990,0.762824,11.6086,2.02915,9.35305,0,0,1246311,0,6.59355,3679,0,0,4.56075e-05,2.31827e-07,0,5.43779e-08,0.00096081,0.000960864,3679,0.000960708
cloth-ball,device-tight,cell2dmin,90ee,ee,4210043,0.758408,5.27519,3.08605,12.2938,0,0,4180824,0,20.3338,29219,0,0,2.59119e-05,2.23639e-07,0,5.41371e-07,2.57492e-05,2.62906e-05,29219,2.57492e-05
cloth-ball,device-tight,cell2dmin,90vf,vf,1340531,0.747976,11.217,2.1696,9.13709,0,0,1334816,0,7.53291,5715,0,0,2.20605e-05,2.18415e-07,0,9.96261e-08,0.000298122,0.000298222,5715,0.000298083
cloth-ball,device-tight,cell2dmin,91ee,ee,4569239,0.757576,5.76954,3.31506,28.6685,0,0,4513800,0,27.2278,55439,0,0,2.88795e-05,1.92021e-07,0,2.03099e-07,7.60309e-06,7.80619e-06,55439,7.41753e-06
cloth-ball,device-tight,cell2dmin,91vf,vf,1452086,0.799207,11.3953,2.27023,10.2393,0,0,1440808,0,9.18285,11278,0,0,0.000106417,1.88699e-07,0,2.02398e-08,0.00013108,0.0001311,11278,0.000131011
cloth-ball,device-tight,cell2dmin,92ee,ee,5197332,0.759272,7.50155,3.70411,36.8789,0,0,5102507,0,38.9555,94822,0,0,4.03822e-05,1.85001e-07,0,3.89275e-08,7.45314e-06,7.49207e-06,94825,7.45058e-06
cloth-ball,device-tight,cell2dmin,92vf,vf,1655541,0.762472,10.3807,2.46437,10.595,0,0,1636507,0,12.7079,19032,0,0,7.20258e-05,1.81826e-07,0,1.01832e-07,0.00014758,0.000147682,19034,0.000147104
cloth-ball,device-tight,cell2dmin,22ee,ee,93162,0.733256,1.07945,0.988256,1.16265,0,0,93161,0,1.11872,1,0,0,1.53307e-07,1.53307e-07,0,1.53307e-07,0.930994,0.930994,1,0.930994
cloth-ball,device-tight,cell2dmin,23ee,ee,75461,1.55144,1.44066,1.16435,1.03632,0,0,75460,0,1.2605,1,0,0,2.24712e-07,2.24712e-07,0,2.24712e-07,0.810556,0.810557,1,0.810556
cloth-ball,device-tight,cell2dmin,25ee,ee,55367,1.27689,1.59838,1.14176,0.962273,0,0,55366,0,0.944418,1,0,0,2.2345e-07,2.2345e-07,0,2.2345e-07,0.124038,0.124038,1,0.124038
cloth-ball,device-tight,cell2dmin,47ee,ee,142929,1.2749,1.92839,1.2295,1.06973,0,0,142928,0,1.45525,1,0,0,1.39292e-07,1.39292e-07,0,1.39292e-07,0.923549,0.923549,1,0.923549
cloth-ball,device-tight,cell2dmin,50ee,ee,204121,0.957473,2.00083,1.20886,1.1264,0,0,204120,0,1.65336,1,0,0,2.09448e-07,2.09448e-07,0,2.09448e-07,0.0871633,0.0871635,1,0.0871633
cloth-ball,device-tight,cell2dmin,55ee,ee,292910,0.728137,2.45067,2.45365,1.02723,0,0,292909,0,1.68619,1,0,0,1.67018e-07,1.67018e-07,0,1.67018e-07,0.85804,0.85804,1,0.85804
cloth-ball,device-tight,cell2dmin,56ee,ee,402049,0.730953,2.37365,1.24601,1.03209,0,0,402048,0,1.50261,1,0,0,2.28421e-07,2.28421e-07,0,2.28421e-07,0.392759,0.392759,1,0.392759
cloth-ball,device-tight,cell2dmin,57ee,ee,553184,1.21586,2.74561,2.21871,5.4244,0,0,553150,0,2.78449,34,0,0,1.51067e-06,3.81027e-07,0,3.64784e-07,0.189111,0.189112,34,0.189111
cloth-ball,device-tight,cell2dmin,57vf,vf,174686,0.691338,7.02128,1.22226,1.39026,0,0,174679,0,1.7362,7,0,0,4.43212e-07,3.1466e-07,0,2.52938e-07,0.198356,0.198356,7,0.198356
cloth-ball,device-tight,cell2dmin,58ee,ee,677743,0.780839,1.88016,2.4613,14.5004,0,0,677562,0,6.07286,181,0,0,2.70035e-06,3.51885e-07,0,8.80959e-07,0.0177574,0.0177583,181,0.0177574
cloth-ball,device-tight,cell2dmin,58vf,vf,217433,0.735624,5.74183,1.74884,4.58581,0,0,217399,0,2.0472,34,0,0,2.67217e-06,3.31627e-07,0,7.53218e-07,0.115568,0.115568,34,0.115568
cloth-ball,device-tight,cell2dmin,59ee,ee,813886,0.710954,1.7371,2.47231,16.7433,0,0,813446,0,7.53038,440,0,0,3.56329e-06,3.12951e-07,0,4.11566e-07,0.00709677,0.00709718,440,0.00709677
cloth-ball,device-tight,cell2dmin,59vf,vf,263782,0.721161,5.62446,1.74571,6.44434,0,0,263694,0,1.74948,88,0,0,1.17018e-06,3.00868e-07,0,8.22932e-07,0.0249844,0.0249852,88,0.0249844
cloth-ball,device-tight,cell2dmin,60ee,ee,1077546,0.727305,1.99456,2.49253,17.5393,0,0,1076584,0,9.2222,962,0,0,5.81415e-06,3.16123e-07,0,5.08758e-07,0.00873804,0.00873855,962,0.00873804
cloth-ball,device-tight,cell2dmin,60vf,vf,360239,0.728041,6.62008,2.04806,8.85396,0,0,360036,0,3.21756,203,0,0,2.39565e-06,2.88198e-07,0,1.30218e-07,0.0611019,0.061102,203,0.0611019
cloth-ball,device-tight,cell2dmin,61ee,ee,1426132,0.708266,2.31826,2.8057,20.0752,0,0,1422837,0,15.7821,3295,0,0,8.97874e-06,2.68818e-07,0,4.81522e-07,0.00113761,0.00113809,3295,0.00113726
cloth-ball,device-tight,cell2dmin,61vf,vf,487788,0.715593,6.66366,1.97699,9.93946,0,0,487152,0,5.36252,636,0,0,2.26154e-06,2.33944e-07,0,3.94727e-07,0.0118906,0.011891,636,0.0118906
cloth-ball,device-tight,cell2dmin,62ee,ee,2016457,0.712841,3.17238,2.36895,23.0312,0,0,2010540,0,18.3739,5917,0,0,1.87306e-05,3.17307e-07,0,3.24994e-08,0.000557271,0.000557304,5917,0.000557184
cloth-ball,device-tight,cell2dmin,62vf,vf,711484,0.722729,5.85924,2.3133,9.42492,0,0,710312,0,4.94247,1172,0,0,8.92782e-06,2.64025e-07,0,1.53644e-07,0.0012887,0.00128885,1172,0.00128865
cloth-ball,device-tight,cell2dmin,63ee,ee,2949103,0.705162,3.76945,2.3612,23.117,0,0,2941276,0,20.5449,7827,0,0,1.01496e-05,3.28302e-07,0,1.9543e-07,0.000240734,0.00024093,7827,0.000240445
cloth-ball,device-tight,cell2dmin,63vf,vf,1079584,0.710633,5.85226,3.03405,10.2138,0,0,1077958,0,6.23852,1626,0,0,3.93582e-06,2.86179e-07,0,1.03951e-06,0.000689515,0.000690554,1626,0.000688076
cloth-ball,device-tight,cell2dmin,64ee,ee,3804130,0.724041,4.36543,2.48843,13.3974,0,0,3793044,0,24.5728,11086,0,0,3.13486e-05,3.14471e-07,0,2.83628e-07,2.14677e-05,2.17513e-05,11086,2.12193e-05
cloth-ball,device-tight,cell2dmin,64vf,vf,1414679,0.731401,7.12851,2.40175,9.06621,0,0,1412471,0,6.53055,2208,0,0,1.05311e-05,2.85539e-07,0,3.37408e-07,0.00110714,0.00110748,2208,0.0011065
cloth-ball,device-tight,cell2dmin,65ee,ee,4239673,0.76052,4.58238,2.51227,14.6691,0,0,4223323,0,29.798,16350,0,0,1.71574e-05,2.97459e-07,0,1.75131e-07,0.000112792,0.000112967,16350,0.000112534
cloth-ball,device-tight,cell2dmin,65vf,vf,1572147,0.849349,7.43487,2.24451,10.4416,0,0,1568962,0,7.70548,3185,0,0,1.20751e-05,2.71432e-07,0,3.10778e-07,0.000548508,0.000548819,3185,0.000548601
cloth-ball,device-tight,cell2dmin,66ee,ee,4852404,0.878308,4.34649,2.80257,26.9102,0,0,4833074,0,32.9324,19329,0,0,1.2903e-05,2.95056e-07,0,1.17174e-07,0.000158903,0.000159021,19330,0.000158787
cloth-ball,device-tight,cell2dmin,66vf,vf,1802633,0.731017,7.97015,2.32457,10.9016,0,0,1798776,0,8.77847,3857,0,0,7.44397e-06,2.62731e-07,0,2.05008e-07,0.000152349,0.000152554,3857,0.000152349
cloth-ball,device-tight,cell2dmin,67ee,ee,5689944,0.741352,5.5683,2.75105,29.6206,0,0,5667846,0,35.2639,22097,0,0,0.0001915,2.86984e-07,0,2.14958e-06,2.20474e-05,2.4197e-05,22098,1.83582e-05
cloth-ball,device-tight,cell2dmin,67vf,vf,2126413,0.748873,10.4153,2.25042,10.3526,0,0,2122157,0,8.81946,4256,0,0,1.62156e-05,2.53073e-07,0,2.26015e-07,8.02279e-05,8.04539e-05,4256,8.02279e-05
cloth-ball,device-tight,cell2dmin,68ee,ee,6476896,0.741704,5.74539,4.01325,15.6862,0,0,6456635,0,24.4843,20261,0,0,2.31303e-05,3.15292e-07,0,3.97371e-07,2.19203e-05,2.23177e-05,20261,2.07424e-05
cloth-ball,device-tight,cell2dmin,68vf,vf,2431467,1.22812,14.6415,2.24722,11.0071,0,0,2427602,0,10.6075,3865,0,0,2.05652e-05,2.77053e-07,0,2.77766e-08,0.000100945,0.000100973,3865,0.000100851
cloth-ball,device-tight,cell2dmin,69ee,ee,6751331,0.787495,8.66292,2.90151,16.2256,1,0,6729561,0,25.1121,21769,0,0,1.95887e-05,3.04804e-07,0,6.00211e-08,4.16373e-05,4.16973e-05,21770,4.13656e-05
cloth-ball,device-tight,cell2dmin,69vf,vf,2526777,1.44431,14.3505,2.27167,9.88989,0,0,2522725,0,11.5776,4051,0,0,8.56904e-06,2.66025e-07,0,1.14835e-07,0.00019704,0.000197155,4052,0.000196934
cloth-ball,device-tight,cell2dmin,70ee,ee,6693030,0.785991,8.45708,2.39228,14.2878,0,0,6673914,0,22.8788,19112,0,0,3.29796e-05,3.00371e-07,0,1.66244e-07,0,1.66244e-07,19116,0
cloth-ball,device-tight,cell2dmin,70vf,vf,2494148,1.22838,15.091,2.35765,9.83841,0,0,2490582,0,11.0162,3565,0,0,1.34795e-05,2.65306e-07,0,8.97976e-08,0.000116876,0.000116965,3566,0.000116825
cloth-ball,device-tight,cell2dmin,71ee,ee,6122649,0.793671,7.64091,2.77214,15.6911,0,0,6101323,0,21.9355,21323,0,0,3.29026e-05,2.86987e-07,0,8.64619e-08,3.52435e-05,3.53299e-05,21326,3.49283e-05
cloth-ball,device-tight,cell2dmin,71vf,vf,2247521,1.45935,16.6992,2.41506,10.308,0,0,2243466,0,10.2722,4054,0,0,1.88597e-05,2.5316e-07,0,1.23089e-07,1.2517e-05,1.26401e-05,4055,1.2517e-05
cloth-ball,device-tight,cell2dmin,72ee,ee,5360502,0.788519,7.24019,2.67294,14.7812,0,0,5338812,0,21.6219,21689,0,0,2.78849e-05,2.79419e-07,0,1.91986e-07,2.55445e-05,2.57365e-05,21690,2.51532e-05
cloth-ball,device-tight,cell2dmin,72vf,vf,1929809,0.765672,14.4767,2.41356,11.0312,0,0,1925720,0,8.19174,4089,0,0,7.11089e-06,2.51488e-07,0,3.62282e-08,4.60175e-05,4.60538e-05,4089,4.60148e-05
cloth-ball,device-tight,cell2dmin,73ee,ee,4482728,0.75508,4.55038,2.82138,13.3931,0,0,4463939,0,18.9554,18789,0,0,3.01405e-05,2.84663e-07,0,1.09493e-07,0.000115048,0.000115158,18789,0.000114799
cloth-ball,device-tight,cell2dmin,73vf,vf,1569765,0.755432,15.3947,2.04192,9.60849,0,0,1566112,0,7.39666,3653,0,0,7.68216e-06,2.54919e-07,0,5.90327e-07,2.38419e-05,2.44322e-05,3653,2.38419e-05
cloth-ball,device-tight,cell2dmin,74ee,ee,3843725,0.749225,3.94464,2.5452,13.5563,0,0,3824388,0,17.4824,19337,0,0,1.52563e-05,2.63925e-07,0,1.39167e-07,2.59177e-05,2.60569e-05,19337,2.57492e-05
cloth-ball,device-tight,cell2dmin,74vf,vf,1316922,0.752456,14.6727,2.27452,10.2507,0,0,1313249,0,6.84506,3673,0,0,5.17703e-06,2.37185e-07,0,3.00552e-08,0.00122313,0.00122316,3673,0.00122309
cloth-ball,device-tight,cell2dmin,75ee,ee,3397981,0.7418,3.94471,2.54274,11.3495,0,0,3385426,0,12.1608,12555,0,0,2.49978e-05,2.90225e-07,0,1.45894e-07,0.000411258,0.000411404,12555,0.000411034
cloth-ball,device-tight,cell2dmin,75vf,vf,1144734,1.61928,15.7965,2.03242,8.03632,0,0,1142424,0,6.63483,2310,0,0,3.31131e-05,2.68324e-07,0,2.04616e-07,0.00019666,0.000196864,2310,0.000196457
cloth-ball,device-tight,cell2dmin,76ee,ee,3077110,0.757352,5.66536,2.50392,9.9609,0,0,3069214,0,11.467,7896,0,0,2.75756e-05,3.70714e-07,0,4.3475e-07,7.8764e-05,7.91987e-05,7896,7.79629e-05
cloth-ball,device-tight,cell2dmin,76vf,vf,1021601,0.746248,15.0616,1.98058,8.79434,0,0,1020262,0,5.85425,1339,0,0,1.39777e-05,3.22218e-07,0,6.36367e-07,0.00214911,0.00214974,1339,0.00214911
cloth-ball,device-tight,cell2dmin,77ee,ee,2915628,0.739977,3.68663,2.40696,10.5401,0,0,2905869,0,10.3855,9759,0,0,0.000153135,3.28988e-07,0,3.26302e-08,2.1806e-05,2.18386e-05,9759,2.16961e-05
cloth-ball,device-tight,cell2dmin,77vf,vf,963888,0.729449,15.237,1.92432,8.77873,0,0,962143,0,4.18217,1745,0,0,5.96067e-06,2.95234e-07,0,2.51971e-07,0.00175918,0.00175943,1745,0.0017581
cloth-ball,device-tight,cell2dmin,78ee,ee,2864389,0.74228,3.6267,2.2846,10.0889,0,0,2851808,0,10.8517,12581,0,0,4.70147e-05,2.70721e-07,0,1.00655e-07,7.82039e-05,7.83046e-05,12581,7.79629e-05
cloth-ball,device-tight,cell2dmin,78vf,vf,947065,0.744552,15.4712,1.9824,8.18601,0,0,944840,0,5.36002,2225,0,0,8.30693e-06,2.57849e-07,0,1.04812e-07,0.000849197,0.000849302,2225,0.000849009
cloth-ball,device-tight,cell2dmin,79ee,ee,2775535,0.735049,3.56517,2.33052,10.3683,0,0,2764718,0,10.0867,10817,0,0,6.03171e-05,2.7692e-07,0,3.84547e-07,6.17947e-05,6.21793e-05,10817,6.1512e-05
cloth-ball,device-tight,cell2dmin,79vf,vf,913895,0.739689,15.9981,1.79754,8.64718,0,0,911879,0,4.45439,2016,0,0,1.73053e-05,2.58224e-07,0,3.9028e-08,0.000723267,0.000723306,2016,0.000723243
cloth-ball,device-tight,cell2dmin,80ee,ee,2836713,0.739273,3.5372,2.5035,10.6609,0,0,2825388,0,11.9984,11323,0,0,1.08527e-05,2.7048e-07,0,4.59671e-08,0.00023613,0.000236176,11325,0.000236034
cloth-ball,device-tight,cell2dmin,80vf,vf,935635,0.733993,15.8604,2.076,8.49877,0,0,933489,0,6.00557,2146,0,0,4.79818e-06,2.37155e-07,0,8.70474e-08,0.0037562,0.00375628,2146,0.00375605
cloth-ball,device-tight,cell2dmin,81ee,ee,2830785,0.729257,3.54933,2.33471,10.2321,0,0,2819669,0,11.2341,11116,0,0,2.46784e-05,2.6599e-07,0,1.44298e-07,5.23978e-05,5.25421e-05,11116,5.23329e-05
cloth-ball,device-tight,cell2dmin,81vf,vf,927924,0.734857,15.9107,1.91325,8.65768,0,0,925837,0,5.07718,2087,0,0,9.65595e-06,2.45905e-07,0,6.95901e-08,7.38501e-05,7.39197e-05,2087,7.37906e-05
cloth-ball,device-tight,cell2dmin,82ee,ee,2910424,0.731305,3.70116,2.57445,9.96519,0,0,2901522,0,10.8493,8902,0,0,1.80337e-05,2.79093e-07,0,3.38421e-07,9.32666e-05,9.36051e-05,8902,9.33409e-05
cloth-ball,device-tight,cell2dmin,82vf,vf,949767,0.734633,15.574,2.08083,8.83582,0,0,948077,0,5.10397,1690,0,0,3.47186e-06,2.56738e-07,0,3.39362e-07,0.000973775,0.000974114,1690,0.000973701
cloth-ball,device-tight,cell2dmin,83ee,ee,2987261,0.741384,3.71448,2.36652,9.75342,0,0,2982068,0,10.4055,5193,0,0,2.66115e-05,3.31539e-07,0,3.48664e-07,0.000201225,0.000201574,5193,0.000201225
cloth-ball,device-tight,cell2dmin,83vf,vf,969694,0.729065,16.2987,2.10541,7.57394,0,0,968780,0,4.8802,914,0,0,5.18196e-06,2.94803e-07,0,5.13496e-07,0.00239921,0.00239972,914,0.00239921
cloth-ball,device-tight,cell2dmin,84ee,ee,3119377,0.732521,3.83188,2.26572,9.98407,0,0,3115429,0,9.14093,3948,0,0,2.56074e-05,3.86826e-07,0,1.83059e-07,0.00010003,0.000100213,3948,9.97782e-05
cloth-ball,device-tight,cell2dmin,84vf,vf,1011306,0.739561,14.9373,2.06086,8.50127,0,0,1010753,0,3.02118,553,0,0,5.53975e-06,3.43141e-07,0,7.55168e-07,0.00650282,0.00650358,553,0.00650287
cloth-ball,device-tight,cell2dmin,85ee,ee,3222564,0.737352,3.91274,2.72718,9.06493,0,0,3218179,0,9.29116,4385,0,0,1.31271e-05,3.93172e-07,0,5.0565e-08,2.90705e-05,2.91211e-05,4385,2.89679e-05
cloth-ball,device-tight,cell2dmin,85vf,vf,1041160,0.740456,14.4418,2.21827,7.91178,0,0,1040460,0,3.81985,700,0,0,5.81867e-06,3.82113e-07,0,4.09527e-07,0.0043776,0.00437801,700,0.0043776
cloth-ball,device-tight,cell2dmin,86ee,ee,3347903,0.75092,3.9881,2.41455,9.6882,0,0,3339942,0,11.3124,7961,0,0,2.74046e-05,2.7417e-07,0,6.35972e-08,3.14394e-05,3.1503e-05,7961,3.12328e-05
cloth-ball,device-tight,cell2dmin,86vf,vf,1076950,1.6954,15.0287,1.85687,8.56251,0,0,1075505,0,5.80215,1445,0,0,5.52735e-06,2.62237e-07,0,5.33157e-08,0.000480222,0.000480275,1445,0.000480056
cloth-ball,device-tight,cell2dmin,87ee,ee,3522105,0.747465,6.61173,2.64072,9.80644,0,0,3512042,0,12.6363,10063,0,0,3.83242e-05,2.54701e-07,0,5.06662e-07,7.03335e-05,7.08401e-05,10063,7.03335e-05
cloth-ball,device-tight,cell2dmin,87vf,vf,1131097,1.65806,14.485,1.94186,8.75943,0,0,1129323,0,5.74475,1774,0,0,3.50217e-05,2.35193e-07,0,7.17493e-08,0.00016196,0.000162032,1774,0.000161886
cloth-ball,device-tight,cell2dmin,88ee,ee,3705732,0.753576,6.91677,2.69627,9.68728,0,0,3692966,0,14.0436,12766,0,0,3.00133e-05,2.4368e-07,0,3.25732e-06,0.000187838,0.000191095,12766,0.000184059
cloth-ball,device-tight,cell2dmin,88vf,vf,1187237,0.75556,14.3714,2.04285,7.99264,0,0,1184855,0,6.64961,2382,0,0,5.56419e-06,2.25405e-07,0,1.45029e-07,0.000614781,0.000614926,2382,0.000614643
cloth-ball,device-tight,cell2dmin,89ee,ee,3916295,0.752264,7.43567,2.94746,11.2939,0,0,3897178,0,16.6397,19117,0,0,2.49381e-05,2.40938e-07,0,1.45895e-07,1.54776e-05,1.56235e-05,19117,1.52588e-05
cloth-ball,device-tight,cell2dmin,89vf,vf,1249990,0.88426,11.997,2.07421,9.02964,0,0,1246311,0,5.96804,3679,0,0,4.56075e-05,2.31623e-07,0,1.91828e-08,0.000960845,0.000960864,3679,0.000960708
cloth-ball,device-tight,cell2dmin,90ee,ee,4210043,0.752296,5.30665,2.96365,12.519,0,0,4180824,0,21.6701,29219,0,0,3.10472e-05,2.23687e-07,0,5.41371e-07,2.57492e-05,2.62906e-05,29219,2.57492e-05
cloth-ball,device-tight,cell2dmin,90vf,vf,1340531,0.766568,11.3116,2.05958,9.15248,0,0,1334816,0,6.89498,5715,0,0,2.20605e-05,2.1831e-07,0,5.3997e-08,0.000298168,0.000298222,5715,0.000298083
cloth-ball,device-tight,cell2dmin,91ee,ee,4569239,0.755752,5.70993,3.27772,28.814,0,0,4513800,0,26.7293,55439,0,0,2.78465e-05,1.91951e-07,0,1.67628e-07,7.63856e-06,7.80619e-06,55439,7.39098e-06
cloth-ball,device-tight,cell2dmin,91vf,vf,1452086,0.754408,11.5165,2.22594,9.44924,0,0,1440808,0,9.05514,11278,0,0,0.0001041,1.88601e-07,0,2.02398e-08,0.00013108,0.0001311,11278,0.000131011
cloth-ball,device-tight,cell2dmin,92ee,ee,5197332,0.766152,7.69412,4.70503,36.8029,0,0,5102507,0,38.9552,94822,0,0,4.03822e-05,1.84974e-07,0,3.89275e-08,7.45314e-06,7.49207e-06,94825,7.45058e-06
cloth-ball,device-tight,cell2dmin,92vf,vf,1655541,0.773863,10.9614,2.29381,10.7594,0,0,1636507,0,13.0827,19032,0,0,7.20258e-05,1.81948e-07,0,9.68893e-08,0.000147585,0.000147682,19034,0.000147104
cloth-funnel,device-tight,cell2d,103ee,ee,27918,0.500528,2.80782,1.01107,1.08227,0,0,27915,0,1.01978,3,0,0,0.0018329,0.000776686,0,0.000298219,0.174438,0.174737,3,0.174438
cloth-funnel,device-tight,cell2d,108ee,ee,27957,0.690123,2.96902,1.23119,0.94365,0,0,27956,0,1.09254,1,0,0,0.00107803,0.00107803,0,0.00107803,0.258789,0.259867,1,0.258789
cloth-funnel,device-tight,cell2d,120ee,ee,28253,0.670891,2.8522,1.07382,1.02851,0,0,28252,0,1.03581,1,0,0,0.00144089,0.00144089,0,0.00144089,0.236328,0.237769,1,0.236328
cloth-funnel,device-tight,cell2d,133ee,ee,29054,0.535439,2.86762,1.10576,0.988129,0,0,29053,0,0.971714,1,0,0,0.00185058,0.00185058,0,0.00185058,0.320068,0.321919,1,0.320068
cloth-funnel,device-tight,cell2d,143ee,ee,33560,0.490065,2.73524,1.0521,1.0415,0,0,33558,0,0.995712,2,0,0,0.00124909,0.00124909,0,0.00104071,0.562378,0.563419,2,0.562378
cloth-funnel,device-tight,cell2d,148vf,vf,11130,0.469105,2.09808,1.19075,1.01408,0,0,11129,0,1.12931,1,0,0,0.000250163,0.000250163,0,0.000250163,0.484619,0.484869,1,0.484619
cloth-funnel,device-tight,cell2d,159ee,ee,33644,0.498832,3.12384,1.03078,0.932258,0,0,33643,0,0.947778,1,0,0,0.000819231,0.000819231,0,0.000819231,0.785522,0.786342,1,0.785522
cloth-funnel,device-tight,cell2d,167ee,ee,33268,0.477392,3.28639,1.29999,1.01011,0,0,33265,0,1.07088,3,0,0,1.82791e-06,1.3762e-06,0,1.3762e-06,0.0236511,0.0236525,3,0.0236511
cloth-funnel,device-tight,cell2d,174ee,ee,35429,0.473361,3.67713,1.08941,0.993601,0,0,35428,0,1.01561,1,0,0,0.00231309,0.00231309,0,0.00231309,0.792847,0.79516,1,0.792847
cloth-funnel,device-tight,cell2d,178ee,ee,34357,0.470225,3.75598,1.0113,0.897763,0,0,34356,0,0.938914,0,0,0,0,0,0,0,1,1,1,1
cloth-funnel,device-tight,cell2d,185ee,ee,35908,0.483057,4.15497,0.991233,0.955266,0,0,35907,0,0.998336,1,0,0,0.000574723,0.000574723,0,0.000574723,0.231812,0.232386,1,0.231812
cloth-funnel,device-tight,cell2d,190ee,ee,34548,0.48888,4.37135,1.72663,1.77623,0,0,34546,0,1.75169,2,0,0,0.000750072,0.000750072,0,0.000750072,0.0976028,0.0983529,2,0.0976028
cloth-funnel,device-tight,cell2d,195ee,ee,33831,0.620397,4.59713,2.20563,2.77902,0,0,33828,0,2.01322,2,0,0,0.000615549,0.000615549,0,0.000615549,0.376878,0.377494,3,0.376878
cloth-funnel,device-tight,cell2d,202vf,vf,8685,0.496784,3.60408,1.1879,1.21756,0,0,8684,0,1.06934,1,0,0,0.00160953,0.00160953,0,0.00160953,0.749023,0.750633,1,0.749023
cloth-funnel,device-tight,cell2d,208ee,ee,39836,0.475537,5.17443,1.02937,1.00534,0,0,39833,0,1.0031,3,0,0,0.000325483,0.00022659,0,0.000193217,0.126953,0.127146,3,0.126953
cloth-funnel,device-tight,cell2d,213ee,ee,42234,0.484177,5.303,1.05705,0.984576,0,0,42232,0,0.980321,2,0,0,0.00116341,0.00116341,0,0.00116341,0.839111,0.840275,2,0.839111
cloth-funnel,device-tight,cell2d,217vf,vf,8203,0.617324,4.34729,2.12201,2.10678,0,0,8202,0,2.09753,1,0,0,0.00135005,0.00135005,0,0.00135005,0.460938,0.462288,1,0.460938
cloth-funnel,device-tight,cell2d,222ee,ee,31483,0.642923,5.61022,1.21452,1.06928,0,0,31480,0,1.056,3,0,0,0.00125555,0.00102144,0,0.00125555,0.700684,0.701939,3,0.700684
cloth-funnel,device-tight,cell2d,226vf,vf,7265,0.664075,4.46725,1.0568,1.01837,0,0,7264,0,1.04377,1,0,0,0.00073251,0.00073251,0,0.00073251,0.120361,0.121094,1,0.120361
cloth-funnel,device-tight,cell2d,229vf,vf,7373,0.717673,4.51451,2.05945,1.69089,0,0,7372,0,1.55957,1,0,0,0.000455516,0.000455516,0,0.000455516,0.419434,0.419889,1,0.419434
cloth-funnel,device-tight,cell2d,232vf,vf,6983,0.648012,4.4693,1.00493,1.00144,0,0,6981,0,1.01561,1,0,0,0.000100973,0.000100973,0,0.000100973,0.387268,0.387369,2,0.387268
cloth-funnel,device-tight,cell2d,237ee,ee,35558,0.661867,6.14512,1.68836,3.06634,0,0,35541,0,2.34661,16,0,0,0.000709232,0,0,0,0,0,17,0
cloth-funnel,device-tight,cell2d,239vf,vf,7056,0.56443,4.61985,0.983233,0.936963,0,0,7055,0,0.938594,1,0,0,0.000136962,0.000136962,0,0.000136962,0.508545,0.508682,1,0.508545
cloth-funnel,device-tight,cell2d,242vf,vf,7623,0.531855,4.58993,1.38783,1.08797,0,0,7620,0,1.00819,3,0,0,0.000459821,4.61658e-06,0,0.000459821,0.261475,0.261934,3,0.261475
cloth-funnel,device-tight,cell2d,246ee,ee,33161,0.55803,6.41036,1.30505,2.93312,0,0,33144,0,1.72878,15,0,0,0.00118529,0,0,0,0,0,17,0
cloth-funnel,device-tight,cell2d,249ee,ee,33438,0.557678,6.4349,1.32284,2.7642,0,0,33419,0,2.57573,19,0,0,0.0199673,0,0,0,0,0,19,0
cloth-funnel,device-tight,cell2d,252vf,vf,6739,0.562062,4.48309,1.05689,1.0127,0,0,6738,0,0.949921,1,0,0,0.000620903,0.000620903,0,0.000620903,0.179565,0.180186,1,0.179565
cloth-funnel,device-tight,cell2d,255ee,ee,34941,0.557646,6.42207,1.31977,2.60728,1,0,34926,0,1.69063,14,0,0,0.000471506,0,0,0,0,0,15,0
cloth-funnel,device-tight,cell2d,258vf,vf,6105,0.561871,4.67195,1.07747,1.03286,0,0,6104,0,1.0336,1,0,0,0.00376489,0.00376489,0,0.00376489,0.570068,0.573833,1,0.570068
cloth-funnel,device-tight,cell2d,262ee,ee,34323,0.560431,6.64056,1.31135,3.05008,1,0,34306,0,1.82205,16,0,0,0.00199497,0,0,0,0,0,17,0
cloth-funnel,device-tight,cell2d,265vf,vf,6576,0.561167,4.63492,0.999648,0.932514,0,0,6575,0,0.960705,1,0,0,0.000203828,0.000203828,0,0.000203828,0.00183105,0.00203488,1,0.00183105
cloth-funnel,device-tight,cell2d,269ee,ee,38675,0.562318,6.78535,1.3109,2.54526,0,0,38656,0,1.85146,18,0,0,0.00115964,0,0,0,0,0,19,0
cloth-funnel,device-tight,cell2d,273ee,ee,33807,0.576878,6.51231,1.2455,3.12499,0,0,33790,0,1.85508,16,0,0,0.0437131,0,0,0,0,0,17,0
cloth-funnel,device-tight,cell2d,276vf,vf,6291,0.58795,4.87194,1.04109,0.908611,0,0,6290,0,0.909027,1,0,0,6.73357e-05,6.73357e-05,0,6.73357e-05,0.95813,0.958197,1,0.95813
cloth-funnel,device-tight,cell2d,280vf,vf,7078,0.572622,4.88026,1.35205,1.38536,0,0,7076,0,1.24601,2,0,0,0.000262588,0.000262588,0,0.000101369,0.124004,0.124106,2,0.124004
cloth-funnel,device-tight,cell2d,283vf,vf,6728,0.576526,4.93764,1.23807,1.11398,0,0,6727,0,0.968929,1,0,0,0.000109089,0.000109089,0,0.000109089,0.898926,0.899035,1,0.898926
cloth-funnel,device-tight,cell2d,287ee,ee,38287,0.586413,6.68068,1.25356,3.48363,0,0,38258,0,2.03834,29,0,0,0.0330471,4.4323e-06,0,0,0,0,29,0
cloth-funnel,device-tight,cell2d,290vf,vf,6752,0.576718,4.86321,1.32031,1.11795,0,0,6751,0,1.30959,1,0,0,0.00021766,0.00021766,0,0.00021766,0.00215149,0.00236915,1,0.00215149
cloth-funnel,device-tight,cell2d,293vf,vf,7020,0.588654,4.90013,1.56018,3.22252,0,0,7017,0,2.66164,2,0,0,0.00361514,0.00361514,0,0.00361514,0.0572662,0.0608814,3,0.0572662
cloth-funnel,device-tight,cell2d,296vf,vf,7007,0.585102,4.98416,1.49387,2.7195,0,0,6998,0,1.81921,6,0,0,0.000856794,0.000113205,0,0.000120608,0.00614929,0.0062699,9,0.00614929
cloth-funnel,device-tight,cell2d,299ee,ee,41326,0.592525,6.69444,1.47592,4.24883,0,0,41287,0,2.26815,33,0,0,0.0491759,1.02334e-05,0,0,0,0,39,0
cloth-funnel,device-tight,cell2d,302ee,ee,42707,0.584365,6.74171,1.42197,4.77777,0,0,42665,0,2.2494,37,0,0,0.00148866,8.47324e-06,0,0,0,0,42,0
cloth-funnel,device-tight,cell2d,305ee,ee,42453,0.586125,7.02109,1.48821,4.30274,0,0,42418,0,1.82845,32,0,0,0.0964984,5.65929e-06,0,0,0,0,35,0
cloth-funnel,device-tight,cell2d,308ee,ee,45470,0.598189,7.09757,1.45355,4.2421,0,0,45423,0,2.25865,44,0,0,0.000815545,8.93609e-06,0,0,0,0,47,0
cloth-funnel,device-tight,cell2d,310vf,vf,7929,0.589805,4.9304,1.68702,6.16713,2,0,7909,0,16.5035,10,0,0,0.00276797,8.3859e-05,0,0.00382739,0.000144958,0.00397235,20,0.000144958
cloth-funnel,device-tight,cell2d,313vf,vf,7921,0.582734,5.08486,2.55803,4.55118,0,0,7907,0,3.84349,6,0,0,0.0179777,0.00193104,0,0.00193104,0,0.00193104,14,0
cloth-funnel,device-tight,cell2d,316vf,vf,7728,0.591533,4.96135,2.01014,5.07034,0,0,7709,0,3.60747,11,0,0,0.00515806,0.000237711,0,0.000237711,0.00437164,0.00460935,19,0.00437164
cloth-funnel,device-tight,cell2d,319vf,vf,7580,0.58363,4.88967,1.59976,2.67812,0,0,7573,0,1.85709,5,0,0,0.000549011,2.21782e-05,0,6.05979e-07,0.106859,0.10686,7,0.106859
cloth-funnel,device-tight,cell2d,322ee,ee,45748,0.590573,6.81463,1.93824,5.01008,0,0,45682,0,2.60692,63,0,0,0.0396855,5.72723e-06,0,0,0,0,66,0
cloth-funnel,device-tight,cell2d,325ee,ee,51043,0.593229,7.05312,1.4325,4.4484,0,0,50981,0,2.47957,61,0,0,0.0625551,2.73905e-06,0,0,0,0,62,0
cloth-funnel,device-tight,cell2d,328ee,ee,60460,0.588366,6.77892,1.35036,4.56862,0,0,60421,0,1.95114,37,0,0,0.00240896,5.71589e-06,0,0,0,0,39,0
cloth-funnel,device-tight,cell2d,331ee,ee,55679,0.586414,6.81374,1.42255,3.7873,0,0,55649,0,2.07993,28,0,0,0.000170854,5.59872e-06,0,0,0,0,30,0
cloth-funnel,device-tight,cell2d,335ee,ee,47736,0.58347,7.17404,1.34277,3.76858,0,0,47716,0,1.9392,19,0,0,0.000996606,0,0,0,0,0,20,0
cloth-funnel,device-tight,cell2d,337vf,vf,7989,0.584621,4.88769,1.30614,1.55499,0,0,7985,0,1.19663,4,0,0,0.00127867,0.000113881,0,4.21604e-05,0.00117111,0.00121327,4,0.00117111
cloth-funnel,device-tight,cell2d,340vf,vf,7459,0.590157,5.22553,1.45375,1.32025,0,0,7458,0,1.35657,0,0,0,0,0,0,0,1,1,1,1
cloth-funnel,device-tight,cell2d,343vf,vf,7167,0.590445,4.83732,1.44648,1.34556,0,0,7165,0,1.33401,1,0,0,5.26327e-05,5.26327e-05,0,5.83548e-05,0.203146,0.203204,2,0.203152
cloth-funnel,device-tight,cell2d,347ee,ee,47595,0.582093,6.80756,1.30396,2.89079,0,0,47572,0,1.868,23,0,0,0.0407121,0,0,0,0,0,23,0
cloth-funnel,device-tight,cell2d,350ee,ee,43598,0.591438,6.80238,1.2294,3.38581,0,0,43576,0,1.74407,20,0,0,9.44074e-05,0,0,0,0,0,22,0
cloth-funnel,device-tight,cell2d,353vf,vf,7074,0.59147,4.79386,1.52168,1.69252,0,0,7072,0,1.59061,1,0,0,0.00163364,0.00163364,0,0.00163364,0.00253296,0.0041666,2,0.00253296
cloth-funnel,device-tight,cell2d,356vf,vf,7324,0.591693,5.07299,1.01894,1.07808,1,0,7323,0,0.998496,0,0,0,0,0,0,1,0,1,1,0
cloth-funnel,device-tight,cell2d,360ee,ee,46845,0.586605,6.89361,1.42658,3.52792,1,0,46813,0,1.7618,29,0,0,0.0172735,1.11865e-05,0,0,0,0,32,0
cloth-funnel,device-tight,cell2d,363ee,ee,44897,0.585165,6.96007,1.24524,3.63464,0,0,44875,0,2.01862,22,0,0,0.0103239,0,0,0,0,0,22,0
cloth-funnel,device-tight,cell2d,366vf,vf,7180,0.585038,4.98138,1.52645,1.52046,0,0,7178,0,1.59358,1,0,0,0.000348707,0.000348707,0,0.000348707,0.159126,0.159475,2,0.159126
cloth-funnel,device-tight,cell2d,369vf,vf,8239,0.57163,5.12118,1.1016,1.09395,0,0,8237,0,0.987745,2,0,0,0.0010651,0.0010651,0,0.0010651,0.76062,0.761685,2,0.76062
cloth-funnel,device-tight,cell2d,373ee,ee,46792,0.586957,6.91175,1.35384,3.40504,0,0,46766,0,2.07206,25,0,0,0.00482083,0,0,0,0,0,26,0
cloth-funnel,device-tight,cell2d,376ee,ee,47824,0.576014,7.25529,1.2909,3.62497,0,0,47796,0,2.0568,26,0,0,0.00110793,5.26305e-06,0,0,0,0,28,0
cloth-funnel,device-tight,cell2d,378vf,vf,7964,0.569294,5.08384,1.53064,1.56309,0,0,7962,0,1.47589,1,0,0,0.00374804,0.00374804,0,0.00374804,0.215683,0.219431,2,0.215683
cloth-funnel,device-tight,cell2d,381vf,vf,10616,0.600237,5.17843,1.38527,1.75761,0,0,10612,0,1.47586,2,0,0,0.000414227,0.000414227,0,8.0384e-06,1.14441e-05,1.94825e-05,4,1.14441e-05
cloth-funnel,device-tight,cell2d,384vf,vf,15759,0.543407,4.93767,1.03299,1.06985,0,0,15757,0,1.01219,2,0,0,2.15698e-05,2.15698e-05,0,6.08717e-06,0.844894,0.8449,2,0.844894
cloth-funnel,device-tight,cell2d,387vf,vf,21176,0.546255,5.016,1.34489,1.7331,0,0,21174,0,1.42258,2,0,0,0.000258315,0.000258315,0,0.000258315,0.014267,0.0145253,2,0.014267
cloth-funnel,device-tight,cell2d,390ee,ee,110978,0.539087,7.36956,1.35077,3.42552,0,0,110956,0,2.08611,22,0,0,0.000192703,0,0,0,0,0,22,0
cloth-funnel,device-tight,cell2d,393vf,vf,29443,0.54875,5.00157,1.27317,1.65928,0,0,29440,0,1.2269,3,0,0,0.00230415,0.00102598,0,0.00102598,0.000244141,0.00127012,3,0.000244141
cloth-funnel,device-tight,cell2d,399ee,ee,256500,0.473361,8.1368,1.30338,3.16268,0,0,256485,0,2.3446,15,0,0,0.0016105,0,0,0,0,0,15,0
cloth-funnel,device-tight,cell2d,405ee,ee,455642,0.445714,7.49464,1.61672,3.4701,0,0,455626,0,2.55777,16,0,0,0.000689562,0,0,0,0,0,16,0
cloth-funnel,device-tight,cell2d,409ee,ee,450739,0.439379,6.68072,1.53141,3.82135,0,0,450720,0,2.84084,19,0,0,0.00275799,0,0,0,0,0,19,0
cloth-funnel,device-tight,cell2d,414ee,ee,388206,0.441458,5.49822,1.41439,3.02346,0,0,388191,0,2.44776,15,0,0,0.000689295,0,0,0,0,0,15,0
cloth-funnel,device-tight,cell2d,418vf,vf,203660,0.393236,5.37976,1.74635,2.37647,0,0,203650,0,2.00461,10,0,0,0.000284583,3.8147e-06,0,0,0,0,10,0
cloth-funnel,device-tight,cell2d,421vf,vf,88447,0.38018,4.29663,1.66747,3.1367,0,0,88443,0,2.98627,4,0,0,0,0,0,0,0,0,4,0
cloth-funnel,device-tight,cell2d,424vf,vf,25307,0.413011,3.00797,1.31557,1.72289,0,0,25304,0,1.8409,3,0,0,0.00068,0.00036851,0,0,0,0,3,0
cloth-funnel,device-tight,cell2d,427ee,ee,39608,0.452753,3.19638,1.33465,4.13814,0,0,39583,0,1.85194,23,0,0,0.000713517,0,0,0,0,0,25,0
cloth-funnel,device-tight,cell2d,431ee,ee,20512,0.475185,3.18515,1.21043,3.37148,0,0,20495,0,1.80967,16,0,0,0.000999855,0,0,0,0,0,17,0
cloth-funnel,device-tight,cell2d,435vf,vf,3474,0.520048,2.3678,1.21743,1.09363,0,0,3473,0,1.19353,1,0,0,0.000593729,0.000593729,0,0.000593729,0.616089,0.616683,1,0.616089
cloth-funnel,device-tight,cell2d,440ee,ee,15203,0.490256,3.04781,1.31413,3.07632,0,0,15187,0,1.94339,16,0,0,0.00285608,0,0,0,0,0,16,0
cloth-funnel,device-tight,cell2d,443vf,vf,2985,0.485168,2.17519,1.28981,0.969698,0,0,2984,0,1.1975,1,0,0,0.000741035,0.000741035,0,0.000741035,0.0863037,0.0870447,1,0.0863037
cloth-funnel,device-tight,cell2d,448vf,vf,2797,0.526928,2.13196,1.14902,1.06038,0,0,2796,0,1.13411,1,0,0,0.000569012,0.000569012,0,0.000569012,0.525269,0.525838,1,0.525269
cloth-funnel,device-tight,cell2d,451vf,vf,2784,0.528559,2.16671,1.48485,1.39909,0,0,2781,0,1.35973,3,0,0,0.00121463,0.00113114,0,0.00113114,0.0181885,0.0193196,3,0.0181885
cloth-funnel,device-tight,cell2d,457ee,ee,13409,0.536079,3.12835,1.41519,3.94464,0,0,13394,0,1.92317,13,0,0,0,0,0,0,0,0,15,0
cloth-funnel,device-tight,cell2d,460vf,vf,2774,0.509967,2.10854,1.13932,0.968737,0,0,2773,0,1.0103,1,0,0,0.00038065,0.00038065,0,0.00038065,0.533813,0.534194,1,0.533813
cloth-funnel,device-tight,cell2d,465ee,ee,13368,0.514032,3.04045,1.22866,3.15724,0,0,13353,0,1.90154,15,0,0,0.00124605,0,0,0,0,0,15,0
cloth-funnel,device-tight,cell2d,469ee,ee,13367,0.513488,3.08957,1.37848,3.90474,0,0,13351,0,1.80577,16,0,0,0.00315822,0,0,0,0,0,16,0
cloth-funnel,device-tight,cell2d,473vf,vf,2770,0.511952,2.15654,1.04893,0.927778,0,0,2769,0,0.994049,1,0,0,0.000166584,0.000166584,0,0.000166584,0.47229,0.472457,1,0.47229
cloth-funnel,device-tight,cell2d,476vf,vf,2769,0.510384,2.03898,1.32661,0.994369,0,0,2768,0,1.15513,1,0,0,0.000426484,0.000426484,0,0.000426484,0.841797,0.842223,1,0.841797
cloth-funnel,device-tight,cell2d,479vf,vf,2775,0.510256,2.11625,1.07328,1.01149,0,0,2773,0,1.00739,2,0,0,0.000425942,0.000425942,0,0.000425942,0.22644,0.226866,2,0.22644
cloth-funnel,device-tight,cell2d,482vf,vf,2776,0.51,2.12816,1.25375,1.01766,0,0,2775,0,1.17135,1,0,0,0.000809604,0.000809604,0,0.000809604,0.164062,0.164872,1,0.164062
cloth-funnel,device-tight,cell2d,486vf,vf,2772,0.527791,2.11165,1.18902,1.01434,0,0,2771,0,1.21074,1,0,0,0.00109881,0.00109881,0,0.00109881,0.575439,0.576538,1,0.575439
cloth-funnel,device-tight,cell2d,490ee,ee,13332,0.520527,3.10579,1.4397,3.34412,0,0,13317,0,1.92378,14,0,0,0.00367546,0,0,0,0,0,15,0
cloth-funnel,device-tight,cell2d,492vf,vf,2761,0.533391,2.1238,1.20268,1.01712,0,0,2760,0,1.10828,1,0,0,0.000886826,0.000886826,0,0.000886826,0.0264893,0.0273761,1,0.0264893
cloth-funnel,device-tight,cell2d,496ee,ee,13344,0.540111,3.1399,1.22345,3.52498,0,0,13330,0,1.90618,14,0,0,0.000386597,0,0,0,0,0,14,0
cloth-funnel,device-tight,cell2d,53ee,ee,27746,0.518448,2.85882,1.04285,0.953282,0,0,27745,0,0.965249,1,0,0,0.000504498,0.000504498,0,0.000504498,0.736694,0.737199,1,0.736694
cloth-funnel,device-tight,cell2d,64ee,ee,27689,0.521103,2.86596,0.992417,0.990785,0,0,27688,0,0.988481,1,0,0,0.00534556,0.00534556,0,0.00534556,0.166016,0.171361,1,0.166016
cloth-funnel,device-tight,cell2d,103ee,ee,27918,0.505616,2.95811,0.998529,1.10592,0,0,27915,0,1.09353,3,0,0,0.0018329,0.000776686,0,0.000298219,0.174438,0.174737,3,0.174438
cloth-funnel,device-tight,cell2d,108ee,ee,27957,0.687146,2.98259,1.09699,0.951234,0,0,27956,0,1.11465,1,0,0,0.00107803,0.00107803,0,0.00107803,0.258789,0.259867,1,0.258789
cloth-funnel,device-tight,cell2d,120ee,ee,28253,0.648012,2.81748,1.30405,1.07513,0,0,28252,0,1.02893,1,0,0,0.00144089,0.00144089,0,0.00144089,0.236328,0.237769,1,0.236328
cloth-funnel,device-tight,cell2d,133ee,ee,29054,0.522831,2.87469,1.06774,0.973154,0,0,29053,0,0.982049,1,0,0,0.00185058,0.00185058,0,0.00185058,0.320068,0.321919,1,0.320068
cloth-funnel,device-tight,cell2d,143ee,ee,33560,0.501232,2.72279,1.01165,1.02931,0,0,33558,0,1.00231,2,0,0,0.00124909,0.00124909,0,0.00104071,0.562378,0.563419,2,0.562378
cloth-funnel,device-tight,cell2d,148vf,vf,11130,0.435698,2.10051,1.01904,1.00704,0,0,11129,0,2.0184,1,0,0,0.000250163,0.000250163,0,0.000250163,0.484619,0.484869,1,0.484619
cloth-funnel,device-tight,cell2d,159ee,ee,33644,0.473233,3.13251,0.987009,0.933411,0,0,33643,0,0.954722,1,0,0,0.000819231,0.000819231,0,0.000819231,0.785522,0.786342,1,0.785522
cloth-funnel,device-tight,cell2d,167ee,ee,33268,0.477777,3.29228,1.22444,1.00179,0,0,33265,0,1.47685,3,0,0,1.82791e-06,1.3762e-06,0,1.3762e-06,0.0236511,0.0236525,3,0.0236511
cloth-funnel,device-tight,cell2d,174ee,ee,35429,0.469873,3.68113,1.25852,0.988321,0,0,35428,0,1.02531,1,0,0,0.00231309,0.00231309,0,0.00231309,0.792847,0.79516,1,0.792847
cloth-funnel,device-tight,cell2d,178ee,ee,34357,0.468658,3.75623,0.932419,0.905347,0,0,34356,0,0.92765,0,0,0,0,0,0,0,1,1,1,1
cloth-funnel,device-tight,cell2d,185ee,ee,35908,0.477872,4.1551,1.13238,0.93981,0,0,35907,0,0.991744,1,0,0,0.000574723,0.000574723,0,0.000574723,0.231812,0.232386,1,0.231812
cloth-funnel,device-tight,cell2d,190ee,ee,34548,0.484337,4.37512,1.69575,1.63771,0,0,34546,0,1.9704,2,0,0,0.000750072,0.000750072,0,0.000750072,0.0976028,0.0983529,2,0.0976028
cloth-funnel,device-tight,cell2d,195ee,ee,33831,0.601261,4.59531,2.33685,2.91024,0,0,33828,0,1.92823,2,0,0,0.000615549,0.000615549,0,0.000615549,0.376878,0.377494,3,0.376878
cloth-funnel,device-tight,cell2d,202vf,vf,8685,0.49032,3.50421,1.17817,1.09261,0,0,8684,0,1.06691,1,0,0,0.00160953,0.00160953,0,0.00160953,0.749023,0.750633,1,0.749023
cloth-funnel,device-tight,cell2d,208ee,ee,39836,0.471857,5.18271,1.52981,1.33317,0,0,39833,0,0.999648,3,0,0,0.000325483,0.00022659,0,0.000193217,0.126953,0.127146,3,0.126953
cloth-funnel,device-tight,cell2d,213ee,ee,42234,0.479952,5.27183,1.1207,1.13558,0,0,42232,0,1.14198,2,0,0,0.00116341,0.00116341,0,0.00116341,0.839111,0.840275,2,0.839111
cloth-funnel,device-tight,cell2d,217vf,vf,8203,0.501233,4.32613,1.11756,1.06323,0,0,8202,0,1.09897,1,0,0,0.00135005,0.00135005,0,0.00135005,0.460938,0.462288,1,0.460938
cloth-funnel,device-tight,cell2d,222ee,ee,31483,0.638059,5.60056,1.1231,1.08483,0,0,31480,0,1.06409,3,0,0,0.00125555,0.00102144,0,0.00125555,0.700684,0.701939,3,0.700684
cloth-funnel,device-tight,cell2d,226vf,vf,7265,0.657132,4.45682,1.13177,1.01424,0,0,7264,0,1.01904,1,0,0,0.00073251,0.00073251,0,0.00073251,0.120361,0.121094,1,0.120361
cloth-funnel,device-tight,cell2d,229vf,vf,7373,0.64094,4.49435,1.11955,0.945474,0,0,7372,0,0.941411,1,0,0,0.000455516,0.000455516,0,0.000455516,0.419434,0.419889,1,0.419434
cloth-funnel,device-tight,cell2d,232vf,vf,6983,0.639371,4.4861,2.09491,1.03085,0,0,6981,0,0.948994,1,0,0,0.000100973,0.000100973,0,0.000100973,0.387268,0.387369,2,0.387268
cloth-funnel,device-tight,cell2d,237ee,ee,35558,0.649323,6.144,1.34965,3.08758,0,0,35541,0,2.35071,16,0,0,0.000709232,0,0,0,0,0,17,0
cloth-funnel,device-tight,cell2d,239vf,vf,7056,0.536431,4.83476,0.963202,0.931266,0,0,7055,0,0.940834,1,0,0,0.000136962,0.000136962,0,0.000136962,0.508545,0.508682,1,0.508545
cloth-funnel,device-tight,cell2d,242vf,vf,7623,0.535247,4.80391,1.13804,1.12902,0,0,7620,0,0.965921,3,0,0,0.000459821,4.61658e-06,0,0.000459821,0.261475,0.261934,3,0.261475
cloth-funnel,device-tight,cell2d,246ee,ee,33161,0.549966,6.39426,1.22425,3.03891,0,0,33144,0,2.17164,15,0,0,0.00118529,0,0,0,0,0,17,0
cloth-funnel,device-tight,cell2d,249ee,ee,33438,0.544623,6.43781,1.31014,3.38117,0,0,33419,0,1.93491,19,0,0,0.0199673,0,0,0,0,0,19,0
cloth-funnel,device-tight,cell2d,252vf,vf,6739,0.543662,4.72446,0.962465,0.961153,0,0,6738,0,0.941059,1,0,0,0.000620903,0.000620903,0,0.000620903,0.179565,0.180186,1,0.179565
cloth-funnel,device-tight,cell2d,255ee,ee,34941,0.559695,6.40802,1.28889,2.99149,1,0,34926,0,1.71835,14,0,0,0.000471506,0,0,0,0,0,15,0
cloth-funnel,device-tight,cell2d,258vf,vf,6105,0.56139,4.89661,1.06259,1.0376,0,0,6104,0,1.02355,1,0,0,0.00376489,0.00376489,0,0.00376489,0.570068,0.573833,1,0.570068
cloth-funnel,device-tight,cell2d,262ee,ee,34323,0.561454,6.61265,1.21807,3.10169,1,0,34306,0,1.8906,16,0,0,0.00199497,0,0,0,0,0,17,0
cloth-funnel,device-tight,cell2d,265vf,vf,6576,0.557135,4.9113,1.08406,0.935299,0,0,6575,0,0.942498,1,0,0,0.000203828,0.000203828,0,0.000203828,0.00183105,0.00203488,1,0.00183105
cloth-funnel,device-tight,cell2d,269ee,ee,38675,0.560686,6.75767,1.2087,2.83124,0,0,38656,0,1.76199,18,0,0,0.00115964,0,0,0,0,0,19,0
cloth-funnel,device-tight,cell2d,273ee,ee,33807,0.587085,6.48229,1.26828,3.41752,0,0,33790,0,1.83111,16,0,0,0.0437131,0,0,0,0,0,17,0
cloth-funnel,device-tight,cell2d,276vf,vf,6291,0.584558,5.0951,0.943714,0.900067,0,0,6290,0,0.901507,1,0,0,6.73357e-05,6.73357e-05,0,6.73357e-05,0.95813,0.958197,1,0.95813
cloth-funnel,device-tight,cell2d,280vf,vf,7078,0.57467,5.12512,1.35433,1.53368,0,0,7076,0,1.251,2,0,0,0.000262588,0.000262588,0,0.000101369,0.124004,0.124106,2,0.124004
cloth-funnel,device-tight,cell2d,283vf,vf,6728,0.581325,5.24678,1.06493,0.935362,0,0,6727,0,0.943586,1,0,0,0.000109089,0.000109089,0,0.000109089,0.898926,0.899035,1,0.898926
cloth-funnel,device-tight,cell2d,287ee,ee,38287,0.584493,6.63701,1.25183,3.95888,0,0,38258,0,2.03002,29,0,0,0.0330471,4.4323e-06,0,0,0,0,29,0
cloth-funnel,device-tight,cell2d,290vf,vf,6752,0.582734,5.09274,1.41928,1.15347,0,0,6751,0,2.25218,1,0,0,0.00021766,0.00021766,0,0.00021766,0.00215149,0.00236915,1,0.00215149
cloth-funnel,device-tight,cell2d,293vf,vf,7020,0.589293,5.18256,1.64904,3.3053,0,0,7017,0,2.45887,2,0,0,0.00361514,0.00361514,0,0.00361514,0.0572662,0.0608814,3,0.0572662
cloth-funnel,device-tight,cell2d,296vf,vf,7007,0.580078,5.23068,1.33727,2.63854,0,0,6998,0,1.68276,6,0,0,0.000856794,0.000113205,0,0.000120608,0.00614929,0.0062699,9,0.00614929
cloth-funnel,device-tight,cell2d,299ee,ee,41326,0.59355,6.66341,1.50856,4.41468,0,0,41287,0,2.28802,33,0,0,0.0491759,1.02334e-05,0,0,0,0,39,0
cloth-funnel,device-tight,cell2d,302ee,ee,42707,0.590829,6.71076,1.38904,4.44808,0,0,42665,0,2.02282,37,0,0,0.00148866,8.47324e-06,0,0,0,0,42,0
cloth-funnel,device-tight,cell2d,305ee,ee,42453,0.580526,6.99136,3.11273,4.96288,0,0,42418,0,2.16188,32,0,0,0.0964984,5.65929e-06,0,0,0,0,35,0
cloth-funnel,device-tight,cell2d,308ee,ee,45470,0.583278,7.06861,1.41551,4.16934,0,0,45423,0,2.39148,44,0,0,0.000815545,8.93609e-06,0,0,0,0,47,0
cloth-funnel,device-tight,cell2d,310vf,vf,7929,0.583341,5.16425,2.06934,5.92266,2,0,7909,0,8.66715,10,0,0,0.00276797,8.3859e-05,0,0.00382739,0.000144958,0.00397235,20,0.000144958
cloth-funnel,device-tight,cell2d,313vf,vf,7921,0.593741,5.09526,2.24886,4.95315,0,0,7907,0,3.83086,6,0,0,0.0179777,0.00193104,0,0.00193104,0,0.00193104,14,0
cloth-funnel,device-tight,cell2d,316vf,vf,7728,0.585838,4.95722,2.27238,4.73591,0,0,7709,0,3.88948,11,0,0,0.00515806,0.000237711,0,0.00027375,0.0043356,0.00460935,19,0.00437164
cloth-funnel,device-tight,cell2d,319vf,vf,7580,0.589197,5.14717,1.50014,3.01024,0,0,7573,0,2.02118,5,0,0,0.000549487,2.21782e-05,0,6.05979e-07,0.106859,0.10686,7,0.106859
cloth-funnel,device-tight,cell2d,322ee,ee,45748,0.595789,6.83038,1.77873,4.57195,0,0,45682,0,2.77799,63,0,0,0.0396855,5.72723e-06,0,0,0,0,66,0
cloth-funnel,device-tight,cell2d,325ee,ee,51043,0.586797,7.07744,1.42284,4.43615,0,0,50981,0,1.91165,61,0,0,0.0646151,2.85999e-06,0,0,0,0,62,0
cloth-funnel,device-tight,cell2d,328ee,ee,60460,0.591213,6.77566,1.33964,4.48322,0,0,60421,0,2.40091,37,0,0,0.00240896,5.71589e-06,0,0,0,0,39,0
cloth-funnel,device-tight,cell2d,331ee,ee,55679,0.58507,6.79812,1.39362,3.50802,0,0,55649,0,1.84609,28,0,0,0.000170854,5.59872e-06,0,0,0,0,30,0
cloth-funnel,device-tight,cell2d,335ee,ee,47736,0.583309,7.14147,1.19231,3.95811,0,0,47716,0,1.74826,19,0,0,0.000996606,0,0,0,0,0,20,0
cloth-funnel,device-tight,cell2d,337vf,vf,7989,0.582126,4.88058,1.29282,1.51688,0,0,7985,0,1.1926,4,0,0,0.00127867,0.000113881,0,4.21604e-05,0.00117111,0.00121327,4,0.00117111
cloth-funnel,device-tight,cell2d,340vf,vf,7459,0.583021,5.22828,1.34799,1.37292,0,0,7458,0,1.33305,0,0,0,0,0,0,0,1,1,1,1
cloth-funnel,device-tight,cell2d,343vf,vf,7167,0.586605,4.84548,1.46517,1.3429,0,0,7165,0,1.3782,1,0,0,5.26327e-05,5.26327e-05,0,6.40768e-05,0.20314,0.203204,2,0.203152
cloth-funnel,device-tight,cell2d,347ee,ee,47595,0.583214,6.77332,1.31797,2.83079,0,0,47572,0,1.86199,23,0,0,0.0407121,0,0,0,0,0,23,0
cloth-funnel,device-tight,cell2d,350ee,ee,43598,0.58443,6.79377,1.2335,3.31157,0,0,43576,0,1.78333,20,0,0,9.44074e-05,0,0,0,0,0,22,0
cloth-funnel,device-tight,cell2d,353vf,vf,7074,0.59083,4.80858,1.42655,1.69406,0,0,7072,0,1.55845,1,0,0,0.00163364,0.00163364,0,0.00163364,0.00253296,0.0041666,2,0.00253296
cloth-funnel,device-tight,cell2d,356vf,vf,7324,0.59051,5.08762,1.00861,0.913699,1,0,7323,0,0.984865,0,0,0,0,0,0,1,0,1,1,0
cloth-funnel,device-tight,cell2d,360ee,ee,46845,0.580173,6.87089,1.27337,3.85607,1,0,46813,0,1.98106,29,0,0,0.0172735,1.11865e-05,0,0,0,0,32,0
cloth-funnel,device-tight,cell2d,363ee,ee,44897,0.584749,6.95565,1.19964,3.60568,0,0,44875,0,1.8738,22,0,0,0.0121626,0,0,0,0,0,22,0
cloth-funnel,device-tight,cell2d,366vf,vf,7180,0.58523,4.75649,1.47013,1.49656,0,0,7178,0,1.45983,1,0,0,0.000348707,0.000348707,0,0.000348707,0.159126,0.159475,2,0.159126
cloth-funnel,device-tight,cell2d,369vf,vf,8239,0.582734,4.86906,1.079,1.21148,0,0,8237,0,0.982241,2,0,0,0.0010651,0.0010651,0,0.0010651,0.76062,0.761685,2,0.76062
cloth-funnel,device-tight,cell2d,373ee,ee,46792,0.574446,6.88295,1.25759,3.85783,0,0,46766,0,2.02544,25,0,0,0.00419522,0,0,0,0,0,26,0
cloth-funnel,device-tight,cell2d,376ee,ee,47824,0.587501,7.21555,1.29071,4.36389,0,0,47796,0,1.85088,26,0,0,0.00110793,5.26305e-06,0,0,0,0,28,0
cloth-funnel,device-tight,cell2d,378vf,vf,7964,0.596717,4.83745,1.57221,1.50338,0,0,7962,0,1.44632,1,0,0,0.00374804,0.00374804,0,0.00374804,0.215683,0.219431,2,0.215683
cloth-funnel,device-tight,cell2d,381vf,vf,10616,0.557838,4.93735,1.27865,1.75066,0,0,10612,0,1.44677,2,0,0,0.000414227,0.000414227,0,8.0384e-06,1.14441e-05,1.94825e-05,4,1.14441e-05
cloth-funnel,device-tight,cell2d,384vf,vf,15759,0.545487,4.70449,1.08905,1.05709,0,0,15757,0,1.16601,2,0,0,2.15698e-05,2.15698e-05,0,6.08717e-06,0.844894,0.8449,2,0.844894
cloth-funnel,device-tight,cell2d,387vf,vf,21176,0.539599,4.78033,1.35349,1.74609,0,0,21174,0,1.41743,2,0,0,0.000258315,0.000258315,0,0.000258315,0.014267,0.0145253,2,0.014267
cloth-funnel,device-tight,cell2d,390ee,ee,110978,0.531152,7.33628,1.23702,2.98259,0,0,110956,0,2.00592,22,0,0,0.000192703,0,0,0,0,0,22,0
cloth-funnel,device-tight,cell2d,393vf,vf,29443,0.550638,4.96381,1.30412,1.77994,0,0,29440,0,1.20371,3,0,0,0.00230415,0.00102598,0,0.00102598,0.000244141,0.00127012,3,0.000244141
cloth-funnel,device-tight,cell2d,399ee,ee,256500,0.458577,8.15021,1.25865,3.78295,0,0,256485,0,2.32767,15,0,0,0.0016105,0,0,0,0,0,15,0
cloth-funnel,device-tight,cell2d,405ee,ee,455642,0.44709,7.48386,1.33541,3.44437,0,0,455626,0,2.57957,16,0,0,0.000689562,0,0,0,0,0,16,0
cloth-funnel,device-tight,cell2d,409ee,ee,450739,0.437139,6.64123,1.34399,3.24851,0,0,450720,0,2.5413,19,0,0,0.00275799,0,0,0,0,0,19,0
cloth-funnel,device-tight,cell2d,414ee,ee,388206,0.44037,5.79412,1.35311,3.49394,0,0,388191,0,2.37564,15,0,0,0.000689295,0,0,0,0,0,15,0
cloth-funnel,device-tight,cell2d,418vf,vf,203660,0.390707,5.355,1.78993,2.54613,0,0,203650,0,1.99149,10,0,0,0.000284583,3.8147e-06,0,0,0,0,10,0
cloth-funnel,device-tight,cell2d,421vf,vf,88447,0.377428,4.28044,1.63275,3.27174,0,0,88443,0,2.70203,4,0,0,0,0,0,0,0,0,4,0
cloth-funnel,device-tight,cell2d,424vf,vf,25307,0.413075,3.00659,1.3614,1.84221,0,0,25304,0,1.6587,3,0,0,0.00068,0.00036851,0,0,0,0,3,0
cloth-funnel,device-tight,cell2d,427ee,ee,39608,0.44341,3.17107,1.24329,4.26348,0,0,39583,0,1.83863,23,0,0,0.000713517,0,0,0,0,0,25,0
cloth-funnel,device-tight,cell2d,431ee,ee,20512,0.4748,3.14403,1.32137,3.25378,0,0,20495,0,1.76727,16,0,0,0.000999855,0,0,0,0,0,17,0
cloth-funnel,device-tight,cell2d,435vf,vf,3474,0.476945,2.25628,1.36786,1.08592,0,0,3473,0,1.17062,1,0,0,0.000593729,0.000593729,0,0.000593729,0.616089,0.616683,1,0.616089
cloth-funnel,device-tight,cell2d,440ee,ee,15203,0.479377,3.02522,2.1863,3.22662,0,0,15187,0,1.84647,16,0,0,0.00285608,0,0,0,0,0,16,0
cloth-funnel,device-tight,cell2d,443vf,vf,2985,0.478993,2.10473,1.20595,1.12633,0,0,2984,0,1.00288,1,0,0,0.000741035,0.000741035,0,0.000741035,0.0863037,0.0870447,1,0.0863037
cloth-funnel,device-tight,cell2d,448vf,vf,2797,0.5284,2.02858,1.16467,1.05961,0,0,2796,0,1.26662,1,0,0,0.000569012,0.000569012,0,0.000569012,0.525269,0.525838,1,0.525269
cloth-funnel,device-tight,cell2d,451vf,vf,2784,0.535375,2.0616,1.41467,1.39743,0,0,2781,0,1.4094,3,0,0,0.00121463,0.00113114,0,0.00113114,0.0181885,0.0193196,3,0.0181885
cloth-funnel,device-tight,cell2d,457ee,ee,13409,0.530319,3.10963,1.31125,3.60529,0,0,13394,0,1.8793,13,0,0,0,0,0,0,0,0,15,0
cloth-funnel,device-tight,cell2d,460vf,vf,2774,0.50952,1.99002,1.0727,0.970658,0,0,2773,0,0.995457,1,0,0,0.00038065,0.00038065,0,0.00038065,0.533813,0.534194,1,0.533813
cloth-funnel,device-tight,cell2d,465ee,ee,13368,0.512751,3.01792,1.35976,3.68459,0,0,13353,0,1.82756,15,0,0,0.00124605,0,0,0,0,0,15,0
cloth-funnel,device-tight,cell2d,469ee,ee,13367,0.508847,3.07088,1.2206,4.17516,0,0,13351,0,1.95565,16,0,0,0.00315822,0,0,0,0,0,16,0
cloth-funnel,device-tight,cell2d,473vf,vf,2770,0.51096,2.03862,1.21823,0.915779,0,0,2769,0,1.00822,1,0,0,0.000166584,0.000166584,0,0.000166584,0.47229,0.472457,1,0.47229
cloth-funnel,device-tight,cell2d,476vf,vf,2769,0.51,1.93927,1.25913,1.03395,0,0,2768,0,1.12685,1,0,0,0.000426484,0.000426484,0,0.000426484,0.841797,0.842223,1,0.841797
cloth-funnel,device-tight,cell2d,479vf,vf,2775,0.512688,1.99738,1.07261,1.18396,0,0,2773,0,1.02522,2,0,0,0.000425942,0.000425942,0,0.000425942,0.22644,0.226866,2,0.22644
cloth-funnel,device-tight,cell2d,482vf,vf,2776,0.504816,2.01926,1.53137,1.00957,0,0,2775,0,1.2054,1,0,0,0.000809604,0.000809604,0,0.000809604,0.164062,0.164872,1,0.164062
cloth-funnel,device-tight,cell2d,486vf,vf,2772,0.508336,2.01629,1.19353,1.02362,0,0,2771,0,1.0575,1,0,0,0.00109881,0.00109881,0,0.00109881,0.575439,0.576538,1,0.575439
cloth-funnel,device-tight,cell2d,490ee,ee,13332,0.506448,3.08189,1.22937,2.75217,0,0,13317,0,2.0343,14,0,0,0.00367546,0,0,0,0,0,15,0
cloth-funnel,device-tight,cell2d,492vf,vf,2761,0.569486,2.02688,1.16502,1.06153,0,0,2760,0,1.10595,1,0,0,0.000886826,0.000886826,0,0.000886826,0.0264893,0.0273761,1,0.0264893
cloth-funnel,device-tight,cell2d,496ee,ee,13344,0.528271,3.1199,1.3134,3.94343,0,0,13330,0,1.74516,14,0,0,0.000386597,0,0,0,0,0,14,0
cloth-funnel,device-tight,cell2d,53ee,ee,27746,0.521903,2.84084,0.986273,0.960546,0,0,27745,0,0.963585,1,0,0,0.000504498,0.000504498,0,0.000504498,0.736694,0.737199,1,0.736694
cloth-funnel,device-tight,cell2d,64ee,ee,27689,0.517104,2.83665,1.0807,0.975745,0,0,27688,0,0.98544,1,0,0,0.00534556,0.00534556,0,0.00534556,0.166016,0.171361,1,0.166016
cloth-funnel,device-tight,cell2dmin,103ee,ee,27918,0.332502,1.40373,1.00093,1.07859,0,0,27915,0,1.01142,3,0,0,0.0018329,0.000776686,0,0.000298219,0.174438,0.174737,3,0.174438
cloth-funnel,device-tight,cell2dmin,108ee,ee,27957,0.386804,1.54194,1.15088,1.07638,0,0,27956,0,1.00096,1,0,0,0.00107803,0.00107803,0,0.00107803,0.258789,0.259867,1,0.258789
cloth-funnel,device-tight,cell2dmin,120ee,ee,28253,0.351637,1.22639,1.17113,1.02883,0,0,28252,0,1.03078,1,0,0,0.00144089,0.00144089,0,0.00144089,0.236328,0.237769,1,0.236328
cloth-funnel,device-tight,cell2dmin,133ee,ee,29054,0.350165,1.2621,1.11452,0.976193,0,0,29053,0,0.991232,1,0,0,0.00185058,0.00185058,0,0.00185058,0.320068,0.321919,1,0.320068
cloth-funnel,device-tight,cell2dmin,143ee,ee,33560,0.327926,1.10512,1.16102,1.11472,0,0,33558,0,11.1959,2,0,0,0.00124909,0.00124909,0,0.00104071,0.562378,0.563419,2,0.562378
cloth-funnel,device-tight,cell2dmin,148vf,vf,11130,0.313398,2.08857,1.21187,1.18681,0,0,11129,0,1.04301,1,0,0,0.000250163,0.000250163,0,0.000250163,0.484619,0.484869,1,0.484619
cloth-funnel,device-tight,cell2dmin,159ee,ee,33644,0.333174,1.18047,1.07709,1.03725,0,0,33643,0,0.99392,1,0,0,0.000819231,0.000819231,0,0.000819231,0.785522,0.786342,1,0.785522
cloth-funnel,device-tight,cell2dmin,167ee,ee,33268,0.331445,1.19347,1.32309,1.06521,0,0,33265,0,2.09459,3,0,0,1.82791e-06,1.3762e-06,0,1.3762e-06,0.0236511,0.0236525,3,0.0236511
cloth-funnel,device-tight,cell2dmin,174ee,ee,35429,0.319893,1.20713,1.13049,1.01578,0,0,35428,0,1.03808,1,0,0,0.00231309,0.00231309,0,0.00231309,0.792847,0.79516,1,0.792847
cloth-funnel,device-tight,cell2dmin,178ee,ee,34357,0.340981,1.24009,1.05254,0.932226,0,0,34356,0,0.932962,0,0,0,0,0,0,0,1,1,1,1
cloth-funnel,device-tight,cell2dmin,185ee,ee,35908,0.334485,1.28684,1.10621,0.956194,0,0,35907,0,0.986753,1,0,0,0.000574723,0.000574723,0,0.000574723,0.231812,0.232386,1,0.231812
cloth-funnel,device-tight,cell2dmin,190ee,ee,34548,0.351637,1.34402,1.78564,1.65144,0,0,34546,0,2.06093,2,0,0,0.000750072,0.000750072,0,0.00075031,0.0976026,0.0983529,2,0.0976028
cloth-funnel,device-tight,cell2dmin,195ee,ee,33831,0.325494,1.36879,2.15638,2.99555,0,0,33828,0,1.8928,2,0,0,0.000615549,0.000615549,0,0.000615549,0.376878,0.377494,3,0.376878
cloth-funnel,device-tight,cell2dmin,202vf,vf,8685,0.344533,3.44805,1.36194,1.11248,0,0,8684,0,1.08492,1,0,0,0.00160953,0.00160953,0,0.00160953,0.749023,0.750633,1,0.749023
cloth-funnel,device-tight,cell2dmin,208ee,ee,39836,0.335029,1.40421,1.12716,1.02598,0,0,39833,0,1.01738,3,0,0,0.000325483,0.00022659,0,0.000193217,0.126953,0.127146,3,0.126953
cloth-funnel,device-tight,cell2dmin,213ee,ee,42234,0.343317,1.43624,1.0944,0.990273,0,0,42232,0,0.979361,2,0,0,0.00116341,0.00116341,0,0.00116341,0.839111,0.840275,2,0.839111
cloth-funnel,device-tight,cell2dmin,217vf,vf,8203,0.342069,4.30521,1.24428,1.09068,0,0,8202,0,1.11017,1,0,0,0.00135005,0.00135005,0,0.00135005,0.460938,0.462288,1,0.460938
cloth-funnel,device-tight,cell2dmin,222ee,ee,31483,0.350453,1.59557,1.15299,1.07753,0,0,31480,0,1.09014,3,0,0,0.00125555,0.00102144,0,0.00125555,0.700684,0.701939,3,0.700684
cloth-funnel,device-tight,cell2dmin,226vf,vf,7265,0.343413,4.47554,1.17212,1.21206,0,0,7264,0,1.0377,1,0,0,0.00073251,0.00073251,0,0.00073251,0.120361,0.121094,1,0.120361
cloth-funnel,device-tight,cell2dmin,229vf,vf,7373,0.349653,4.45602,1.26988,0.964929,0,0,7372,0,1.30041,1,0,0,0.000455516,0.000455516,0,0.000455516,0.419434,0.419889,1,0.419434
cloth-funnel,device-tight,cell2dmin,232vf,vf,6983,0.346805,4.45148,1.10793,1.19279,0,0,6981,0,1.08131,1,0,0,0.000100973,0.000100973,0,0.000100973,0.387268,0.387369,2,0.387268
cloth-funnel,device-tight,cell2dmin,237ee,ee,35558,0.350484,1.51416,1.48206,3.31215,0,0,35541,0,2.32898,16,0,0,0.000709232,0,0,0,0,0,17,0
cloth-funnel,device-tight,cell2dmin,239vf,vf,7056,0.358741,4.59019,1.08278,1.11219,0,0,7055,0,0.965313,1,0,0,0.000136962,0.000136962,0,0.000136962,0.508545,0.508682,1,0.508545
cloth-funnel,device-tight,cell2dmin,242vf,vf,7623,0.352213,4.58507,1.10166,1.10013,0,0,7620,0,0.957601,3,0,0,0.000459821,4.61658e-06,0,0.000459821,0.261475,0.261934,3,0.261475
cloth-funnel,device-tight,cell2dmin,246ee,ee,33161,0.36018,1.52226,1.50485,2.98928,0,0,33144,0,2.42043,15,0,0,0.00118529,0,0,0,0,0,17,0
cloth-funnel,device-tight,cell2dmin,249ee,ee,33438,0.347829,1.46712,1.35356,4.31007,0,0,33419,0,2.11894,19,0,0,0.0199673,0,0,0,0,0,19,0
cloth-funnel,device-tight,cell2dmin,252vf,vf,6739,0.353013,4.52699,1.02144,0.973121,0,0,6738,0,0.951906,1,0,0,0.000620903,0.000620903,0,0.000620903,0.179565,0.180186,1,0.179565
cloth-funnel,device-tight,cell2dmin,255ee,ee,34941,0.353813,1.42712,1.48459,3.01702,1,0,34926,0,1.82865,14,0,0,0.000471506,0,0,0,0,0,15,0
cloth-funnel,device-tight,cell2dmin,258vf,vf,6105,0.357428,4.9112,1.1662,1.05913,0,0,6104,0,1.02202,1,0,0,0.00376489,0.00376489,0,0.00376489,0.570068,0.573833,1,0.570068
cloth-funnel,device-tight,cell2dmin,262ee,ee,34323,0.352437,1.43698,1.33026,3.28636,1,0,34306,0,1.85441,16,0,0,0.00199497,0,0,0,0,0,17,0
cloth-funnel,device-tight,cell2dmin,265vf,vf,6576,0.371636,4.69336,1.04601,0.930338,0,0,6575,0,1.12809,1,0,0,0.000203828,0.000203828,0,0.000203828,0.00183105,0.00203488,1,0.00183105
cloth-funnel,device-tight,cell2dmin,269ee,ee,38675,0.349813,1.43314,1.30098,2.61118,0,0,38656,0,1.75265,18,0,0,0.00115964,0,0,0,0,0,19,0
cloth-funnel,device-tight,cell2dmin,273ee,ee,33807,0.357877,1.29103,1.28188,3.32278,0,0,33790,0,1.84602,16,0,0,0.0437131,0,0,0,0,0,17,0
cloth-funnel,device-tight,cell2dmin,276vf,vf,6291,0.353589,5.1264,1.32863,0.926274,0,0,6290,0,0.920483,1,0,0,6.73357e-05,6.73357e-05,0,6.73357e-05,0.95813,0.958197,1,0.95813
cloth-funnel,device-tight,cell2dmin,280vf,vf,7078,0.357653,5.13152,1.394,1.4588,0,0,7076,0,1.35922,2,0,0,0.000262588,0.000262588,0,0.000101369,0.124004,0.124106,2,0.124004
cloth-funnel,device-tight,cell2dmin,283vf,vf,6728,0.351509,5.20223,1.06665,0.93533,0,0,6727,0,0.985825,1,0,0,0.000109089,0.000109089,0,0.000109089,0.898926,0.899035,1,0.898926
cloth-funnel,device-tight,cell2dmin,287ee,ee,38287,0.35362,1.32965,1.41288,4.16195,0,0,38258,0,1.94141,29,0,0,0.0330471,4.4323e-06,0,0,0,0,29,0
cloth-funnel,device-tight,cell2dmin,290vf,vf,6752,0.353109,4.85396,1.52021,1.13088,0,0,6751,0,1.30972,1,0,0,0.00021766,0.00021766,0,0.00021766,0.00215149,0.00236915,1,0.00215149
cloth-funnel,device-tight,cell2dmin,293vf,vf,7020,0.358004,4.91712,1.70372,3.30175,0,0,7017,0,2.39061,2,0,0,0.00361514,0.00361514,0,0.00361514,0.0572662,0.0608814,3,0.0572662
cloth-funnel,device-tight,cell2dmin,296vf,vf,7007,0.3637,5.00509,1.46376,2.64686,0,0,6998,0,1.82461,6,0,0,0.000856794,0.000113205,0,0.000120608,0.00614929,0.0062699,9,0.00614929
cloth-funnel,device-tight,cell2dmin,299ee,ee,41326,0.360308,1.27378,1.49646,3.98829,0,0,41287,0,3.69342,33,0,0,0.0491759,1.02334e-05,0,0,0,0,39,0
cloth-funnel,device-tight,cell2dmin,302ee,ee,42707,0.361749,1.30226,1.52994,5.28066,0,0,42665,0,1.90442,37,0,0,0.00148866,8.47324e-06,0,0,0,0,42,0
cloth-funnel,device-tight,cell2dmin,305ee,ee,42453,0.371477,1.3517,1.74375,4.33986,0,0,42418,0,2.06893,32,0,0,0.0964526,5.65929e-06,0,0,0,0,35,0
cloth-funnel,device-tight,cell2dmin,308ee,ee,45470,0.362516,1.40472,1.53768,4.97171,0,0,45423,0,2.11936,44,0,0,0.000815545,8.93609e-06,0,0,0,0,47,0
cloth-funnel,device-tight,cell2dmin,310vf,vf,7929,0.37506,4.97629,1.84621,5.63176,2,0,7909,0,8.49141,10,0,0,0.00276797,8.3859e-05,0,0.00397235,0,0.00397235,20,0.000144958
cloth-funnel,device-tight,cell2dmin,313vf,vf,7921,0.381683,5.14678,2.83537,5.03437,0,0,7907,0,3.24796,6,0,0,0.0179777,0.00192007,0,0.00193104,0,0.00193104,14,1.09673e-05
cloth-funnel,device-tight,cell2dmin,316vf,vf,7728,0.390611,5.01024,2.0895,4.77969,0,0,7709,0,4.03194,11,0,0,0.00515806,0.000237711,0,0.000237711,0.00437164,0.00460935,19,0.00437164
cloth-funnel,device-tight,cell2dmin,319vf,vf,7580,0.379956,4.95357,1.63704,2.62427,0,0,7573,0,1.93812,5,0,0,0.000549011,2.21782e-05,0,6.05979e-07,0.106859,0.10686,7,0.106859
cloth-funnel,device-tight,cell2dmin,322ee,ee,45748,0.36386,1.32063,1.6683,5.02147,0,0,45682,0,2.30524,63,0,0,0.0396855,5.72723e-06,0,0,0,0,66,0
cloth-funnel,device-tight,cell2dmin,325ee,ee,51043,0.380052,1.40008,1.36956,4.43528,0,0,50981,0,2.06566,61,0,0,0.0625551,2.73905e-06,0,0,0,0,62,0
cloth-funnel,device-tight,cell2dmin,328ee,ee,60460,0.375604,1.37551,1.47746,4.29724,0,0,60421,0,2.06752,37,0,0,0.00240896,4.85316e-06,0,0,0,0,39,0
cloth-funnel,device-tight,cell2dmin,331ee,ee,55679,0.374644,1.33375,1.36476,3.85025,0,0,55649,0,1.96493,28,0,0,0.000170854,5.59872e-06,0,0,0,0,30,0
cloth-funnel,device-tight,cell2dmin,335ee,ee,47736,0.363349,1.40978,1.36786,3.58098,0,0,47716,0,2.20623,19,0,0,0.000996606,0,0,0,0,0,20,0
cloth-funnel,device-tight,cell2dmin,337vf,vf,7989,0.368916,4.73291,1.34527,1.61608,0,0,7985,0,1.6418,4,0,0,0.00127867,0.000113881,0,4.21604e-05,0.00117111,0.00121327,4,0.00117111
cloth-funnel,device-tight,cell2dmin,340vf,vf,7459,0.367829,5.2183,1.45323,1.32796,0,0,7458,0,1.34495,0,0,0,0,0,0,0,1,1,1,1
cloth-funnel,device-tight,cell2dmin,343vf,vf,7167,0.380116,4.82458,1.50622,1.36773,0,0,7165,0,1.41653,1,0,0,5.26327e-05,5.26327e-05,0,6.40768e-05,0.20314,0.203204,2,0.203152
cloth-funnel,device-tight,cell2dmin,347ee,ee,47595,0.375989,1.34514,1.33548,2.96234,0,0,47572,0,1.91111,23,0,0,0.0407121,0,0,0,0,0,23,0
cloth-funnel,device-tight,cell2dmin,350ee,ee,43598,0.368276,1.35487,1.33708,3.60689,0,0,43576,0,1.92231,20,0,0,9.44074e-05,0,0,0,0,0,22,0
cloth-funnel,device-tight,cell2dmin,353vf,vf,7074,0.363285,4.61508,1.4453,1.69249,0,0,7072,0,1.52379,1,0,0,0.00163364,0.00163364,0,0.00163364,0.00253296,0.0041666,2,0.00253296
cloth-funnel,device-tight,cell2dmin,356vf,vf,7324,0.359829,4.90429,1.15046,0.926339,1,0,7323,0,1.16307,0,0,0,0,0,0,1,0,1,1,0
cloth-funnel,device-tight,cell2dmin,360ee,ee,46845,0.374836,1.34399,1.45791,3.6564,1,0,46813,0,1.95392,29,0,0,0.0172735,1.11865e-05,0,0,0,0,32,0
cloth-funnel,device-tight,cell2dmin,363ee,ee,44897,0.373844,1.34172,1.32357,3.44216,0,0,44875,0,1.89744,22,0,0,0.0103239,0,0,0,0,0,22,0
cloth-funnel,device-tight,cell2dmin,366vf,vf,7180,0.359157,4.59835,1.55032,1.50344,0,0,7178,0,1.46667,1,0,0,0.000348707,0.000348707,0,0.000348707,0.159126,0.159475,2,0.159126
cloth-funnel,device-tight,cell2dmin,369vf,vf,8239,0.370517,4.71214,1.14307,1.05091,0,0,8237,0,0.998976,2,0,0,0.0010651,0.0010651,0,0.0010651,0.76062,0.761685,2,0.76062
cloth-funnel,device-tight,cell2dmin,373ee,ee,46792,0.362932,1.307,1.31765,3.287,0,0,46766,0,2.15862,25,0,0,0.00419522,0,0,0,0,0,26,0
cloth-funnel,device-tight,cell2dmin,376ee,ee,47824,0.358933,1.33439,1.39535,4.34863,0,0,47796,0,1.88615,26,0,0,0.00110793,5.26305e-06,0,0,0,0,28,0
cloth-funnel,device-tight,cell2dmin,378vf,vf,7964,0.361972,4.89159,1.56312,1.56241,0,0,7962,0,1.51246,1,0,0,0.00374804,0.00374804,0,0.00374804,0.215683,0.219431,2,0.215683
cloth-funnel,device-tight,cell2dmin,381vf,vf,10616,0.358165,4.98845,1.39416,1.7777,0,0,10612,0,1.48606,2,0,0,0.000414227,0.000414227,0,8.0384e-06,1.14441e-05,1.94825e-05,4,1.14441e-05
cloth-funnel,device-tight,cell2dmin,384vf,vf,15759,0.356629,4.75271,1.11075,1.07526,0,0,15757,0,0.98912,2,0,0,2.15698e-05,2.15698e-05,0,6.08717e-06,0.844894,0.8449,2,0.844894
cloth-funnel,device-tight,cell2dmin,387vf,vf,21176,0.362133,4.85521,1.35481,1.76574,0,0,21174,0,1.52677,2,0,0,0.000258315,0.000258315,0,0.000258315,0.014267,0.0145253,2,0.014267
cloth-funnel,device-tight,cell2dmin,390ee,ee,110978,0.364821,1.31849,1.33769,3.58891,0,0,110956,0,2.07923,22,0,0,0.000192703,0,0,0,0,0,22,0
cloth-funnel,device-tight,cell2dmin,393vf,vf,29443,0.348085,4.77825,1.31605,1.57966,0,0,29440,0,1.45138,3,0,0,0.00230415,0.00102598,0,0.00102598,0.000244141,0.00127012,3,0.000244141
cloth-funnel,device-tight,cell2dmin,399ee,ee,256500,0.332918,1.58846,1.41157,3.73246,0,0,256485,0,2.7779,15,0,0,0.0016105,0,0,0,0,0,15,0
cloth-funnel,device-tight,cell2dmin,405ee,ee,455642,0.325397,2.31465,1.39378,3.71767,0,0,455626,0,2.72948,16,0,0,0.000689562,0,0,0,0,0,16,0
cloth-funnel,device-tight,cell2dmin,409ee,ee,450739,0.317429,1.30111,1.35967,3.32325,0,0,450720,0,2.69057,19,0,0,0.00275799,0,0,0,0,0,19,0
cloth-funnel,device-tight,cell2dmin,414ee,ee,388206,0.332373,2.00093,1.38319,2.71038,0,0,388191,0,3.18982,15,0,0,0.000689295,0,0,0,0,0,15,0
cloth-funnel,device-tight,cell2dmin,418vf,vf,203660,0.308374,5.27177,1.634,2.62558,0,0,203650,0,2.01299,10,0,0,0.000284583,3.8147e-06,0,0,0,0,10,0
cloth-funnel,device-tight,cell2dmin,421vf,vf,88447,0.324981,4.24355,1.64574,3.06016,0,0,88443,0,2.53749,4,0,0,0,0,0,0,0,0,4,0
cloth-funnel,device-tight,cell2dmin,424vf,vf,25307,0.318389,2.93895,1.42056,1.71678,0,0,25304,0,1.50414,3,0,0,0.00068,0.00036851,0,0,0,0,3,0
cloth-funnel,device-tight,cell2dmin,427ee,ee,39608,0.316022,1.05475,1.35071,3.30053,0,0,39583,0,1.83364,23,0,0,0.000713517,0,0,0,0,0,25,0
cloth-funnel,device-tight,cell2dmin,431ee,ee,20512,0.322646,1.11216,1.31897,3.47595,0,0,20495,0,1.96941,16,0,0,0.000999855,0,0,0,0,0,17,0
cloth-funnel,device-tight,cell2dmin,435vf,vf,3474,0.328598,2.21247,1.32226,1.10665,0,0,3473,0,1.17315,1,0,0,0.000593729,0.000593729,0,0.000593729,0.616089,0.616683,1,0.616089
cloth-funnel,device-tight,cell2dmin,440ee,ee,15203,0.329174,1.18681,1.34914,3.32943,0,0,15187,0,1.81236,16,0,0,0.00285608,0,0,0,0,0,16,0
cloth-funnel,device-tight,cell2dmin,443vf,vf,2985,0.322198,2.06992,1.15628,0.96285,0,0,2984,0,1.20079,1,0,0,0.000741035,0.000741035,0,0.000741035,0.0863037,0.0870447,1,0.0863037
cloth-funnel,device-tight,cell2dmin,448vf,vf,2797,0.338549,1.98858,2.1432,1.06989,0,0,2796,0,1.14726,1,0,0,0.000569012,0.000569012,0,0.000569012,0.525269,0.525838,1,0.525269
cloth-funnel,device-tight,cell2dmin,451vf,vf,2784,0.360341,2.01865,1.51218,1.62062,0,0,2781,0,1.36511,3,0,0,0.00121463,0.00113114,0,0.00113114,0.0181885,0.0193196,3,0.0181885
cloth-funnel,device-tight,cell2dmin,457ee,ee,13409,0.331701,1.23039,1.39298,3.23791,0,0,13394,0,2.10707,13,0,0,0,0,0,0,0,0,15,0
cloth-funnel,device-tight,cell2dmin,460vf,vf,2774,0.32991,1.94957,1.15657,0.962657,0,0,2773,0,1.01469,1,0,0,0.00038065,0.00038065,0,0.00038065,0.533813,0.534194,1,0.533813
cloth-funnel,device-tight,cell2dmin,465ee,ee,13368,0.329045,1.25532,1.3462,3.39369,0,0,13353,0,1.86224,15,0,0,0.00124605,0,0,0,0,0,15,0
cloth-funnel,device-tight,cell2dmin,469ee,ee,13367,0.333237,1.2446,1.44763,3.73918,0,0,13351,0,3.90474,16,0,0,0.00315822,0,0,0,0,0,16,0
cloth-funnel,device-tight,cell2dmin,473vf,vf,2770,0.329685,1.99808,1.08141,1.0255,0,0,2769,0,1.1399,1,0,0,0.000166584,0.000166584,0,0.000166584,0.47229,0.472457,1,0.47229
cloth-funnel,device-tight,cell2dmin,476vf,vf,2769,0.33039,1.92781,1.28892,1.01392,0,0,2768,0,1.15036,1,0,0,0.000426484,0.000426484,0,0.000426484,0.841797,0.842223,1,0.841797
cloth-funnel,device-tight,cell2dmin,479vf,vf,2775,0.331158,1.98022,1.16822,1.0273,0,0,2773,0,1.04656,2,0,0,0.000425942,0.000425942,0,0.000425942,0.22644,0.226866,2,0.22644
cloth-funnel,device-tight,cell2dmin,482vf,vf,2776,0.330966,1.99181,1.42863,1.22402,0,0,2775,0,1.18553,1,0,0,0.000809604,0.000809604,0,0.000809604,0.164062,0.164872,1,0.164062
cloth-funnel,device-tight,cell2dmin,486vf,vf,2772,0.33023,1.9729,1.1911,1.01146,0,0,2771,0,1.05955,1,0,0,0.00109881,0.00109881,0,0.00109881,0.575439,0.576538,1,0.575439
cloth-funnel,device-tight,cell2dmin,490ee,ee,13332,0.330902,1.28386,1.35586,3.67355,0,0,13317,0,1.89677,14,0,0,0.00367546,0,0,0,0,0,15,0
cloth-funnel,device-tight,cell2dmin,492vf,vf,2761,0.33087,2.00669,1.211,1.03139,0,0,2760,0,1.07408,1,0,0,0.000886826,0.000886826,0,0.000886826,0.0264893,0.0273761,1,0.0264893
cloth-funnel,device-tight,cell2dmin,496ee,ee,13344,0.335893,1.20838,1.33916,3.24918,0,0,13330,0,1.67963,14,0,0,0.000386597,0,0,0,0,0,14,0
cloth-funnel,device-tight,cell2dmin,53ee,ee,27746,0.345461,1.24639,1.19718,0.948866,0,0,27745,0,0.983905,1,0,0,0.000504498,0.000504498,0,0.000504498,0.736694,0.737199,1,0.736694
cloth-funnel,device-tight,cell2dmin,64ee,ee,27689,0.340437,1.23081,1.08912,0.982721,0,0,27688,0,0.991232,1,0,0,0.00534556,0.00534556,0,0.00534556,0.166016,0.171361,1,0.166016
cloth-funnel,device-tight,cell2dmin,103ee,ee,27918,0.330006,1.34024,1.00064,1.07033,0,0,27915,0,1.13248,3,0,0,0.0018329,0.000776686,0,0.000298219,0.174438,0.174737,3,0.174438
cloth-funnel,device-tight,cell2dmin,108ee,ee,27957,0.400371,1.39058,2.18067,0.990881,0,0,27956,0,1.15347,1,0,0,0.00107803,0.00107803,0,0.00107803,0.258789,0.259867,1,0.258789
cloth-funnel,device-tight,cell2dmin,120ee,ee,28253,0.418771,1.2189,1.10973,1.02314,0,0,28252,0,1.27391,1,0,0,0.00144089,0.00144089,0,0.00144089,0.236328,0.237769,1,0.236328
cloth-funnel,device-tight,cell2dmin,133ee,ee,29054,0.347445,1.24582,1.17657,0.990561,0,0,29053,0,1.9105,1,0,0,0.00185058,0.00185058,0,0.00185058,0.320068,0.321919,1,0.320068
cloth-funnel,device-tight,cell2dmin,143ee,ee,33560,0.334613,1.0951,1.263,1.15571,0,0,33558,0,1.05974,2,0,0,0.00124909,0.00124909,0,0.00104071,0.562378,0.563419,2,0.562378
cloth-funnel,device-tight,cell2dmin,148vf,vf,11130,0.307734,2.07305,1.03142,1.02157,0,0,11129,0,1.0191,1,0,0,0.000250163,0.000250163,0,0.000250163,0.484619,0.484869,1,0.484619
cloth-funnel,device-tight,cell2dmin,159ee,ee,33644,0.335797,1.17168,1.01731,0.93229,0,0,33643,0,1.00016,1,0,0,0.000819231,0.000819231,0,0.000819231,0.785522,0.786342,1,0.785522
cloth-funnel,device-tight,cell2dmin,167ee,ee,33268,0.329077,1.15184,1.21561,1.00726,0,0,33265,0,1.36876,3,0,0,1.82791e-06,1.3762e-06,0,1.3762e-06,0.0236511,0.0236525,3,0.0236511
cloth-funnel,device-tight,cell2dmin,174ee,ee,35429,0.324917,1.24323,1.09248,0.990849,0,0,35428,0,1.02269,1,0,0,0.00231309,0.00231309,0,0.00231309,0.792847,0.79516,1,0.792847
cloth-funnel,device-tight,cell2dmin,178ee,ee,34357,0.342517,1.21276,0.96589,0.918499,0,0,34356,0,0.952354,0,0,0,0,0,0,0,1,1,1,1
cloth-funnel,device-tight,cell2dmin,185ee,ee,35908,0.339157,1.29305,1.09264,0.958754,0,0,35907,0,1.00845,1,0,0,0.000574723,0.000574723,0,0.000574723,0.231812,0.232386,1,0.231812
cloth-funnel,device-tight,cell2dmin,190ee,ee,34548,0.344181,1.29701,1.78167,1.6147,0,0,34546,0,1.36079,2,0,0,0.000750072,0.000750072,0,0.000750072,0.0976028,0.0983529,2,0.0976028
cloth-funnel,device-tight,cell2dmin,195ee,ee,33831,0.334805,1.36079,2.58347,1.9687,0,0,33828,0,2.02208,2,0,0,0.00055228,0.00055228,0,0.000615549,0.376878,0.377494,3,0.376942
cloth-funnel,device-tight,cell2dmin,202vf,vf,8685,0.342581,3.40072,1.12726,1.06477,0,0,8684,0,1.07113,1,0,0,0.00160953,0.00160953,0,0.00160953,0.749023,0.750633,1,0.749023
cloth-funnel,device-tight,cell2dmin,208ee,ee,39836,0.338517,1.40955,1.10841,1.00474,0,0,39833,0,1.01011,3,0,0,0.000325483,0.00022659,0,0.000193217,0.126953,0.127146,3,0.126953
cloth-funnel,device-tight,cell2dmin,213ee,ee,42234,0.343093,1.40812,1.02774,0.996897,0,0,42232,0,0.981537,2,0,0,0.00116341,0.00116341,0,0.00116341,0.839111,0.840275,2,0.839111
cloth-funnel,device-tight,cell2dmin,217vf,vf,8203,0.354837,4.26204,1.32338,1.09888,0,0,8202,0,1.84989,1,0,0,0.00135005,0.00135005,0,0.00135005,0.460938,0.462288,1,0.460938
cloth-funnel,device-tight,cell2dmin,222ee,ee,31483,0.353941,1.57765,1.12604,1.08723,0,0,31480,0,1.17308,3,0,0,0.00125555,0.00102144,0,0.00125555,0.700684,0.701939,3,0.700684
cloth-funnel,device-tight,cell2dmin,226vf,vf,7265,0.354485,4.61566,1.09712,1.05561,0,0,7264,0,1.02736,1,0,0,0.00073251,0.00073251,0,0.00073251,0.120361,0.121094,1,0.120361
cloth-funnel,device-tight,cell2dmin,229vf,vf,7373,0.349077,4.64184,1.02976,0.971009,0,0,7372,0,0.939651,1,0,0,0.000455516,0.000455516,0,0.000455516,0.419434,0.419889,1,0.419434
cloth-funnel,device-tight,cell2dmin,232vf,vf,6983,0.351445,4.64405,0.974817,1.0159,0,0,6981,0,0.944034,1,0,0,0.000100973,0.000100973,0,0.000100973,0.387268,0.387369,2,0.387268
cloth-funnel,device-tight,cell2dmin,237ee,ee,35558,0.352021,1.52904,1.45074,3.33151,0,0,35541,0,2.33583,16,0,0,0.000709232,0,0,0,0,0,17,0
cloth-funnel,device-tight,cell2dmin,239vf,vf,7056,0.359637,4.38412,1.0031,0.926626,0,0,7055,0,0.927587,1,0,0,0.000136962,0.000136962,0,0.000136962,0.508545,0.508682,1,0.508545
cloth-funnel,device-tight,cell2dmin,242vf,vf,7623,0.351669,4.57745,1.08483,1.07958,0,0,7620,0,1.15315,3,0,0,0.000459821,4.61658e-06,0,0.000459821,0.261475,0.261934,3,0.261475
cloth-funnel,device-tight,cell2dmin,246ee,ee,33161,0.358292,1.53102,1.25894,3.00806,0,0,33144,0,2.46821,15,0,0,0.00118529,0,0,0,0,0,17,0
cloth-funnel,device-tight,cell2dmin,249ee,ee,33438,0.352341,1.47109,1.31004,2.73591,0,0,33419,0,2.02688,19,0,0,0.0199673,0,0,0,0,0,19,0
cloth-funnel,device-tight,cell2dmin,252vf,vf,6739,0.354869,4.32501,1.00016,0.971073,0,0,6738,0,0.973506,1,0,0,0.000620903,0.000620903,0,0.000620903,0.179565,0.180186,1,0.179565
cloth-funnel,device-tight,cell2dmin,255ee,ee,34941,0.353237,1.43992,1.24195,2.79473,1,0,34926,0,1.71799,14,0,0,0.000471506,0,0,0,0,0,15,0
cloth-funnel,device-tight,cell2dmin,258vf,vf,6105,0.3661,4.7179,1.13132,1.03194,0,0,6104,0,1.01712,1,0,0,0.00376489,0.00376489,0,0.00376489,0.570068,0.573833,1,0.570068
cloth-funnel,device-tight,cell2dmin,262ee,ee,34323,0.351349,1.407,1.2638,3.12877,1,0,34306,0,1.9841,16,0,0,0.00199497,0,0,0,0,0,17,0
cloth-funnel,device-tight,cell2dmin,265vf,vf,6576,0.386899,4.45496,1.08393,0.931363,0,0,6575,0,1.28652,1,0,0,0.000203828,0.000203828,0,0.000203828,0.00183105,0.00203488,1,0.00183105
cloth-funnel,device-tight,cell2dmin,269ee,ee,38675,0.352757,1.4324,1.23158,2.9881,0,0,38656,0,1.93869,18,0,0,0.00115964,0,0,0,0,0,19,0
cloth-funnel,device-tight,cell2dmin,273ee,ee,33807,0.360372,1.2687,1.31753,3.02,0,0,33790,0,1.84721,16,0,0,0.0437131,0,0,0,0,0,17,0
cloth-funnel,device-tight,cell2dmin,276vf,vf,6291,0.359253,4.87146,0.990913,0.926274,0,0,6290,0,0.909251,1,0,0,6.73357e-05,6.73357e-05,0,6.73357e-05,0.95813,0.958197,1,0.95813
cloth-funnel,device-tight,cell2dmin,280vf,vf,7078,0.355348,4.89569,1.37173,1.39848,0,0,7076,0,1.35817,2,0,0,0.000262588,0.000262588,0,0.000101369,0.124004,0.124106,2,0.124004
cloth-funnel,device-tight,cell2dmin,283vf,vf,6728,0.353845,5.15622,1.0008,0.933698,0,0,6727,0,0.945698,1,0,0,0.000109089,0.000109089,0,0.000109089,0.898926,0.899035,1,0.898926
cloth-funnel,device-tight,cell2dmin,287ee,ee,38287,0.356181,1.2935,2.23375,3.78615,0,0,38258,0,2.17871,29,0,0,0.0330471,4.4323e-06,0,0,0,0,29,0
cloth-funnel,device-tight,cell2dmin,290vf,vf,6752,0.352149,4.8251,1.4029,1.11363,0,0,6751,0,1.37833,1,0,0,0.00021766,0.00021766,0,0.00021766,0.00215149,0.00236915,1,0.00215149
cloth-funnel,device-tight,cell2dmin,293vf,vf,7020,0.359444,4.89396,1.72423,3.37378,0,0,7017,0,3.87984,2,0,0,0.00361514,0.00361514,0,0.00361514,0.0572662,0.0608814,3,0.0572662
cloth-funnel,device-tight,cell2dmin,296vf,vf,7007,0.364437,4.92244,1.40674,2.68967,0,0,6998,0,1.62801,6,0,0,0.000856794,0.000113205,0,0.000120608,0.00614929,0.0062699,9,0.00614929
cloth-funnel,device-tight,cell2dmin,299ee,ee,41326,0.364852,1.29442,1.45461,4.42514,0,0,41287,0,3.67659,33,0,0,0.0491759,1.02334e-05,0,0,0,0,39,0
cloth-funnel,device-tight,cell2dmin,302ee,ee,42707,0.362805,1.29753,1.47951,4.41548,0,0,42665,0,2.10045,37,0,0,0.00148866,8.47324e-06,0,0,0,0,42,0
cloth-funnel,device-tight,cell2dmin,305ee,ee,42453,0.377428,1.34642,1.40463,4.67419,0,0,42418,0,1.97991,32,0,0,0.0964526,5.65929e-06,0,0,0,0,35,0
cloth-funnel,device-tight,cell2dmin,308ee,ee,45470,0.361141,1.40482,1.63125,4.75406,0,0,45423,0,2.22809,44,0,0,0.000815545,7.12481e-06,0,0,0,0,47,0
cloth-funnel,device-tight,cell2dmin,310vf,vf,7929,0.395155,4.85962,1.65867,5.95392,2,0,7909,0,20.7302,10,0,0,0.00252001,8.3859e-05,0,0.0038293,0.000143051,0.00397235,20,0.000144958
cloth-funnel,device-tight,cell2dmin,313vf,vf,7921,0.373716,5.00426,2.4851,4.49144,0,0,7907,0,3.69972,6,0,0,0.0179777,0.00192007,0,0.00193104,0,0.00193104,14,1.09673e-05
cloth-funnel,device-tight,cell2dmin,316vf,vf,7728,0.357877,4.89684,2.41944,4.85431,0,0,7709,0,3.59595,11,0,0,0.00515806,0.000237711,0,0.000237711,0.00437164,0.00460935,19,0.00437164
cloth-funnel,device-tight,cell2dmin,319vf,vf,7580,0.376372,4.81866,1.58824,2.95165,0,0,7573,0,2.06617,5,0,0,0.000549011,2.21782e-05,0,6.05979e-07,0.106859,0.10686,7,0.106859
cloth-funnel,device-tight,cell2dmin,322ee,ee,45748,0.363797,1.33039,1.77207,4.6874,0,0,45682,0,2.24716,63,0,0,0.0396855,5.72723e-06,0,0,0,0,66,0
cloth-funnel,device-tight,cell2dmin,325ee,ee,51043,0.381556,1.4013,1.35036,4.39205,0,0,50981,0,1.9776,61,0,0,0.0625551,2.73905e-06,0,0,0,0,62,0
cloth-funnel,device-tight,cell2dmin,328ee,ee,60460,0.370452,1.36245,1.45349,3.66292,0,0,60421,0,1.89748,37,0,0,0.00240896,5.71589e-06,0,0,0,0,39,0
cloth-funnel,device-tight,cell2dmin,331ee,ee,55679,0.367413,1.32009,1.34789,3.7267,0,0,55649,0,1.87997,28,0,0,0.000170854,5.59872e-06,0,0,0,0,30,0
cloth-funnel,device-tight,cell2dmin,335ee,ee,47736,0.358549,1.38024,1.2909,3.7179,0,0,47716,0,1.92093,19,0,0,0.000996606,0,0,0,0,0,20,0
cloth-funnel,device-tight,cell2dmin,337vf,vf,7989,0.367061,4.83585,1.27506,1.52264,0,0,7985,0,1.20489,4,0,0,0.00127867,0.000113881,0,4.21604e-05,0.00117111,0.00121327,4,0.00117111
cloth-funnel,device-tight,cell2dmin,340vf,vf,7459,0.362325,5.16633,1.36696,1.33868,0,0,7458,0,1.35026,0,0,0,0,0,0,0,1,1,1,1
cloth-funnel,device-tight,cell2dmin,343vf,vf,7167,0.356981,4.78122,1.67211,1.55361,0,0,7165,0,1.33036,1,0,0,5.26327e-05,5.26327e-05,0,5.26327e-05,0.203152,0.203204,2,0.203152
cloth-funnel,device-tight,cell2dmin,347ee,ee,47595,0.372052,1.36716,1.25766,3.28585,0,0,47572,0,2.03369,23,0,0,0.0407121,0,0,0,0,0,23,0
cloth-funnel,device-tight,cell2dmin,350ee,ee,43598,0.360501,1.3502,1.32252,3.62088,0,0,43576,0,1.87184,20,0,0,9.44074e-05,0,0,0,0,0,22,0
cloth-funnel,device-tight,cell2dmin,353vf,vf,7074,0.358773,4.74711,1.30559,1.65207,0,0,7072,0,1.51666,1,0,0,0.00163364,0.00163364,0,0.00163364,0.00253296,0.0041666,2,0.00253296
cloth-funnel,device-tight,cell2dmin,356vf,vf,7324,0.359317,5.03751,1.08445,0.917282,1,0,7323,0,1.30588,0,0,0,0,0,0,1,0,1,1,0
cloth-funnel,device-tight,cell2dmin,360ee,ee,46845,0.367284,1.30569,1.40856,3.0984,1,0,46813,0,1.72983,29,0,0,0.0172735,1.11865e-05,0,0,0,0,32,0
cloth-funnel,device-tight,cell2dmin,363ee,ee,44897,0.3781,1.3181,1.23798,3.57544,0,0,44875,0,2.06128,22,0,0,0.0103239,0,0,0,0,0,22,0
cloth-funnel,device-tight,cell2dmin,366vf,vf,7180,0.356693,4.67966,1.54001,1.51173,0,0,7178,0,1.64372,1,0,0,0.000348707,0.000348707,0,0.000348707,0.159126,0.159475,2,0.159126
cloth-funnel,device-tight,cell2dmin,369vf,vf,8239,0.356469,4.80279,1.01174,1.0416,0,0,8237,0,0.983681,2,0,0,0.0010651,0.0010651,0,0.0010651,0.76062,0.761685,2,0.76062
cloth-funnel,device-tight,cell2dmin,373ee,ee,46792,0.360309,1.31538,1.3157,3.9106,0,0,46766,0,1.83204,25,0,0,0.00431729,0,0,0,0,0,26,0
cloth-funnel,device-tight,cell2dmin,376ee,ee,47824,0.353909,1.32837,1.26431,3.96346,0,0,47796,0,1.89629,26,0,0,0.00110793,5.26305e-06,0,0,0,0,28,0
cloth-funnel,device-tight,cell2dmin,378vf,vf,7964,0.356852,4.75303,1.68558,1.4972,0,0,7962,0,1.51125,1,0,0,0.00374804,0.00374804,0,0.00374804,0.215683,0.219431,2,0.215683
cloth-funnel,device-tight,cell2dmin,381vf,vf,10616,0.354005,4.88061,1.28921,1.72622,0,0,10612,0,1.7003,2,0,0,0.000414227,0.000414227,0,8.0384e-06,1.14441e-05,1.94825e-05,4,1.14441e-05
cloth-funnel,device-tight,cell2dmin,384vf,vf,15759,0.354261,4.65326,1.77633,1.06694,0,0,15757,0,1.01827,2,0,0,2.15698e-05,2.15698e-05,0,6.08717e-06,0.844894,0.8449,2,0.844894
cloth-funnel,device-tight,cell2dmin,387vf,vf,21176,0.352181,4.70551,1.36975,1.90445,0,0,21174,0,1.47263,2,0,0,0.000258315,0.000258315,0,0.000258315,0.014267,0.0145253,2,0.014267
cloth-funnel,device-tight,cell2dmin,390ee,ee,110978,0.350517,1.3166,1.29455,3.50955,0,0,110956,0,2.09645,22,0,0,0.000192703,0,0,0,0,0,22,0
cloth-funnel,device-tight,cell2dmin,393vf,vf,29443,0.348821,4.87597,1.30354,1.55547,0,0,29440,0,1.24943,3,0,0,0.00230415,0.00102598,0,0.00102598,0.000244141,0.00127012,3,0.000244141
cloth-funnel,device-tight,cell2dmin,399ee,ee,256500,0.33071,1.66785,1.38325,3.46818,0,0,256485,0,2.40239,15,0,0,0.0016105,0,0,0,0,0,15,0
cloth-funnel,device-tight,cell2dmin,405ee,ee,455642,0.326101,2.33212,1.31321,3.73684,0,0,455626,0,2.46827,16,0,0,0.000689562,0,0,0,0,0,16,0
cloth-funnel,device-tight,cell2dmin,409ee,ee,450739,0.322454,1.30681,1.37519,3.2438,0,0,450720,0,2.60286,19,0,0,0.00275799,0,0,0,0,0,19,0
cloth-funnel,device-tight,cell2dmin,414ee,ee,388206,0.335574,1.87981,1.28937,2.68811,0,0,388191,0,2.38146,15,0,0,0.000689295,0,0,0,0,0,15,0
cloth-funnel,device-tight,cell2dmin,418vf,vf,203660,0.313238,5.28492,1.60862,2.58008,0,0,203650,0,2.30022,10,0,0,0.000284583,3.8147e-06,0,0,0,0,10,0
cloth-funnel,device-tight,cell2dmin,421vf,vf,88447,0.308374,4.24271,1.82849,2.79658,0,0,88443,0,2.4397,4,0,0,0,0,0,0,0,0,4,0
cloth-funnel,device-tight,cell2dmin,424vf,vf,25307,0.318166,3.08563,1.33474,1.79441,0,0,25304,0,1.64993,3,0,0,0.00068,0.00036851,0,0,0,0,3,0
cloth-funnel,device-tight,cell2dmin,427ee,ee,39608,0.323158,1.04857,1.2815,3.97197,0,0,39583,0,1.84727,23,0,0,0.000713517,0,0,0,0,0,25,0
cloth-funnel,device-tight,cell2dmin,431ee,ee,20512,0.326742,1.11491,1.21484,3.20086,0,0,20495,0,1.79473,16,0,0,0.000999855,0,0,0,0,0,17,0
cloth-funnel,device-tight,cell2dmin,435vf,vf,3474,0.360917,2.36332,1.33049,1.09292,0,0,3473,0,1.65924,1,0,0,0.000593729,0.000593729,0,0.000593729,0.616089,0.616683,1,0.616089
cloth-funnel,device-tight,cell2dmin,440ee,ee,15203,0.347893,1.159,1.26386,3.20662,0,0,15187,0,1.93072,16,0,0,0.00285608,0,0,0,0,0,16,0
cloth-funnel,device-tight,cell2dmin,443vf,vf,2985,0.326102,2.09645,1.14345,0.981217,0,0,2984,0,1.0193,1,0,0,0.000741035,0.000741035,0,0.000741035,0.0863037,0.0870447,1,0.0863037
cloth-funnel,device-tight,cell2dmin,448vf,vf,2797,0.32463,2.03344,1.18998,1.06867,0,0,2796,0,1.13177,1,0,0,0.000569012,0.000569012,0,0.000569012,0.525269,0.525838,1,0.525269
cloth-funnel,device-tight,cell2dmin,451vf,vf,2784,0.327446,2.04064,1.42543,1.40466,0,0,2781,0,1.5491,3,0,0,0.00121463,0.00113114,0,0.00113114,0.0181885,0.0193196,3,0.0181885
cloth-funnel,device-tight,cell2dmin,457ee,ee,13409,0.327893,1.20995,1.32178,3.8386,0,0,13394,0,1.83005,13,0,0,0,0,0,0,0,0,15,0
cloth-funnel,device-tight,cell2dmin,460vf,vf,2774,0.32639,1.96675,1.1064,0.950722,0,0,2773,0,1.02208,1,0,0,0.00038065,0.00038065,0,0.00038065,0.533813,0.534194,1,0.533813
cloth-funnel,device-tight,cell2dmin,465ee,ee,13368,0.32991,1.23503,1.31897,2.98765,0,0,13353,0,1.86186,15,0,0,0.00124605,0,0,0,0,0,15,0
cloth-funnel,device-tight,cell2dmin,469ee,ee,13367,0.328085,1.25724,1.28207,3.91258,0,0,13351,0,2.08147,16,0,0,0.00315822,0,0,0,0,0,16,0
cloth-funnel,device-tight,cell2dmin,473vf,vf,2770,0.326806,2.04537,1.10044,1.02902,0,0,2769,0,1.02022,1,0,0,0.000166584,0.000166584,0,0.000166584,0.47229,0.472457,1,0.47229
cloth-funnel,device-tight,cell2dmin,476vf,vf,2769,0.334229,1.92608,1.24329,1.0583,0,0,2768,0,1.17619,1,0,0,0.000426484,0.000426484,0,0.000426484,0.841797,0.842223,1,0.841797
cloth-funnel,device-tight,cell2dmin,479vf,vf,2775,0.328374,1.99015,1.06512,1.01152,0,0,2773,0,1.04198,2,0,0,0.000425942,0.000425942,0,0.000425942,0.22644,0.226866,2,0.22644
cloth-funnel,device-tight,cell2dmin,482vf,vf,2776,0.330773,2.00282,1.31557,1.02208,0,0,2775,0,1.18284,1,0,0,0.000809604,0.000809604,0,0.000809604,0.164062,0.164872,1,0.164062
cloth-funnel,device-tight,cell2dmin,486vf,vf,2772,0.319318,1.99837,1.14518,0.992576,0,0,2771,0,1.06662,1,0,0,0.00109881,0.00109881,0,0.00109881,0.575439,0.576538,1,0.575439
cloth-funnel,device-tight,cell2dmin,490ee,ee,13332,0.322006,1.25474,1.37794,3.19788,0,0,13317,0,2.60257,14,0,0,0.00367546,0,0,0,0,0,15,0
cloth-funnel,device-tight,cell2dmin,492vf,vf,2761,0.322134,2.01702,1.16924,1.02858,0,0,2760,0,1.09705,1,0,0,0.000886826,0.000886826,0,0.000886826,0.0264893,0.0273761,1,0.0264893
cloth-funnel,device-tight,cell2dmin,496ee,ee,13344,0.32751,1.23619,1.25295,3.55374,0,0,13330,0,1.67735,14,0,0,0.000386597,0,0,0,0,0,14,0
cloth-funnel,device-tight,cell2dmin,53ee,ee,27746,0.354741,1.25388,1.04029,0.977921,0,0,27745,0,0.956066,1,0,0,0.000504498,0.000504498,0,0.000504498,0.736694,0.737199,1,0.736694
cloth-funnel,device-tight,cell2dmin,64ee,ee,27689,0.343221,1.24802,1.00653,0.979329,0,0,27688,0,0.983681,1,0,0,0.00534556,0.00534556,0,0.00534556,0.166016,0.171361,1,0.166016
n-body-simulation,device-tight,cell2d,10ee,ee,20233111,1.11261,65.7072,4.87165,18.6627,0,0,20206463,0,46.7941,26646,0,0,7.47009e-06,3.3797e-08,0,0,0,0,26648,0
n-body-simulation,device-tight,cell2d,10vf,vf,8465184,1.07629,24.5402,2.79086,8.446,0,0,8458666,0,16.0874,6517,0,0,2.27247e-06,3.68014e-08,0,0,0,0,6518,0
n-body-simulation,device-tight,cell2d,11ee,ee,22712558,1.88602,62.9461,3.81943,16.2103,0,0,22684742,0,39.9429,27816,0,0,5.50492e-06,3.18824e-08,0,0,0,0,27816,0
n-body-simulation,device-tight,cell2d,12ee,ee,23298885,1.47304,65.1204,4.09824,18.0183,0,0,23262717,0,45.9417,36168,0,0,1.40305e-05,2.83319e-08,0,0,0,0,36168,0
n-body-simulation,device-tight,cell2d,12vf,vf,9796507,5.91703,23.0235,2.95434,9.3687,0,0,9787975,0,20.2506,8532,0,0,6.40949e-06,3.16573e-08,0,0,0,0,8532,0
n-body-simulation,device-tight,cell2d,13vf,vf,8977302,1.26908,21.2533,4.36217,7.91607,0,0,8968991,0,17.9004,8311,0,0,7.07853e-06,3.2228e-08,0,0,0,0,8311,0
n-body-simulation,device-tight,cell2d,14ee,ee,21427135,1.32815,47.8665,3.75399,10.363,0,0,21391029,0,41.2037,36106,0,0,1.47457e-05,3.05747e-08,0,0,0,0,36106,0
n-body-simulation,device-tight,cell2d,15ee,ee,21984820,1.30441,49.8855,3.85434,10.8129,0,0,21949822,0,41.1236,34998,0,0,2.57831e-05,2.94038e-08,0,0,0,0,34998,0
n-body-simulation,device-tight,cell2d,15vf,vf,9248785,1.33557,18.5881,2.59726,8.59336,0,0,9240889,0,19.0086,7896,0,0,3.84543e-06,2.90388e-08,0,0,0,0,7896,0
n-body-simulation,device-tight,cell2d,16vf,vf,9005415,1.27647,19.2023,2.57857,7.80842,0,0,8996465,0,18.4771,8948,0,0,2.20536e-05,3.00982e-08,0,0,0,0,8950,0
n-body-simulation,device-tight,cell2d,17ee,ee,21072787,1.31788,56.2064,3.73003,10.4785,0,0,21036408,0,42.8649,36379,0,0,2.78751e-05,3.08238e-08,0,0,0,0,36379,0
n-body-simulation,device-tight,cell2d,18ee,ee,22366873,1.30185,63.9054,3.93856,19.7748,0,0,22325837,0,46.2036,41031,0,0,1.09356e-05,2.86359e-08,0,0,0,0,41036,0
n-body-simulation,device-tight,cell2d,18vf,vf,9396388,1.40514,24.717,2.5988,9.3271,0,0,9386928,0,20.1166,9459,0,0,9.34296e-06,3.18311e-08,0,0,0,0,9460,0
n-body-simulation,device-tight,cell2d,19ee,ee,21029393,1.40709,57.1917,4.81793,10.086,0,0,20999130,0,39.0425,30258,0,0,3.00402e-05,3.16225e-08,0,0,0,0,30263,0
n-body-simulation,device-tight,cell2d,1ee,ee,35345362,4.88272,112.778,5.40204,33.2767,0,0,35222026,0,87.5902,123333,0,0,1.29314e-05,3.60843e-08,0,0,0,0,123336,0
n-body-simulation,device-tight,cell2d,1vf,vf,14769418,1.54034,38.6269,3.32482,10.5519,0,0,14743057,0,35.2247,26359,0,0,6.25085e-06,4.10496e-08,0,0,0,0,26361,0
n-body-simulation,device-tight,cell2d,20vf,vf,9117131,1.50251,25.3871,2.67086,8.73473,0,0,9110053,0,19.2601,7077,0,0,5.61291e-06,3.0304e-08,0,0,0,0,7078,0
n-body-simulation,device-tight,cell2d,21ee,ee,22805851,1.47285,112.756,3.83297,9.76075,0,0,22774883,0,39.4639,30968,0,0,4.4361e-06,2.7244e-08,0,0,0,0,30968,0
n-body-simulation,device-tight,cell2d,22ee,ee,21795408,1.4517,129.494,3.76359,9.65806,0,0,21767930,0,39.1908,27478,0,0,3.13674e-05,3.01341e-08,0,0,0,0,27478,0
n-body-simulation,device-tight,cell2d,22vf,vf,9185667,1.52018,48.646,2.65851,7.62162,0,0,9178928,0,19.3186,6737,0,0,1.86537e-06,3.20078e-08,0,0,0,0,6739,0
n-body-simulation,device-tight,cell2d,23vf,vf,9019194,1.45621,17.8069,2.52965,8.48946,0,0,9013211,0,18.5521,5983,0,0,2.42619e-06,3.37255e-08,0,0,0,0,5983,0
n-body-simulation,device-tight,cell2d,24ee,ee,22148491,1.37208,56.9026,3.70433,9.79169,0,0,22120294,0,40.6938,28197,0,0,4.59852e-06,2.79523e-08,0,0,0,0,28197,0
n-body-simulation,device-tight,cell2d,25ee,ee,20618082,1.47765,102.136,3.77518,10.074,0,0,20586680,0,38.4257,31401,0,0,4.72067e-06,2.55916e-08,0,0,0,0,31402,0
n-body-simulation,device-tight,cell2d,25vf,vf,8643105,1.48853,41.9191,2.55979,8.39916,0,0,8635516,0,17.775,7588,0,0,3.98551e-06,2.54531e-08,0,0,0,0,7589,0
n-body-simulation,device-tight,cell2d,26vf,vf,9021406,1.44559,21.1859,2.52862,8.59122,0,0,9013825,0,20.0838,7580,0,0,3.57603e-06,3.12889e-08,0,0,0,0,7581,0
n-body-simulation,device-tight,cell2d,27ee,ee,19098371,1.406,49.1396,3.56066,9.96484,0,0,19071875,0,35.8058,26493,0,0,8.61865e-06,2.83115e-08,0,0,0,0,26496,0
n-body-simulation,device-tight,cell2d,27vf,vf,7953666,1.44447,16.5041,2.28127,7.53781,0,0,7947175,0,17.258,6490,0,0,6.68132e-06,3.04799e-08,0,0,0,0,6491,0
n-body-simulation,device-tight,cell2d,28vf,vf,9123774,1.46197,20.6565,2.63822,8.02925,0,0,9115644,0,19.7615,8129,0,0,1.50428e-06,2.73113e-08,0,0,0,0,8130,0
n-body-simulation,device-tight,cell2d,29ee,ee,20370113,1.38268,53.6246,3.74193,15.4329,0,0,20342501,0,37.6761,27611,0,0,1.79894e-05,3.04199e-08,0,0,0,0,27612,0
n-body-simulation,device-tight,cell2d,2ee,ee,26617252,1.54574,65.8681,4.41557,16.2082,3,0,26541828,0,55.722,75421,0,0,1.0162e-05,4.09524e-08,0,0,0,0,75424,0
n-body-simulation,device-tight,cell2d,2vf,vf,11120346,1.48987,30.6471,2.83777,9.03097,2,0,11104323,0,24.9934,16021,0,0,6.86934e-06,4.54579e-08,0,0,0,0,16023,0
n-body-simulation,device-tight,cell2d,30vf,vf,8787001,1.41867,22.1093,2.6555,7.93088,0,0,8780753,0,16.9794,6248,0,0,5.13987e-06,3.10412e-08,0,0,0,0,6248,0
n-body-simulation,device-tight,cell2d,31ee,ee,22031508,1.45455,81.0726,3.94835,9.90759,0,0,21996124,0,42.5937,35382,0,0,1.59505e-05,3.03177e-08,0,0,0,0,35384,0
n-body-simulation,device-tight,cell2d,32ee,ee,21843046,1.44549,66.5867,3.93619,10.6728,0,0,21806508,0,41.687,36538,0,0,1.03171e-05,2.93486e-08,0,0,0,0,36538,0
n-body-simulation,device-tight,cell2d,32vf,vf,9161763,1.43954,21.5477,2.61444,8.20738,0,0,9153337,0,19.0905,8426,0,0,4.25456e-06,3.07969e-08,0,0,0,0,8426,0
n-body-simulation,device-tight,cell2d,33vf,vf,8722574,1.38696,19.8874,2.45906,7.93536,0,0,8714933,0,18.4679,7641,0,0,2.24811e-05,3.03958e-08,0,0,0,0,7641,0
n-body-simulation,device-tight,cell2d,34ee,ee,21859925,1.42527,59.6625,3.93319,10.4581,0,0,21825382,0,40.6629,34537,0,0,2.80337e-05,2.6185e-08,0,0,0,0,34543,0
n-body-simulation,device-tight,cell2d,35ee,ee,21098462,1.43506,54.0572,3.65931,9.72468,0,0,21069186,0,37.6087,29276,0,0,1.21584e-05,3.03621e-08,0,0,0,0,29276,0
n-body-simulation,device-tight,cell2d,35vf,vf,8874710,1.44671,22.244,2.48907,8.60984,0,0,8867449,0,17.747,7260,0,0,3.69639e-06,3.11881e-08,0,0,0,0,7261,0
n-body-simulation,device-tight,cell2d,36ee,ee,19627040,1.39084,46.8327,3.85677,9.56017,0,0,19597820,0,37.8205,29220,0,0,5.11161e-06,3.21527e-08,0,0,0,0,29220,0
n-body-simulation,device-tight,cell2d,37ee,ee,19185062,1.44287,45.8148,3.66148,9.14463,0,0,19159490,0,35.6323,25572,0,0,4.56371e-06,3.24411e-08,0,0,0,0,25572,0
n-body-simulation,device-tight,cell2d,37vf,vf,8012648,1.43131,15.3256,2.45519,8.36991,0,0,8006106,0,18.0602,6542,0,0,3.16461e-06,3.20181e-08,0,0,0,0,6542,0
n-body-simulation,device-tight,cell2d,38vf,vf,7905846,1.43634,23.3106,2.49518,8.07968,0,0,7900350,0,15.6063,5496,0,0,3.51688e-06,4.04968e-08,0,0,0,0,5496,0
n-body-simulation,device-tight,cell2d,39ee,ee,21063580,1.40447,73.9099,3.85636,10.6974,0,0,21033333,0,39.3679,30245,0,0,2.06328e-05,3.29443e-08,0,0,0,0,30247,0
n-body-simulation,device-tight,cell2d,3ee,ee,24385880,1.48165,59.7611,4.08889,13.9558,0,0,24326275,0,50.672,59601,0,0,8.23849e-06,4.11168e-08,0,0,0,0,59605,0
n-body-simulation,device-tight,cell2d,3vf,vf,10207136,1.41045,18.7079,2.89645,9.56558,0,0,10194018,0,26.5419,13117,0,0,4.9644e-06,4.38505e-08,0,0,0,0,13118,0
n-body-simulation,device-tight,cell2d,40vf,vf,8658765,1.4125,17.9184,2.53832,7.87235,0,0,8650845,0,19.0798,7920,0,0,2.76757e-05,3.1749e-08,0,0,0,0,7920,0
n-body-simulation,device-tight,cell2d,41ee,ee,20836908,1.37032,52.759,3.77306,10.6381,0,0,20798733,0,40.4126,38175,0,0,6.73718e-06,2.97236e-08,0,0,0,0,38175,0
n-body-simulation,device-tight,cell2d,42ee,ee,20468804,1.46475,48.8282,3.77741,11.0814,3,0,20431487,0,40.794,37314,0,0,4.87676e-06,2.79199e-08,0,0,0,0,37317,0
n-body-simulation,device-tight,cell2d,42vf,vf,8535985,1.42226,15.7548,2.57806,8.67995,1,0,8527047,0,19.1255,8936,0,0,6.31457e-06,2.91139e-08,0,0,0,0,8938,0
n-body-simulation,device-tight,cell2d,43vf,vf,8527805,1.49797,15.6515,2.62161,8.42555,0,0,8521009,0,17.3639,6796,0,0,3.22549e-06,3.15127e-08,0,0,0,0,6796,0
n-body-simulation,device-tight,cell2d,44ee,ee,21716865,1.42063,53.8239,3.71735,10.4471,0,0,21689176,0,40.7215,27689,0,0,5.5356e-06,3.27224e-08,0,0,0,0,27689,0
n-body-simulation,device-tight,cell2d,44vf,vf,9115458,1.48549,17.7174,2.56523,8.39547,0,0,9109222,0,18.6547,6236,0,0,3.8566e-06,3.28085e-08,0,0,0,0,6236,0
n-body-simulation,device-tight,cell2d,45vf,vf,8471066,1.43128,18.0576,2.55995,9.01635,0,0,8465023,0,17.5083,6043,0,0,1.64565e-06,2.84681e-08,0,0,0,0,6043,0
n-body-simulation,device-tight,cell2d,46ee,ee,20947885,1.42037,48.491,3.67313,9.59832,0,0,20922772,0,37.197,25113,0,0,1.12888e-05,2.86157e-08,0,0,0,0,25113,0
n-body-simulation,device-tight,cell2d,47ee,ee,20578694,1.40053,58.7009,3.73879,9.80471,0,0,20550457,0,37.3961,28237,0,0,1.07412e-05,2.83597e-08,0,0,0,0,28237,0
n-body-simulation,device-tight,cell2d,47vf,vf,8626515,1.44459,16.9907,2.434,7.89008,0,0,8619661,0,16.63,6854,0,0,2.9302e-06,2.8284e-08,0,0,0,0,6854,0
n-body-simulation,device-tight,cell2d,48vf,vf,8421682,1.40424,13.1408,2.4468,7.89251,0,0,8416265,0,16.7028,5417,0,0,1.62135e-06,2.40377e-08,0,0,0,0,5417,0
n-body-simulation,device-tight,cell2d,49ee,ee,19386606,1.42085,52.5419,3.59089,9.07331,0,0,19362529,0,33.9159,24077,0,0,8.20994e-06,3.11333e-08,0,0,0,0,24077,0
n-body-simulation,device-tight,cell2d,4ee,ee,21954997,1.41346,52.9708,3.91047,11.6414,0,0,21914305,0,40.2325,40692,0,0,4.94309e-06,4.45476e-08,0,0,0,0,40692,0
n-body-simulation,device-tight,cell2d,4vf,vf,9205265,1.43989,17.9158,2.62081,8.19462,0,0,9196043,0,19.7665,9222,0,0,4.75078e-06,4.70114e-08,0,0,0,0,9222,0
n-body-simulation,device-tight,cell2d,50vf,vf,8646085,1.46971,18.362,2.54709,7.58561,0,0,8638957,0,16.9283,7128,0,0,3.80784e-06,3.19999e-08,0,0,0,0,7128,0
n-body-simulation,device-tight,cell2d,51ee,ee,21999613,1.39733,56.7528,4.02125,10.0443,0,0,21962575,0,39.7704,37038,0,0,0.000240146,2.68704e-08,0,0,0,0,37038,0
n-body-simulation,device-tight,cell2d,51vf,vf,9239945,1.40581,15.6989,2.62225,8.59454,0,0,9231430,0,20.0547,8515,0,0,2.24208e-06,3.02143e-08,0,0,0,0,8515,0
n-body-simulation,device-tight,cell2d,52vf,vf,8913328,1.48501,15.8755,2.64532,8.16838,0,0,8906823,0,18.2094,6505,0,0,3.51578e-06,2.8806e-08,0,0,0,0,6505,0
n-body-simulation,device-tight,cell2d,53ee,ee,21449627,1.35983,53.3264,4.07392,10.2778,0,0,21417653,0,39.3198,31970,0,0,2.33469e-05,2.68382e-08,0,0,0,0,31974,0
n-body-simulation,device-tight,cell2d,54vf,vf,8790621,1.43211,17.7439,2.43499,8.70807,0,0,8783423,0,16.5973,7197,0,0,4.35184e-06,2.79207e-08,0,0,0,0,7198,0
n-body-simulation,device-tight,cell2d,55ee,ee,21344145,1.41951,51.8446,3.61873,10.0866,0,0,21318170,0,37.4007,25975,0,0,6.81358e-06,2.69183e-08,0,0,0,0,25975,0
n-body-simulation,device-tight,cell2d,56ee,ee,20093033,1.4236,59.1031,3.63883,10.5063,0,0,20058300,0,37.6358,34730,0,0,3.78754e-06,2.66283e-08,0,0,0,0,34733,0
n-body-simulation,device-tight,cell2d,57ee,ee,19263596,1.41339,45.3413,3.67822,9.50869,0,0,19235875,0,35.0853,27721,0,0,1.67703e-05,3.17058e-08,0,0,0,0,27721,0
n-body-simulation,device-tight,cell2d,58ee,ee,19764368,1.39381,68.7651,3.69313,9.67015,0,0,19732881,0,36.0655,31487,0,0,1.42286e-05,2.43669e-08,0,0,0,0,31487,0
n-body-simulation,device-tight,cell2d,58vf,vf,8270692,1.45615,17.7807,2.48642,8.06425,0,0,8263113,0,18.2801,7577,0,0,3.01228e-06,2.5284e-08,0,0,0,0,7579,0
n-body-simulation,device-tight,cell2d,59vf,vf,9124614,1.4173,15.0274,2.6795,7.69172,0,0,9116748,0,19.6787,7866,0,0,3.136e-06,2.46536e-08,0,0,0,0,7866,0
n-body-simulation,device-tight,cell2d,5ee,ee,19807394,1.462,45.0984,3.71972,10.4322,0,0,19773565,0,37.0002,33825,0,0,1.34037e-05,4.55191e-08,0,0,0,0,33829,0
n-body-simulation,device-tight,cell2d,60ee,ee,22087750,1.44088,53.402,4.0424,10.0659,0,0,22059635,0,39.2788,28115,0,0,2.04103e-05,2.82562e-08,0,0,0,0,28115,0
n-body-simulation,device-tight,cell2d,60vf,vf,9287198,1.4277,19.8249,2.56856,7.7714,0,0,9280053,0,19.1298,7145,0,0,1.80126e-05,2.87648e-08,0,0,0,0,7145,0
n-body-simulation,device-tight,cell2d,61ee,ee,21582154,1.40485,51.0509,4.00544,10.1747,0,0,21556691,0,37.3533,25463,0,0,2.91436e-06,2.89979e-08,0,0,0,0,25463,0
n-body-simulation,device-tight,cell2d,62ee,ee,20117264,1.44795,47.787,3.58193,9.128,0,0,20094145,0,35.4091,23119,0,0,1.19797e-05,3.34312e-08,0,0,0,0,23119,0
n-body-simulation,device-tight,cell2d,62vf,vf,8446582,1.41436,16.0457,2.53579,8.51774,0,0,8440567,0,17.3765,6014,0,0,1.05383e-06,3.92523e-08,0,0,0,0,6015,0
n-body-simulation,device-tight,cell2d,63vf,vf,8893408,1.38968,14.1876,2.5492,8.08416,0,0,8885247,0,19.1797,8161,0,0,2.27085e-06,3.15782e-08,0,0,0,0,8161,0
n-body-simulation,device-tight,cell2d,64ee,ee,21753582,1.47365,50.6701,3.7483,9.66094,0,0,21727174,0,37.4822,26406,0,0,3.17947e-06,2.96106e-08,0,0,0,0,26408,0
n-body-simulation,device-tight,cell2d,65ee,ee,23131903,1.44399,62.8686,3.89738,10.0443,0,0,23100677,0,42.9731,31226,0,0,1.0753e-05,2.8349e-08,0,0,0,0,31226,0
n-body-simulation,device-tight,cell2d,65vf,vf,9729635,1.49646,17.5133,2.51848,7.95792,0,0,9722283,0,19.2256,7352,0,0,2.53544e-06,2.87748e-08,0,0,0,0,7352,0
n-body-simulation,device-tight,cell2d,66vf,vf,9651524,1.38904,20.1305,2.57534,8.02067,0,0,9645684,0,19.3971,5840,0,0,1.79996e-06,3.15055e-08,0,0,0,0,5840,0
n-body-simulation,device-tight,cell2d,67ee,ee,22478326,1.40303,56.6655,3.76695,9.80817,0,0,22451918,0,38.6181,26408,0,0,4.05685e-06,2.66272e-08,0,0,0,0,26408,0
n-body-simulation,device-tight,cell2d,68ee,ee,23647355,1.44751,62.4018,3.92883,9.72958,0,0,23616234,0,42.6532,31121,0,0,3.16385e-05,2.53223e-08,0,0,0,0,31121,0
n-body-simulation,device-tight,cell2d,68vf,vf,10006425,1.3884,18.1927,3.28537,8.79002,0,0,9999316,0,20.687,7109,0,0,5.45784e-06,2.62969e-08,0,0,0,0,7109,0
n-body-simulation,device-tight,cell2d,69vf,vf,9419821,1.40047,17.1588,2.61038,7.9951,0,0,9413479,0,17.968,6341,0,0,2.19908e-06,2.81139e-08,0,0,0,0,6342,0
n-body-simulation,device-tight,cell2d,6ee,ee,23124800,1.41372,61.7599,3.92742,10.7775,0,0,23087850,0,42.2063,36950,0,0,3.92097e-06,3.61451e-08,0,0,0,0,36950,0
n-body-simulation,device-tight,cell2d,6vf,vf,9768166,1.42514,19.1497,2.77262,8.66023,0,0,9759218,0,20.0234,8948,0,0,2.02348e-06,3.91153e-08,0,0,0,0,8948,0
n-body-simulation,device-tight,cell2d,70vf,vf,9460310,1.4444,19.0459,2.55749,8.24114,0,0,9454392,0,18.8155,5918,0,0,1.42658e-06,2.99127e-08,0,0,0,0,5918,0
n-body-simulation,device-tight,cell2d,71ee,ee,21754322,1.39208,57.3098,3.7505,9.23826,1,0,21730523,0,37.2009,23792,0,0,1.02857e-05,2.63134e-08,0,0,0,0,23799,0
n-body-simulation,device-tight,cell2d,72ee,ee,21048746,1.47352,50.7103,3.64926,10.7599,0,0,21021931,0,38.0627,26815,0,0,7.86498e-06,2.78664e-08,0,0,0,0,26815,0
n-body-simulation,device-tight,cell2d,72vf,vf,8841515,1.42904,15.7464,2.51989,8.05629,0,0,8835285,0,17.5091,6230,0,0,1.99333e-06,2.84257e-08,0,0,0,0,6230,0
n-body-simulation,device-tight,cell2d,73vf,vf,9046341,1.40946,16.2142,2.621,8.08313,0,0,9039958,0,18.4573,6383,0,0,5.65284e-06,2.75378e-08,0,0,0,0,6383,0
n-body-simulation,device-tight,cell2d,74ee,ee,22454354,1.42101,62.3668,3.8385,10.3483,0,0,22430218,0,39.7913,24136,0,0,4.62182e-06,2.55869e-08,0,0,0,0,24136,0
n-body-simulation,device-tight,cell2d,7ee,ee,21072753,1.42642,51.1598,3.87872,10.1119,0,0,21041494,0,39.3088,31259,0,0,1.44316e-05,3.49153e-08,0,0,0,0,31259,0
n-body-simulation,device-tight,cell2d,7vf,vf,8850202,1.51202,18.8297,2.50843,7.96602,0,0,8842934,0,18.5539,7268,0,0,1.17126e-05,3.83392e-08,0,0,0,0,7268,0
n-body-simulation,device-tight,cell2d,8vf,vf,9010201,1.42546,17.4202,2.52942,8.29945,0,0,9004164,0,16.9709,6037,0,0,2.91516e-06,3.25013e-08,0,0,0,0,6037,0
n-body-simulation,device-tight,cell2d,9ee,ee,24329301,1.40437,62.4077,3.9743,10.6209,0,0,24297671,0,43.6279,31630,0,0,1.19373e-05,2.64667e-08,0,0,0,0,31630,0
n-body-simulation,device-tight,cell2d,10ee,ee,20233111,1.12764,64.7767,3.7657,19.1577,0,0,20206463,0,45.6146,26646,0,0,7.47009e-06,3.37942e-08,0,0,0,0,26648,0
n-body-simulation,device-tight,cell2d,10vf,vf,8465184,1.16099,24.1158,2.78788,8.74868,0,0,8458666,0,17.4424,6517,0,0,2.27247e-06,3.67517e-08,0,0,0,0,6518,0
n-body-simulation,device-tight,cell2d,11ee,ee,22712558,1.90051,62.7307,4.1006,17.3928,0,0,22684742,0,40.4041,27816,0,0,5.98176e-06,3.18954e-08,0,0,0,0,27816,0
n-body-simulation,device-tight,cell2d,12ee,ee,23298885,1.53496,62.8584,4.10505,17.8141,0,0,23262717,0,43.5086,36168,0,0,1.40305e-05,2.83262e-08,0,0,0,0,36168,0
n-body-simulation,device-tight,cell2d,12vf,vf,9796507,1.25394,23.9689,2.82385,8.86887,0,0,9787975,0,21.7835,8532,0,0,6.40949e-06,3.16593e-08,0,0,0,0,8532,0
n-body-simulation,device-tight,cell2d,13vf,vf,8977302,1.23506,22.703,2.57339,8.09097,0,0,8968991,0,18.218,8311,0,0,7.07853e-06,3.22216e-08,0,0,0,0,8311,0
n-body-simulation,device-tight,cell2d,14ee,ee,21427135,1.30844,50.2247,4.90541,10.1921,0,0,21391029,0,41.6226,36106,0,0,1.27079e-05,3.05789e-08,0,0,0,0,36106,0
n-body-simulation,device-tight,cell2d,15ee,ee,21984820,1.42322,51.81,3.82148,10.8064,0,0,21949822,0,40.9885,34998,0,0,3.3871e-05,2.93948e-08,0,0,0,0,34998,0
n-body-simulation,device-tight,cell2d,15vf,vf,9248785,1.28262,18.8047,2.58772,8.24124,0,0,9240889,0,19.3184,7896,0,0,4.45426e-06,2.90158e-08,0,0,0,0,7896,0
n-body-simulation,device-tight,cell2d,16vf,vf,9005415,1.25948,18.5401,2.50994,8.96051,0,0,8996465,0,20.0225,8948,0,0,2.20536e-05,3.00913e-08,0,0,0,0,8950,0
n-body-simulation,device-tight,cell2d,17ee,ee,21072787,1.32521,57.9553,3.71041,10.6701,0,0,21036408,0,41.2792,36379,0,0,3.01818e-05,3.07785e-08,0,0,0,0,36379,0
n-body-simulation,device-tight,cell2d,18ee,ee,22366873,1.33096,64.0901,3.99248,19.7683,0,0,22325837,0,41.5445,41031,0,0,8.90905e-06,2.86359e-08,0,0,0,0,41036,0
n-body-simulation,device-tight,cell2d,18vf,vf,9396388,1.39391,26.9641,2.66737,9.00665,0,0,9386928,0,19.8853,9459,0,0,9.34296e-06,3.16856e-08,0,0,0,0,9460,0
n-body-simulation,device-tight,cell2d,19ee,ee,21029393,1.45893,59.6265,3.5923,10.8162,0,0,20999130,0,41.0431,30258,0,0,3.00402e-05,3.16248e-08,0,0,0,0,30263,0
n-body-simulation,device-tight,cell2d,1ee,ee,35345362,4.21474,112.897,5.4244,32.6324,0,0,35222026,0,84.3638,123333,0,0,1.20672e-05,3.6082e-08,0,0,0,0,123336,0
n-body-simulation,device-tight,cell2d,1vf,vf,14769418,1.87312,38.955,3.42059,9.96314,0,0,14743057,0,36.5989,26359,0,0,6.25085e-06,4.11243e-08,0,0,0,0,26361,0
n-body-simulation,device-tight,cell2d,20vf,vf,9117131,1.40735,24.7972,2.51819,8.13001,0,0,9110053,0,18.1753,7077,0,0,4.83127e-06,3.03561e-08,0,0,0,0,7078,0
n-body-simulation,device-tight,cell2d,21ee,ee,22805851,1.44962,114.566,3.75962,10.4547,0,0,22774883,0,42.6054,30968,0,0,4.4361e-06,2.7244e-08,0,0,0,0,30968,0
n-body-simulation,device-tight,cell2d,22ee,ee,21795408,1.49154,132.245,3.83968,10.2504,0,0,21767930,0,41.3676,27478,0,0,3.13674e-05,3.01364e-08,0,0,0,0,27478,0
n-body-simulation,device-tight,cell2d,22vf,vf,9185667,1.46136,48.5742,2.69345,8.76394,0,0,9178928,0,19.656,6737,0,0,1.86537e-06,3.19869e-08,0,0,0,0,6739,0
n-body-simulation,device-tight,cell2d,23vf,vf,9019194,1.40386,19.2844,2.39704,8.76641,0,0,9013211,0,19.078,5983,0,0,2.42619e-06,3.37362e-08,0,0,0,0,5983,0
n-body-simulation,device-tight,cell2d,24ee,ee,22148491,1.42869,59.1287,3.80298,11.1856,0,0,22120294,0,42.1956,28197,0,0,4.59852e-06,2.79663e-08,0,0,0,0,28197,0
n-body-simulation,device-tight,cell2d,25ee,ee,20618082,1.52242,108.435,3.78721,10.3338,0,0,20586680,0,40.3011,31401,0,0,4.54185e-06,2.5617e-08,0,0,0,0,31402,0
n-body-simulation,device-tight,cell2d,25vf,vf,8643105,1.43442,42.3524,2.4643,8.68055,0,0,8635516,0,17.7863,7588,0,0,4.52196e-06,2.54896e-08,0,0,0,0,7589,0
n-body-simulation,device-tight,cell2d,26vf,vf,9021406,1.39602,22.4975,2.49954,8.58302,0,0,9013825,0,18.8963,7580,0,0,3.92621e-06,3.12889e-08,0,0,0,0,7581,0
n-body-simulation,device-tight,cell2d,27ee,ee,19098371,1.40994,48.8737,3.55925,9.9536,0,0,19071875,0,35.7466,26493,0,0,9.3041e-06,2.83115e-08,0,0,0,0,26496,0
n-body-simulation,device-tight,cell2d,27vf,vf,7953666,1.38664,16.1492,2.39346,7.95709,0,0,7947175,0,17.441,6490,0,0,6.68132e-06,3.04221e-08,0,0,0,0,6491,0
n-body-simulation,device-tight,cell2d,28vf,vf,9123774,1.71073,22.2639,2.52418,8.21577,0,0,9115644,0,17.6214,8129,0,0,1.50335e-06,2.71837e-08,0,0,0,0,8130,0
n-body-simulation,device-tight,cell2d,29ee,ee,20370113,5.24402,55.3783,3.71908,10.148,0,0,20342501,0,36.5108,27611,0,0,1.39473e-05,3.04306e-08,0,0,0,0,27612,0
n-body-simulation,device-tight,cell2d,2ee,ee,26617252,1.5044,69.1244,4.35244,16.8318,3,0,26541828,0,59.1769,75421,0,0,8.35827e-06,4.09524e-08,0,0,0,0,75424,0
n-body-simulation,device-tight,cell2d,2vf,vf,11120346,1.43413,32.7216,2.70408,9.00122,2,0,11104323,0,26.6305,16021,0,0,6.89914e-06,4.54403e-08,0,0,0,0,16023,0
n-body-simulation,device-tight,cell2d,30vf,vf,8787001,1.39775,21.553,2.57429,7.7084,0,0,8780753,0,16.1817,6248,0,0,5.67631e-06,3.10342e-08,0,0,0,0,6248,0
n-body-simulation,device-tight,cell2d,31ee,ee,22031508,1.44517,78.0186,3.86983,10.779,0,0,21996124,0,40.9259,35382,0,0,1.59505e-05,3.03262e-08,0,0,0,0,35384,0
n-body-simulation,device-tight,cell2d,32ee,ee,21843046,1.41467,67.6398,3.86052,10.4732,0,0,21806508,0,41.7881,36538,0,0,9.75826e-06,2.93494e-08,0,0,0,0,36538,0
n-body-simulation,device-tight,cell2d,32vf,vf,9161763,1.48459,22.0438,2.57678,8.21718,0,0,9153337,0,18.4856,8426,0,0,4.25456e-06,3.08081e-08,0,0,0,0,8426,0
n-body-simulation,device-tight,cell2d,33vf,vf,8722574,1.54923,21.3864,2.51813,8.14912,0,0,8714933,0,19.1133,7641,0,0,2.84272e-05,3.03958e-08,0,0,0,0,7641,0
n-body-simulation,device-tight,cell2d,34ee,ee,21859925,1.4284,60.0987,3.9321,10.3713,0,0,21825382,0,41.5504,34537,0,0,3.22343e-05,2.61862e-08,0,0,0,0,34543,0
n-body-simulation,device-tight,cell2d,35ee,ee,21098462,1.48958,54.3156,3.60222,10.0677,0,0,21069186,0,38.4871,29276,0,0,1.21584e-05,3.03465e-08,0,0,0,0,29276,0
n-body-simulation,device-tight,cell2d,35vf,vf,8874710,1.50261,23.3639,2.47471,8.73217,0,0,8867449,0,16.887,7260,0,0,3.47101e-06,3.12012e-08,0,0,0,0,7261,0
n-body-simulation,device-tight,cell2d,36ee,ee,19627040,1.47138,47.1698,3.77415,9.73435,0,0,19597820,0,37.6721,29220,0,0,5.11161e-06,3.21498e-08,0,0,0,0,29220,0
n-body-simulation,device-tight,cell2d,37ee,ee,19185062,1.39301,42.7661,3.56952,9.85742,0,0,19159490,0,35.4909,25572,0,0,4.56371e-06,3.24737e-08,0,0,0,0,25572,0
n-body-simulation,device-tight,cell2d,37vf,vf,8012648,1.45365,16.8617,2.39823,8.3159,0,0,8006106,0,16.3933,6542,0,0,3.16461e-06,3.20437e-08,0,0,0,0,6542,0
n-body-simulation,device-tight,cell2d,38vf,vf,7905846,1.43525,21.5949,2.37573,8.12755,0,0,7900350,0,14.7051,5496,0,0,4.13816e-06,4.06192e-08,0,0,0,0,5496,0
n-body-simulation,device-tight,cell2d,39ee,ee,21063580,1.43979,79.4258,3.91351,10.3234,0,0,21033333,0,39.5931,30245,0,0,1.77122e-05,3.29451e-08,0,0,0,0,30247,0
n-body-simulation,device-tight,cell2d,3ee,ee,24385880,1.47784,60.4577,4.35228,14.6036,0,0,24326275,0,49.8691,59601,0,0,8.86061e-06,4.11041e-08,0,0,0,0,59605,0
n-body-simulation,device-tight,cell2d,3vf,vf,10207136,1.42725,19.3494,2.85092,8.75806,0,0,10194018,0,22.2005,13117,0,0,4.9644e-06,4.39529e-08,0,0,0,0,13118,0
n-body-simulation,device-tight,cell2d,40vf,vf,8658765,1.49579,20.0297,2.51893,8.58072,0,0,8650845,0,19.4267,7920,0,0,2.83434e-05,3.17991e-08,0,0,0,0,7920,0
n-body-simulation,device-tight,cell2d,41ee,ee,20836908,1.42091,53.5288,3.70119,10.68,0,0,20798733,0,41.7055,38175,0,0,6.73718e-06,2.97159e-08,0,0,0,0,38175,0
n-body-simulation,device-tight,cell2d,42ee,ee,20468804,1.41346,49.0336,3.75489,10.5806,3,0,20431487,0,41.6789,37314,0,0,6.48609e-06,2.79289e-08,0,0,0,0,37317,0
n-body-simulation,device-tight,cell2d,42vf,vf,8535985,1.46021,16.7392,2.57515,8.0321,1,0,8527047,0,17.4256,8936,0,0,6.67685e-06,2.91277e-08,0,0,0,0,8938,0
n-body-simulation,device-tight,cell2d,43vf,vf,8527805,1.56718,14.3977,2.47442,7.85527,0,0,8521009,0,17.9261,6796,0,0,3.22549e-06,3.14969e-08,0,0,0,0,6796,0
n-body-simulation,device-tight,cell2d,44ee,ee,21716865,1.38191,58.4175,3.70308,10.5596,0,0,21689176,0,38.3113,27689,0,0,5.5356e-06,3.27218e-08,0,0,0,0,27689,0
n-body-simulation,device-tight,cell2d,44vf,vf,9115458,1.44127,18.0725,2.70039,8.17254,0,0,9109222,0,18.1429,6236,0,0,3.8566e-06,3.2968e-08,0,0,0,0,6236,0
n-body-simulation,device-tight,cell2d,45vf,vf,8471066,1.4947,18.6695,3.87354,8.64171,0,0,8465023,0,15.0441,6043,0,0,1.64565e-06,2.85369e-08,0,0,0,0,6043,0
n-body-simulation,device-tight,cell2d,46ee,ee,20947885,1.40706,51.6414,3.85777,9.89217,0,0,20922772,0,36.0601,25113,0,0,1.1706e-05,2.86078e-08,0,0,0,0,25113,0
n-body-simulation,device-tight,cell2d,47ee,ee,20578694,1.4166,61.3196,3.55736,9.93732,0,0,20550457,0,38.0972,28237,0,0,1.07412e-05,2.83745e-08,0,0,0,0,28237,0
n-body-simulation,device-tight,cell2d,47vf,vf,8626515,1.41864,17.1582,2.51058,7.89092,0,0,8619661,0,16.4993,6854,0,0,2.9302e-06,2.82865e-08,0,0,0,0,6854,0
n-body-simulation,device-tight,cell2d,48vf,vf,8421682,1.42079,13.4784,2.44767,8.20979,0,0,8416265,0,14.4993,5417,0,0,1.7017e-06,2.39925e-08,0,0,0,0,5417,0
n-body-simulation,device-tight,cell2d,49ee,ee,19386606,1.47586,53.3261,3.50975,8.60238,0,0,19362529,0,34.6101,24077,0,0,8.39248e-06,3.10925e-08,0,0,0,0,24077,0
n-body-simulation,device-tight,cell2d,4ee,ee,21954997,1.43471,55.3959,3.87197,11.4034,0,0,21914305,0,42.699,40692,0,0,4.94309e-06,4.4601e-08,0,0,0,0,40692,0
n-body-simulation,device-tight,cell2d,4vf,vf,9205265,1.42943,16.2811,2.58539,8.53586,0,0,9196043,0,19.0179,9222,0,0,4.75078e-06,4.71231e-08,0,0,0,0,9222,0
n-body-simulation,device-tight,cell2d,50vf,vf,8646085,1.41179,19.8713,2.54914,7.76228,0,0,8638957,0,18.0579,7128,0,0,3.80784e-06,3.19999e-08,0,0,0,0,7128,0
n-body-simulation,device-tight,cell2d,51ee,ee,21999613,1.71163,61.6764,3.87671,10.7781,0,0,21962575,0,42.6385,37038,0,0,0.000240146,2.6856e-08,0,0,0,0,37038,0
n-body-simulation,device-tight,cell2d,51vf,vf,9239945,1.41688,16.4891,2.49582,8.18803,0,0,9231430,0,19.2129,8515,0,0,2.14709e-06,3.01989e-08,0,0,0,0,8515,0
n-body-simulation,device-tight,cell2d,52vf,vf,8913328,1.41762,16.2821,2.52126,8.26598,0,0,8906823,0,17.9632,6505,0,0,3.47992e-06,2.87988e-08,0,0,0,0,6505,0
n-body-simulation,device-tight,cell2d,53ee,ee,21449627,1.40271,55.9419,4.07456,10.4733,0,0,21417653,0,39.5435,31970,0,0,2.1678e-05,2.68349e-08,0,0,0,0,31974,0
n-body-simulation,device-tight,cell2d,54vf,vf,8790621,1.45778,19.2059,2.38466,8.84058,0,0,8783423,0,18.7256,7197,0,0,3.80586e-06,2.79052e-08,0,0,0,0,7198,0
n-body-simulation,device-tight,cell2d,55ee,ee,21344145,1.3964,54.5599,3.71895,10.1535,0,0,21318170,0,38.3587,25975,0,0,6.76599e-06,2.69142e-08,0,0,0,0,25975,0
n-body-simulation,device-tight,cell2d,56ee,ee,20093033,1.43858,61.9353,3.77002,10.4147,0,0,20058300,0,37.8108,34730,0,0,3.78754e-06,2.66253e-08,0,0,0,0,34733,0
n-body-simulation,device-tight,cell2d,57ee,ee,19263596,1.3692,46.2637,3.61313,10.0662,0,0,19235875,0,34.3695,27721,0,0,1.76224e-05,3.16925e-08,0,0,0,0,27721,0
n-body-simulation,device-tight,cell2d,58ee,ee,19764368,1.44056,69.2778,3.80023,9.73198,0,0,19732881,0,38.1459,31487,0,0,1.42286e-05,2.43813e-08,0,0,0,0,31487,0
n-body-simulation,device-tight,cell2d,58vf,vf,8270692,1.42424,18.5663,2.52942,7.81591,0,0,8263113,0,16.9876,7577,0,0,3.01228e-06,2.52559e-08,0,0,0,0,7579,0
n-body-simulation,device-tight,cell2d,59vf,vf,9124614,1.43893,14.7105,2.67143,7.7171,0,0,9116748,0,19.5482,7866,0,0,3.73163e-06,2.46357e-08,0,0,0,0,7866,0
n-body-simulation,device-tight,cell2d,5ee,ee,19807394,1.42517,51.1923,3.64539,10.1436,0,0,19773565,0,38.4542,33825,0,0,1.33814e-05,4.55176e-08,0,0,0,0,33829,0
n-body-simulation,device-tight,cell2d,60ee,ee,22087750,1.434,56.9521,3.98176,10.0383,0,0,22059635,0,40.3999,28115,0,0,2.04103e-05,2.82333e-08,0,0,0,0,28115,0
n-body-simulation,device-tight,cell2d,60vf,vf,9287198,1.43317,19.6849,2.51032,8.215,0,0,9280053,0,19.5916,7145,0,0,1.80126e-05,2.87785e-08,0,0,0,0,7145,0
n-body-simulation,device-tight,cell2d,61ee,ee,21582154,1.40165,53.8317,3.68379,9.25971,0,0,21556691,0,36.1174,25463,0,0,2.91436e-06,2.89452e-08,0,0,0,0,25463,0
n-body-simulation,device-tight,cell2d,62ee,ee,20117264,1.43231,50.7568,3.52046,9.17507,0,0,20094145,0,36.025,23119,0,0,1.25757e-05,3.34154e-08,0,0,0,0,23119,0
n-body-simulation,device-tight,cell2d,62vf,vf,8446582,1.5149,16.6365,2.52984,8.3111,0,0,8440567,0,16.0106,6014,0,0,1.05383e-06,3.93138e-08,0,0,0,0,6015,0
n-body-simulation,device-tight,cell2d,63vf,vf,8893408,1.45051,13.7218,2.57326,8.22796,0,0,8885247,0,17.1488,8161,0,0,2.27085e-06,3.16334e-08,0,0,0,0,8161,0
n-body-simulation,device-tight,cell2d,64ee,ee,21753582,1.41695,54.484,3.74318,9.94999,0,0,21727174,0,38.833,26406,0,0,3.40448e-06,2.96395e-08,0,0,0,0,26408,0
n-body-simulation,device-tight,cell2d,65ee,ee,23131903,1.44943,68.0095,3.777,10.2753,0,0,23100677,0,43.3373,31226,0,0,9.91853e-06,2.83436e-08,0,0,0,0,31226,0
n-body-simulation,device-tight,cell2d,65vf,vf,9729635,1.54085,17.5681,2.55813,8.56472,0,0,9722283,0,19.1931,7352,0,0,2.71169e-06,2.87407e-08,0,0,0,0,7352,0
n-body-simulation,device-tight,cell2d,66vf,vf,9651524,1.47406,21.2453,3.63563,8.16742,0,0,9645684,0,18.2457,5840,0,0,1.79996e-06,3.15018e-08,0,0,0,0,5840,0
n-body-simulation,device-tight,cell2d,67ee,ee,22478326,1.43384,56.7128,3.69931,9.43304,0,0,22451918,0,40.9365,26408,0,0,3.5516e-06,2.66334e-08,0,0,0,0,26408,0
n-body-simulation,device-tight,cell2d,68ee,ee,23647355,1.40399,64.3147,3.92544,10.3507,0,0,23616234,0,44.2046,31121,0,0,3.16385e-05,2.53226e-08,0,0,0,0,31121,0
n-body-simulation,device-tight,cell2d,68vf,vf,10006425,1.48184,18.2028,2.73543,8.24156,0,0,9999316,0,20.0102,7109,0,0,5.45784e-06,2.62376e-08,0,0,0,0,7109,0
n-body-simulation,device-tight,cell2d,69vf,vf,9419821,1.48699,17.0776,2.7401,8.0489,0,0,9413479,0,17.1798,6341,0,0,2.19908e-06,2.80927e-08,0,0,0,0,6342,0
n-body-simulation,device-tight,cell2d,6ee,ee,23124800,1.44674,65.2737,3.92554,10.8205,0,0,23087850,0,43.0547,36950,0,0,3.96008e-06,3.61344e-08,0,0,0,0,36950,0
n-body-simulation,device-tight,cell2d,6vf,vf,9768166,1.46827,19.9748,2.86877,7.83508,0,0,9759218,0,20.837,8948,0,0,2.02348e-06,3.91329e-08,0,0,0,0,8948,0
n-body-simulation,device-tight,cell2d,70vf,vf,9460310,1.44863,17.6598,2.52277,7.85028,0,0,9454392,0,16.1344,5918,0,0,1.50854e-06,2.98837e-08,0,0,0,0,5918,0
n-body-simulation,device-tight,cell2d,71ee,ee,21754322,1.45647,58.6157,3.77911,9.742,1,0,21730523,0,38.1462,23792,0,0,9.65881e-06,2.62876e-08,0,0,0,0,23799,0
n-body-simulation,device-tight,cell2d,72ee,ee,21048746,1.4348,52.0825,3.57342,8.85169,0,0,21021931,0,38.2672,26815,0,0,7.12806e-06,2.78846e-08,0,0,0,0,26815,0
n-body-simulation,device-tight,cell2d,72vf,vf,8841515,1.46991,15.4267,2.44658,7.49083,0,0,8835285,0,17.3276,6230,0,0,1.99333e-06,2.838e-08,0,0,0,0,6230,0
n-body-simulation,device-tight,cell2d,73vf,vf,9046341,1.49663,16.4769,2.51282,8.19619,0,0,9039958,0,17.5684,6383,0,0,5.37717e-06,2.75217e-08,0,0,0,0,6383,0
n-body-simulation,device-tight,cell2d,74ee,ee,22454354,1.45806,59.1904,3.7713,10.2302,0,0,22430218,0,36.8583,24136,0,0,4.62182e-06,2.55869e-08,0,0,0,0,24136,0
n-body-simulation,device-tight,cell2d,7ee,ee,21072753,1.42363,49.7702,3.74954,10.0494,0,0,21041494,0,37.1093,31259,0,0,1.15109e-05,3.49296e-08,0,0,0,0,31259,0
n-body-simulation,device-tight,cell2d,7vf,vf,8850202,1.45519,24.4267,2.41176,8.30367,0,0,8842934,0,15.5632,7268,0,0,1.17126e-05,3.83868e-08,0,0,0,0,7268,0
n-body-simulation,device-tight,cell2d,8vf,vf,9010201,1.49243,16.4799,2.52245,7.70552,0,0,9004164,0,15.7363,6037,0,0,2.79595e-06,3.24763e-08,0,0,0,0,6037,0
n-body-simulation,device-tight,cell2d,9ee,ee,24329301,1.41496,66.8629,3.98509,10.8658,0,0,24297671,0,37.6466,31630,0,0,1.23164e-05,2.64545e-08,0,0,0,0,31630,0
n-body-simulation,device-tight,cell2dmin,10ee,ee,20233111,1.25618,28.5675,4.86295,18.7055,0,0,20206463,0,42.8671,26646,0,0,7.47009e-06,3.3797e-08,0,0,0,0,26648,0
n-body-simulation,device-tight,cell2dmin,10vf,vf,8465184,1.11971,25.531,2.56401,7.95152,0,0,8458666,0,18.2904,6517,0,0,2.27247e-06,3.67117e-08,0,0,0,0,6518,0
n-body-simulation,device-tight,cell2dmin,11ee,ee,22712558,1.83421,30.6082,3.76798,16.8775,0,0,22684742,0,39.0543,27816,0,0,5.98176e-06,3.18954e-08,0,0,0,0,27816,0
n-body-simulation,device-tight,cell2dmin,12ee,ee,23298885,1.22332,33.4526,4.03709,18.1758,0,0,23262717,0,42.8736,36168,0,0,1.40305e-05,2.83308e-08,0,0,0,0,36168,0
n-body-simulation,device-tight,cell2dmin,12vf,vf,9796507,1.41154,23.2561,2.78922,9.02874,0,0,9787975,0,18.4853,8532,0,0,6.40949e-06,3.16896e-08,0,0,0,0,8532,0
n-body-simulation,device-tight,cell2dmin,13vf,vf,8977302,1.37346,23.1256,2.54549,8.23961,0,0,8968991,0,17.2731,8311,0,0,6.48621e-06,3.22437e-08,0,0,0,0,8311,0
n-body-simulation,device-tight,cell2dmin,14ee,ee,21427135,1.28924,28.7717,3.82753,10.2803,0,0,21391029,0,41.5653,36106,0,0,1.16462e-05,3.05591e-08,0,0,0,0,36106,0
n-body-simulation,device-tight,cell2dmin,15ee,ee,21984820,1.4173,28.8652,3.75265,10.5044,0,0,21949822,0,40.9994,34998,0,0,3.3871e-05,2.93962e-08,0,0,0,0,34998,0
n-body-simulation,device-tight,cell2dmin,15vf,vf,9248785,1.38111,17.0523,2.55227,8.13881,0,0,9240889,0,18.3139,7896,0,0,4.45426e-06,2.90388e-08,0,0,0,0,7896,0
n-body-simulation,device-tight,cell2dmin,16vf,vf,9005415,1.38754,18.7114,2.54002,8.16361,0,0,8996465,0,17.5352,8948,0,0,2.12899e-05,3.00386e-08,0,0,0,0,8950,0
n-body-simulation,device-tight,cell2dmin,17ee,ee,21072787,1.33804,28.2676,3.63902,10.3586,0,0,21036408,0,40.5944,36379,0,0,3.01818e-05,3.07821e-08,0,0,0,0,36379,0
n-body-simulation,device-tight,cell2dmin,18ee,ee,22366873,1.32556,29.5195,4.112,18.8287,0,0,22325837,0,45.6866,41031,0,0,1.09356e-05,2.86239e-08,0,0,0,0,41036,0
n-body-simulation,device-tight,cell2dmin,18vf,vf,9396388,1.33736,24.9244,2.7059,8.57938,0,0,9386928,0,18.2808,9459,0,0,9.34296e-06,3.17605e-08,0,0,0,0,9460,0
n-body-simulation,device-tight,cell2dmin,19ee,ee,21029393,1.27698,29.7336,3.64222,10.4895,0,0,20999130,0,40.7101,30258,0,0,3.00402e-05,3.16169e-08,0,0,0,0,30263,0
n-body-simulation,device-tight,cell2dmin,1ee,ee,35345362,4.54075,44.9315,5.44213,33.4439,0,0,35222026,0,83.7784,123333,0,0,1.29314e-05,3.60934e-08,0,0,0,0,123336,0
n-body-simulation,device-tight,cell2dmin,1vf,vf,14769418,1.48767,38.1601,3.27359,9.95252,0,0,14743057,0,34.9557,26359,0,0,6.25085e-06,4.11311e-08,0,0,0,0,26361,0
n-body-simulation,device-tight,cell2dmin,20vf,vf,9117131,1.34642,24.1018,2.53384,9.19526,0,0,9110053,0,17.8882,7077,0,0,5.61291e-06,3.03076e-08,0,0,0,0,7078,0
n-body-simulation,device-tight,cell2dmin,21ee,ee,22805851,1.37724,30.2801,3.90461,10.2118,0,0,22774883,0,41.2242,30968,0,0,4.4361e-06,2.72407e-08,0,0,0,0,30968,0
n-body-simulation,device-tight,cell2dmin,22ee,ee,21795408,1.46533,31.3206,3.93485,9.4508,0,0,21767930,0,38.3652,27478,0,0,2.65543e-05,3.01195e-08,0,0,0,0,27478,0
n-body-simulation,device-tight,cell2dmin,22vf,vf,9185667,1.35989,48.9023,2.6698,8.09353,0,0,9178928,0,16.8694,6737,0,0,1.86537e-06,3.20521e-08,0,0,0,0,6739,0
n-body-simulation,device-tight,cell2dmin,23vf,vf,9019194,1.30777,18.5158,2.48799,8.09549,0,0,9013211,0,17.1706,5983,0,0,2.50244e-06,3.37065e-08,0,0,0,0,5983,0
n-body-simulation,device-tight,cell2dmin,24ee,ee,22148491,1.33698,29.4508,3.75054,10.5192,0,0,22120294,0,39.0726,28197,0,0,4.59852e-06,2.79523e-08,0,0,0,0,28197,0
n-body-simulation,device-tight,cell2dmin,25ee,ee,20618082,1.31868,28.3443,3.85303,9.7028,0,0,20586680,0,36.5574,31401,0,0,4.72067e-06,2.55955e-08,0,0,0,0,31402,0
n-body-simulation,device-tight,cell2dmin,25vf,vf,8643105,1.3301,42.3895,2.70174,8.22764,0,0,8635516,0,16.3109,7588,0,0,4.52196e-06,2.54301e-08,0,0,0,0,7589,0
n-body-simulation,device-tight,cell2dmin,26vf,vf,9021406,1.28374,20.8646,2.56392,8.01104,0,0,9013825,0,18.0392,7580,0,0,3.59094e-06,3.12711e-08,0,0,0,0,7581,0
n-body-simulation,device-tight,cell2dmin,27ee,ee,19098371,1.40853,27.0594,3.41477,9.80849,0,0,19071875,0,36.6465,26493,0,0,8.66848e-06,2.83039e-08,0,0,0,0,26496,0
n-body-simulation,device-tight,cell2dmin,27vf,vf,7953666,1.2685,17.0805,2.33135,8.17251,0,0,7947175,0,16.2668,6490,0,0,6.68132e-06,3.04271e-08,0,0,0,0,6491,0
n-body-simulation,device-tight,cell2dmin,28vf,vf,9123774,1.27308,20.3368,2.53301,8.21359,0,0,9115644,0,17.8748,8129,0,0,1.50335e-06,2.72735e-08,0,0,0,0,8130,0
n-body-simulation,device-tight,cell2dmin,29ee,ee,20370113,1.37506,29.7124,3.83329,9.58789,0,0,20342501,0,38.3169,27611,0,0,1.79894e-05,3.04197e-08,0,0,0,0,27612,0
n-body-simulation,device-tight,cell2dmin,2ee,ee,26617252,1.45471,34.288,4.3349,16.7045,3,0,26541828,0,57.5624,75421,0,0,1.0162e-05,4.09293e-08,0,0,0,0,75424,0
n-body-simulation,device-tight,cell2dmin,2vf,vf,11120346,1.45771,30.9161,2.82743,8.39081,2,0,11104323,0,24.4944,16021,0,0,6.89914e-06,4.55127e-08,0,0,0,0,16023,0
n-body-simulation,device-tight,cell2dmin,30vf,vf,8787001,1.32604,21.4309,3.60152,7.75255,0,0,8780753,0,16.2021,6248,0,0,5.67631e-06,3.10145e-08,0,0,0,0,6248,0
n-body-simulation,device-tight,cell2dmin,31ee,ee,22031508,1.32713,29.4025,3.8393,11.111,0,0,21996124,0,39.5217,35382,0,0,1.59505e-05,3.03322e-08,0,0,0,0,35384,0
n-body-simulation,device-tight,cell2dmin,32ee,ee,21843046,1.30559,30.7361,3.84884,10.6364,0,0,21806508,0,42.9198,36538,0,0,1.05797e-05,2.9343e-08,0,0,0,0,36538,0
n-body-simulation,device-tight,cell2dmin,32vf,vf,9161763,1.31698,22.2085,2.76439,7.86769,0,0,9153337,0,18.9315,8426,0,0,4.25456e-06,3.08256e-08,0,0,0,0,8426,0
n-body-simulation,device-tight,cell2dmin,33vf,vf,8722574,1.34194,20.7359,2.48978,7.54031,0,0,8714933,0,17.133,7641,0,0,2.74139e-05,3.03725e-08,0,0,0,0,7641,0
n-body-simulation,device-tight,cell2dmin,34ee,ee,21859925,1.26201,30.6995,3.93283,10.6114,0,0,21825382,0,47.1563,34537,0,0,3.03474e-05,2.61923e-08,0,0,0,0,34543,0
n-body-simulation,device-tight,cell2dmin,35ee,ee,21098462,1.34767,28.9533,3.60865,9.82785,0,0,21069186,0,38.2276,29276,0,0,1.21584e-05,3.03484e-08,0,0,0,0,29276,0
n-body-simulation,device-tight,cell2dmin,35vf,vf,8874710,1.33871,22.4628,2.48955,7.69144,0,0,8867449,0,19.617,7260,0,0,3.39185e-06,3.11106e-08,0,0,0,0,7261,0
n-body-simulation,device-tight,cell2dmin,36ee,ee,19627040,1.29532,27.4054,3.64085,10.2311,0,0,19597820,0,36.1931,29220,0,0,5.11161e-06,3.21527e-08,0,0,0,0,29220,0
n-body-simulation,device-tight,cell2dmin,37ee,ee,19185062,1.34335,27.425,3.71863,9.25094,0,0,19159490,0,34.493,25572,0,0,4.56371e-06,3.24476e-08,0,0,0,0,25572,0
n-body-simulation,device-tight,cell2dmin,37vf,vf,8012648,1.30175,15.3819,2.438,7.46968,0,0,8006106,0,16.6069,6542,0,0,3.16461e-06,3.20725e-08,0,0,0,0,6542,0
n-body-simulation,device-tight,cell2dmin,38vf,vf,7905846,1.26662,20.9686,2.61505,8.56277,0,0,7900350,0,15.2412,5496,0,0,4.80863e-06,4.06013e-08,0,0,0,0,5496,0
n-body-simulation,device-tight,cell2dmin,39ee,ee,21063580,1.28553,29.2827,3.78622,10.4872,0,0,21033333,0,38.5066,30245,0,0,1.55516e-05,3.29303e-08,0,0,0,0,30247,0
n-body-simulation,device-tight,cell2dmin,3ee,ee,24385880,1.43112,32.5013,4.05926,14.5195,0,0,24326275,0,49.8473,59601,0,0,8.86061e-06,4.11106e-08,0,0,0,0,59605,0
n-body-simulation,device-tight,cell2dmin,3vf,vf,10207136,1.38332,19.8295,2.85943,9.09206,0,0,10194018,0,20.7414,13117,0,0,4.9644e-06,4.39278e-08,0,0,0,0,13118,0
n-body-simulation,device-tight,cell2dmin,40vf,vf,8658765,1.29653,17.9293,2.55397,8.66644,0,0,8650845,0,20.63,7920,0,0,2.75192e-05,3.17943e-08,0,0,0,0,7920,0
n-body-simulation,device-tight,cell2dmin,41ee,ee,20836908,1.35733,30.1341,3.85725,11.3252,0,0,20798733,0,40.6105,38175,0,0,6.73718e-06,2.97021e-08,0,0,0,0,38175,0
n-body-simulation,device-tight,cell2dmin,42ee,ee,20468804,1.33157,30.0548,3.97683,10.2888,3,0,20431487,0,40.6225,37314,0,0,6.48609e-06,2.79196e-08,0,0,0,0,37317,0
n-body-simulation,device-tight,cell2dmin,42vf,vf,8535985,1.30889,17.7416,2.50456,8.70971,1,0,8527047,0,17.2518,8936,0,0,6.67685e-06,2.90961e-08,0,0,0,0,8938,0
n-body-simulation,device-tight,cell2dmin,43vf,vf,8527805,1.29401,15.9616,2.39436,8.39023,0,0,8521009,0,16.8455,6796,0,0,2.98707e-06,3.14832e-08,0,0,0,0,6796,0
n-body-simulation,device-tight,cell2dmin,44ee,ee,21716865,1.31186,32.0483,3.69316,10.6424,0,0,21689176,0,37.9579,27689,0,0,5.5356e-06,3.27338e-08,0,0,0,0,27689,0
n-body-simulation,device-tight,cell2dmin,44vf,vf,9115458,1.29647,17.8824,2.51118,8.61429,0,0,9109222,0,17.4881,6236,0,0,3.8566e-06,3.297e-08,0,0,0,0,6236,0
n-body-simulation,device-tight,cell2dmin,45vf,vf,8471066,1.27497,18.3569,2.68513,8.49359,0,0,8465023,0,16.2968,6043,0,0,1.64565e-06,2.85369e-08,0,0,0,0,6043,0
n-body-simulation,device-tight,cell2dmin,46ee,ee,20947885,1.31644,27.589,3.67374,9.1256,0,0,20922772,0,40.1748,25113,0,0,1.12888e-05,2.86091e-08,0,0,0,0,25113,0
n-body-simulation,device-tight,cell2dmin,47ee,ee,20578694,1.33365,27.6759,3.6515,9.66318,0,0,20550457,0,35.7295,28237,0,0,1.07412e-05,2.83745e-08,0,0,0,0,28237,0
n-body-simulation,device-tight,cell2dmin,47vf,vf,8626515,1.29638,17.071,2.54379,7.25532,0,0,8619661,0,15.9373,6854,0,0,2.9302e-06,2.82965e-08,0,0,0,0,6854,0
n-body-simulation,device-tight,cell2dmin,48vf,vf,8421682,1.29538,13.9622,2.4444,7.39029,0,0,8416265,0,14.9758,5417,0,0,1.7017e-06,2.39925e-08,0,0,0,0,5417,0
n-body-simulation,device-tight,cell2dmin,49ee,ee,19386606,1.33116,27.5355,3.42636,8.6947,0,0,19362529,0,33.6302,24077,0,0,8.39248e-06,3.11036e-08,0,0,0,0,24077,0
n-body-simulation,device-tight,cell2dmin,4ee,ee,21954997,1.3741,32.2261,3.94506,11.0958,0,0,21914305,0,42.9974,40692,0,0,5.28705e-06,4.4601e-08,0,0,0,0,40692,0
n-body-simulation,device-tight,cell2dmin,4vf,vf,9205265,1.39356,18.0097,2.58014,8.10288,0,0,9196043,0,18.4481,9222,0,0,4.75078e-06,4.70976e-08,0,0,0,0,9222,0
n-body-simulation,device-tight,cell2dmin,50vf,vf,8646085,1.31343,17.9251,2.49093,7.58981,0,0,8638957,0,17.4049,7128,0,0,3.80784e-06,3.19954e-08,0,0,0,0,7128,0
n-body-simulation,device-tight,cell2dmin,51ee,ee,21999613,1.31452,29.8444,3.90631,9.92564,0,0,21962575,0,41.4011,37038,0,0,0.000240146,2.68444e-08,0,0,0,0,37038,0
n-body-simulation,device-tight,cell2dmin,51vf,vf,9239945,1.34085,16.5495,2.57125,8.14422,0,0,9231430,0,18.1693,8515,0,0,2.14709e-06,3.02042e-08,0,0,0,0,8515,0
n-body-simulation,device-tight,cell2dmin,52vf,vf,8913328,1.32181,16.2816,2.43583,8.25071,0,0,8906823,0,17.6494,6505,0,0,3.51578e-06,2.88095e-08,0,0,0,0,6505,0
n-body-simulation,device-tight,cell2dmin,53ee,ee,21449627,1.30879,30.331,4.05299,9.79646,0,0,21417653,0,41.1913,31970,0,0,2.1678e-05,2.68382e-08,0,0,0,0,31974,0
n-body-simulation,device-tight,cell2dmin,54vf,vf,8790621,1.36703,18.2501,2.43106,7.89757,0,0,8783423,0,17.3019,7197,0,0,4.35184e-06,2.79642e-08,0,0,0,0,7198,0
n-body-simulation,device-tight,cell2dmin,55ee,ee,21344145,1.37096,29.956,3.88653,9.45388,0,0,21318170,0,35.9635,25975,0,0,6.81358e-06,2.69303e-08,0,0,0,0,25975,0
n-body-simulation,device-tight,cell2dmin,56ee,ee,20093033,1.32373,28.5088,3.64395,10.1281,0,0,20058300,0,37.4023,34730,0,0,3.78754e-06,2.66253e-08,0,0,0,0,34733,0
n-body-simulation,device-tight,cell2dmin,57ee,ee,19263596,1.34441,27.9229,3.43275,9.37442,0,0,19235875,0,35.6021,27721,0,0,1.67703e-05,3.16965e-08,0,0,0,0,27721,0
n-body-simulation,device-tight,cell2dmin,58ee,ee,19764368,1.33221,28.9893,3.75316,9.46604,0,0,19732881,0,36.9787,31487,0,0,1.42286e-05,2.43892e-08,0,0,0,0,31487,0
n-body-simulation,device-tight,cell2dmin,58vf,vf,8270692,1.35157,19.8568,2.46629,8.02733,0,0,8263113,0,16.4285,7577,0,0,3.01228e-06,2.52466e-08,0,0,0,0,7579,0
n-body-simulation,device-tight,cell2dmin,59vf,vf,9124614,1.30566,14.4955,2.81409,7.58734,0,0,9116748,0,19.2259,7866,0,0,3.136e-06,2.46197e-08,0,0,0,0,7866,0
n-body-simulation,device-tight,cell2dmin,5ee,ee,19807394,1.37589,29.9886,3.63336,9.69873,0,0,19773565,0,41.1877,33825,0,0,1.25377e-05,4.55206e-08,0,0,0,0,33829,0
n-body-simulation,device-tight,cell2dmin,60ee,ee,22087750,1.33311,30.9956,3.69684,10.3583,0,0,22059635,0,38.6841,28115,0,0,2.04103e-05,2.82717e-08,0,0,0,0,28115,0
n-body-simulation,device-tight,cell2dmin,60vf,vf,9287198,1.31132,18.8122,2.50334,7.75211,0,0,9280053,0,18.0089,7145,0,0,1.80126e-05,2.87388e-08,0,0,0,0,7145,0
n-body-simulation,device-tight,cell2dmin,61ee,ee,21582154,1.33189,30.0532,3.84954,9.47013,0,0,21556691,0,37.1559,25463,0,0,2.91436e-06,2.89869e-08,0,0,0,0,25463,0
n-body-simulation,device-tight,cell2dmin,62ee,ee,20117264,1.31468,27.4879,3.50831,9.09213,0,0,20094145,0,35.4331,23119,0,0,1.25757e-05,3.34135e-08,0,0,0,0,23119,0
n-body-simulation,device-tight,cell2dmin,62vf,vf,8446582,1.30309,16.5061,2.51938,8.02125,0,0,8440567,0,16.0458,6014,0,0,1.05383e-06,3.91501e-08,0,0,0,0,6015,0
n-body-simulation,device-tight,cell2dmin,63vf,vf,8893408,1.28332,14.8586,2.71761,8.18563,0,0,8885247,0,17.5517,8161,0,0,2.27085e-06,3.16368e-08,0,0,0,0,8161,0
n-body-simulation,device-tight,cell2dmin,64ee,ee,21753582,1.32617,31.6108,3.74545,9.20329,0,0,21727174,0,38.0207,26406,0,0,3.40448e-06,2.96272e-08,0,0,0,0,26408,0
n-body-simulation,device-tight,cell2dmin,65ee,ee,23131903,1.33944,32.5128,3.92791,10.2449,0,0,23100677,0,40.8758,31226,0,0,1.0753e-05,2.83697e-08,0,0,0,0,31226,0
n-body-simulation,device-tight,cell2dmin,65vf,vf,9729635,1.35903,18.0863,3.18655,8.01191,0,0,9722283,0,18.2552,7352,0,0,2.53544e-06,2.87542e-08,0,0,0,0,7352,0
n-body-simulation,device-tight,cell2dmin,66vf,vf,9651524,1.32121,20.0536,2.6155,8.33634,0,0,9645684,0,17.2986,5840,0,0,1.79996e-06,3.15164e-08,0,0,0,0,5840,0
n-body-simulation,device-tight,cell2dmin,67ee,ee,22478326,1.32386,31.4067,4.91037,9.78372,0,0,22451918,0,38.524,26408,0,0,4.05685e-06,2.66481e-08,0,0,0,0,26408,0
n-body-simulation,device-tight,cell2dmin,68ee,ee,23647355,1.33999,33.5236,4.14115,10.3852,0,0,23616234,0,42.2028,31121,0,0,3.16385e-05,2.53265e-08,0,0,0,0,31121,0
n-body-simulation,device-tight,cell2dmin,68vf,vf,10006425,1.30642,18.4279,2.72974,8.41237,0,0,9999316,0,18.6202,7109,0,0,5.45784e-06,2.62481e-08,0,0,0,0,7109,0
n-body-simulation,device-tight,cell2dmin,69vf,vf,9419821,1.32453,17.3211,2.45656,7.9306,0,0,9413479,0,16.6002,6341,0,0,2.19908e-06,2.80726e-08,0,0,0,0,6342,0
n-body-simulation,device-tight,cell2dmin,6ee,ee,23124800,1.35736,32.8655,3.91802,11.2345,0,0,23087850,0,41.3945,36950,0,0,3.96008e-06,3.61327e-08,0,0,0,0,36950,0
n-body-simulation,device-tight,cell2dmin,6vf,vf,9768166,1.36879,19.7043,2.75815,8.21516,0,0,9759218,0,19.496,8948,0,0,1.69085e-06,3.91567e-08,0,0,0,0,8948,0
n-body-simulation,device-tight,cell2dmin,70vf,vf,9460310,1.31055,16.7833,2.51259,8.06131,0,0,9454392,0,17.3349,5918,0,0,1.40423e-06,2.98837e-08,0,0,0,0,5918,0
n-body-simulation,device-tight,cell2dmin,71ee,ee,21754322,1.34777,29.9133,3.69073,8.62785,1,0,21730523,0,37.9696,23792,0,0,1.02857e-05,2.63005e-08,0,0,0,0,23799,0
n-body-simulation,device-tight,cell2dmin,72ee,ee,21048746,1.34092,29.1124,3.71223,9.97053,0,0,21021931,0,37.0506,26815,0,0,7.86498e-06,2.78846e-08,0,0,0,0,26815,0
n-body-simulation,device-tight,cell2dmin,72vf,vf,8841515,1.31903,14.5916,2.50366,8.29583,0,0,8835285,0,17.5802,6230,0,0,2.02159e-06,2.84165e-08,0,0,0,0,6230,0
n-body-simulation,device-tight,cell2dmin,73vf,vf,9046341,1.3135,16.1857,2.52405,7.84548,0,0,9039958,0,18.8114,6383,0,0,5.65284e-06,2.75614e-08,0,0,0,0,6383,0
n-body-simulation,device-tight,cell2dmin,74ee,ee,22454354,1.28626,30.7024,3.89732,9.72024,0,0,22430218,0,38.859,24136,0,0,4.62182e-06,2.56023e-08,0,0,0,0,24136,0
n-body-simulation,device-tight,cell2dmin,7ee,ee,21072753,1.35369,29.6111,3.76747,10.4814,0,0,21041494,0,39.5281,31259,0,0,1.44316e-05,3.49291e-08,0,0,0,0,31259,0
n-body-simulation,device-tight,cell2dmin,7vf,vf,8850202,1.33432,16.031,2.40421,8.10601,0,0,8842934,0,17.2308,7268,0,0,1.17126e-05,3.83392e-08,0,0,0,0,7268,0
n-body-simulation,device-tight,cell2dmin,8vf,vf,9010201,1.28863,17.3747,2.53739,7.94023,0,0,9004164,0,16.5176,6037,0,0,2.91516e-06,3.24994e-08,0,0,0,0,6037,0
n-body-simulation,device-tight,cell2dmin,9ee,ee,24329301,1.3821,36.8131,4.02362,9.99264,0,0,24297671,0,42.8965,31630,0,0,1.23164e-05,2.64667e-08,0,0,0,0,31630,0
n-body-simulation,device-tight,cell2dmin,10ee,ee,20233111,1.1599,27.8576,5.16275,18.6305,0,0,20206463,0,44.8152,26646,0,0,7.47009e-06,3.38082e-08,0,0,0,0,26648,0
n-body-simulation,device-tight,cell2dmin,10vf,vf,8465184,1.1464,23.9076,2.52165,7.80692,0,0,8458666,0,16.8318,6517,0,0,2.27247e-06,3.66896e-08,0,0,0,0,6518,0
n-body-simulation,device-tight,cell2dmin,11ee,ee,22712558,1.84148,32.9171,3.83201,16.9279,0,0,22684742,0,43.1773,27816,0,0,6.07675e-06,3.18972e-08,0,0,0,0,27816,0
n-body-simulation,device-tight,cell2dmin,12ee,ee,23298885,1.22886,32.1707,3.99683,18.3011,0,0,23262717,0,44.3197,36168,0,0,1.2666e-05,2.83372e-08,0,0,0,0,36168,0
n-body-simulation,device-tight,cell2dmin,12vf,vf,9796507,1.31852,24.5825,2.7921,8.0256,0,0,9787975,0,20.0275,8532,0,0,6.40949e-06,3.16524e-08,0,0,0,0,8532,0
n-body-simulation,device-tight,cell2dmin,13vf,vf,8977302,1.32482,24.5088,2.52878,8.45115,0,0,8968991,0,17.359,8311,0,0,7.77283e-06,3.22433e-08,0,0,0,0,8311,0
n-body-simulation,device-tight,cell2dmin,14ee,ee,21427135,1.29596,30.139,3.88436,10.5186,0,0,21391029,0,40.9407,36106,0,0,1.47457e-05,3.05841e-08,0,0,0,0,36106,0
n-body-simulation,device-tight,cell2dmin,15ee,ee,21984820,1.37698,30.071,3.77354,10.32,0,0,21949822,0,39.7616,34998,0,0,3.3871e-05,2.93894e-08,0,0,0,0,34998,0
n-body-simulation,device-tight,cell2dmin,15vf,vf,9248785,1.29183,17.8187,2.61572,7.76686,0,0,9240889,0,18.6384,7896,0,0,4.45426e-06,2.90429e-08,0,0,0,0,7896,0
n-body-simulation,device-tight,cell2dmin,16vf,vf,9005415,1.28748,18.7483,2.57281,8.16195,0,0,8996465,0,18.162,8948,0,0,2.20536e-05,3.00711e-08,0,0,0,0,8950,0
n-body-simulation,device-tight,cell2dmin,17ee,ee,21072787,1.29084,29.2776,3.63998,10.253,0,0,21036408,0,41.0099,36379,0,0,3.01818e-05,3.08048e-08,0,0,0,0,36379,0
n-body-simulation,device-tight,cell2dmin,18ee,ee,22366873,1.32217,30.1036,4.13766,19.8363,0,0,22325837,0,45.1869,41031,0,0,8.96866e-06,2.86151e-08,0,0,0,0,41036,0
n-body-simulation,device-tight,cell2dmin,18vf,vf,9396388,1.31478,26.0115,2.65422,8.35372,0,0,9386928,0,20.0135,9459,0,0,9.34296e-06,3.17767e-08,0,0,0,0,9460,0
n-body-simulation,device-tight,cell2dmin,19ee,ee,21029393,1.31874,29.0117,3.64363,9.90244,0,0,20999130,0,40.9994,30258,0,0,3.00402e-05,3.16029e-08,0,0,0,0,30263,0
n-body-simulation,device-tight,cell2dmin,1ee,ee,35345362,4.5619,44.728,5.55822,33.4258,0,0,35222026,0,86.5684,123333,0,0,1.29314e-05,3.60976e-08,0,0,0,0,123336,0
n-body-simulation,device-tight,cell2dmin,1vf,vf,14769418,1.59797,38.0583,3.28162,9.92276,0,0,14743057,0,34.7412,26359,0,0,6.25085e-06,4.10868e-08,0,0,0,0,26361,0
n-body-simulation,device-tight,cell2dmin,20vf,vf,9117131,1.36031,24.181,2.53093,8.41557,0,0,9110053,0,18.0147,7077,0,0,4.83127e-06,3.03076e-08,0,0,0,0,7078,0
n-body-simulation,device-tight,cell2dmin,21ee,ee,22805851,1.33666,32.0535,4.88231,10.1492,0,0,22774883,0,42.0558,30968,0,0,4.4361e-06,2.72442e-08,0,0,0,0,30968,0
n-body-simulation,device-tight,cell2dmin,22ee,ee,21795408,1.3302,30.9949,3.92244,9.75284,0,0,21767930,0,42.2356,27478,0,0,3.13604e-05,3.01189e-08,0,0,0,0,27478,0
n-body-simulation,device-tight,cell2dmin,22vf,vf,9185667,1.33736,46.6331,2.59438,8.29055,0,0,9178928,0,18.3239,6737,0,0,1.86537e-06,3.20417e-08,0,0,0,0,6739,0
n-body-simulation,device-tight,cell2dmin,23vf,vf,9019194,1.279,18.6731,2.42988,7.6834,0,0,9013211,0,17.3457,5983,0,0,2.50244e-06,3.37391e-08,0,0,0,0,5983,0
n-body-simulation,device-tight,cell2dmin,24ee,ee,22148491,1.347,29.539,3.89044,10.3378,0,0,22120294,0,40.6456,28197,0,0,4.59852e-06,2.79523e-08,0,0,0,0,28197,0
n-body-simulation,device-tight,cell2dmin,25ee,ee,20618082,1.3134,29.24,3.92877,10.384,0,0,20586680,0,38.0831,31401,0,0,4.72067e-06,2.56014e-08,0,0,0,0,31402,0
n-body-simulation,device-tight,cell2dmin,25vf,vf,8643105,1.36504,41.8021,2.47023,8.01219,0,0,8635516,0,17.4344,7588,0,0,4.52196e-06,2.55192e-08,0,0,0,0,7589,0
n-body-simulation,device-tight,cell2dmin,26vf,vf,9021406,1.26511,19.5713,2.49867,8.55445,0,0,9013825,0,21.1216,7580,0,0,3.92621e-06,3.12842e-08,0,0,0,0,7581,0
n-body-simulation,device-tight,cell2dmin,27ee,ee,19098371,1.31663,28.1333,3.47759,9.69681,0,0,19071875,0,35.466,26493,0,0,9.3041e-06,2.83018e-08,0,0,0,0,26496,0
n-body-simulation,device-tight,cell2dmin,27vf,vf,7953666,1.28153,16.683,2.41263,7.77348,0,0,7947175,0,16.6243,6490,0,0,6.68132e-06,3.04221e-08,0,0,0,0,6491,0
n-body-simulation,device-tight,cell2dmin,28vf,vf,9123774,1.2703,20.3619,2.48965,7.94016,0,0,9115644,0,16.6021,8129,0,0,1.50428e-06,2.72303e-08,0,0,0,0,8130,0
n-body-simulation,device-tight,cell2dmin,29ee,ee,20370113,1.32165,29.0115,3.88845,10.1763,0,0,20342501,0,37.3445,27611,0,0,1.79894e-05,3.04185e-08,0,0,0,0,27612,0
n-body-simulation,device-tight,cell2dmin,2ee,ee,26617252,1.39234,35.3737,4.27686,15.9352,3,0,26541828,0,58.5139,75421,0,0,1.0162e-05,4.09558e-08,0,0,0,0,75424,0
n-body-simulation,device-tight,cell2dmin,2vf,vf,11120346,1.40277,30.3624,2.85232,8.87101,2,0,11104323,0,24.1507,16021,0,0,6.89914e-06,4.54392e-08,0,0,0,0,16023,0
n-body-simulation,device-tight,cell2dmin,30vf,vf,8787001,1.28242,20.7452,2.48479,7.91181,0,0,8780753,0,15.814,6248,0,0,5.67631e-06,3.10119e-08,0,0,0,0,6248,0
n-body-simulation,device-tight,cell2dmin,31ee,ee,22031508,1.25426,30.0799,3.86823,10.3112,0,0,21996124,0,42.6853,35382,0,0,1.43711e-05,3.03021e-08,0,0,0,0,35384,0
n-body-simulation,device-tight,cell2dmin,32ee,ee,21843046,1.31388,30.6516,3.83722,10.4545,0,0,21806508,0,41.3703,36538,0,0,1.04363e-05,2.9343e-08,0,0,0,0,36538,0
n-body-simulation,device-tight,cell2dmin,32vf,vf,9161763,1.30969,22.4147,2.75492,8.15011,0,0,9153337,0,22.5359,8426,0,0,4.25456e-06,3.08788e-08,0,0,0,0,8426,0
n-body-simulation,device-tight,cell2dmin,33vf,vf,8722574,1.29362,20.7327,2.39752,8.05955,0,0,8714933,0,17.4074,7641,0,0,2.84272e-05,3.04018e-08,0,0,0,0,7641,0
n-body-simulation,device-tight,cell2dmin,34ee,ee,21859925,1.26972,30.3374,3.84727,10.7876,0,0,21825382,0,41.6673,34537,0,0,2.95417e-05,2.61871e-08,0,0,0,0,34543,0
n-body-simulation,device-tight,cell2dmin,35ee,ee,21098462,1.30089,28.5704,3.61185,10.1891,0,0,21069186,0,41.3173,29276,0,0,1.21584e-05,3.0399e-08,0,0,0,0,29276,0
n-body-simulation,device-tight,cell2dmin,35vf,vf,8874710,1.33068,21.1197,2.5428,8.1391,0,0,8867449,0,16.8331,7260,0,0,3.23259e-06,3.11902e-08,0,0,0,0,7261,0
n-body-simulation,device-tight,cell2dmin,36ee,ee,19627040,1.29625,27.7425,3.61675,10.1197,0,0,19597820,0,35.3704,29220,0,0,5.11161e-06,3.21559e-08,0,0,0,0,29220,0
n-body-simulation,device-tight,cell2dmin,37ee,ee,19185062,1.26556,28.5993,3.66744,9.7914,0,0,19159490,0,35.8798,25572,0,0,4.56371e-06,3.243e-08,0,0,0,0,25572,0
n-body-simulation,device-tight,cell2dmin,37vf,vf,8012648,1.26822,15.4351,2.49995,8.27663,0,0,8006106,0,15.9022,6542,0,0,2.90837e-06,3.20333e-08,0,0,0,0,6542,0
n-body-simulation,device-tight,cell2dmin,38vf,vf,7905846,1.26383,20.8459,2.4548,8.27631,0,0,7900350,0,13.6791,5496,0,0,4.13816e-06,4.06013e-08,0,0,0,0,5496,0
n-body-simulation,device-tight,cell2dmin,39ee,ee,21063580,1.28962,28.7696,3.73278,10.2128,0,0,21033333,0,38.3411,30245,0,0,1.72132e-05,3.2925e-08,0,0,0,0,30247,0
n-body-simulation,device-tight,cell2dmin,3ee,ee,24385880,1.38636,32.2958,3.96615,14.7089,0,0,24326275,0,49.1467,59601,0,0,8.86061e-06,4.11449e-08,0,0,0,0,59605,0
n-body-simulation,device-tight,cell2dmin,3vf,vf,10207136,1.37522,19.5036,2.78426,8.54123,0,0,10194018,0,21.3701,13117,0,0,4.9644e-06,4.38387e-08,0,0,0,0,13118,0
n-body-simulation,device-tight,cell2dmin,40vf,vf,8658765,1.31045,18.3104,2.48466,7.98813,0,0,8650845,0,17.7804,7920,0,0,3.06796e-05,3.17691e-08,0,0,0,0,7920,0
n-body-simulation,device-tight,cell2dmin,41ee,ee,20836908,1.2926,28.5849,3.91405,10.7875,0,0,20798733,0,41.1098,38175,0,0,6.73718e-06,2.97067e-08,0,0,0,0,38175,0
n-body-simulation,device-tight,cell2dmin,42ee,ee,20468804,1.27638,30.8563,3.92221,10.263,3,0,20431487,0,42.6316,37314,0,0,5.38806e-06,2.79212e-08,0,0,0,0,37317,0
n-body-simulation,device-tight,cell2dmin,42vf,vf,8535985,1.24006,16.2572,2.56981,8.24031,1,0,8527047,0,16.7341,8936,0,0,6.67685e-06,2.91131e-08,0,0,0,0,8938,0
n-body-simulation,device-tight,cell2dmin,43vf,vf,8527805,1.29308,15.0443,2.57125,7.94519,0,0,8521009,0,16.8666,6796,0,0,2.98707e-06,3.14584e-08,0,0,0,0,6796,0
n-body-simulation,device-tight,cell2dmin,44ee,ee,21716865,1.27545,28.7927,3.72241,9.80791,0,0,21689176,0,39.6646,27689,0,0,5.12488e-06,3.2705e-08,0,0,0,0,27689,0
n-body-simulation,device-tight,cell2dmin,44vf,vf,9115458,1.25814,17.317,2.54629,8.36802,0,0,9109222,0,17.8563,6236,0,0,3.8566e-06,3.27903e-08,0,0,0,0,6236,0
n-body-simulation,device-tight,cell2dmin,45vf,vf,8471066,1.24761,19.0638,2.52658,8.57288,0,0,8465023,0,14.9624,6043,0,0,1.64565e-06,2.85433e-08,0,0,0,0,6043,0
n-body-simulation,device-tight,cell2dmin,46ee,ee,20947885,1.28469,26.9264,3.64497,9.37785,0,0,20922772,0,38.9847,25113,0,0,1.11897e-05,2.86122e-08,0,0,0,0,25113,0
n-body-simulation,device-tight,cell2dmin,47ee,ee,20578694,1.31026,26.9988,3.68539,9.75921,0,0,20550457,0,37.3701,28237,0,0,1.07412e-05,2.83745e-08,0,0,0,0,28237,0
n-body-simulation,device-tight,cell2dmin,47vf,vf,8626515,1.25235,17.0025,2.46136,7.83709,0,0,8619661,0,16.6265,6854,0,0,3.25252e-06,2.8337e-08,0,0,0,0,6854,0
n-body-simulation,device-tight,cell2dmin,48vf,vf,8421682,1.26447,13.6985,2.30437,7.29746,0,0,8416265,0,15.4421,5417,0,0,1.7017e-06,2.40202e-08,0,0,0,0,5417,0
n-body-simulation,device-tight,cell2dmin,49ee,ee,19386606,1.29583,26.7281,3.69649,9.64801,0,0,19362529,0,35.1449,24077,0,0,8.39248e-06,3.11077e-08,0,0,0,0,24077,0
n-body-simulation,device-tight,cell2dmin,4ee,ee,21954997,1.33945,30.5933,3.87476,11.0847,0,0,21914305,0,41.0295,40692,0,0,5.28705e-06,4.45881e-08,0,0,0,0,40692,0
n-body-simulation,device-tight,cell2dmin,4vf,vf,9205265,1.3645,17.659,2.61457,8.37193,0,0,9196043,0,19.3553,9222,0,0,4.75078e-06,4.69187e-08,0,0,0,0,9222,0
n-body-simulation,device-tight,cell2dmin,50vf,vf,8646085,1.24985,17.5355,2.51045,8.04413,0,0,8638957,0,15.99,7128,0,0,3.80784e-06,3.20072e-08,0,0,0,0,7128,0
n-body-simulation,device-tight,cell2dmin,51ee,ee,21999613,1.2815,28.2591,3.87885,10.3292,0,0,21962575,0,41.8977,37038,0,0,0.000240146,2.68592e-08,0,0,0,0,37038,0
n-body-simulation,device-tight,cell2dmin,51vf,vf,9239945,1.29295,16.1147,2.61035,7.92215,0,0,9231430,0,17.664,8515,0,0,2.14709e-06,3.01954e-08,0,0,0,0,8515,0
n-body-simulation,device-tight,cell2dmin,52vf,vf,8913328,1.32111,15.7634,2.60952,7.6652,0,0,8906823,0,17.042,6505,0,0,3.51578e-06,2.87988e-08,0,0,0,0,6505,0
n-body-simulation,device-tight,cell2dmin,53ee,ee,21449627,1.28284,28.7042,3.82868,9.6723,0,0,21417653,0,40.553,31970,0,0,2.1678e-05,2.68382e-08,0,0,0,0,31974,0
n-body-simulation,device-tight,cell2dmin,54vf,vf,8790621,1.30655,17.1985,2.31359,8.63086,0,0,8783423,0,16.9766,7197,0,0,4.35184e-06,2.78232e-08,0,0,0,0,7198,0
n-body-simulation,device-tight,cell2dmin,55ee,ee,21344145,1.31042,29.892,3.71851,9.84455,0,0,21318170,0,37.3996,25975,0,0,6.81358e-06,2.69441e-08,0,0,0,0,25975,0
n-body-simulation,device-tight,cell2dmin,56ee,ee,20093033,1.29794,28.138,3.65038,10.7483,0,0,20058300,0,38.3648,34730,0,0,3.78754e-06,2.66253e-08,0,0,0,0,34733,0
n-body-simulation,device-tight,cell2dmin,57ee,ee,19263596,1.28453,27.8216,3.44571,10,0,0,19235875,0,36.6583,27721,0,0,1.76224e-05,3.17039e-08,0,0,0,0,27721,0
n-body-simulation,device-tight,cell2dmin,58ee,ee,19764368,1.2582,27.7576,3.71819,10.2839,0,0,19732881,0,38.5138,31487,0,0,1.42286e-05,2.43979e-08,0,0,0,0,31487,0
n-body-simulation,device-tight,cell2dmin,58vf,vf,8270692,1.28377,18.6764,2.47768,7.81777,0,0,8263113,0,16.7082,7577,0,0,3.01228e-06,2.52559e-08,0,0,0,0,7579,0
n-body-simulation,device-tight,cell2dmin,59vf,vf,9124614,1.27567,14.373,2.72583,7.40319,0,0,9116748,0,18.1139,7866,0,0,3.136e-06,2.46471e-08,0,0,0,0,7866,0
n-body-simulation,device-tight,cell2dmin,5ee,ee,19807394,1.37221,28.9145,3.64232,10.3878,0,0,19773565,0,35.7751,33825,0,0,1.33814e-05,4.55222e-08,0,0,0,0,33829,0
n-body-simulation,device-tight,cell2dmin,60ee,ee,22087750,1.33506,29.0871,3.79354,10.3175,0,0,22059635,0,39.2425,28115,0,0,2.04103e-05,2.82806e-08,0,0,0,0,28115,0
n-body-simulation,device-tight,cell2dmin,60vf,vf,9287198,1.27327,19.9407,2.5388,7.82461,0,0,9280053,0,18.2672,7145,0,0,2.06948e-05,2.87727e-08,0,0,0,0,7145,0
n-body-simulation,device-tight,cell2dmin,61ee,ee,21582154,1.29084,29.05,4.85626,9.50248,0,0,21556691,0,37.859,25463,0,0,2.91436e-06,2.89879e-08,0,0,0,0,25463,0
n-body-simulation,device-tight,cell2dmin,62ee,ee,20117264,1.28969,28.0043,3.49842,9.12166,0,0,20094145,0,35.4096,23119,0,0,1.25757e-05,3.34394e-08,0,0,0,0,23119,0
n-body-simulation,device-tight,cell2dmin,62vf,vf,8446582,1.30726,16.3898,2.67848,7.51,0,0,8440567,0,15.988,6014,0,0,1.05383e-06,3.9242e-08,0,0,0,0,6015,0
n-body-simulation,device-tight,cell2dmin,63vf,vf,8893408,1.25401,14.4153,2.5387,7.89002,0,0,8885247,0,17.1978,8161,0,0,2.27085e-06,3.16334e-08,0,0,0,0,8161,0
n-body-simulation,device-tight,cell2dmin,64ee,ee,21753582,1.27484,30.2154,4.90279,9.5564,0,0,21727174,0,40.2824,26406,0,0,3.40448e-06,2.96104e-08,0,0,0,0,26408,0
n-body-simulation,device-tight,cell2dmin,65ee,ee,23131903,1.32098,32.1509,3.9056,9.60933,0,0,23100677,0,41.2275,31226,0,0,1.03358e-05,2.83456e-08,0,0,0,0,31226,0
n-body-simulation,device-tight,cell2dmin,65vf,vf,9729635,1.29487,18.2121,2.64683,8.48031,0,0,9722283,0,19.0738,7352,0,0,2.53544e-06,2.88027e-08,0,0,0,0,7352,0
n-body-simulation,device-tight,cell2dmin,66vf,vf,9651524,1.31893,20.3562,2.53883,8.65902,0,0,9645684,0,16.2941,5840,0,0,1.79996e-06,3.14942e-08,0,0,0,0,5840,0
n-body-simulation,device-tight,cell2dmin,67ee,ee,22478326,1.27845,31.5355,3.85197,10.3333,0,0,22451918,0,40.4885,26408,0,0,3.27347e-06,2.6656e-08,0,0,0,0,26408,0
n-body-simulation,device-tight,cell2dmin,68ee,ee,23647355,1.3085,33.172,4.00128,9.83831,0,0,23616234,0,44.5651,31121,0,0,3.16385e-05,2.53203e-08,0,0,0,0,31121,0
n-body-simulation,device-tight,cell2dmin,68vf,vf,10006425,1.28172,18.1231,2.77204,8.76641,0,0,9999316,0,18.6719,7109,0,0,5.45784e-06,2.62655e-08,0,0,0,0,7109,0
n-body-simulation,device-tight,cell2dmin,69vf,vf,9419821,1.28697,16.941,2.55601,7.3917,0,0,9413479,0,16.4174,6341,0,0,2.19908e-06,2.81002e-08,0,0,0,0,6342,0
n-body-simulation,device-tight,cell2dmin,6ee,ee,23124800,1.33039,30.2674,4.08643,10.5984,0,0,23087850,0,41.9221,36950,0,0,3.96008e-06,3.61415e-08,0,0,0,0,36950,0
n-body-simulation,device-tight,cell2dmin,6vf,vf,9768166,1.29817,19.6612,3.20918,7.85053,0,0,9759218,0,19.9135,8948,0,0,2.02348e-06,3.91562e-08,0,0,0,0,8948,0
n-body-simulation,device-tight,cell2dmin,70vf,vf,9460310,1.27062,16.6639,2.61425,8.47906,0,0,9454392,0,17.3743,5918,0,0,1.42379e-06,2.98837e-08,0,0,0,0,5918,0
n-body-simulation,device-tight,cell2dmin,71ee,ee,21754322,1.28655,29.3036,3.69735,9.37503,1,0,21730523,0,37.2872,23792,0,0,1.02857e-05,2.62876e-08,0,0,0,0,23799,0
n-body-simulation,device-tight,cell2dmin,72ee,ee,21048746,1.32201,28.2693,4.54219,9.55358,0,0,21021931,0,37.211,26815,0,0,7.86498e-06,2.78612e-08,0,0,0,0,26815,0
n-body-simulation,device-tight,cell2dmin,72vf,vf,8841515,1.29724,14.5142,2.46453,8.02957,0,0,8835285,0,15.691,6230,0,0,1.99333e-06,2.82593e-08,0,0,0,0,6230,0
n-body-simulation,device-tight,cell2dmin,73vf,vf,9046341,1.29135,15.9557,2.48715,7.82862,0,0,9039958,0,16.4167,6383,0,0,5.65284e-06,2.75491e-08,0,0,0,0,6383,0
n-body-simulation,device-tight,cell2dmin,74ee,ee,22454354,1.28594,30.298,4.09533,9.785,0,0,22430218,0,39.0879,24136,0,0,4.62182e-06,2.56011e-08,0,0,0,0,24136,0
n-body-simulation,device-tight,cell2dmin,7ee,ee,21072753,1.29878,28.8672,3.79245,9.57995,0,0,21041494,0,39.4915,31259,0,0,1.43259e-05,3.49077e-08,0,0,0,0,31259,0
n-body-simulation,device-tight,cell2dmin,7vf,vf,8850202,1.34671,15.9281,2.46389,8.37068,0,0,8842934,0,17.0864,7268,0,0,1.17126e-05,3.82828e-08,0,0,0,0,7268,0
n-body-simulation,device-tight,cell2dmin,8vf,vf,9010201,1.29052,16.6287,2.59409,8.15581,0,0,9004164,0,15.4208,6037,0,0,2.91516e-06,3.24994e-08,0,0,0,0,6037,0
n-body-simulation,device-tight,cell2dmin,9ee,ee,24329301,1.27445,31.2815,4.07846,10.4961,0,0,24297671,0,43.7453,31630,0,0,1.19373e-05,2.64667e-08,0,0,0,0,31630,0
puffer-ball,device-tight,cell2d,100ee,ee,28919455,12.0782,109.93,5.10355,8.08736,0,0,28919246,0,34.8162,203,0,0,0.00147002,3.45404e-05,0,1.21725e-05,0.067688,0.0677002,209,0.067688
puffer-ball,device-tight,cell2d,101ee,ee,28991339,24.1779,103.565,5.14185,10.5246,0,0,28990930,0,31.3846,398,0,0,0.000569632,6.46351e-05,0,5.0438e-05,0.102982,0.103032,409,0.102982
puffer-ball,device-tight,cell2d,102ee,ee,28946829,18.4275,104.873,5.06278,5.26143,0,0,28946542,0,31.0332,260,0,0,0.00286817,2.1682e-05,0,1.03329e-05,0.112274,0.112285,287,0.112274
puffer-ball,device-tight,cell2d,103vf,vf,10162945,11.4532,41.7294,3.43823,3.24511,0,0,10162913,0,11.2815,28,0,0,0.000227346,8.11632e-05,0,6.61055e-05,0.139679,0.139745,32,0.139679
puffer-ball,device-tight,cell2d,104vf,vf,9984324,16.0373,41.7462,3.32841,5.18108,0,0,9984224,0,12.3555,98,0,0,0.000319482,6.06061e-05,0,3.60216e-05,0.10715,0.107186,100,0.107147
puffer-ball,device-tight,cell2d,106ee,ee,26895346,16.888,99.436,4.64277,5.03898,0,0,26895248,0,29.2356,96,0,0,0.000598434,3.9413e-05,0,7.60028e-06,0.138351,0.138359,98,0.138351
puffer-ball,device-tight,cell2d,107ee,ee,26127843,18.5075,99.2142,4.78334,3.06659,0,0,26127813,0,27.8876,30,0,0,0.000326186,7.03513e-05,0,0.000123539,0.291534,0.291658,30,0.291534
puffer-ball,device-tight,cell2d,108ee,ee,25305097,16.5571,95.9998,4.3805,2.98615,0,0,25305039,0,26.7584,56,0,0,8.35378e-05,2.63881e-05,0,6.71844e-05,0.173813,0.17388,58,0.173813
puffer-ball,device-tight,cell2d,109vf,vf,8498297,16.3782,37.1519,3.06749,3.00759,0,0,8498278,0,10.6446,18,0,0,0.000470913,7.31082e-05,0,5.20595e-05,0.259857,0.259909,19,0.259857
puffer-ball,device-tight,cell2d,10vf,vf,26051266,16.9325,52.6378,6.87713,12.8578,2,0,26045222,0,49.0744,5885,0,0,0.00227874,1.88352e-05,0,8.47131e-06,0.0194248,0.0194333,6044,0.0194244
puffer-ball,device-tight,cell2d,112ee,ee,21884978,17.1275,93.853,3.90266,4.19072,0,0,21884898,0,24.6937,80,0,0,0.000290373,0.000125135,0,0.000119562,0.351334,0.351453,80,0.351334
puffer-ball,device-tight,cell2d,114ee,ee,20335973,16.5979,45.2657,3.7491,1.98218,0,0,20335957,0,21.3529,16,0,0,0.000222664,4.58348e-05,0,3.92293e-05,0.298706,0.298745,16,0.298706
puffer-ball,device-tight,cell2d,115ee,ee,19542341,16.8276,43.2789,3.86535,2.0728,0,0,19542330,0,20.971,11,0,0,0.00059213,7.19629e-05,0,4.58907e-05,0.311447,0.311493,11,0.311447
puffer-ball,device-tight,cell2d,116vf,vf,6257322,16.1527,16.0584,2.49861,1.14284,0,0,6257320,0,8.45631,2,0,0,8.24776e-05,8.24776e-05,0,8.24776e-05,0.209457,0.20954,2,0.209457
puffer-ball,device-tight,cell2d,118vf,vf,5680460,11.8902,15.3511,2.42101,1.28012,0,0,5680458,0,10.5624,2,0,0,0.000184561,0.000184561,0,6.31808e-05,0.140457,0.14052,2,0.140457
puffer-ball,device-tight,cell2d,11ee,ee,21521802,12.3773,58.3354,6.06298,8.16653,0,0,21520998,0,24.6468,765,0,0,0.0021401,5.20124e-05,0,1.74711e-05,0.062359,0.0623765,804,0.0623474
puffer-ball,device-tight,cell2d,121ee,ee,15134209,18.0942,37.5297,3.39887,4.38924,0,0,15134161,0,20.9081,48,0,0,0.000424135,9.74995e-05,0,9.8891e-05,0.187103,0.187202,48,0.187103
puffer-ball,device-tight,cell2d,122ee,ee,14435994,17.0123,34.9329,3.34831,2.40872,0,0,14435973,0,16.5745,21,0,0,0.00020586,5.41317e-05,0,0.00020586,0.226212,0.226417,21,0.226212
puffer-ball,device-tight,cell2d,123vf,vf,4342748,16.9762,13.078,2.16441,1.31621,0,0,4342746,0,6.33161,2,0,0,7.24396e-05,7.24396e-05,0,3.4842e-05,0.377945,0.37798,2,0.377945
puffer-ball,device-tight,cell2d,124vf,vf,4110426,11.9337,13.9405,2.16918,1.12451,0,0,4110424,0,6.21366,2,0,0,0.000123195,0.000123195,0,0.000123195,0.540955,0.541078,2,0.540955
puffer-ball,device-tight,cell2d,127ee,ee,11696160,15.0895,30.7723,3.03846,1.81524,0,0,11696154,0,13.9404,6,0,0,0.000320208,0.000132942,0,0.000315111,0.385681,0.385996,6,0.385681
puffer-ball,device-tight,cell2d,128ee,ee,11302457,12.0258,27.862,3.10275,1.43007,0,0,11302451,0,12.4155,6,0,0,0.000139051,9.08246e-05,0,7.34243e-05,0.269012,0.269086,6,0.269012
puffer-ball,device-tight,cell2d,129ee,ee,11020201,12.0467,26.8462,3.14739,2.701,0,0,11020174,0,12.185,27,0,0,0.000329519,4.45959e-05,0,3.90051e-05,0.141983,0.142022,27,0.141983
puffer-ball,device-tight,cell2d,12vf,vf,11000060,11.9546,24.0769,4.45084,13.9596,13,0,10983158,0,21.8237,16494,0,0,0.00405978,1.37043e-05,0,2.99351e-06,0.00633318,0.00633617,16902,0.0063324
puffer-ball,device-tight,cell2d,13vf,vf,11106781,12.1288,25.9976,4.54597,7.98496,8,0,11088562,0,23.0338,17883,0,0,0.0504481,7.782e-06,0,2.41871e-06,0.0041415,0.00414392,18219,0.00414276
puffer-ball,device-tight,cell2d,15ee,ee,31527232,12.3387,64.9457,6.12806,20.4772,3,0,31490864,0,65.2257,35860,0,0,0.00614593,1.39403e-05,0,2.93153e-06,0.00827936,0.0082823,36368,0.00827789
puffer-ball,device-tight,cell2d,16ee,ee,49330297,19.3203,92.3664,7.38332,9.40309,11,0,49309577,0,59.3867,20318,0,0,0.00282698,1.44324e-05,0,5.64843e-06,0.00688717,0.00689281,20720,0.00688934
puffer-ball,device-tight,cell2d,17ee,ee,73267220,18.8678,142.53,9.16902,9.52789,2,0,73247897,0,96.4279,18950,0,0,0.261332,1.71347e-05,0,1.11912e-06,0.00283536,0.00283648,19323,0.00283432
puffer-ball,device-tight,cell2d,18vf,vf,37899493,17.7186,66.6193,7.70289,7.38319,0,0,37897565,0,51.222,1863,0,0,0.00148126,2.61913e-05,0,6.35827e-06,0.0123718,0.0123781,1928,0.0123711
puffer-ball,device-tight,cell2d,19vf,vf,52064527,12.1967,97.0691,8.98176,7.79175,3,0,52056822,0,72.6178,7517,0,0,0.00407246,1.16167e-05,0,1.51155e-06,0.0074909,0.00749241,7705,0.00748825
puffer-ball,device-tight,cell2d,21ee,ee,220630674,24.1081,766.879,23.7334,42.5872,23,0,220455231,0,323.668,173531,0,0,0.0237497,8.83553e-06,0,4.51473e-06,0.00433372,0.00433824,175443,0.0043335
puffer-ball,device-tight,cell2d,22ee,ee,191818568,23.8243,618.372,22.4296,49.9683,36,0,191656091,0,303.779,160417,0,0,0.00709674,1.12565e-05,0,6.92774e-06,0.00267,0.00267692,162477,0.00267029
puffer-ball,device-tight,cell2d,23ee,ee,116223315,12.2341,237.603,15.725,21.733,39,0,116146276,0,177.13,75730,0,0,0.0058187,1.56162e-05,0,5.64225e-06,0.0102473,0.0102529,77039,0.0102463
puffer-ball,device-tight,cell2d,24vf,vf,28632387,12.1354,56.847,8.04407,8.29289,8,0,28620305,0,50.7394,11715,0,0,0.00238043,2.21386e-05,0,2.33888e-06,0.00941443,0.00941677,12082,0.00941467
puffer-ball,device-tight,cell2d,25vf,vf,25787438,12.0476,54.9837,7.60488,7.34255,6,0,25778079,0,45.0296,9086,0,0,0.00315848,2.46969e-05,0,4.21176e-06,0.0127523,0.0127565,9359,0.0127525
puffer-ball,device-tight,cell2d,27ee,ee,82136185,12.5079,221.534,11.8047,9.29023,9,0,82120927,0,110.066,14915,0,0,0.00643386,2.31358e-05,0,6.99507e-07,0.0129291,0.0129298,15258,0.012928
puffer-ball,device-tight,cell2d,28ee,ee,89065912,16.0487,238.019,11.8299,9.4102,1,0,89054393,0,113.945,11274,0,0,0.00820973,2.28445e-05,0,5.81859e-06,0.0212496,0.0212554,11519,0.0212479
puffer-ball,device-tight,cell2d,29ee,ee,94887797,12.3191,240.147,11.7692,8.90673,1,0,94874413,0,125.655,13132,0,0,0.00567064,1.69143e-05,0,4.84385e-06,0.0105405,0.0105453,13384,0.01054
puffer-ball,device-tight,cell2d,30vf,vf,37863175,13.1135,90.4564,8.04182,6.83921,4,0,37860340,0,52.6716,2754,0,0,0.00074955,2.14334e-05,0,4.26481e-06,0.0184359,0.0184402,2835,0.0184364
puffer-ball,device-tight,cell2d,31vf,vf,37826930,12.1452,91.2592,7.70184,6.55403,0,0,37823952,0,53.2711,2889,0,0,0.00118747,2.27893e-05,0,2.7808e-06,0.00660133,0.00660411,2978,0.00660324
puffer-ball,device-tight,cell2d,33ee,ee,88606642,12.1474,226.66,10.3797,10.0219,10,0,88594244,0,113.917,12033,0,0,0.00585754,2.38344e-05,0,1.84674e-05,0.0365868,0.0366052,12398,0.0365829
puffer-ball,device-tight,cell2d,34ee,ee,83806141,12.1381,223.265,9.93063,9.70862,7,0,83793957,0,107.599,11876,0,0,0.224221,2.33125e-05,0,6.04004e-06,0.0187282,0.0187342,12184,0.0187302
puffer-ball,device-tight,cell2d,35ee,ee,79093772,12.1629,213.314,9.48284,9.70811,12,0,79083607,0,102.063,9885,0,0,0.00316752,2.43817e-05,0,3.5279e-06,0.0100762,0.0100798,10165,0.0100746
puffer-ball,device-tight,cell2d,36vf,vf,28437085,12.0693,82.634,6.30601,7.5077,1,0,28434037,0,41.9624,2931,0,0,0.000935948,2.14664e-05,0,6.67824e-06,0.0162265,0.0162331,3048,0.0162258
puffer-ball,device-tight,cell2d,37vf,vf,26722838,12.0036,78.5374,6.00653,7.08211,0,0,26720338,0,45.0931,2413,0,0,0.00270493,2.06976e-05,0,6.79932e-06,0.014293,0.0142998,2500,0.0142899
puffer-ball,device-tight,cell2d,39ee,ee,62734605,12.1576,175.842,8.11309,9.01341,4,0,62725637,0,83.6664,8810,0,0,0.00327777,1.85925e-05,0,3.04108e-06,0.0152504,0.0152534,8968,0.0152512
puffer-ball,device-tight,cell2d,40ee,ee,58732472,12.2402,168.27,7.84894,8.25881,4,0,58726183,0,76.6267,6105,0,0,0.00346817,2.88434e-05,0,6.51145e-06,0.0163637,0.0163702,6289,0.0163612
puffer-ball,device-tight,cell2d,41ee,ee,55054730,12.1332,160.598,7.60485,9.04919,0,0,55049267,0,71.342,5328,0,0,0.00158261,2.67113e-05,0,3.07029e-06,0.0238715,0.0238746,5463,0.0238647
puffer-ball,device-tight,cell2d,42vf,vf,19496112,12.076,62.7031,5.04045,6.44329,1,0,19495059,0,27.1893,1016,0,0,0.00227774,3.95418e-05,0,1.25202e-05,0.0254324,0.0254449,1053,0.0254364
puffer-ball,device-tight,cell2d,43vf,vf,18706325,12.0018,60.0594,5.17171,6.24889,4,0,18705336,0,26.8742,953,0,0,0.000821074,5.05685e-05,0,3.68565e-06,0.0204443,0.020448,989,0.020443
puffer-ball,device-tight,cell2d,45ee,ee,48533084,12.9743,148.885,7.06538,7.95364,3,0,48531286,0,64.4586,1721,0,0,0.00203423,4.04528e-05,0,1.68187e-05,0.0260877,0.0261045,1798,0.0260925
puffer-ball,device-tight,cell2d,46ee,ee,48353970,12.1639,149.332,7.27615,6.91482,1,0,48351903,0,63.3404,2021,0,0,0.00163666,3.80091e-05,0,8.57439e-06,0.0305599,0.0305685,2067,0.0305557
puffer-ball,device-tight,cell2d,47ee,ee,48260533,12.0803,143.156,6.81306,7.03786,3,0,48258910,0,61.9541,1577,0,0,0.009421,4.02943e-05,0,2.22322e-05,0.0275976,0.0276199,1623,0.0276108
puffer-ball,device-tight,cell2d,48vf,vf,17869478,12.0245,56.1313,4.56414,5.60619,1,0,17869137,0,26.3804,330,0,0,0.000726687,3.8242e-05,0,4.98405e-06,0.0389172,0.0389221,341,0.0389175
puffer-ball,device-tight,cell2d,49vf,vf,17875011,12.0156,32.1385,4.65876,5.38661,0,0,17874709,0,23.5224,297,0,0,0.000491727,3.6902e-05,0,3.41253e-05,0.0612183,0.0612524,302,0.0612183
puffer-ball,device-tight,cell2d,51ee,ee,46698477,12.0514,78.6763,7.0831,7.18147,0,0,46697110,0,61.0358,1269,0,0,0.00191346,3.6879e-05,0,2.58157e-05,0.054799,0.0548249,1367,0.0548019
puffer-ball,device-tight,cell2d,52ee,ee,45494887,12.0424,76.8745,6.96877,7.18214,7,0,45493883,0,58.084,953,0,0,0.00171123,3.99827e-05,0,3.46212e-05,0.0613861,0.0614207,1004,0.0613861
puffer-ball,device-tight,cell2d,53ee,ee,44423327,12.0625,77.6639,6.31375,8.03014,0,0,44422136,0,56.4881,1166,0,0,0.00201963,3.79703e-05,0,2.55751e-05,0.0437423,0.0437678,1191,0.0437317
puffer-ball,device-tight,cell2d,54vf,vf,15978215,11.9909,27.5836,5.64049,5.83102,1,0,15977829,0,21.0837,369,0,0,0.000434029,3.876e-05,0,1.95287e-05,0.0317538,0.0317733,386,0.0317535
puffer-ball,device-tight,cell2d,55vf,vf,15809518,11.952,29.2921,4.32949,5.76923,0,0,15809079,0,20.9009,424,0,0,0.00198576,3.33836e-05,0,1.04591e-05,0.0334396,0.0334501,439,0.0334396
puffer-ball,device-tight,cell2d,57ee,ee,42527985,12.076,77.4398,6.18611,8.14797,4,0,42527045,0,56.205,911,0,0,0.00227205,4.66783e-05,0,2.12041e-05,0.0476984,0.0477196,940,0.047699
puffer-ball,device-tight,cell2d,58ee,ee,42522341,12.0233,73.7865,5.92826,7.38572,1,0,42521138,0,53.8406,1167,0,0,0.00345901,3.39891e-05,0,2.15212e-05,0.0497507,0.0497722,1203,0.0497513
puffer-ball,device-tight,cell2d,59ee,ee,42541037,12.1155,129.426,6.12813,7.08493,0,0,42540006,0,55.0314,992,0,0,0.000527347,3.48702e-05,0,3.19023e-05,0.0402615,0.0402934,1031,0.0402679
puffer-ball,device-tight,cell2d,5vf,vf,4452462,12.3698,32.1037,2.36537,1.132,0,0,4452460,0,6.9938,2,0,0,1.87693e-05,1.87693e-05,0,4.25235e-06,0.925014,0.925019,2,0.925014
puffer-ball,device-tight,cell2d,60vf,vf,15571721,12.1525,47.8593,4.18268,6.11715,0,0,15571311,0,21.0451,396,0,0,0.00120154,3.02854e-05,0,1.43539e-05,0.0771458,0.0771602,410,0.0771179
puffer-ball,device-tight,cell2d,62ee,ee,41024001,12.2765,124.299,5.95498,6.92548,0,0,41022883,0,51.1004,1082,0,0,0.00148014,2.68939e-05,0,1.55557e-05,0.0284416,0.0284571,1118,0.0284424
puffer-ball,device-tight,cell2d,63ee,ee,40350684,12.057,123.767,5.75307,7.50812,0,0,40349147,0,52.8699,1494,0,0,0.000762525,2.54314e-05,0,1.11893e-05,0.0329208,0.032932,1537,0.0329208
puffer-ball,device-tight,cell2d,64ee,ee,39670269,12.158,121.01,5.94048,7.23036,5,0,39669552,0,49.3272,694,0,0,0.00167867,2.80739e-05,0,4.00305e-06,0.0559845,0.0559885,717,0.0559845
puffer-ball,device-tight,cell2d,65vf,vf,14316399,12.0158,48.4324,3.98717,5.50443,0,0,14316220,0,19.6142,173,0,0,0.000876223,4.47116e-05,0,4.46018e-05,0.0881348,0.0881794,179,0.0881348
puffer-ball,device-tight,cell2d,66vf,vf,14072197,11.9058,44.921,4.26934,4.88893,0,0,14072063,0,45.1039,120,0,0,0.000268542,6.37619e-05,0,4.54774e-05,0.100251,0.100296,134,0.10025
puffer-ball,device-tight,cell2d,68ee,ee,36623286,12.0239,115.992,5.44392,7.18195,0,0,36622722,0,47.9869,514,0,0,0.00158696,5.11511e-05,0,2.08907e-05,0.0450821,0.045103,564,0.0450821
puffer-ball,device-tight,cell2d,69ee,ee,35609242,12.1586,110.92,5.67438,7.9394,3,0,35608561,0,45.3546,652,0,0,0.00146332,3.97538e-05,0,2.51479e-05,0.0463665,0.0463916,681,0.0463638
puffer-ball,device-tight,cell2d,6ee,ee,17690467,12.5267,46.225,3.94624,6.36351,0,0,17688666,0,23.7154,1770,0,0,0.00076282,3.7009e-06,0,1.65238e-05,0.0978984,0.0979149,1801,0.0979042
puffer-ball,device-tight,cell2d,70vf,vf,12542944,11.9789,39.4597,3.82279,5.9352,0,0,12542694,0,19.168,240,0,0,0.000441543,3.37975e-05,0,1.50728e-05,0.0342941,0.0343092,250,0.0342941
puffer-ball,device-tight,cell2d,71vf,vf,12091178,11.9834,41.6094,3.7937,4.90801,0,0,12091045,0,17.9538,128,0,0,0.000407152,4.92674e-05,0,2.67747e-05,0.0854492,0.085476,133,0.0854492
puffer-ball,device-tight,cell2d,73ee,ee,31360326,12.0676,108.767,5.4925,7.13693,0,0,31359485,0,41.9737,799,0,0,0.0016717,4.30131e-05,0,3.13874e-05,0.0433909,0.0434223,841,0.0434036
puffer-ball,device-tight,cell2d,74ee,ee,30393279,12.138,111.538,5.23814,6.81818,0,0,30392732,0,40.7982,541,0,0,0.00293449,4.73147e-05,0,4.15088e-05,0.0965171,0.0965586,547,0.0965271
puffer-ball,device-tight,cell2d,75ee,ee,29352738,12.1164,107.417,4.99862,7.00272,0,0,29352137,0,37.0404,594,0,0,0.00122462,3.32779e-05,0,1.30146e-05,0.0299149,0.0299279,601,0.0299149
puffer-ball,device-tight,cell2d,76vf,vf,9871498,12.0018,40.2222,3.50379,5.00746,0,0,9871348,0,13.5012,144,0,0,0.000248163,5.16228e-05,0,3.49924e-05,0.0795282,0.0795632,150,0.0795441
puffer-ball,device-tight,cell2d,77vf,vf,9422268,12.0254,41.1303,3.57768,5.08147,0,0,9422153,0,14.834,110,0,0,0.00228386,7.00436e-05,0,1.81304e-05,0.0728607,0.0728788,115,0.0728607
puffer-ball,device-tight,cell2d,79ee,ee,25110518,12.1259,99.8117,4.75585,7.46191,0,0,25109388,0,33.6462,1083,0,0,0.000830189,3.94912e-05,0,2.86317e-05,0.0471427,0.0471713,1130,0.0471344
puffer-ball,device-tight,cell2d,7ee,ee,20330418,12.5569,54.0953,4.42338,7.30236,0,0,20322657,0,30.5131,7685,0,0,0.000490761,4.73831e-06,0,3.53041e-06,0.00837629,0.00837982,7761,0.00837708
puffer-ball,device-tight,cell2d,80ee,ee,24221710,12.0417,98.8903,4.82254,6.88506,0,0,24221029,0,32.7975,652,0,0,0.00177399,5.22472e-05,0,4.80007e-05,0.0971099,0.0971579,681,0.0971069
puffer-ball,device-tight,cell2d,81vf,vf,7872734,12.0457,40.7355,3.19788,4.93812,2,0,7872622,0,11.7178,106,0,0,0.000347333,5.72856e-05,0,2.46032e-05,0.066452,0.0664766,112,0.066452
puffer-ball,device-tight,cell2d,82vf,vf,7646505,12.0963,29.0708,3.01555,5.01827,0,0,7646306,0,11.928,194,0,0,0.000529052,5.43172e-05,0,4.03347e-05,0.0627883,0.0628286,199,0.0627918
puffer-ball,device-tight,cell2d,84ee,ee,22087334,12.2067,98.6426,5.16147,6.1759,0,0,22087088,0,29.0785,232,0,0,0.00163747,7.74338e-05,0,3.66733e-05,0.0924143,0.0924509,246,0.0924072
puffer-ball,device-tight,cell2d,85ee,ee,21924810,12.1751,98.5224,4.5539,5.8673,4,0,21924623,0,28.2623,178,0,0,0.000820669,5.50125e-05,0,5.50125e-05,0.126007,0.126062,187,0.126007
puffer-ball,device-tight,cell2d,86ee,ee,21956131,12.2347,97.0396,4.47116,4.59685,0,0,21955951,0,28.9862,178,0,0,0.000670304,1.86831e-05,0,1.10865e-05,0.0365372,0.0365483,180,0.0365372
puffer-ball,device-tight,cell2d,87vf,vf,7367924,12.1177,28.9265,2.98163,3.12422,0,0,7367890,0,11.8185,34,0,0,0.000123612,5.29589e-05,0,8.6983e-05,0.163787,0.163874,34,0.163788
puffer-ball,device-tight,cell2d,88vf,vf,7477382,12.1577,29.3053,3.00778,1.40031,0,0,7477376,0,11.1388,6,0,0,0.000241294,8.59023e-05,0,3.19749e-05,0.286194,0.286226,6,0.286194
puffer-ball,device-tight,cell2d,8ee,ee,30324395,12.2668,75.9892,5.63761,9.29356,7,0,30300184,0,50.7189,23906,0,0,0.00317809,8.69097e-06,0,3.90788e-06,0.0128435,0.0128474,24211,0.0128441
puffer-ball,device-tight,cell2d,90ee,ee,23301989,12.1489,95.7876,4.8297,5.11379,0,0,23301882,0,30.3915,101,0,0,0.00049488,5.52923e-05,0,3.85221e-05,0.15819,0.158229,107,0.158173
puffer-ball,device-tight,cell2d,91ee,ee,23953633,12.2051,98.2748,4.44389,2.98,0,0,23953612,0,31.2181,16,0,0,0.000483049,0.000101841,0,0.000239382,0.285782,0.286021,21,0.285828
puffer-ball,device-tight,cell2d,92vf,vf,8420697,12.1395,32.5429,4.19702,2.51982,0,0,8420679,0,12.3474,18,0,0,0.000395681,8.48169e-05,0,8.48169e-05,0.119415,0.1195,18,0.119415
puffer-ball,device-tight,cell2d,93vf,vf,8683964,12.1433,34.4217,3.15776,3.19692,0,0,8683934,0,12.351,30,0,0,0.000340828,7.80981e-05,0,2.8647e-05,0.164642,0.164671,30,0.164642
puffer-ball,device-tight,cell2d,95ee,ee,26667445,12.2523,103.74,4.95236,6.13002,0,0,26667005,0,37.8565,419,0,0,0.000786425,3.52658e-05,0,1.80294e-05,0.0850372,0.0850553,440,0.0850372
puffer-ball,device-tight,cell2d,96ee,ee,27333803,12.2638,105.044,4.92503,6.08893,0,0,27333517,0,33.6639,277,0,0,0.000480709,3.47581e-05,0,2.5199e-05,0.0791377,0.0791629,286,0.0791473
puffer-ball,device-tight,cell2d,97ee,ee,27895701,12.162,105.708,4.89796,5.94759,0,0,27895457,0,36.297,234,0,0,0.000496207,4.24319e-05,0,2.4417e-05,0.0799103,0.0799347,244,0.0799255
puffer-ball,device-tight,cell2d,98vf,vf,9971931,12.1239,36.1337,3.47419,3.48213,0,0,9971900,0,13.81,30,0,0,0.0001397,3.58115e-05,0,3.67242e-05,0.12854,0.128577,31,0.12854
puffer-ball,device-tight,cell2d,99vf,vf,10120447,12.0824,37.4776,3.2829,3.18799,0,0,10120401,0,14.3875,44,0,0,0.000164369,5.70811e-05,0,7.86663e-05,0.139221,0.1393,46,0.139221
puffer-ball,device-tight,cell2d,100ee,ee,28919455,11.9882,108.372,8.30739,8.20396,0,0,28919246,0,45.061,203,0,0,0.00147812,3.45404e-05,0,1.21725e-05,0.067688,0.0677002,209,0.067688
puffer-ball,device-tight,cell2d,101ee,ee,28991339,25.6243,104.342,5.80657,9.66443,0,0,28990930,0,42.3501,398,0,0,0.000569156,6.48548e-05,0,6.26048e-05,0.102969,0.103032,409,0.102982
puffer-ball,device-tight,cell2d,102ee,ee,28946829,20.9447,103.476,5.03626,4.83085,0,0,28946542,0,43.4783,260,0,0,0.00258243,2.16762e-05,0,1.03329e-05,0.112274,0.112285,287,0.112274
puffer-ball,device-tight,cell2d,103vf,vf,10162945,11.4603,41.0598,3.42114,3.28742,0,0,10162913,0,15.5178,28,0,0,0.000227346,8.11632e-05,0,7.45526e-05,0.139671,0.139745,32,0.139679
puffer-ball,device-tight,cell2d,104vf,vf,9984324,16.3712,42.8607,3.32943,5.52059,0,0,9984224,0,15.6222,98,0,0,0.000319482,6.0307e-05,0,3.87383e-05,0.107147,0.107186,100,0.107147
puffer-ball,device-tight,cell2d,106ee,ee,26895346,18.5609,97.6718,4.91332,4.12141,0,0,26895248,0,40.173,96,0,0,0.000598434,3.9413e-05,0,7.60028e-06,0.138351,0.138359,98,0.138351
puffer-ball,device-tight,cell2d,107ee,ee,26127843,17.4973,99.3584,4.73153,4.88231,0,0,26127813,0,38.4266,30,0,0,0.000320464,7.03513e-05,0,0.000123539,0.291534,0.291658,30,0.291534
puffer-ball,device-tight,cell2d,108ee,ee,25305097,16.6493,95.281,4.65118,2.89754,0,0,25305039,0,38.7464,56,0,0,8.35378e-05,2.63881e-05,0,6.71844e-05,0.173813,0.17388,58,0.173813
puffer-ball,device-tight,cell2d,109vf,vf,8498297,16.3125,36.5842,3.0568,2.96813,0,0,8498278,0,14.495,18,0,0,0.000315464,6.914e-05,0,5.20595e-05,0.259857,0.259909,19,0.259857
puffer-ball,device-tight,cell2d,10vf,vf,26051266,16.779,53.4847,6.88599,13.4846,2,0,26045222,0,60.3821,5885,0,0,0.00213237,1.87878e-05,0,5.95914e-06,0.0194273,0.0194333,6044,0.0194244
puffer-ball,device-tight,cell2d,112ee,ee,21884978,17.9818,92.4153,4.03475,4.23148,0,0,21884898,0,32.4839,80,0,0,0.000290373,0.000125135,0,0.000117326,0.351336,0.351453,80,0.351334
puffer-ball,device-tight,cell2d,114ee,ee,20335973,17.9376,44.0674,3.88688,1.99069,0,0,20335957,0,30.1812,16,0,0,0.000222664,4.58348e-05,0,3.92293e-05,0.298706,0.298745,16,0.298706
puffer-ball,device-tight,cell2d,115ee,ee,19542341,17.355,44.0832,3.90333,2.1519,0,0,19542330,0,28.6293,11,0,0,0.00059213,7.19629e-05,0,4.58907e-05,0.311447,0.311493,11,0.311447
puffer-ball,device-tight,cell2d,116vf,vf,6257322,16.599,16.3745,4.40495,1.26012,0,0,6257320,0,10.9655,2,0,0,8.24776e-05,8.24776e-05,0,8.24776e-05,0.209457,0.20954,2,0.209457
puffer-ball,device-tight,cell2d,118vf,vf,5680460,11.9323,15.6771,2.62408,1.25775,0,0,5680458,0,10.1263,2,0,0,0.000184561,0.000184561,0,6.31808e-05,0.140457,0.14052,2,0.140457
puffer-ball,device-tight,cell2d,11ee,ee,21521802,12.3554,60.7641,5.72542,6.97607,0,0,21520998,0,34.6747,765,0,0,0.0021401,5.18005e-05,0,2.47782e-05,0.0623517,0.0623765,804,0.0623474
puffer-ball,device-tight,cell2d,121ee,ee,15134209,17.3916,37.0839,3.43845,4.21897,0,0,15134161,0,24.3215,48,0,0,0.00045656,9.74995e-05,0,9.8891e-05,0.187103,0.187202,48,0.187103
puffer-ball,device-tight,cell2d,122ee,ee,14435994,17.769,35.1368,3.45243,2.4429,0,0,14435973,0,21.3197,21,0,0,0.00020586,5.41317e-05,0,0.00020586,0.226212,0.226417,21,0.226212
puffer-ball,device-tight,cell2d,123vf,vf,4342748,17.0868,14.4739,2.16816,1.36239,0,0,4342746,0,7.79083,2,0,0,7.24396e-05,7.24396e-05,0,3.4842e-05,0.377945,0.37798,2,0.377945
puffer-ball,device-tight,cell2d,124vf,vf,4110426,11.9687,13.8659,2.32892,1.36786,0,0,4110424,0,6.64737,2,0,0,0.000123195,0.000123195,0,0.000123195,0.540955,0.541078,2,0.540955
puffer-ball,device-tight,cell2d,127ee,ee,11696160,16.3202,33.3179,3.03126,2.09933,0,0,11696154,0,18.0109,6,0,0,0.000320208,0.000132942,0,0.000315111,0.385681,0.385996,6,0.385681
puffer-ball,device-tight,cell2d,128ee,ee,11302457,12.0319,27.8749,2.98845,1.48155,0,0,11302451,0,15.3578,6,0,0,0.000139051,9.08246e-05,0,7.34243e-05,0.269012,0.269086,6,0.269012
puffer-ball,device-tight,cell2d,129ee,ee,11020201,12.0768,26.8429,3.38981,2.83428,0,0,11020174,0,16.4553,27,0,0,0.000329519,4.45959e-05,0,3.90051e-05,0.141983,0.142022,27,0.141983
puffer-ball,device-tight,cell2d,12vf,vf,11000060,11.9552,22.8233,7.80868,14.3311,13,0,10983158,0,26.3758,16494,0,0,0.00448,1.36926e-05,0,3.81307e-06,0.00633236,0.00633617,16902,0.0063324
puffer-ball,device-tight,cell2d,13vf,vf,11106781,11.9883,24.5761,4.30476,8.35564,8,0,11088562,0,26.5795,17883,0,0,0.0504481,7.76357e-06,0,2.83967e-06,0.00414108,0.00414392,18219,0.00414276
puffer-ball,device-tight,cell2d,15ee,ee,31527232,12.3363,65.6117,6.32553,20.1182,3,0,31490864,0,74.6446,35860,0,0,0.00614593,1.39112e-05,0,4.60914e-06,0.00827769,0.0082823,36368,0.00827789
puffer-ball,device-tight,cell2d,16ee,ee,49330297,19.5521,93.8531,7.73595,9.90977,11,0,49309577,0,79.5775,20318,0,0,0.00296881,1.44619e-05,0,6.00781e-06,0.00688681,0.00689281,20720,0.00688934
puffer-ball,device-tight,cell2d,17ee,ee,73267220,21.4486,134.746,9.18784,10.0543,2,0,73247897,0,51.6633,18950,0,0,0.261332,1.71272e-05,0,1.19432e-06,0.00283528,0.00283648,19323,0.00283432
puffer-ball,device-tight,cell2d,18vf,vf,37899493,17.954,66.4226,7.92404,7.06982,0,0,37897565,0,60.4752,1863,0,0,0.00148126,2.60756e-05,0,3.49849e-06,0.0123746,0.0123781,1928,0.0123711
puffer-ball,device-tight,cell2d,19vf,vf,52064527,12.1621,98.1385,9.07386,7.34825,3,0,52056822,0,83.2314,7517,0,0,0.00355357,1.16037e-05,0,3.72352e-06,0.00748868,0.00749241,7705,0.00748825
puffer-ball,device-tight,cell2d,21ee,ee,220630674,22.7262,755.766,23.6131,42.8789,23,0,220455231,0,377.263,173531,0,0,0.0237497,8.83786e-06,0,5.03579e-06,0.0043332,0.00433824,175443,0.0043335
puffer-ball,device-tight,cell2d,22ee,ee,191818568,12.4024,602.555,22.5116,50.2144,36,0,191656091,0,857.183,160417,0,0,0.00720355,1.12553e-05,0,5.62434e-06,0.0026713,0.00267692,162477,0.00267065
puffer-ball,device-tight,cell2d,23ee,ee,116223315,12.4352,243.866,15.5041,21.993,39,0,116146276,0,200.73,75730,0,0,0.0058187,1.5601e-05,0,5.35936e-06,0.0102476,0.0102529,77039,0.0102463
puffer-ball,device-tight,cell2d,24vf,vf,28632387,12.0928,56.6346,7.90333,8.25132,8,0,28620305,0,55.6446,11715,0,0,0.00230056,2.21273e-05,0,2.36138e-06,0.00941441,0.00941677,12082,0.00941467
puffer-ball,device-tight,cell2d,25vf,vf,25787438,12.0362,54.4416,7.49944,7.74206,6,0,25778079,0,49.0993,9086,0,0,0.00315848,2.46842e-05,0,4.21176e-06,0.0127523,0.0127565,9359,0.0127525
puffer-ball,device-tight,cell2d,27ee,ee,82136185,12.4965,220.621,11.8622,10.1112,9,0,82120927,0,67.652,14915,0,0,0.00643386,2.31358e-05,0,6.99507e-07,0.0129291,0.0129298,15258,0.012928
puffer-ball,device-tight,cell2d,28ee,ee,89065912,12.1622,232.849,11.74,9.35782,1,0,89054393,0,136.453,11274,0,0,0.00813975,2.27935e-05,0,7.11764e-06,0.0212483,0.0212554,11519,0.0212479
puffer-ball,device-tight,cell2d,29ee,ee,94887797,12.1744,243.475,12.0785,9.48684,1,0,94874413,0,143.015,13132,0,0,0.0059124,1.69189e-05,0,4.22522e-06,0.0105411,0.0105453,13384,0.01054
puffer-ball,device-tight,cell2d,30vf,vf,37863175,12.1207,90.7519,8.1255,6.63713,4,0,37860340,0,64.4569,2754,0,0,0.00074955,2.14416e-05,0,3.02688e-06,0.0184372,0.0184402,2835,0.0184364
puffer-ball,device-tight,cell2d,31vf,vf,37826930,12.168,89.243,7.56021,6.55787,0,0,37823952,0,59.4976,2889,0,0,0.00118747,2.27135e-05,0,2.45857e-06,0.00660165,0.00660411,2978,0.00660324
puffer-ball,device-tight,cell2d,33ee,ee,88606642,12.1564,229.803,10.2861,9.355,10,0,88594244,0,130.258,12033,0,0,0.00600899,2.37117e-05,0,1.99139e-05,0.0365853,0.0366052,12398,0.0365829
puffer-ball,device-tight,cell2d,34ee,ee,83806141,12.125,216.276,9.74104,9.46252,7,0,83793957,0,65.0627,11876,0,0,0.224221,2.32506e-05,0,6.25949e-06,0.018728,0.0187342,12184,0.0187302
puffer-ball,device-tight,cell2d,35ee,ee,79093772,12.0728,206.455,9.39644,9.39269,12,0,79083607,0,56.3799,9885,0,0,0.00316752,2.43695e-05,0,3.21065e-06,0.0100765,0.0100798,10165,0.0100746
puffer-ball,device-tight,cell2d,36vf,vf,28437085,12.0616,80.2247,6.3142,7.26463,1,0,28434037,0,49.748,2931,0,0,0.00099901,2.14469e-05,0,6.04374e-06,0.0162271,0.0162331,3048,0.0162277
puffer-ball,device-tight,cell2d,37vf,vf,26722838,11.9859,82.1991,6.07626,6.88676,0,0,26720338,0,46.0829,2413,0,0,0.00270493,2.07171e-05,0,1.17844e-05,0.014288,0.0142998,2500,0.0142899
puffer-ball,device-tight,cell2d,39ee,ee,62734605,12.1287,176.345,8.05139,8.73963,4,0,62725637,0,94.929,8810,0,0,0.00327777,1.85082e-05,0,5.34501e-06,0.0152481,0.0152534,8968,0.0152512
puffer-ball,device-tight,cell2d,40ee,ee,58732472,12.0964,173.208,7.60933,8.25699,4,0,58726183,0,88.0185,6105,0,0,0.00360585,2.87574e-05,0,6.97713e-06,0.0163632,0.0163702,6289,0.0163612
puffer-ball,device-tight,cell2d,41ee,ee,55054730,12.1531,163.702,7.65771,8.93085,0,0,55049267,0,85.6835,5328,0,0,0.00158261,2.67136e-05,0,6.24299e-06,0.0238683,0.0238746,5463,0.0238647
puffer-ball,device-tight,cell2d,42vf,vf,19496112,12.0341,61.9826,5.04858,6.54379,1,0,19495059,0,32.6718,1016,0,0,0.00227774,3.93464e-05,0,8.58499e-06,0.0254364,0.0254449,1053,0.0254364
puffer-ball,device-tight,cell2d,43vf,vf,18706325,12.0051,60.6623,4.94384,6.85802,4,0,18705336,0,32.2337,953,0,0,0.000764569,5.04891e-05,0,4.03489e-06,0.0204439,0.020448,989,0.020443
puffer-ball,device-tight,cell2d,45ee,ee,48533084,12.0227,149.054,6.81156,7.94263,3,0,48531286,0,70.9453,1721,0,0,0.00203423,4.02918e-05,0,1.47828e-05,0.0260897,0.0261045,1798,0.0260925
puffer-ball,device-tight,cell2d,46ee,ee,48353970,12.0547,153.101,7.00861,8.15353,1,0,48351903,0,74.6343,2021,0,0,0.00157751,3.80091e-05,0,1.61265e-05,0.0305523,0.0305685,2067,0.0305557
puffer-ball,device-tight,cell2d,47ee,ee,48260533,14.697,145.061,6.77828,7.60568,3,0,48258910,0,72.0943,1577,0,0,0.009421,4.04086e-05,0,2.22322e-05,0.0275976,0.0276199,1623,0.0276108
puffer-ball,device-tight,cell2d,48vf,vf,17869478,12.0229,57.8993,4.79188,5.27635,1,0,17869137,0,28.4967,330,0,0,0.000726687,3.84739e-05,0,4.98405e-06,0.0389172,0.0389221,341,0.0389175
puffer-ball,device-tight,cell2d,49vf,vf,17875011,11.965,32.2357,4.76555,5.1192,0,0,17874709,0,30.5151,297,0,0,0.000491727,3.6902e-05,0,3.41253e-05,0.0612183,0.0612524,302,0.0612183
puffer-ball,device-tight,cell2d,51ee,ee,46698477,11.9659,76.1218,6.77969,7.08016,0,0,46697110,0,65.7344,1269,0,0,0.00191346,3.6668e-05,0,2.58157e-05,0.054799,0.0548249,1367,0.0548019
puffer-ball,device-tight,cell2d,52ee,ee,45494887,11.947,77.4224,7.08272,7.51915,7,0,45493883,0,67.8404,953,0,0,0.00166164,3.98993e-05,0,3.6825e-05,0.0613839,0.0614207,1004,0.0613861
puffer-ball,device-tight,cell2d,53ee,ee,44423327,11.9806,74.9369,7.11405,7.13248,0,0,44422136,0,63.2047,1166,0,0,0.00207232,3.87661e-05,0,3.61405e-05,0.0437317,0.0437678,1191,0.0437317
puffer-ball,device-tight,cell2d,54vf,vf,15978215,12.0016,28.3834,4.70395,5.93959,1,0,15977829,0,25.6246,369,0,0,0.00039779,3.87835e-05,0,2.09799e-05,0.0317524,0.0317733,386,0.0317535
puffer-ball,device-tight,cell2d,55vf,vf,15809518,11.9387,28.4961,4.32876,5.56712,0,0,15809079,0,25.6002,424,0,0,0.00168058,3.33836e-05,0,8.10473e-06,0.033442,0.0334501,439,0.0334396
puffer-ball,device-tight,cell2d,57ee,ee,42527985,11.9481,74.9051,5.99309,8.20361,4,0,42527045,0,58.9454,911,0,0,0.00236444,4.63672e-05,0,1.91594e-05,0.0477004,0.0477196,940,0.047699
puffer-ball,device-tight,cell2d,58ee,ee,42522341,11.9446,72.556,6.03965,7.4869,1,0,42521138,0,60.2232,1167,0,0,0.00345901,3.38465e-05,0,3.23059e-05,0.0497399,0.0497722,1203,0.0497513
puffer-ball,device-tight,cell2d,59ee,ee,42541037,12.0245,131.113,6.2087,7.46184,0,0,42540006,0,63.7602,992,0,0,0.000527347,3.46088e-05,0,2.66762e-05,0.0402667,0.0402934,1031,0.0402679
puffer-ball,device-tight,cell2d,5vf,vf,4452462,12.3572,35.7043,2.23407,1.16732,0,0,4452460,0,8.19052,2,0,0,1.87693e-05,1.87693e-05,0,4.25235e-06,0.925014,0.925019,2,0.925014
puffer-ball,device-tight,cell2d,60vf,vf,15571721,12.1572,45.6674,4.31775,6.74667,0,0,15571311,0,25.7835,396,0,0,0.00120154,3.0365e-05,0,1.43539e-05,0.0771458,0.0771602,410,0.0771179
puffer-ball,device-tight,cell2d,62ee,ee,41024001,12.159,120.928,6.01562,6.79175,0,0,41022883,0,59.0286,1082,0,0,0.00107578,2.68939e-05,0,1.33683e-05,0.0284437,0.0284571,1118,0.0284424
puffer-ball,device-tight,cell2d,63ee,ee,40350684,12.0273,123.531,5.82814,7.62625,0,0,40349147,0,57.4577,1494,0,0,0.000762525,2.54776e-05,0,1.11893e-05,0.0329208,0.032932,1537,0.0329208
puffer-ball,device-tight,cell2d,64ee,ee,39670269,12.0606,122.844,5.7004,7.38143,5,0,39669552,0,56.6099,694,0,0,0.00167724,2.79378e-05,0,4.00305e-06,0.0559845,0.0559885,717,0.0559845
puffer-ball,device-tight,cell2d,65vf,vf,14316399,11.9595,48.7064,3.99837,5.11542,0,0,14316220,0,22.8314,173,0,0,0.000953709,4.46018e-05,0,4.46018e-05,0.0881348,0.0881794,179,0.0881348
puffer-ball,device-tight,cell2d,66vf,vf,14072197,11.8667,43.661,3.95235,5.14505,0,0,14072063,0,23.878,120,0,0,0.000268542,6.39212e-05,0,4.59636e-05,0.10025,0.100296,134,0.10025
puffer-ball,device-tight,cell2d,68ee,ee,36623286,11.969,113.923,5.37116,7.62261,0,0,36622722,0,53.1977,514,0,0,0.0016539,5.11511e-05,0,2.08907e-05,0.0450821,0.045103,564,0.0450821
puffer-ball,device-tight,cell2d,69ee,ee,35609242,11.9746,110.348,5.41077,7.00586,3,0,35608561,0,52.9133,652,0,0,0.00146427,3.94832e-05,0,3.64937e-05,0.0463551,0.0463916,681,0.0463638
puffer-ball,device-tight,cell2d,6ee,ee,17690467,12.4585,45.7177,3.74843,6.34415,0,0,17688666,0,29.9809,1770,0,0,0.00076282,3.7011e-06,0,1.07184e-05,0.0979042,0.0979149,1801,0.0979042
puffer-ball,device-tight,cell2d,70vf,vf,12542944,11.9123,41.492,3.6507,5.00611,0,0,12542694,0,20.7357,240,0,0,0.000465027,3.35506e-05,0,1.50728e-05,0.0342941,0.0343092,250,0.0342941
puffer-ball,device-tight,cell2d,71vf,vf,12091178,11.9689,41.9331,3.63883,4.7962,0,0,12091045,0,21.1329,128,0,0,0.000417579,4.87784e-05,0,2.67747e-05,0.0854492,0.085476,133,0.0854492
puffer-ball,device-tight,cell2d,73ee,ee,31360326,11.9999,107.761,5.39141,6.44799,0,0,31359485,0,47.1413,799,0,0,0.00142804,4.2428e-05,0,1.83713e-05,0.0434039,0.0434223,841,0.043396
puffer-ball,device-tight,cell2d,74ee,ee,30393279,12.044,110.664,5.33234,6.93117,0,0,30392732,0,44.9759,541,0,0,0.00300342,4.71817e-05,0,4.15088e-05,0.0965171,0.0965586,547,0.0965271
puffer-ball,device-tight,cell2d,75ee,ee,29352738,12.0171,105.772,4.74465,6.46488,0,0,29352137,0,45.9837,594,0,0,0.00119411,3.32435e-05,0,1.30146e-05,0.0299149,0.0299279,601,0.0299149
puffer-ball,device-tight,cell2d,76vf,vf,9871498,11.9705,41.5725,3.5771,4.70312,0,0,9871348,0,16.6963,144,0,0,0.000248163,5.34306e-05,0,1.91692e-05,0.0795441,0.0795632,150,0.0795441
puffer-ball,device-tight,cell2d,77vf,vf,9422268,11.9453,40.9172,3.44795,4.98832,0,0,9422153,0,17.3606,110,0,0,0.00276832,7.00436e-05,0,1.73481e-05,0.0728615,0.0728788,115,0.0728607
puffer-ball,device-tight,cell2d,79ee,ee,25110518,12.0124,98.2891,4.92292,6.42978,0,0,25109388,0,40.732,1083,0,0,0.000830189,3.91046e-05,0,2.90173e-05,0.0471423,0.0471713,1130,0.0471344
puffer-ball,device-tight,cell2d,7ee,ee,20330418,12.4366,54.853,4.58699,7.7691,0,0,20322657,0,33.2965,7685,0,0,0.000490761,4.74195e-06,0,3.99613e-06,0.00837582,0.00837982,7761,0.00837708
puffer-ball,device-tight,cell2d,80ee,ee,24221710,12.0152,97.8643,4.74055,6.26057,0,0,24221029,0,37.9964,652,0,0,0.00177399,5.22022e-05,0,4.80007e-05,0.0971099,0.0971579,681,0.0971069
puffer-ball,device-tight,cell2d,81vf,vf,7872734,12.0557,40.5187,3.30876,5.176,2,0,7872622,0,14.2176,106,0,0,0.000347333,5.83798e-05,0,2.46032e-05,0.066452,0.0664766,112,0.066452
puffer-ball,device-tight,cell2d,82vf,vf,7646505,12.071,29.367,3.11155,4.59697,0,0,7646306,0,13.4973,194,0,0,0.000620605,5.52627e-05,0,4.08656e-05,0.0627877,0.0628286,199,0.0627899
puffer-ball,device-tight,cell2d,84ee,ee,22087334,12.0966,96.4954,4.92788,6.20828,0,0,22087088,0,34.3711,232,0,0,0.00163747,7.67597e-05,0,5.93212e-05,0.0923916,0.0924509,246,0.0924072
puffer-ball,device-tight,cell2d,85ee,ee,21924810,12.1268,95.7093,4.26527,5.66437,4,0,21924623,0,31.5689,178,0,0,0.000698598,5.50125e-05,0,5.50125e-05,0.126007,0.126062,187,0.126007
puffer-ball,device-tight,cell2d,86ee,ee,21956131,12.0748,96.0925,4.43055,4.72718,0,0,21955951,0,34.0771,178,0,0,0.000670304,1.86831e-05,0,1.16108e-05,0.0365366,0.0365483,180,0.0365372
puffer-ball,device-tight,cell2d,87vf,vf,7367924,12.061,28.9983,3.01526,3.15337,0,0,7367890,0,14.1369,34,0,0,0.000123612,5.39031e-05,0,8.58552e-05,0.163788,0.163874,34,0.163788
puffer-ball,device-tight,cell2d,88vf,vf,7477382,12.0515,29.5109,2.85556,1.43384,0,0,7477376,0,14.4907,6,0,0,0.000241294,8.59023e-05,0,5.12719e-05,0.286175,0.286226,6,0.286194
puffer-ball,device-tight,cell2d,8ee,ee,30324395,12.1828,77.5349,5.60312,9.81358,7,0,30300184,0,52.8859,23906,0,0,0.00319036,8.69546e-06,0,1.83838e-06,0.0128456,0.0128474,24211,0.0128441
puffer-ball,device-tight,cell2d,90ee,ee,23301989,12.108,98.6919,5.11952,4.86199,0,0,23301882,0,34.6719,101,0,0,0.000505659,5.52923e-05,0,5.60478e-05,0.158173,0.158229,107,0.158173
puffer-ball,device-tight,cell2d,91ee,ee,23953633,12.1253,96.3958,4.42412,2.62456,0,0,23953612,0,34.2599,16,0,0,0.000544084,0.000101841,0,0.000193605,0.285828,0.286021,21,0.285828
puffer-ball,device-tight,cell2d,92vf,vf,8420697,12.0977,33.0247,3.10704,2.52459,0,0,8420679,0,14.7985,18,0,0,0.000395681,7.94151e-05,0,8.48169e-05,0.119415,0.1195,18,0.119415
puffer-ball,device-tight,cell2d,93vf,vf,8683964,12.0697,34.0739,3.11225,3.18124,0,0,8683934,0,14.1449,30,0,0,0.000340828,7.80981e-05,0,2.8647e-05,0.164642,0.164671,30,0.164642
puffer-ball,device-tight,cell2d,95ee,ee,26667445,12.1473,105.596,4.70503,6.61,0,0,26667005,0,37.3537,419,0,0,0.00078819,3.62676e-05,0,1.80294e-05,0.0850372,0.0850553,440,0.0850372
puffer-ball,device-tight,cell2d,96ee,ee,27333803,12.1057,104.139,5.49135,5.99987,0,0,27333517,0,40.449,277,0,0,0.000447943,3.47581e-05,0,2.5199e-05,0.0791377,0.0791629,286,0.0791473
puffer-ball,device-tight,cell2d,97ee,ee,27895701,12.1865,105.066,4.70231,7.05072,0,0,27895457,0,41.6329,234,0,0,0.000496207,4.27062e-05,0,2.63243e-05,0.0799084,0.0799347,244,0.0799103
puffer-ball,device-tight,cell2d,98vf,vf,9971931,12.0677,37.1515,3.31119,3.16617,0,0,9971900,0,15.9096,30,0,0,0.000173748,3.58115e-05,0,3.67242e-05,0.12854,0.128577,31,0.12854
puffer-ball,device-tight,cell2d,99vf,vf,10120447,12.0977,36.3619,3.22268,3.4332,0,0,10120401,0,18.306,44,0,0,0.000164369,5.70811e-05,0,7.86663e-05,0.139221,0.1393,46,0.139229
puffer-ball,device-tight,cell2dmin,100ee,ee,28919455,11.4368,77.8986,8.47541,8.60075,0,0,28919246,0,42.1189,203,0,0,0.00147812,3.45404e-05,0,8.16346e-06,0.067692,0.0677002,209,0.067688
puffer-ball,device-tight,cell2dmin,101ee,ee,28991339,21.0268,83.7186,5.20031,9.77422,0,0,28990930,0,37.9812,398,0,0,0.000569632,6.43462e-05,0,5.0438e-05,0.102982,0.103032,409,0.102982
puffer-ball,device-tight,cell2dmin,102ee,ee,28946829,18.0687,84.2807,5.02051,4.78273,0,0,28946542,0,38.782,260,0,0,0.00258243,2.1682e-05,0,1.03329e-05,0.112274,0.112285,287,0.112274
puffer-ball,device-tight,cell2dmin,103vf,vf,10162945,11.4338,41.6581,3.26178,3.22569,0,0,10162913,0,14.1899,28,0,0,0.000242605,8.11632e-05,0,6.61055e-05,0.139679,0.139745,32,0.139679
puffer-ball,device-tight,cell2dmin,104vf,vf,9984324,16.6578,40.1745,4.45682,4.14105,0,0,9984224,0,14.5076,98,0,0,0.000319482,6.06061e-05,0,3.87383e-05,0.107147,0.107186,100,0.107149
puffer-ball,device-tight,cell2dmin,106ee,ee,26895346,16.9293,79.8924,4.6124,4.55269,0,0,26895248,0,35.7395,96,0,0,0.000598434,3.9413e-05,0,7.60028e-06,0.138351,0.138359,98,0.138351
puffer-ball,device-tight,cell2dmin,107ee,ee,26127843,18.2466,81.0412,5.11305,3.00454,0,0,26127813,0,36.1596,30,0,0,0.000326186,7.03513e-05,0,0.000123539,0.291534,0.291658,30,0.291534
puffer-ball,device-tight,cell2dmin,108ee,ee,25305097,16.7993,76.0188,4.49307,2.92285,0,0,25305039,0,32.9386,56,0,0,8.35378e-05,2.63881e-05,0,6.71844e-05,0.173813,0.17388,58,0.173813
puffer-ball,device-tight,cell2dmin,109vf,vf,8498297,16.2918,35.4575,3.07913,2.9505,0,0,8498278,0,13.1378,18,0,0,0.000315464,6.79181e-05,0,5.20595e-05,0.259857,0.259909,19,0.259857
puffer-ball,device-tight,cell2dmin,10vf,vf,26051266,17.3767,50.9939,7.77521,13.2883,2,0,26045222,0,56.2906,5885,0,0,0.00227628,1.88084e-05,0,3.02494e-06,0.0194302,0.0194333,6044,0.0194244
puffer-ball,device-tight,cell2dmin,112ee,ee,21884978,16.462,68.3293,3.90426,4.53326,0,0,21884898,0,28.7666,80,0,0,0.000290373,0.000124907,0,0.000119562,0.351334,0.351453,80,0.351334
puffer-ball,device-tight,cell2dmin,114ee,ee,20335973,17.3181,47.0804,4.83994,1.99741,0,0,20335957,0,25.6974,16,0,0,0.000222664,4.58348e-05,0,3.92293e-05,0.298706,0.298745,16,0.298706
puffer-ball,device-tight,cell2dmin,115ee,ee,19542341,17.0288,47.2911,3.68068,2.14272,0,0,19542330,0,26.5164,11,0,0,0.00059213,7.19629e-05,0,4.34916e-05,0.31145,0.311493,11,0.311447
puffer-ball,device-tight,cell2dmin,116vf,vf,6257322,16.2274,16.9345,2.51131,1.15056,0,0,6257320,0,10.1745,2,0,0,8.24776e-05,8.24776e-05,0,8.24776e-05,0.209457,0.20954,2,0.209457
puffer-ball,device-tight,cell2dmin,118vf,vf,5680460,11.6872,15.7187,2.45717,1.33231,0,0,5680458,0,9.51928,2,0,0,0.000184561,0.000184561,0,6.31808e-05,0.140457,0.14052,2,0.140457
puffer-ball,device-tight,cell2dmin,11ee,ee,21521802,14.0755,53.7215,5.69454,6.5819,0,0,21520998,0,31.7644,765,0,0,0.0021401,5.21718e-05,0,2.59055e-05,0.0623506,0.0623765,804,0.0623474
puffer-ball,device-tight,cell2dmin,121ee,ee,15134209,17.1113,41.9742,3.24959,4.44952,0,0,15134161,0,21.6902,48,0,0,0.000349271,9.5133e-05,0,9.8891e-05,0.187103,0.187202,48,0.187103
puffer-ball,device-tight,cell2dmin,122ee,ee,14435994,17.5163,37.6909,3.23772,2.54949,0,0,14435973,0,19.0365,21,0,0,0.00020586,5.41317e-05,0,0.00020586,0.226212,0.226417,21,0.226212
puffer-ball,device-tight,cell2dmin,123vf,vf,4342748,16.3168,13.8121,2.19753,1.24985,0,0,4342746,0,7.22959,2,0,0,7.24396e-05,7.24396e-05,0,3.4842e-05,0.377945,0.37798,2,0.377945
puffer-ball,device-tight,cell2dmin,124vf,vf,4110426,11.7158,14.1056,2.17286,1.20809,0,0,4110424,0,8.76554,2,0,0,0.000123195,0.000123195,0,0.000123195,0.540955,0.541078,2,0.540955
puffer-ball,device-tight,cell2dmin,127ee,ee,11696160,15.7563,35.7084,3.08649,1.86336,0,0,11696154,0,16.3776,6,0,0,0.000320208,0.000132942,0,0.000315111,0.385681,0.385996,6,0.385681
puffer-ball,device-tight,cell2dmin,128ee,ee,11302457,11.6847,31.7761,2.97655,1.46379,0,0,11302451,0,15.0857,6,0,0,0.000139051,9.08246e-05,0,7.34243e-05,0.269012,0.269086,6,0.269012
puffer-ball,device-tight,cell2dmin,129ee,ee,11020201,11.6937,30.4716,3.03846,2.70308,0,0,11020174,0,15.4253,27,0,0,0.000329519,4.45959e-05,0,3.90051e-05,0.141983,0.142022,27,0.141983
puffer-ball,device-tight,cell2dmin,12vf,vf,11000060,11.5997,26.2362,4.45723,13.6832,13,0,10983158,0,24.196,16494,0,0,0.00391173,1.36955e-05,0,2.99351e-06,0.00633318,0.00633617,16902,0.0063324
puffer-ball,device-tight,cell2dmin,13vf,vf,11106781,11.669,25.7851,4.47698,7.47931,8,0,11088562,0,25.7332,17883,0,0,0.0504481,7.76493e-06,0,3.93304e-06,0.00413999,0.00414392,18219,0.00414276
puffer-ball,device-tight,cell2dmin,15ee,ee,31527232,11.8479,69.2616,6.22224,20.3606,3,0,31490864,0,73.498,35860,0,0,0.0063884,1.38836e-05,0,1.64609e-06,0.00828065,0.0082823,36368,0.00827789
puffer-ball,device-tight,cell2dmin,16ee,ee,49330297,19.6044,93.9055,7.35183,9.93095,11,0,49309577,0,71.2011,20318,0,0,0.00307002,1.44538e-05,0,4.46182e-06,0.00688835,0.00689281,20720,0.00688934
puffer-ball,device-tight,cell2dmin,17ee,ee,73267220,18.1249,121.438,9.15065,9.54418,2,0,73247897,0,84.8583,18950,0,0,0.261332,1.71053e-05,0,4.3317e-06,0.00283215,0.00283648,19323,0.00283432
puffer-ball,device-tight,cell2dmin,18vf,vf,37899493,17.9548,69.7326,7.89316,6.65755,0,0,37897565,0,46.2919,1863,0,0,0.00153467,2.60756e-05,0,6.35827e-06,0.0123718,0.0123781,1928,0.0123711
puffer-ball,device-tight,cell2dmin,19vf,vf,52064527,17.5911,99.1824,9.22134,7.73303,3,0,52056822,0,63.4149,7517,0,0,0.00355357,1.15982e-05,0,3.72352e-06,0.00748868,0.00749241,7705,0.00748825
puffer-ball,device-tight,cell2dmin,21ee,ee,220630674,24.0302,287.182,27.9694,43.2221,23,0,220455231,0,298.557,173531,0,0,0.0237497,8.84301e-06,0,1.63414e-06,0.0043366,0.00433824,175443,0.0043335
puffer-ball,device-tight,cell2dmin,22ee,ee,191818568,23.9047,235.09,28.8414,50.1658,36,0,191656091,0,777.253,160417,0,0,0.00626965,1.12572e-05,0,4.59222e-06,0.00267233,0.00267692,162477,0.00267029
puffer-ball,device-tight,cell2dmin,23ee,ee,116223315,11.8045,187.436,15.7408,21.2514,39,0,116146276,0,164.289,75730,0,0,0.0058187,1.56067e-05,0,6.37702e-06,0.0102465,0.0102529,77039,0.0102463
puffer-ball,device-tight,cell2dmin,24vf,vf,28632387,11.7829,58.5737,7.91604,8.14618,8,0,28620305,0,49.7833,11715,0,0,0.00230056,2.21619e-05,0,1.68952e-06,0.00941508,0.00941677,12082,0.00941467
puffer-ball,device-tight,cell2dmin,25vf,vf,25787438,11.6992,54.0003,7.60539,7.66443,6,0,25778079,0,44.8985,9086,0,0,0.00302342,2.46842e-05,0,2.46319e-06,0.012754,0.0127565,9359,0.0127525
puffer-ball,device-tight,cell2dmin,27ee,ee,82136185,12.0404,170.845,11.7434,9.33891,9,0,82120927,0,106.842,14915,0,0,0.00643386,2.30897e-05,0,6.99507e-07,0.0129291,0.0129298,15258,0.012928
puffer-ball,device-tight,cell2dmin,28ee,ee,89065912,11.9424,179.959,11.8716,9.39212,1,0,89054393,0,103.221,11274,0,0,0.0082077,2.28294e-05,0,7.33391e-06,0.021248,0.0212554,11519,0.0212479
puffer-ball,device-tight,cell2dmin,29ee,ee,94887797,11.9933,190.265,11.7552,9.03524,1,0,94874413,0,126.908,13132,0,0,0.00567064,1.69445e-05,0,6.90619e-06,0.0105384,0.0105453,13384,0.01054
puffer-ball,device-tight,cell2dmin,30vf,vf,37863175,11.886,93.1618,7.86711,6.46776,4,0,37860340,0,52.9453,2754,0,0,0.000770054,2.13848e-05,0,2.25338e-06,0.018438,0.0184402,2835,0.0184364
puffer-ball,device-tight,cell2dmin,31vf,vf,37826930,11.8564,91.979,7.77851,6.57992,0,0,37823952,0,53.1869,2889,0,0,0.00118676,2.27893e-05,0,2.45857e-06,0.00660165,0.00660411,2978,0.00660324
puffer-ball,device-tight,cell2dmin,33ee,ee,88606642,11.9366,178.923,10.3115,9.85633,10,0,88594244,0,118.749,12033,0,0,0.00600899,2.38118e-05,0,2.27354e-05,0.0365825,0.0366052,12398,0.0365829
puffer-ball,device-tight,cell2dmin,34ee,ee,83806141,11.9329,175.651,10.2036,10.0059,7,0,83793957,0,110.682,11876,0,0,0.224221,2.33125e-05,0,6.09031e-06,0.0187282,0.0187342,12184,0.0187302
puffer-ball,device-tight,cell2dmin,35ee,ee,79093772,11.919,166.003,9.63035,9.53244,12,0,79083607,0,105.824,9885,0,0,0.00316752,2.43969e-05,0,4.69085e-06,0.0100751,0.0100798,10165,0.0100746
puffer-ball,device-tight,cell2dmin,36vf,vf,28437085,11.8797,81.8971,6.33017,6.80795,1,0,28434037,0,43.1894,2931,0,0,0.000961578,2.14692e-05,0,3.55259e-06,0.0162296,0.0162331,3048,0.0162277
puffer-ball,device-tight,cell2dmin,37vf,vf,26722838,11.7848,79.2802,6.0488,7.23984,0,0,26720338,0,41.8764,2413,0,0,0.00270493,2.07049e-05,0,6.5098e-06,0.0142933,0.0142998,2500,0.0142899
puffer-ball,device-tight,cell2dmin,39ee,ee,62734605,11.8931,137.297,9.13991,9.14451,4,0,62725637,0,84.5618,8810,0,0,0.00318296,1.8541e-05,0,2.1692e-06,0.0152513,0.0152534,8968,0.0152512
puffer-ball,device-tight,cell2dmin,40ee,ee,58732472,11.9068,129.975,7.69157,8.94759,4,0,58726183,0,77.7248,6105,0,0,0.00360585,2.8823e-05,0,6.51145e-06,0.0163637,0.0163702,6289,0.0163612
puffer-ball,device-tight,cell2dmin,41ee,ee,55054730,11.9102,131.06,7.49849,8.65339,0,0,55049267,0,75.5637,5328,0,0,0.00154981,2.6682e-05,0,4.3571e-06,0.0238702,0.0238746,5463,0.0238647
puffer-ball,device-tight,cell2dmin,42vf,vf,19496112,11.7941,63.8449,5.02499,6.96065,1,0,19495059,0,29.1217,1016,0,0,0.00227774,3.95026e-05,0,1.1779e-05,0.0254332,0.0254449,1053,0.0254364
puffer-ball,device-tight,cell2dmin,43vf,vf,18706325,11.7892,61.1833,4.95703,6.61742,4,0,18705336,0,27.4405,953,0,0,0.00080653,5.0817e-05,0,5.06382e-06,0.0204429,0.020448,989,0.020443
puffer-ball,device-tight,cell2dmin,45ee,ee,48533084,11.8707,124.345,6.9299,7.7716,3,0,48531286,0,63.6421,1721,0,0,0.00264935,4.04648e-05,0,1.60717e-05,0.0260884,0.0261045,1798,0.0260925
puffer-ball,device-tight,cell2dmin,46ee,ee,48353970,11.8706,121.035,7.0969,7.04272,1,0,48351903,0,61.854,2021,0,0,0.00191392,3.81137e-05,0,9.89454e-06,0.0305586,0.0305685,2067,0.0305557
puffer-ball,device-tight,cell2dmin,47ee,ee,48260533,12.0017,127.876,6.77748,6.75899,3,0,48258910,0,63.067,1577,0,0,0.009421,4.02906e-05,0,2.22322e-05,0.0275976,0.0276199,1623,0.0276108
puffer-ball,device-tight,cell2dmin,48vf,vf,17869478,11.8451,58.9481,4.61976,5.55483,1,0,17869137,0,25.9763,330,0,0,0.000726687,3.84739e-05,0,4.60221e-06,0.0389175,0.0389221,341,0.0389175
puffer-ball,device-tight,cell2dmin,49vf,vf,17875011,11.6727,33.3855,4.64593,6.44757,0,0,17874709,0,24.809,297,0,0,0.000491727,3.67539e-05,0,3.30618e-05,0.0612193,0.0612524,302,0.0612183
puffer-ball,device-tight,cell2dmin,51ee,ee,46698477,11.777,84.0305,6.79748,7.23478,0,0,46697110,0,63.1018,1269,0,0,0.00179139,3.67204e-05,0,2.71558e-05,0.0547977,0.0548249,1367,0.0548019
puffer-ball,device-tight,cell2dmin,52ee,ee,45494887,11.8396,81.1058,6.40236,7.28707,7,0,45493883,0,58.1122,953,0,0,0.00166164,3.95626e-05,0,3.91201e-05,0.0613816,0.0614207,1004,0.0613861
puffer-ball,device-tight,cell2dmin,53ee,ee,44423327,11.7751,77.9202,6.38434,7.00295,0,0,44422136,0,56.2587,1166,0,0,0.00227521,3.79201e-05,0,2.24091e-05,0.0437454,0.0437678,1191,0.0437317
puffer-ball,device-tight,cell2dmin,54vf,vf,15978215,11.6725,28.821,4.56568,5.43055,1,0,15977829,0,22.4937,369,0,0,0.000434029,3.876e-05,0,1.97998e-05,0.0317535,0.0317733,386,0.0317535
puffer-ball,device-tight,cell2dmin,55vf,vf,15809518,11.6524,29.1178,4.31286,5.56623,0,0,15809079,0,22.8521,424,0,0,0.00198576,3.33836e-05,0,9.06408e-06,0.033441,0.0334501,439,0.0334396
puffer-ball,device-tight,cell2dmin,57ee,ee,42527985,11.7581,75.717,6.01159,7.74142,4,0,42527045,0,56.4557,911,0,0,0.00225304,4.66489e-05,0,2.39491e-05,0.0476956,0.0477196,940,0.047699
puffer-ball,device-tight,cell2dmin,58ee,ee,42522341,11.776,75.0674,5.85419,7.64114,1,0,42521138,0,53.6168,1167,0,0,0.00345901,3.39911e-05,0,2.15212e-05,0.0497507,0.0497722,1203,0.0497513
puffer-ball,device-tight,cell2dmin,59ee,ee,42541037,11.9099,108.552,5.95911,6.96145,0,0,42540006,0,54.9239,992,0,0,0.000527347,3.47435e-05,0,2.59129e-05,0.0402675,0.0402934,1031,0.0402679
puffer-ball,device-tight,cell2dmin,5vf,vf,4452462,12.1622,35.2502,2.18003,1.14512,0,0,4452460,0,7.42709,2,0,0,1.87693e-05,1.87693e-05,0,4.25235e-06,0.925014,0.925019,2,0.925014
puffer-ball,device-tight,cell2dmin,60vf,vf,15571721,11.7698,46.3224,4.48911,5.60994,0,0,15571311,0,22.6931,396,0,0,0.00120154,3.02854e-05,0,2.36336e-05,0.0771366,0.0771602,410,0.0771179
puffer-ball,device-tight,cell2dmin,62ee,ee,41024001,11.8815,96.858,5.78152,6.57704,0,0,41022883,0,53.3521,1082,0,0,0.00102237,2.72956e-05,0,1.16338e-05,0.0284455,0.0284571,1118,0.0284424
puffer-ball,device-tight,cell2dmin,63ee,ee,40350684,11.8119,106.902,5.6067,6.90302,0,0,40349147,0,52.0054,1494,0,0,0.000762525,2.56386e-05,0,1.11893e-05,0.0329208,0.032932,1537,0.0329208
puffer-ball,device-tight,cell2dmin,64ee,ee,39670269,11.8243,105.179,5.78753,6.30188,5,0,39669552,0,50.6664,694,0,0,0.00195332,2.85933e-05,0,4.00305e-06,0.0559845,0.0559885,717,0.0559845
puffer-ball,device-tight,cell2dmin,65vf,vf,14316399,11.728,48.6914,4.02371,4.72785,0,0,14316220,0,20.1092,173,0,0,0.00103519,4.47116e-05,0,4.46018e-05,0.0881348,0.0881794,179,0.0881348
puffer-ball,device-tight,cell2dmin,66vf,vf,14072197,11.7392,44.4815,3.97396,5.09971,0,0,14072063,0,18.4912,120,0,0,0.000268542,6.37619e-05,0,4.60726e-05,0.10025,0.100296,134,0.10026
puffer-ball,device-tight,cell2dmin,68ee,ee,36623286,11.8047,102.632,5.50178,6.67857,0,0,36622722,0,46.1524,514,0,0,0.00155663,5.16608e-05,0,2.08907e-05,0.0450821,0.045103,564,0.0450821
puffer-ball,device-tight,cell2dmin,69ee,ee,35609242,11.8093,101.807,5.31087,6.98948,3,0,35608561,0,46.0384,652,0,0,0.00146427,3.97931e-05,0,2.77872e-05,0.0463638,0.0463916,681,0.0463638
puffer-ball,device-tight,cell2dmin,6ee,ee,17690467,12.2319,36.5441,3.65307,5.72939,0,0,17688666,0,23.9054,1770,0,0,0.000692605,3.7009e-06,0,1.65238e-05,0.0978984,0.0979149,1801,0.0979042
puffer-ball,device-tight,cell2dmin,70vf,vf,12542944,11.7086,40.9807,3.73185,5.80503,0,0,12542694,0,17.8471,240,0,0,0.000441543,3.37975e-05,0,1.50728e-05,0.0342941,0.0343092,250,0.0342941
puffer-ball,device-tight,cell2dmin,71vf,vf,12091178,11.6758,42.7055,3.6467,4.7619,0,0,12091045,0,16.573,128,0,0,0.000417579,4.87784e-05,0,1.80388e-05,0.085458,0.085476,133,0.0854492
puffer-ball,device-tight,cell2dmin,73ee,ee,31360326,11.7855,88.7814,5.2703,6.93172,0,0,31359485,0,39.1315,799,0,0,0.00142708,4.30056e-05,0,1.86842e-05,0.0434036,0.0434223,841,0.0434036
puffer-ball,device-tight,cell2dmin,74ee,ee,30393279,11.7831,78.3795,5.27334,7.11171,0,0,30392732,0,40.1697,541,0,0,0.00325936,4.76154e-05,0,4.2889e-05,0.0965157,0.0965586,547,0.0965271
puffer-ball,device-tight,cell2dmin,75ee,ee,29352738,11.7711,77.4032,4.83972,6.49352,0,0,29352137,0,37.1808,594,0,0,0.00123988,3.32435e-05,0,1.30146e-05,0.0299149,0.0299279,601,0.0299149
puffer-ball,device-tight,cell2dmin,76vf,vf,9871498,11.6824,41.1651,3.50367,4.49679,0,0,9871348,0,14.8716,144,0,0,0.000248163,5.38596e-05,0,2.72215e-05,0.079536,0.0795632,150,0.0795441
puffer-ball,device-tight,cell2dmin,77vf,vf,9422268,11.6605,41.8574,3.78132,5.15405,0,0,9422153,0,14.5186,110,0,0,0.00230484,6.86848e-05,0,1.81304e-05,0.0728607,0.0728788,115,0.0728607
puffer-ball,device-tight,cell2dmin,79ee,ee,25110518,11.7667,75.9369,4.7683,6.49356,0,0,25109388,0,35.1401,1083,0,0,0.000835792,3.9502e-05,0,2.90173e-05,0.0471423,0.0471713,1130,0.0471344
puffer-ball,device-tight,cell2dmin,7ee,ee,20330418,12.2418,38.6339,4.39186,7.21081,0,0,20322657,0,30.3973,7685,0,0,0.000490761,4.7369e-06,0,1.00394e-06,0.00837881,0.00837982,7761,0.00837708
puffer-ball,device-tight,cell2dmin,80ee,ee,24221710,11.7584,74.0788,4.77518,6.40383,0,0,24221029,0,31.9355,652,0,0,0.00184074,5.22472e-05,0,5.09437e-05,0.0971069,0.0971579,681,0.0971069
puffer-ball,device-tight,cell2dmin,81vf,vf,7872734,11.6761,41.8997,3.26838,4.7395,2,0,7872622,0,11.9191,106,0,0,0.000347333,5.78483e-05,0,2.46032e-05,0.066452,0.0664766,112,0.066452
puffer-ball,device-tight,cell2dmin,82vf,vf,7646505,11.7078,28.5999,2.99197,4.95239,0,0,7646306,0,12.2443,194,0,0,0.000620605,5.43172e-05,0,3.86863e-05,0.0627899,0.0628286,199,0.0627899
puffer-ball,device-tight,cell2dmin,84ee,ee,22087334,11.8511,65.1234,4.90263,6.00048,0,0,22087088,0,30.8956,232,0,0,0.00163747,7.67597e-05,0,4.22929e-05,0.0924086,0.0924509,246,0.0924072
puffer-ball,device-tight,cell2dmin,85ee,ee,21924810,11.7867,65.5019,4.51791,5.21244,4,0,21924623,0,28.0974,178,0,0,0.000820669,5.48851e-05,0,5.50125e-05,0.126007,0.126062,187,0.126007
puffer-ball,device-tight,cell2dmin,86ee,ee,21956131,11.7791,64.9388,4.84804,4.65448,0,0,21955951,0,28.7095,178,0,0,0.000670304,1.86831e-05,0,1.10865e-05,0.0365372,0.0365483,180,0.0365372
puffer-ball,device-tight,cell2dmin,87vf,vf,7367924,11.7157,29.016,3.17328,3.11456,0,0,7367890,0,11.0053,34,0,0,0.000123612,5.29589e-05,0,8.58552e-05,0.163788,0.163874,34,0.163788
puffer-ball,device-tight,cell2dmin,88vf,vf,7477382,11.7034,28.8295,2.85607,1.44002,0,0,7477376,0,10.4388,6,0,0,0.000241294,8.59023e-05,0,5.12719e-05,0.286175,0.286226,6,0.286194
puffer-ball,device-tight,cell2dmin,8ee,ee,30324395,11.9155,55.7755,6.77255,9.56453,7,0,30300184,0,50.1748,23906,0,0,0.00317809,8.69925e-06,0,4.23755e-06,0.0128432,0.0128474,24211,0.0128441
puffer-ball,device-tight,cell2dmin,90ee,ee,23301989,11.747,67.5801,4.91124,4.44975,0,0,23301882,0,31.0868,101,0,0,0.000403855,5.60478e-05,0,5.60478e-05,0.158173,0.158229,107,0.158173
puffer-ball,device-tight,cell2dmin,91ee,ee,23953633,11.8156,68.0492,4.49048,2.66241,0,0,23953612,0,30.1706,16,0,0,0.000544084,0.000101841,0,0.000193605,0.285828,0.286021,21,0.285828
puffer-ball,device-tight,cell2dmin,92vf,vf,8420697,11.6803,34.2871,3.2943,2.54354,0,0,8420679,0,13.0513,18,0,0,0.000395681,8.48169e-05,0,8.48169e-05,0.119415,0.1195,18,0.119415
puffer-ball,device-tight,cell2dmin,93vf,vf,8683964,11.7064,34.7774,3.19468,2.91085,0,0,8683934,0,13.0006,30,0,0,0.000340828,7.80981e-05,0,2.8647e-05,0.164642,0.164671,30,0.164642
puffer-ball,device-tight,cell2dmin,95ee,ee,26667445,11.7657,71.4923,4.60936,6.1025,0,0,26667005,0,33.4409,419,0,0,0.00078819,3.50945e-05,0,1.13537e-05,0.0850439,0.0850553,440,0.0850372
puffer-ball,device-tight,cell2dmin,96ee,ee,27333803,11.7464,72.4511,4.81201,5.95655,0,0,27333517,0,34.5705,277,0,0,0.000427968,3.4142e-05,0,2.37987e-05,0.0791391,0.0791629,286,0.0791473
puffer-ball,device-tight,cell2dmin,97ee,ee,27895701,11.7858,74.4958,4.68065,5.42152,0,0,27895457,0,35.947,234,0,0,0.000490485,4.24319e-05,0,2.4417e-05,0.0799103,0.0799347,244,0.0799103
puffer-ball,device-tight,cell2dmin,98vf,vf,9971931,11.67,36.4183,3.25631,3.00995,0,0,9971900,0,14.4478,30,0,0,0.0001397,3.58115e-05,0,3.67242e-05,0.12854,0.128577,31,0.12854
puffer-ball,device-tight,cell2dmin,99vf,vf,10120447,11.6623,37.6661,3.29894,3.34213,0,0,10120401,0,14.5909,44,0,0,0.000164369,5.70811e-05,0,7.86663e-05,0.139221,0.1393,46,0.139221
puffer-ball,device-tight,cell2dmin,100ee,ee,28919455,12.0271,77.1842,8.21936,8.32803,0,0,28919246,0,47.0362,203,0,0,0.00153916,3.45404e-05,0,7.58298e-06,0.0676926,0.0677002,209,0.067688
puffer-ball,device-tight,cell2dmin,101ee,ee,28991339,22.4483,86.223,4.89409,10.2055,0,0,28990930,0,42.6208,398,0,0,0.000569156,6.47357e-05,0,5.0438e-05,0.102982,0.103032,409,0.102982
puffer-ball,device-tight,cell2dmin,102ee,ee,28946829,17.0015,84.4281,5.02122,5.21622,0,0,28946542,0,42.8966,260,0,0,0.0028141,2.19829e-05,0,1.03329e-05,0.112274,0.112285,287,0.112274
puffer-ball,device-tight,cell2dmin,103vf,vf,10162945,11.3568,40.0658,3.33004,3.32959,0,0,10162913,0,14.7759,28,0,0,0.000288381,8.08751e-05,0,6.61055e-05,0.139679,0.139745,32,0.139679
puffer-ball,device-tight,cell2dmin,104vf,vf,9984324,16.1929,40.5771,3.29436,4.7164,0,0,9984224,0,15.2979,98,0,0,0.000319482,6.06061e-05,0,3.87383e-05,0.107147,0.107186,100,0.107147
puffer-ball,device-tight,cell2dmin,106ee,ee,26895346,17.9328,79.7629,4.67928,4.10963,0,0,26895248,0,38.9299,96,0,0,0.000466112,3.79379e-05,0,7.60028e-06,0.138351,0.138359,98,0.138348
puffer-ball,device-tight,cell2dmin,107ee,ee,26127843,17.2467,79.9961,5.03491,2.94749,0,0,26127813,0,38.5171,30,0,0,0.000326186,7.03513e-05,0,0.000123539,0.291534,0.291658,30,0.291534
puffer-ball,device-tight,cell2dmin,108ee,ee,25305097,16.8487,77.334,4.41554,2.69252,0,0,25305039,0,38.3588,56,0,0,8.35378e-05,2.63881e-05,0,6.71844e-05,0.173813,0.17388,58,0.173813
puffer-ball,device-tight,cell2dmin,109vf,vf,8498297,17.9321,36.4725,3.02595,2.8897,0,0,8498278,0,13.1638,18,0,0,0.000394023,7.31082e-05,0,5.20595e-05,0.259857,0.259909,19,0.259857
puffer-ball,device-tight,cell2dmin,10vf,vf,26051266,17.258,52.332,6.8515,13.3576,2,0,26045222,0,59.1101,5885,0,0,0.00202372,1.87582e-05,0,4.96209e-06,0.0194283,0.0194333,6044,0.0194244
puffer-ball,device-tight,cell2dmin,112ee,ee,21884978,16.9096,68.6334,3.83969,4.38018,0,0,21884898,0,29.7571,80,0,0,0.000290373,0.000126252,0,0.000119562,0.351334,0.351453,80,0.351334
puffer-ball,device-tight,cell2dmin,114ee,ee,20335973,18.0362,49.7207,3.79438,1.97718,0,0,20335957,0,28.112,16,0,0,0.000222664,4.58348e-05,0,3.92293e-05,0.298706,0.298745,16,0.298706
puffer-ball,device-tight,cell2dmin,115ee,ee,19542341,16.8259,49.1024,3.89325,2.08947,0,0,19542330,0,26.8139,11,0,0,0.00059213,7.19629e-05,0,4.58907e-05,0.311447,0.311493,11,0.311447
puffer-ball,device-tight,cell2dmin,116vf,vf,6257322,17.7432,17.5455,2.4932,1.13664,0,0,6257320,0,11.6721,2,0,0,8.24776e-05,8.24776e-05,0,8.24776e-05,0.209457,0.20954,2,0.209457
puffer-ball,device-tight,cell2dmin,118vf,vf,5680460,11.6704,16.3475,2.4436,1.54814,0,0,5680458,0,9.12487,2,0,0,0.000184561,0.000184561,0,6.31808e-05,0.140457,0.14052,2,0.140457
puffer-ball,device-tight,cell2dmin,11ee,ee,21521802,11.7406,52.8728,5.642,6.5667,0,0,21520998,0,34.2105,765,0,0,0.0021401,5.21488e-05,0,1.73036e-05,0.0623592,0.0623765,804,0.0623474
puffer-ball,device-tight,cell2dmin,121ee,ee,15134209,17.0734,39.4749,3.29391,3.79569,0,0,15134161,0,22.3438,48,0,0,0.00045656,9.74995e-05,0,9.8891e-05,0.187103,0.187202,48,0.187103
puffer-ball,device-tight,cell2dmin,122ee,ee,14435994,17.8677,38.9411,3.18572,2.39026,0,0,14435973,0,21.5222,21,0,0,0.00020586,5.41317e-05,0,0.00020586,0.226212,0.226417,21,0.226212
puffer-ball,device-tight,cell2dmin,123vf,vf,4342748,18.6417,14.0021,2.12694,1.17692,0,0,4342746,0,7.48562,2,0,0,7.24396e-05,7.24396e-05,0,3.4842e-05,0.377945,0.37798,2,0.377945
puffer-ball,device-tight,cell2dmin,124vf,vf,4110426,11.707,14.6762,2.10588,2.70728,0,0,4110424,0,6.86324,2,0,0,0.000123195,0.000123195,0,0.000123195,0.540955,0.541078,2,0.540955
puffer-ball,device-tight,cell2dmin,127ee,ee,11696160,13.8519,33.2952,3.22259,1.7642,0,0,11696154,0,17.0798,6,0,0,0.000320208,0.000132942,0,0.000337999,0.385658,0.385996,6,0.385681
puffer-ball,device-tight,cell2dmin,128ee,ee,11302457,11.7028,29.4696,2.8977,1.43848,0,0,11302451,0,16.1745,6,0,0,0.000139051,9.08246e-05,0,7.34243e-05,0.269012,0.269086,6,0.269012
puffer-ball,device-tight,cell2dmin,129ee,ee,11020201,11.6819,29.187,3.00218,3.57893,0,0,11020174,0,16.6843,27,0,0,0.000329519,4.45959e-05,0,3.90051e-05,0.141983,0.142022,27,0.141983
puffer-ball,device-tight,cell2dmin,12vf,vf,11000060,11.7431,23.7151,4.36351,14.9448,13,0,10983158,0,25.7664,16494,0,0,0.00333566,1.36562e-05,0,2.99351e-06,0.00633318,0.00633617,16902,0.0063324
puffer-ball,device-tight,cell2dmin,13vf,vf,11106781,17.2461,25.2043,4.2975,7.89902,8,0,11088562,0,25.7149,17883,0,0,0.0504481,7.78848e-06,0,2.31672e-06,0.00414161,0.00414392,18219,0.00414276
puffer-ball,device-tight,cell2dmin,15ee,ee,31527232,20.6781,69.925,6.15654,20.2758,3,0,31490864,0,78.1286,35860,0,0,0.00614593,1.38671e-05,0,3.20107e-06,0.00827909,0.0082823,36368,0.00827789
puffer-ball,device-tight,cell2dmin,16ee,ee,49330297,19.6081,103.223,7.55515,9.75646,11,0,49309577,0,77.1688,20318,0,0,0.00296881,1.44538e-05,0,6.41622e-06,0.0068864,0.00689281,20720,0.00688934
puffer-ball,device-tight,cell2dmin,17ee,ee,73267220,17.9525,120.895,9.47989,9.67458,2,0,73247897,0,104.744,18950,0,0,0.261332,1.71493e-05,0,4.3317e-06,0.00283215,0.00283648,19323,0.00283432
puffer-ball,device-tight,cell2dmin,18vf,vf,37899493,17.9939,63.707,7.61454,6.71595,0,0,37897565,0,56.7515,1863,0,0,0.00148889,2.61972e-05,0,5.38902e-06,0.0123727,0.0123781,1928,0.0123711
puffer-ball,device-tight,cell2dmin,19vf,vf,52064527,18.3429,96.2159,8.98212,7.42319,3,0,52056822,0,79.2996,7517,0,0,0.00325304,1.1578e-05,0,1.57566e-06,0.00749083,0.00749241,7705,0.00748825
puffer-ball,device-tight,cell2dmin,21ee,ee,220630674,24.0963,280.948,27.2055,42.3087,23,0,220455231,0,366.597,173531,0,0,0.0237497,8.84533e-06,0,3.51047e-06,0.00433472,0.00433824,175443,0.0043335
puffer-ball,device-tight,cell2dmin,22ee,ee,191818568,24.0511,230.654,26.0078,49.2509,36,0,191656091,0,332.073,160417,0,0,0.00626965,1.125e-05,0,5.99462e-06,0.00267093,0.00267692,162477,0.00267029
puffer-ball,device-tight,cell2dmin,23ee,ee,116223315,11.759,190.213,15.4105,21.3813,39,0,116146276,0,196.796,75730,0,0,0.00616202,1.5605e-05,0,5.51477e-06,0.0102474,0.0102529,77039,0.0102463
puffer-ball,device-tight,cell2dmin,24vf,vf,28632387,11.6559,56.1947,7.80465,8.12259,8,0,28620305,0,53.8428,11715,0,0,0.00231939,2.21641e-05,0,2.22027e-06,0.00941455,0.00941677,12082,0.00941467
puffer-ball,device-tight,cell2dmin,25vf,vf,25787438,11.6577,53.5118,7.46588,7.69634,6,0,25778079,0,46.899,9086,0,0,0.00315848,2.4739e-05,0,3.11593e-06,0.0127534,0.0127565,9359,0.0127525
puffer-ball,device-tight,cell2dmin,27ee,ee,82136185,12.076,173.532,11.7495,9.14374,9,0,82120927,0,125.626,14915,0,0,0.00643386,2.31574e-05,0,6.99507e-07,0.0129291,0.0129298,15258,0.012928
puffer-ball,device-tight,cell2dmin,28ee,ee,89065912,11.8571,185.419,11.8244,9.3422,1,0,89054393,0,130.559,11274,0,0,0.0081723,2.28445e-05,0,6.734e-06,0.0212486,0.0212554,11519,0.0212479
puffer-ball,device-tight,cell2dmin,29ee,ee,94887797,11.8609,191.338,11.7563,8.6412,1,0,94874413,0,132.349,13132,0,0,0.00552616,1.69385e-05,0,7.21792e-06,0.0105381,0.0105453,13384,0.01054
puffer-ball,device-tight,cell2dmin,30vf,vf,37863175,11.8251,91.4914,8.03472,7.00605,4,0,37860340,0,58.2715,2754,0,0,0.00066515,2.13912e-05,0,3.02688e-06,0.0184372,0.0184402,2835,0.0184364
puffer-ball,device-tight,cell2dmin,31vf,vf,37826930,11.7719,89.7454,7.47948,7.15712,0,0,37823952,0,59.1539,2889,0,0,0.00118747,2.26682e-05,0,2.45857e-06,0.00660165,0.00660411,2978,0.00660324
puffer-ball,device-tight,cell2dmin,33ee,ee,88606642,11.8745,179.427,10.1836,9.73163,10,0,88594244,0,121.916,12033,0,0,0.00600899,2.38496e-05,0,2.16152e-05,0.0365836,0.0366052,12398,0.0365829
puffer-ball,device-tight,cell2dmin,34ee,ee,83806141,11.8333,173.572,9.80443,9.34188,7,0,83793957,0,118.639,11876,0,0,0.224221,2.33257e-05,0,2.51238e-06,0.0187317,0.0187342,12184,0.0187302
puffer-ball,device-tight,cell2dmin,35ee,ee,79093772,11.8007,167.259,9.43436,9.51292,12,0,79083607,0,114.975,9885,0,0,0.00316752,2.43489e-05,0,3.56236e-06,0.0100762,0.0100798,10165,0.0100746
puffer-ball,device-tight,cell2dmin,36vf,vf,28437085,11.7856,79.3598,6.21296,7.02263,1,0,28434037,0,44.3663,2931,0,0,0.00099901,2.14469e-05,0,5.42435e-06,0.0162277,0.0162331,3048,0.0162277
puffer-ball,device-tight,cell2dmin,37vf,vf,26722838,11.7217,80.0785,6.1503,7.91249,0,0,26720338,0,40.6109,2413,0,0,0.00270493,2.06902e-05,0,7.97018e-06,0.0142918,0.0142998,2500,0.0142899
puffer-ball,device-tight,cell2dmin,39ee,ee,62734605,11.841,136.889,8.14442,8.73013,4,0,62725637,0,91.7526,8810,0,0,0.00327777,1.86096e-05,0,2.1692e-06,0.0152513,0.0152534,8968,0.0152512
puffer-ball,device-tight,cell2dmin,40ee,ee,58732472,11.7639,129.704,7.73819,8.57816,4,0,58726183,0,84.5959,6105,0,0,0.00360585,2.8823e-05,0,6.51145e-06,0.0163637,0.0163702,6289,0.0163612
puffer-ball,device-tight,cell2dmin,41ee,ee,55054730,11.8506,133.746,7.43964,8.48377,0,0,55049267,0,83.8357,5328,0,0,0.00164622,2.66113e-05,0,4.3571e-06,0.0238702,0.0238746,5463,0.0238647
puffer-ball,device-tight,cell2dmin,42vf,vf,19496112,11.7398,61.7839,6.56731,6.38725,1,0,19495059,0,29.591,1016,0,0,0.00227774,3.95026e-05,0,8.58499e-06,0.0254364,0.0254449,1053,0.0254364
puffer-ball,device-tight,cell2dmin,43vf,vf,18706325,11.7051,59.8304,5.04496,6.37359,4,0,18705336,0,31.1667,953,0,0,0.00080653,5.05685e-05,0,4.03489e-06,0.0204439,0.020448,989,0.020443
puffer-ball,device-tight,cell2dmin,45ee,ee,48533084,11.8179,125.332,6.91415,7.64926,3,0,48531286,0,70.8499,1721,0,0,0.0021954,4.03688e-05,0,1.27948e-05,0.0260917,0.0261045,1798,0.0260925
puffer-ball,device-tight,cell2dmin,46ee,ee,48353970,11.7884,118.634,7.32777,7.34361,1,0,48351903,0,70.1927,2021,0,0,0.00163666,3.80848e-05,0,8.57439e-06,0.0305599,0.0305685,2067,0.0305557
puffer-ball,device-tight,cell2dmin,47ee,ee,48260533,11.8909,129.843,6.65489,7.47125,3,0,48258910,0,69.2419,1577,0,0,0.009421,4.02752e-05,0,2.22322e-05,0.0275976,0.0276199,1623,0.0275993
puffer-ball,device-tight,cell2dmin,48vf,vf,17869478,11.8244,57.601,7.07728,5.58286,1,0,17869137,0,27.972,330,0,0,0.000726687,3.82237e-05,0,4.60221e-06,0.0389175,0.0389221,341,0.0389175
puffer-ball,device-tight,cell2dmin,49vf,vf,17875011,11.6447,33.263,4.57749,4.9728,0,0,17874709,0,27.2635,297,0,0,0.000491727,3.72018e-05,0,3.41253e-05,0.0612183,0.0612524,302,0.0612183
puffer-ball,device-tight,cell2dmin,51ee,ee,46698477,11.7126,88.7035,6.97885,7.47081,0,0,46697110,0,67.4887,1269,0,0,0.00179224,3.7006e-05,0,2.71558e-05,0.0547977,0.0548249,1367,0.0548019
puffer-ball,device-tight,cell2dmin,52ee,ee,45494887,11.6901,81.5268,6.76891,7.7323,7,0,45493883,0,64.5384,953,0,0,0.00166164,3.97052e-05,0,2.94803e-05,0.0613912,0.0614207,1004,0.0613861
puffer-ball,device-tight,cell2dmin,53ee,ee,44423327,11.6963,77.1113,6.57355,7.26089,0,0,44422136,0,61.29,1166,0,0,0.00239061,3.79703e-05,0,3.36744e-05,0.0437342,0.0437678,1191,0.0437317
puffer-ball,device-tight,cell2dmin,54vf,vf,15978215,11.6547,28.2127,4.50216,5.80439,1,0,15977829,0,24.534,369,0,0,0.000434029,3.88958e-05,0,1.97998e-05,0.0317535,0.0317733,386,0.0317535
puffer-ball,device-tight,cell2dmin,55vf,vf,15809518,11.6325,27.5259,4.36914,5.05242,0,0,15809079,0,25.0939,424,0,0,0.00152799,3.35379e-05,0,9.6789e-06,0.0334404,0.0334501,439,0.0334396
puffer-ball,device-tight,cell2dmin,57ee,ee,42527985,11.6293,78.4964,6.18701,7.68466,4,0,42527045,0,63.0759,911,0,0,0.00232713,4.67758e-05,0,1.9231e-05,0.0477003,0.0477196,940,0.047699
puffer-ball,device-tight,cell2dmin,58ee,ee,42522341,11.6818,79.1619,5.89581,7.09463,1,0,42521138,0,61.0475,1167,0,0,0.00345901,3.39813e-05,0,2.09512e-05,0.0497513,0.0497722,1203,0.0497513
puffer-ball,device-tight,cell2dmin,59ee,ee,42541037,11.845,109.45,6.19053,7.47503,0,0,42540006,0,59.8532,992,0,0,0.000527347,3.47435e-05,0,3.33812e-05,0.04026,0.0402934,1031,0.0402679
puffer-ball,device-tight,cell2dmin,5vf,vf,4452462,12.0743,33.9322,2.24764,1.24195,0,0,4452460,0,7.58987,2,0,0,1.87693e-05,1.87693e-05,0,4.25235e-06,0.925014,0.925019,2,0.925014
puffer-ball,device-tight,cell2dmin,60vf,vf,15571721,11.7903,46.9384,4.29564,6.04099,0,0,15571311,0,25.2148,396,0,0,0.00120154,3.02854e-05,0,2.87186e-05,0.0771315,0.0771602,410,0.0771179
puffer-ball,device-tight,cell2dmin,62ee,ee,41024001,11.8121,94.663,5.8673,6.55413,0,0,41022883,0,57.6719,1082,0,0,0.00127033,2.72956e-05,0,1.4728e-05,0.0284424,0.0284571,1118,0.0284424
puffer-ball,device-tight,cell2dmin,63ee,ee,40350684,11.7408,111.706,5.61314,8.08263,0,0,40349147,0,57.1644,1494,0,0,0.000762525,2.55142e-05,0,1.11893e-05,0.0329208,0.032932,1537,0.0329208
puffer-ball,device-tight,cell2dmin,64ee,ee,39670269,11.7227,107.596,5.91905,6.5277,5,0,39669552,0,54.6956,694,0,0,0.00195332,2.73975e-05,0,4.00305e-06,0.0559845,0.0559885,717,0.0559845
puffer-ball,device-tight,cell2dmin,65vf,vf,14316399,11.6779,47.1528,3.97661,5.02147,0,0,14316220,0,22.1971,173,0,0,0.000876223,4.47116e-05,0,4.46018e-05,0.0881348,0.0881794,179,0.0881348
puffer-ball,device-tight,cell2dmin,66vf,vf,14072197,11.6837,44.3773,3.93914,4.82391,0,0,14072063,0,20.6211,120,0,0,0.000268542,6.37619e-05,0,4.60726e-05,0.10025,0.100296,134,0.10025
puffer-ball,device-tight,cell2dmin,68ee,ee,36623286,11.8933,102.631,5.40149,6.9418,0,0,36622722,0,52.0806,514,0,0,0.0016826,5.01405e-05,0,2.08907e-05,0.0450821,0.045103,564,0.0450821
puffer-ball,device-tight,cell2dmin,69ee,ee,35609242,11.7045,105.704,5.18131,7.07021,3,0,35608561,0,46.6124,652,0,0,0.00146427,3.95478e-05,0,3.20657e-05,0.0463596,0.0463916,681,0.0463638
puffer-ball,device-tight,cell2dmin,6ee,ee,17690467,12.0933,36.1138,3.9392,6.34911,0,0,17688666,0,26.1575,1770,0,0,0.00076282,3.69671e-06,0,1.57469e-05,0.0978992,0.0979149,1801,0.0979042
puffer-ball,device-tight,cell2dmin,70vf,vf,12542944,11.6668,42.6772,3.68238,5.40588,0,0,12542694,0,18.0168,240,0,0,0.00057764,3.33978e-05,0,1.50728e-05,0.0342941,0.0343092,250,0.0342941
puffer-ball,device-tight,cell2dmin,71vf,vf,12091178,11.6245,42.3323,3.52062,4.65301,0,0,12091045,0,18.9143,128,0,0,0.000417579,4.87784e-05,0,2.06726e-05,0.0854553,0.085476,133,0.0854492
puffer-ball,device-tight,cell2dmin,73ee,ee,31360326,11.7097,86.6305,5.18505,6.9002,0,0,31359485,0,44.6689,799,0,0,0.00128976,4.3007e-05,0,3.13874e-05,0.0433909,0.0434223,841,0.0434036
puffer-ball,device-tight,cell2dmin,74ee,ee,30393279,11.6567,77.492,5.33116,6.56443,0,0,30392732,0,40.2135,541,0,0,0.00306445,4.73147e-05,0,3.8362e-05,0.0965203,0.0965586,547,0.0965271
puffer-ball,device-tight,cell2dmin,75ee,ee,29352738,11.7337,75.6127,5.22019,7.86996,0,0,29352137,0,39.2965,594,0,0,0.00135444,3.32385e-05,0,1.53255e-05,0.0299125,0.0299279,601,0.0299149
puffer-ball,device-tight,cell2dmin,76vf,vf,9871498,11.6278,41.0273,3.6227,4.90241,0,0,9871348,0,15.3665,144,0,0,0.000248163,5.16228e-05,0,1.91692e-05,0.0795441,0.0795632,150,0.0795441
puffer-ball,device-tight,cell2dmin,77vf,vf,9422268,11.6355,40.1983,3.56408,4.81492,0,0,9422153,0,14.601,110,0,0,0.00276832,7.00436e-05,0,1.81304e-05,0.0728607,0.0728788,115,0.0728607
puffer-ball,device-tight,cell2dmin,79ee,ee,25110518,11.6834,74.5571,4.71886,7.11533,0,0,25109388,0,38.4536,1083,0,0,0.000911847,3.96149e-05,0,2.89806e-05,0.0471424,0.0471713,1130,0.0471344
puffer-ball,device-tight,cell2dmin,7ee,ee,20330418,12.1486,39.9333,4.6986,7.55349,0,0,20322657,0,33.4601,7685,0,0,0.000490761,4.7384e-06,0,2.08576e-06,0.00837773,0.00837982,7761,0.00837708
puffer-ball,device-tight,cell2dmin,80ee,ee,24221710,11.6679,76.464,5.04519,6.41369,0,0,24221029,0,37.1613,652,0,0,0.00170246,5.21769e-05,0,4.80007e-05,0.0971099,0.0971579,681,0.0971069
puffer-ball,device-tight,cell2dmin,81vf,vf,7872734,11.6371,41.2271,3.19859,4.91444,2,0,7872622,0,12.4952,106,0,0,0.000347333,5.78483e-05,0,2.46032e-05,0.066452,0.0664766,112,0.066452
puffer-ball,device-tight,cell2dmin,82vf,vf,7646505,11.6577,30.0141,3.09789,4.74055,0,0,7646306,0,12.5394,194,0,0,0.000620605,5.43172e-05,0,4.03347e-05,0.0627883,0.0628286,199,0.0627899
puffer-ball,device-tight,cell2dmin,84ee,ee,22087334,11.6594,65.852,4.99632,5.61598,0,0,22087088,0,30.9181,232,0,0,0.00163747,7.39195e-05,0,4.17416e-05,0.0924092,0.0924509,246,0.0924072
puffer-ball,device-tight,cell2dmin,85ee,ee,21924810,11.7128,66.4377,4.52549,5.60881,4,0,21924623,0,32.1871,178,0,0,0.000820669,5.50125e-05,0,5.50125e-05,0.126007,0.126062,187,0.126007
puffer-ball,device-tight,cell2dmin,86ee,ee,21956131,11.8146,65.7369,4.81742,4.44863,0,0,21955951,0,32.7686,178,0,0,0.000670304,1.86831e-05,0,1.10865e-05,0.0365372,0.0365483,180,0.0365372
puffer-ball,device-tight,cell2dmin,87vf,vf,7367924,11.6234,28.8914,3.18278,3.07766,0,0,7367890,0,11.6679,34,0,0,0.000123612,5.29589e-05,0,8.58552e-05,0.163788,0.163874,34,0.163788
puffer-ball,device-tight,cell2dmin,88vf,vf,7477382,11.6215,28.7939,2.8498,1.41525,0,0,7477376,0,10.9192,6,0,0,0.000241294,8.59023e-05,0,3.19749e-05,0.286194,0.286226,6,0.286194
puffer-ball,device-tight,cell2dmin,8ee,ee,30324395,11.766,59.1144,5.49486,9.27068,7,0,30300184,0,54.0701,23906,0,0,0.0032024,8.70242e-06,0,4.39522e-06,0.012843,0.0128474,24211,0.0128441
puffer-ball,device-tight,cell2dmin,90ee,ee,23301989,11.8153,68.6147,4.70516,4.49131,0,0,23301882,0,32.562,101,0,0,0.00049488,5.60478e-05,0,5.60478e-05,0.158173,0.158229,107,0.158173
puffer-ball,device-tight,cell2dmin,91ee,ee,23953633,11.6828,70.1229,4.27913,2.613,0,0,23953612,0,36.6783,16,0,0,0.000544084,0.000101841,0,0.000193605,0.285828,0.286021,21,0.285828
puffer-ball,device-tight,cell2dmin,92vf,vf,8420697,11.6318,32.822,3.13827,2.87473,0,0,8420679,0,13.5318,18,0,0,0.000395681,8.48169e-05,0,8.48169e-05,0.119415,0.1195,18,0.119415
puffer-ball,device-tight,cell2dmin,93vf,vf,8683964,11.6312,33.0433,3.07203,3.07462,0,0,8683934,0,14.1064,30,0,0,0.000340828,7.80981e-05,0,2.86563e-05,0.164642,0.164671,30,0.164642
puffer-ball,device-tight,cell2dmin,95ee,ee,26667445,11.732,72.4257,4.63659,5.9537,0,0,26667005,0,37.992,419,0,0,0.000744311,3.5192e-05,0,1.47319e-05,0.0850405,0.0850553,440,0.0850372
puffer-ball,device-tight,cell2dmin,96ee,ee,27333803,11.6718,72.6031,4.90192,6.38508,0,0,27333517,0,38.5083,277,0,0,0.000447943,3.48418e-05,0,1.553e-05,0.0791473,0.0791629,286,0.0791473
puffer-ball,device-tight,cell2dmin,97ee,ee,27895701,11.6515,74.8061,4.72484,6.02282,0,0,27895457,0,38.4039,234,0,0,0.000496207,4.28346e-05,0,2.4417e-05,0.0799103,0.0799347,244,0.0799255
puffer-ball,device-tight,cell2dmin,98vf,vf,9971931,11.6587,36.479,3.26098,3.14294,0,0,9971900,0,16.8806,30,0,0,0.0001397,3.58115e-05,0,3.67242e-05,0.12854,0.128577,31,0.12854
puffer-ball,device-tight,cell2dmin,99vf,vf,10120447,11.6113,36.7016,3.4477,3.41516,0,0,10120401,0,15.2489,44,0,0,0.000164369,5.70811e-05,0,7.86663e-05,0.139221,0.1393,46,0.139221
rod-twist,device-tight,cell2d,1022ee,ee,337396,0.62574,2.27158,1.37877,1.68679,0,0,337395,0,2.38008,1,0,0,0.000363092,0.000363092,0,0.000305632,0.313812,0.314118,1,0.313755
rod-twist,device-tight,cell2d,1263ee,ee,489290,0.92333,3.02102,3.02967,1.74987,0,0,489289,0,3.43781,1,0,0,0.000448969,0.000448969,0,0.000527872,0.312581,0.313109,1,0.31266
rod-twist,device-tight,cell2d,1301ee,ee,478843,0.876676,1.87824,3.33813,3.4788,0,0,478833,0,5.71288,10,0,0,0.000487062,0.000232445,0,4.76637e-05,0.0485416,0.0485893,10,0.0485535
rod-twist,device-tight,cell2d,1353ee,ee,522979,0.862757,2.136,2.22665,1.53854,0,0,522978,0,2.87482,1,0,0,0.000200137,0.000200137,0,0.000200137,0.0840263,0.0842265,1,0.0840263
rod-twist,device-tight,cell2d,1389ee,ee,517764,0.845221,2.09145,2.26246,1.81517,0,0,517762,0,2.75271,1,0,0,0.000126119,0.000126119,0,0.000137049,0.1512,0.151337,2,0.151211
rod-twist,device-tight,cell2d,1456ee,ee,491047,0.762376,2.32812,2.69454,1.37381,0,0,491046,0,2.51813,1,0,0,0.000529911,0.000529911,0,0.000529911,0.2173,0.21783,1,0.2173
rod-twist,device-tight,cell2d,1517ee,ee,549574,0.860869,2.17273,3.32889,3.00934,0,0,549569,0,4.65748,5,0,0,0.00252455,0.000101114,0,2.61892e-05,0.0407462,0.0407724,5,0.040741
rod-twist,device-tight,cell2d,1555vf,vf,113125,0.600397,0.466449,1.81057,2.21068,0,0,113124,0,2.0568,1,0,0,0.00154315,0.00154315,0,0.00154315,0.307648,0.309191,1,0.307648
rod-twist,device-tight,cell2d,1583ee,ee,1637625,0.877764,5.28956,5.66721,8.14765,1,0,1637478,0,12.2063,136,0,0,0.00325246,0.000100952,0,2.64367e-05,0.0200599,0.0200863,147,0.0200615
rod-twist,device-tight,cell2d,1646ee,ee,581233,0.773607,2.44152,3.23244,2.81517,0,0,581230,0,4.57669,3,0,0,0.000384729,0.000164378,0,8.67179e-05,0.0828934,0.0829801,3,0.0828934
rod-twist,device-tight,cell2d,1690ee,ee,644553,0.755784,2.85002,2.99968,5.21987,0,0,644539,0,4.06851,14,0,0,0.00643887,0.000253517,0,2.16308e-05,0.0346298,0.0346515,14,0.0346298
rod-twist,device-tight,cell2d,1720ee,ee,651256,0.764647,2.89351,2.78522,2.05571,0,0,651254,0,2.9457,1,0,0,0.00318648,0.00318648,0,0.00318648,0.419678,0.422864,2,0.419678
rod-twist,device-tight,cell2d,1748ee,ee,634727,0.75812,2.7075,3.00803,3.00118,0,0,634715,0,3.97741,12,0,0,0.00191986,3.81582e-05,0,3.19104e-05,0.0885944,0.0886263,12,0.0885944
rod-twist,device-tight,cell2d,1776vf,vf,132542,0.749352,0.532847,1.5532,1.1782,0,0,132541,0,1.41794,1,0,0,5.96139e-05,5.96139e-05,0,5.96139e-05,0.0867462,0.0868058,1,0.0867462
rod-twist,device-tight,cell2d,1807ee,ee,638978,0.753993,2.75118,2.99309,2.35669,0,0,638977,0,3.6507,1,0,0,0.00478774,0.00478774,0,0.00464699,0.407871,0.412518,1,0.40773
rod-twist,device-tight,cell2d,1831vf,vf,141719,0.766152,0.556815,1.62142,2.91591,0,0,141714,0,2.37621,5,0,0,0.000851214,0.000429308,0,3.40232e-05,0.0177269,0.0177609,5,0.0177269
rod-twist,device-tight,cell2d,1859vf,vf,141707,0.75828,0.585486,2.59342,4.17753,0,0,141698,0,3.19212,9,0,0,0.000302569,0.000121229,0,5.02116e-05,0.0623741,0.0624243,9,0.0623741
rod-twist,device-tight,cell2d,1893vf,vf,126970,0.755144,0.558863,2.10717,1.71422,0,0,126969,0,1.68078,1,0,0,0.000745077,0.000745077,0,0.000688333,0.332187,0.332875,1,0.33213
rod-twist,device-tight,cell2d,1927ee,ee,750699,0.756136,2.81073,3.05136,5.01923,0,0,750680,0,4.74465,13,0,0,0.00265354,0.000126051,0,4.21093e-05,0.0181427,0.0181848,19,0.0181427
rod-twist,device-tight,cell2d,1956ee,ee,792743,0.77764,3.12857,3.01411,5.2823,0,0,792718,0,4.44738,23,0,0,0.00129082,0.000192143,0,0.000171311,0.0501709,0.0503422,25,0.0501709
rod-twist,device-tight,cell2d,1985vf,vf,528252,0.775911,2.50536,2.73643,7.39673,0,0,528110,0,3.63835,140,0,0,0.0105962,4.93355e-05,0,5.82706e-06,0.00699711,0.00700294,142,0.00699711
rod-twist,device-tight,cell2d,2027ee,ee,732020,0.772359,3.02144,3.32882,4.7763,0,0,732005,0,4.52885,13,0,0,0.00816126,0.000119371,0,2.43367e-05,0.0251244,0.0251487,15,0.0251274
rod-twist,device-tight,cell2d,2079vf,vf,159144,0.76708,0.619756,1.7778,1.72343,0,0,159139,0,1.79086,5,0,0,1.68445e-05,8.54503e-06,0,1.68445e-05,0.0122223,0.0122391,5,0.0122223
rod-twist,device-tight,cell2d,2110ee,ee,807841,0.758888,3.18515,2.97034,2.62846,0,0,807835,0,3.70475,6,0,0,0.000705531,0.000269546,0,0.000422472,0.0815735,0.081996,6,0.0815735
rod-twist,device-tight,cell2d,2142ee,ee,824215,0.784807,2.86311,3.20931,5.36533,0,0,824199,0,4.12329,14,0,0,0.00156883,0.000363165,0,0.000327402,0.0597205,0.0600479,16,0.0596848
rod-twist,device-tight,cell2d,2166vf,vf,180778,0.782983,0.654891,1.8099,3.5948,0,0,180773,0,2.68113,5,0,0,0.00289602,0.00026356,0,4.82485e-06,0.0145798,0.0145846,5,0.0145798
rod-twist,device-tight,cell2d,2189vf,vf,185857,0.794407,0.646476,1.8169,4.32658,0,0,185846,0,2.57163,10,0,0,0.000555925,0.000162256,0,2.48707e-05,0.0628357,0.0628606,11,0.0628357
rod-twist,device-tight,cell2d,2213vf,vf,170781,0.756808,0.610156,2.25129,2.69518,0,0,170776,0,2.21094,5,0,0,0.000544561,0.000133151,0,7.32238e-05,0.0297623,0.0298355,5,0.0297623
rod-twist,device-tight,cell2d,2236ee,ee,881389,0.751112,3.47109,3.5803,5.53381,0,0,881372,0,5.06227,12,0,0,0.00861057,0.000783402,0,8.72653e-05,0.0492516,0.0493388,17,0.0492516
rod-twist,device-tight,cell2d,2259vf,vf,199921,0.771815,0.648876,1.86247,2.73351,0,0,199917,0,2.25423,4,0,0,0.000377674,0.000355238,0,2.18758e-05,0.0177536,0.0177755,4,0.0177536
rod-twist,device-tight,cell2d,2282vf,vf,192187,0.760488,0.648843,2.42904,6.87505,0,0,192121,0,3.63198,62,0,0,0.00342922,4.1375e-05,0,1.11838e-05,0.00264549,0.00265668,66,0.00264549
rod-twist,device-tight,cell2d,2307ee,ee,859513,0.780135,3.67179,3.79591,6.92049,0,0,859453,0,6.0855,50,0,0,0.00539677,0.000168235,0,1.35643e-06,0.00197601,0.00197737,60,0.00197601
rod-twist,device-tight,cell2d,2332ee,ee,858501,0.781031,3.25462,3.3189,2.76439,0,0,858495,0,4.12528,2,0,0,0.00250836,0.00250836,0,0.000238298,0.210266,0.210504,6,0.210266
rod-twist,device-tight,cell2d,2358ee,ee,951141,0.770632,3.50971,4.53579,4.5868,1,0,951131,0,5.24876,2,0,0,0.00834191,0.00834191,0,0.000278286,0.194085,0.194363,10,0.194084
rod-twist,device-tight,cell2d,2382ee,ee,1029109,0.773864,3.84698,7.16467,10.2152,0,0,1028828,0,15.8998,244,0,0,0.0291911,0.000162927,0,7.49128e-06,0.00132561,0.0013331,281,0.00132561
rod-twist,device-tight,cell2d,2405vf,vf,189778,0.772263,0.7746,2.01706,4.34002,0,0,189764,0,2.95683,14,0,0,0.00201733,0.000165019,0,1.66308e-05,0.0241985,0.0242152,14,0.0241985
rod-twist,device-tight,cell2d,2431ee,ee,930926,0.767528,4.13817,3.90538,3.57246,0,0,930913,0,4.14704,2,0,0,0.00182188,0.00182188,0,0.00137799,0.265709,0.267087,13,0.265778
rod-twist,device-tight,cell2d,2456ee,ee,947330,0.7626,4.01779,3.61406,4.55026,1,0,947313,0,4.51867,4,0,0,0.00100967,0.000576935,0,0.0645379,0,0.0645379,17,0
rod-twist,device-tight,cell2d,2479vf,vf,179577,0.771016,0.650507,1.75678,1.39429,0,0,179576,0,1.77258,1,0,0,0.000119522,0.000119522,0,0.000119522,0.0754547,0.0755742,1,0.0754547
rod-twist,device-tight,cell2d,2502vf,vf,234432,0.768424,0.913571,2.14736,5.69937,0,0,234393,0,3.04374,37,0,0,0.00485672,3.68581e-05,0,1.31243e-06,0.00246429,0.00246561,39,0.00246429
rod-twist,device-tight,cell2d,2526ee,ee,1073690,0.758184,4.46719,4.67323,9.72315,2,0,1073588,0,8.3133,72,0,0,0.00616601,0.00053525,0,0.000146266,0.0110695,0.0112158,102,0.0110626
rod-twist,device-tight,cell2d,2549ee,ee,1156862,0.773223,4.27273,4.47084,9.61269,0,0,1156747,0,7.77223,72,0,0,0.0122357,0.000593632,0,2.42614e-05,0.0038414,0.00386566,115,0.0038414
rod-twist,device-tight,cell2d,2573ee,ee,1015444,0.76916,5.16448,4.23801,5.9736,0,0,1015411,0,5.1663,9,0,0,0.026686,0.000760151,0,0.000648615,0.0911789,0.0918275,33,0.0911789
rod-twist,device-tight,cell2d,2596vf,vf,207277,0.772871,0.954626,2.49269,4.77969,0,0,207264,0,3.31442,12,0,0,0.00733216,9.17898e-05,0,7.44e-05,0.0842514,0.0843258,13,0.0842514
rod-twist,device-tight,cell2d,2622ee,ee,1073716,0.842789,4.66392,4.92912,2.81377,0,0,1073696,0,4.94077,0,0,0,0,0,0,0,1,1,20,1
rod-twist,device-tight,cell2d,2644vf,vf,269815,0.756968,1.10556,2.42072,6.36652,0,0,269787,0,3.19772,22,0,0,0.013437,0.000132093,0,1.0878e-05,0.00251007,0.00252095,28,0.00251007
rod-twist,device-tight,cell2d,2667vf,vf,201857,0.761672,0.928771,2.28745,2.60158,0,0,201853,0,2.61064,1,0,0,0.00155517,0.00155517,0,0.00155517,0.273468,0.275023,4,0.273468
rod-twist,device-tight,cell2d,2690vf,vf,228023,0.763752,1.05149,2.53195,4.87892,0,0,228012,0,3.77236,10,0,0,0.00527491,0.000250721,0,1.92821e-05,0.0515213,0.0515406,11,0.0515213
rod-twist,device-tight,cell2d,2714ee,ee,1106866,0.774024,4.9546,4.43106,3.478,0,0,1106842,0,4.83495,0,0,0,0,0,0,0,1,1,24,1
rod-twist,device-tight,cell2d,2737ee,ee,1129390,0.763687,5.73467,4.25062,5.47708,1,0,1129346,0,5.54811,5,0,0,0.000945368,0.000466985,0,7.84376e-05,0.0245667,0.0246451,44,0.0245667
rod-twist,device-tight,cell2d,2761vf,vf,233358,0.765576,0.949954,1.70008,1.4661,0,0,233356,0,1.84951,1,0,0,2.05832e-05,2.05832e-05,0,2.05832e-05,0.0164108,0.0164314,2,0.0164108
rod-twist,device-tight,cell2d,2785vf,vf,283025,0.770439,1.05968,2.008,2.12352,0,0,283022,0,2.17519,2,0,0,0.00152598,0.00152598,0,7.69031e-05,0.104187,0.104264,3,0.104187
rod-twist,device-tight,cell2d,2808ee,ee,1324480,0.769736,6.50847,4.63345,6.65876,0,0,1324413,0,7.86714,18,0,0,0.00257519,0.00038646,0,9.88417e-06,0.00847626,0.00848614,67,0.00847626
rod-twist,device-tight,cell2d,2832ee,ee,1224481,0.770535,6.48274,5.18544,6.90785,0,0,1224424,0,6.95146,16,0,0,0.0113587,0.000546364,0,0.000129071,0.0211105,0.0212396,57,0.0211089
rod-twist,device-tight,cell2d,2856vf,vf,273715,0.767464,0.938722,2.08787,2.93607,0,0,273711,0,2.64481,2,0,0,0.002258,0.002258,0,1.95684e-05,0.137306,0.137326,4,0.137306
rod-twist,device-tight,cell2d,2881ee,ee,1472159,0.772615,6.3261,5.89876,9.40828,0,0,1471795,0,20.1174,307,0,0,0.0243664,0.000135738,0,3.17174e-06,0.00150903,0.0015122,364,0.00150681
rod-twist,device-tight,cell2d,2903vf,vf,246089,0.81767,0.937826,2.17635,3.74065,1,0,246076,0,2.62805,9,0,0,0.00278438,0.000144814,0,0.0295277,0,0.0295277,13,0
rod-twist,device-tight,cell2d,2926vf,vf,245763,0.763848,0.929603,1.98128,2.26121,0,0,245758,0,2.06493,2,0,0,0.00117311,0.00117311,0,3.70821e-05,0.22422,0.224257,5,0.22422
rod-twist,device-tight,cell2d,2949vf,vf,277757,0.769671,1.01334,2.26975,4.78315,0,0,277737,0,3.68296,16,0,0,0.00240284,0.000287996,0,0.000287996,0.0265121,0.0268001,20,0.0265121
rod-twist,device-tight,cell2d,2972vf,vf,261254,0.771112,0.939874,2.01958,3.46459,0,0,261245,0,2.75857,6,0,0,0.00270726,0.00116329,0,0.000179673,0.0135498,0.0137295,9,0.0135612
rod-twist,device-tight,cell2d,2995vf,vf,280405,0.891076,0.997601,2.55726,1.13974,0,0,280404,0,2.37653,0,0,0,0,0,0,0,1,1,1,1
rod-twist,device-tight,cell2d,3018vf,vf,259529,0.76916,0.915331,2.08985,1.05366,0,0,259527,0,1.98138,0,0,0,0,0,0,0,1,1,2,1
rod-twist,device-tight,cell2d,3041vf,vf,282795,0.871684,1.03818,2.24742,4.64149,0,0,282779,0,4.02899,16,0,0,0.00118374,5.93745e-05,0,7.76338e-06,0.0651741,0.0651819,16,0.0651741
rod-twist,device-tight,cell2d,3077ee,ee,1491258,0.763144,7.00522,4.4252,5.01591,0,0,1491243,0,5.8129,13,0,0,0.00189422,0.000297758,0,0.000141103,0.0652771,0.0654182,15,0.0652771
rod-twist,device-tight,cell2d,3117ee,ee,1463335,0.783751,6.06278,4.17542,3.5459,0,0,1463331,0,5.46322,3,0,0,0.000731969,0.000135335,0,0.000115478,0.0426788,0.0427943,4,0.0426788
rod-twist,device-tight,cell2d,3152vf,vf,262379,0.787975,1.02541,3.35401,2.67227,0,0,262377,0,3.22729,2,0,0,0.000949475,0.000949475,0,0.000772959,0.339592,0.340365,2,0.339528
rod-twist,device-tight,cell2d,3187vf,vf,312881,0.772712,1.14396,2.01248,4.1654,0,0,312868,0,3.13475,13,0,0,0.000391874,4.88094e-05,0,2.17553e-05,0.0397949,0.0398167,13,0.0397949
rod-twist,device-tight,cell2d,3216ee,ee,1654755,0.774279,6.86481,4.59848,6.16803,0,0,1654711,0,6.98147,42,0,0,0.00555641,2.4375e-05,0,6.22737e-06,0.0143166,0.0143228,44,0.0143166
rod-twist,device-tight,cell2d,3252vf,vf,291723,0.82615,1.21385,1.62398,1.43851,0,0,291722,0,1.81902,1,0,0,6.71995e-05,6.71995e-05,0,6.71995e-05,0.156418,0.156485,1,0.156418
rod-twist,device-tight,cell2d,3284vf,vf,324840,0.869381,1.13321,1.88944,2.80717,0,0,324834,0,2.62059,6,0,0,0.000861332,4.51718e-05,0,6.74212e-06,0.0301228,0.0301295,6,0.0301228
rod-twist,device-tight,cell2d,3312ee,ee,1764051,0.86058,8.75262,5.09357,6.40223,0,0,1764033,0,9.42866,14,0,0,0.00243152,0.000737251,0,0.000452651,0.109291,0.109744,18,0.109291
rod-twist,device-tight,cell2d,3340ee,ee,1648427,0.787911,8.31964,4.07123,1.901,0,0,1648425,0,5.36889,2,0,0,0.00142169,0.00142169,0,0.00142169,0.211502,0.212924,2,0.211502
rod-twist,device-tight,cell2d,3372vf,vf,325068,0.81367,1.14844,2.0256,2.97607,0,0,325063,0,2.41119,5,0,0,0.00044799,4.35208e-05,0,6.99364e-06,0.010005,0.010012,5,0.010005
rod-twist,device-tight,cell2d,3405ee,ee,1725023,0.782215,7.30175,3.91261,3.80922,0,0,1725019,0,5.4388,4,0,0,0.00235814,0.00108639,0,0.000144369,0.0433426,0.043487,4,0.0433426
rod-twist,device-tight,cell2d,3430ee,ee,1826716,0.767592,7.94644,4.87018,4.91956,0,0,1826682,0,7.8906,4,0,0,0.00447679,0.00428747,0,0.000680017,0.164731,0.165411,34,0.164719
rod-twist,device-tight,cell2d,3453ee,ee,2118419,0.916227,9.66741,6.26729,14.5526,2,0,2117045,0,37.4,1051,0,0,0.0378679,0.00010335,0,6.68885e-07,3.41676e-05,3.48365e-05,1374,3.38554e-05
rod-twist,device-tight,cell2d,3475vf,vf,333548,0.802855,0.974625,2.47602,3.72791,0,0,333533,0,3.03421,6,0,0,0.00495281,0.000580729,0,6.54815e-05,0.0960529,0.0961184,15,0.0960541
rod-twist,device-tight,cell2d,3498vf,vf,388542,0.931426,1.54994,2.71403,5.76641,0,0,388518,0,4.17504,7,0,0,0.00117173,0.000143521,0,4.9292e-05,0.0402679,0.0403172,24,0.0402679
rod-twist,device-tight,cell2d,3521vf,vf,350990,0.781095,1.26175,2.68376,3.0904,0,0,350974,0,3.27094,2,0,0,0.00316574,0.00316574,0,0.000571673,0.168686,0.169258,16,0.168686
rod-twist,device-tight,cell2d,3544vf,vf,612958,0.889539,2.19878,2.45736,5.41225,0,0,612924,0,3.85082,15,0,0,0.00977711,0.000207532,0,6.27629e-06,0.00204086,0.00204714,34,0.00204086
rod-twist,device-tight,cell2d,3567ee,ee,1870826,0.776519,7.47887,6.06838,6.51195,1,0,1870525,0,9.1654,7,0,0,0.0226891,0.000518876,0,0.069402,0,0.069402,301,0
rod-twist,device-tight,cell2d,3590ee,ee,2048695,0.901475,10.4374,6.81124,7.11405,0,0,2048392,0,9.43474,7,0,0,0.0106247,0.00288029,0,0.000145145,0.0244522,0.0245974,303,0.0244522
rod-twist,device-tight,cell2d,3613ee,ee,2026956,0.7818,8.93834,7.24188,8.7858,0,0,2026607,0,10.7246,28,0,0,0.0143934,0.00155531,0,0.000302545,0.017334,0.0176365,349,0.0173161
rod-twist,device-tight,cell2d,3635vf,vf,369826,0.88362,1.30434,2.29542,3.59153,0,0,369798,0,2.83927,2,0,0,0.000839805,0.000839805,0,0.000312048,0.165207,0.165519,28,0.165192
rod-twist,device-tight,cell2d,3658vf,vf,383887,0.801351,1.27247,2.5053,4.82292,0,0,383850,0,4.03338,10,0,0,0.00604381,0.000156018,0,1.97555e-05,0.00425339,0.00427314,37,0.00425339
rod-twist,device-tight,cell2d,3681vf,vf,432601,0.887395,2.12198,3.14249,6.90884,0,0,432488,0,5.03126,75,0,0,0.0104258,0.000218277,0,1.76625e-05,0.00171758,0.00173524,113,0.00171852
rod-twist,device-tight,cell2d,3704vf,vf,409450,0.861029,1.85312,2.25788,3.01485,0,0,409427,0,3.19008,3,0,0,0.00740009,0.00100594,0,9.65232e-05,0.0477982,0.0478947,23,0.0477982
rod-twist,device-tight,cell2d,3727ee,ee,2215811,0.885732,9.26991,8.10458,8.42153,0,0,2215409,0,13.9039,65,0,0,0.030167,0.00118595,0,0.00153684,0.0129395,0.0144763,402,0.0130329
rod-twist,device-tight,cell2d,3750ee,ee,2297441,0.91114,10.6839,7.76263,10.2006,0,0,2296961,0,15.7208,97,0,0,0.0323581,0.000574813,0,2.81011e-05,0.00089063,0.000918731,480,0.000888824
rod-twist,device-tight,cell2d,3773ee,ee,2733104,0.910852,11.2274,7.94199,20.8232,4,0,2731170,0,57.486,1388,0,0,0.0315947,0.000337225,0,4.42913e-06,0.00202281,0.00202724,1934,0.00202274
rod-twist,device-tight,cell2d,3795vf,vf,406767,0.88154,1.57051,3.25433,5.3629,0,0,406727,0,4.77611,9,0,0,0.00213041,0.000134158,0,2.50388e-05,0.0110092,0.0110343,40,0.0110092
rod-twist,device-tight,cell2d,3818vf,vf,488962,0.887588,2.03562,3.17939,7.3373,0,0,488862,0,4.7714,69,0,0,0.0142516,0.000176038,0,2.54656e-05,0.00354807,0.00357353,100,0.00354195
rod-twist,device-tight,cell2d,3841vf,vf,406026,0.790951,1.52376,3.94656,4.1238,0,0,405998,0,4.02803,2,0,0,0.000779165,0.000779165,0,0.000694881,0.194933,0.195628,28,0.194965
rod-twist,device-tight,cell2d,3864vf,vf,399302,0.823813,1.49496,2.57224,4.07949,0,0,399266,0,3.25746,4,0,0,0.00143442,0.000416354,0,0.00143442,0.131805,0.13324,36,0.131805
rod-twist,device-tight,cell2d,3887ee,ee,2278509,0.778439,8.54434,7.69419,9.10301,1,0,2277994,0,12.3792,66,0,0,0.0252367,0.00127082,0,0.000926355,0.0178161,0.0187425,515,0.0176048
rod-twist,device-tight,cell2d,3910ee,ee,2430782,0.810982,10.1766,8.06163,9.67025,3,0,2430237,0,12.7133,68,0,0,0.0184683,0.000989295,0,0.000189082,0.0102353,0.0104244,545,0.0102539
rod-twist,device-tight,cell2d,3933ee,ee,2476439,0.798599,12.1448,7.55269,7.07581,1,0,2475955,0,10.3458,4,0,0,0.00267438,0.000927986,0,0.000229861,0.133224,0.133454,484,0.133242
rod-twist,device-tight,cell2d,3955vf,vf,594020,0.897507,2.27554,3.7963,8.1448,1,0,593788,0,7.69931,176,0,0,0.0158932,5.71611e-05,0,1.01125e-06,7.75084e-05,7.85196e-05,232,7.82013e-05
rod-twist,device-tight,cell2d,3978vf,vf,430133,0.793319,1.49832,2.87408,3.21868,0,0,430127,0,3.34396,3,0,0,0.0003977,6.98901e-05,0,4.92188e-06,0.380535,0.38054,6,0.380535
rod-twist,device-tight,cell2d,791ee,ee,580337,0.900484,2.18512,2.04461,1.64283,0,0,580335,0,2.18419,2,0,0,0.000197448,0.000197448,0,9.19989e-05,0.248199,0.248291,2,0.248199
rod-twist,device-tight,cell2d,1022ee,ee,337396,0.639243,2.02269,1.48587,1.38815,0,0,337395,0,2.50366,1,0,0,0.000305632,0.000305632,0,0.000305632,0.313812,0.314118,1,0.313812
rod-twist,device-tight,cell2d,1263ee,ee,489290,0.950882,2.70763,3.74139,1.53774,0,0,489289,0,2.99139,1,0,0,0.000475672,0.000475672,0,0.000563469,0.312546,0.313109,1,0.312634
rod-twist,device-tight,cell2d,1301ee,ee,478843,0.94573,2.04074,3.20438,3.70497,0,0,478833,0,3.52834,10,0,0,0.000487062,0.000232445,0,4.76637e-05,0.0485416,0.0485893,10,0.0485454
rod-twist,device-tight,cell2d,1353ee,ee,522979,0.747657,2.01702,2.4765,1.65883,0,0,522978,0,3.31183,1,0,0,0.000200137,0.000200137,0,0.000200137,0.0840263,0.0842265,1,0.0840263
rod-twist,device-tight,cell2d,1389ee,ee,517764,0.743848,2.31244,2.47448,1.9216,0,0,517762,0,2.74801,1,0,0,0.000131841,0.000131841,0,0.000126119,0.151211,0.151337,2,0.151205
rod-twist,device-tight,cell2d,1456ee,ee,491047,0.764712,2.92355,2.39752,1.37087,0,0,491046,0,3.04042,1,0,0,0.000529911,0.000529911,0,0.000529911,0.2173,0.21783,1,0.2173
rod-twist,device-tight,cell2d,1517ee,ee,549574,0.7466,2.39589,3.14976,3.07017,0,0,549569,0,4.68443,5,0,0,0.00212782,0.000101114,0,3.13972e-05,0.040741,0.0407724,5,0.040741
rod-twist,device-tight,cell2d,1555vf,vf,113125,0.603789,0.447986,1.73255,2.04365,0,0,113124,0,1.84391,1,0,0,0.001543,0.001543,0,0.00152408,0.307667,0.309191,1,0.307648
rod-twist,device-tight,cell2d,1583ee,ee,1637625,0.871108,5.41256,5.43624,8.02154,1,0,1637478,0,12.5004,136,0,0,0.00325246,0.000100952,0,2.48311e-05,0.0200615,0.0200863,147,0.0200615
rod-twist,device-tight,cell2d,1646ee,ee,581233,0.786663,2.27356,3.0432,2.56437,0,0,581230,0,5.2398,3,0,0,0.000384729,0.000164378,0,8.67179e-05,0.0828934,0.0829801,3,0.0828934
rod-twist,device-tight,cell2d,1690ee,ee,644553,0.768808,2.9936,2.85223,4.6932,0,0,644539,0,4.71668,14,0,0,0.00643887,0.000267583,0,2.16308e-05,0.0346298,0.0346515,14,0.0346298
rod-twist,device-tight,cell2d,1720ee,ee,651256,0.76612,2.83383,3.08297,1.88548,0,0,651254,0,2.83313,1,0,0,0.00318648,0.00318648,0,0.00318648,0.419678,0.422864,2,0.419678
rod-twist,device-tight,cell2d,1748ee,ee,634727,0.751881,2.58021,3.38639,3.13718,0,0,634715,0,3.65313,12,0,0,0.00157654,3.81582e-05,0,3.19104e-05,0.0885944,0.0886263,12,0.0885944
rod-twist,device-tight,cell2d,1776vf,vf,132542,0.764552,0.525167,1.77524,1.19465,0,0,132541,0,1.44879,1,0,0,5.96139e-05,5.96139e-05,0,5.96139e-05,0.0867462,0.0868058,1,0.0867462
rod-twist,device-tight,cell2d,1807ee,ee,638978,0.802055,2.77022,3.49538,2.93885,0,0,638977,0,3.42226,1,0,0,0.00464725,0.00464725,0,0.00478774,0.40773,0.412518,1,0.407871
rod-twist,device-tight,cell2d,1831vf,vf,141719,0.7674,0.552686,1.63809,2.74049,0,0,141714,0,2.15161,5,0,0,0.000923246,0.000366366,0,3.40232e-05,0.0177269,0.0177609,5,0.0177269
rod-twist,device-tight,cell2d,1859vf,vf,141707,0.7538,0.589261,2.44882,4.28089,0,0,141698,0,3.53083,9,0,0,0.000302569,0.00014221,0,6.05726e-05,0.0623638,0.0624243,9,0.0623741
rod-twist,device-tight,cell2d,1893vf,vf,126970,0.756136,0.565358,1.95597,1.75473,0,0,126969,0,1.87645,1,0,0,0.000745077,0.000745077,0,0.000745077,0.33213,0.332875,1,0.33213
rod-twist,device-tight,cell2d,1927ee,ee,750699,0.751592,2.77982,2.66273,5.20793,0,0,750680,0,4.52251,13,0,0,0.00274509,0.000126051,0,4.21093e-05,0.0181427,0.0181848,19,0.0181427
rod-twist,device-tight,cell2d,1956ee,ee,792743,0.77092,3.01235,3.3934,6.07888,0,0,792718,0,4.42149,23,0,0,0.00120976,0.000192143,0,0.000171311,0.0501709,0.0503422,25,0.0501709
rod-twist,device-tight,cell2d,1985vf,vf,528252,0.776904,2.78977,2.37205,7.51583,0,0,528110,0,4.21702,140,0,0,0.0105962,4.93355e-05,0,5.82706e-06,0.00699711,0.00700294,142,0.00699735
rod-twist,device-tight,cell2d,2027ee,ee,732020,0.766152,2.94762,3.55848,5.00381,0,0,732005,0,4.35881,13,0,0,0.00816126,0.000119371,0,2.68955e-05,0.0251218,0.0251487,15,0.0251274
rod-twist,device-tight,cell2d,2079vf,vf,159144,0.742761,0.613004,1.64085,1.72948,0,0,159139,0,2.46805,5,0,0,1.68445e-05,8.54503e-06,0,1.68445e-05,0.0122223,0.0122391,5,0.0122223
rod-twist,device-tight,cell2d,2110ee,ee,807841,0.774216,3.2191,2.9121,2.59534,0,0,807835,0,3.86612,6,0,0,0.000705531,0.000269546,0,0.000422472,0.0815735,0.081996,6,0.0815735
rod-twist,device-tight,cell2d,2142ee,ee,824215,0.764136,2.81806,3.15494,4.5197,0,0,824199,0,3.96167,14,0,0,0.00141624,0.000325018,0,0.000325018,0.0597229,0.0600479,16,0.0597229
rod-twist,device-tight,cell2d,2166vf,vf,180778,0.75684,0.643436,1.78711,2.87556,0,0,180773,0,2.49784,5,0,0,0.00289602,0.000287163,0,4.82485e-06,0.0145798,0.0145846,5,0.0145798
rod-twist,device-tight,cell2d,2189vf,vf,185857,0.747368,0.641484,2.07094,3.84772,0,0,185846,0,2.64971,10,0,0,0.000555925,0.000162256,0,2.48707e-05,0.0628357,0.0628606,11,0.0628357
rod-twist,device-tight,cell2d,2213vf,vf,170781,0.759912,0.617933,1.87776,2.59966,0,0,170776,0,2.04464,5,0,0,0.000544561,0.000133151,0,7.32238e-05,0.0297623,0.0298355,5,0.0297623
rod-twist,device-tight,cell2d,2236ee,ee,881389,0.766184,3.49006,3.49455,5.6403,0,0,881372,0,5.45397,12,0,0,0.00861057,0.000798118,0,8.72653e-05,0.0492516,0.0493388,17,0.0492516
rod-twist,device-tight,cell2d,2259vf,vf,199921,0.746312,0.669515,1.68846,2.71329,0,0,199917,0,2.4997,4,0,0,0.000377674,0.000355238,0,2.18758e-05,0.0177536,0.0177755,4,0.0177536
rod-twist,device-tight,cell2d,2282vf,vf,192187,0.7682,0.681514,2.22697,7.1128,0,0,192121,0,3.8746,62,0,0,0.00330715,4.1375e-05,0,1.11838e-05,0.00264549,0.00265668,66,0.00264549
rod-twist,device-tight,cell2d,2307ee,ee,859513,0.769736,3.68427,3.72615,7.22384,0,0,859453,0,5.46322,50,0,0,0.00498105,0.000168235,0,1.35643e-06,0.00197601,0.00197737,60,0.00197601
rod-twist,device-tight,cell2d,2332ee,ee,858501,0.755177,3.34156,3.68206,3.8906,0,0,858495,0,4.07014,2,0,0,0.0024664,0.0024664,0,0.000228761,0.210276,0.210504,6,0.210266
rod-twist,device-tight,cell2d,2358ee,ee,951141,0.774312,3.69249,4.1863,4.36764,1,0,951131,0,4.7642,2,0,0,0.0088836,0.0088836,0,0.000259844,0.194103,0.194363,10,0.194084
rod-twist,device-tight,cell2d,2382ee,ee,1029109,0.77956,3.96548,6.95139,9.80423,0,0,1028828,0,15.3753,244,0,0,0.0291911,0.000160313,0,7.49128e-06,0.00132561,0.0013331,281,0.00132561
rod-twist,device-tight,cell2d,2405vf,vf,189778,0.76404,0.781991,2.17247,3.97856,0,0,189764,0,2.79905,14,0,0,0.00199444,0.000165019,0,1.66308e-05,0.0241985,0.0242152,14,0.0241985
rod-twist,device-tight,cell2d,2431ee,ee,930926,0.76132,4.29458,3.5739,3.67092,0,0,930913,0,4.57707,2,0,0,0.00182188,0.00182188,0,0.00130933,0.265778,0.267087,13,0.265778
rod-twist,device-tight,cell2d,2456ee,ee,947330,0.768967,3.86925,3.59601,4.37615,1,0,947313,0,4.4197,4,0,0,0.00120374,0.000622235,0,0.0645379,0,0.0645379,17,0
rod-twist,device-tight,cell2d,2479vf,vf,179577,0.751336,0.646539,1.64769,1.21004,0,0,179576,0,1.79482,1,0,0,0.000119522,0.000119522,0,0.000119522,0.0754547,0.0755742,1,0.0754547
rod-twist,device-tight,cell2d,2502vf,vf,234432,0.778408,0.931939,2.27833,5.56462,0,0,234393,0,3.18303,37,0,0,0.00479592,3.73367e-05,0,1.31243e-06,0.00246429,0.00246561,39,0.00246429
rod-twist,device-tight,cell2d,2526ee,ee,1073690,0.764455,4.79524,4.47736,8.44517,2,0,1073588,0,7.5725,72,0,0,0.00620415,0.000532917,0,0.000128363,0.0110874,0.0112158,102,0.0110626
rod-twist,device-tight,cell2d,2549ee,ee,1156862,0.759784,4.62741,4.92903,9.26211,0,0,1156747,0,8.05206,72,0,0,0.0122357,0.000594382,0,2.42614e-05,0.0038414,0.00386566,115,0.0038414
rod-twist,device-tight,cell2d,2573ee,ee,1015444,0.759912,5.52261,4.99613,6.44914,0,0,1015411,0,5.21251,9,0,0,0.0255665,0.000760151,0,0.000699974,0.0911275,0.0918275,33,0.0911789
rod-twist,device-tight,cell2d,2596vf,vf,207277,0.764743,0.926787,2.41084,4.97565,0,0,207264,0,3.12086,12,0,0,0.00760777,9.17898e-05,0,7.44e-05,0.0842514,0.0843258,13,0.0842514
rod-twist,device-tight,cell2d,2622ee,ee,1073716,0.771207,4.7012,4.79233,2.68635,0,0,1073696,0,4.97847,0,0,0,0,0,0,0,1,1,20,1
rod-twist,device-tight,cell2d,2644vf,vf,269815,0.776936,1.06387,2.38072,6.25059,0,0,269787,0,3.77322,22,0,0,0.0145806,0.000147776,0,1.0878e-05,0.00251007,0.00252095,28,0.00251007
rod-twist,device-tight,cell2d,2667vf,vf,201857,0.761671,0.84455,2.20323,2.66872,0,0,201853,0,2.23635,1,0,0,0.00155517,0.00155517,0,0.00155517,0.273468,0.275023,4,0.273468
rod-twist,device-tight,cell2d,2690vf,vf,228023,0.75956,1.00784,2.32092,5.23279,0,0,228012,0,5.17472,10,0,0,0.00527491,0.000250721,0,1.92821e-05,0.0515213,0.0515406,11,0.0515213
rod-twist,device-tight,cell2d,2714ee,ee,1106866,0.772935,4.89818,4.50939,3.32882,0,0,1106842,0,4.90301,0,0,0,0,0,0,0,1,1,24,1
rod-twist,device-tight,cell2d,2737ee,ee,1129390,0.761896,5.57035,4.23986,5.06054,1,0,1129346,0,5.81463,5,0,0,0.000945368,0.000466985,0,7.84376e-05,0.0245667,0.0246451,44,0.0245667
rod-twist,device-tight,cell2d,2761vf,vf,233358,0.775431,0.919299,1.70014,1.39509,0,0,233356,0,1.81585,1,0,0,2.05832e-05,2.05832e-05,0,2.05832e-05,0.0164108,0.0164314,2,0.0164108
rod-twist,device-tight,cell2d,2785vf,vf,283025,0.790279,0.999904,2.00531,2.13305,0,0,283022,0,2.69383,2,0,0,0.00152598,0.00152598,0,7.69031e-05,0.104187,0.104264,3,0.104187
rod-twist,device-tight,cell2d,2808ee,ee,1324480,0.767815,6.52053,4.61281,6.35708,0,0,1324413,0,6.92666,18,0,0,0.00257519,0.00038646,0,9.88417e-06,0.00847626,0.00848614,67,0.00847626
rod-twist,device-tight,cell2d,2832ee,ee,1224481,0.769416,6.47586,5.23091,6.98195,0,0,1224424,0,7.0529,16,0,0,0.0113587,0.000546364,0,0.000129071,0.0211105,0.0212396,57,0.0211105
rod-twist,device-tight,cell2d,2856vf,vf,273715,0.767528,0.971745,2.25519,2.73236,0,0,273711,0,2.37432,2,0,0,0.002258,0.002258,0,1.95684e-05,0.137306,0.137326,4,0.137306
rod-twist,device-tight,cell2d,2881ee,ee,1472159,0.775335,6.33526,6.07824,10.4642,0,0,1471795,0,20.7904,307,0,0,0.0243664,0.000136732,0,3.8295e-06,0.00150837,0.0015122,364,0.00150681
rod-twist,device-tight,cell2d,2903vf,vf,246089,0.777383,0.901412,2.23922,3.63067,1,0,246076,0,3.03958,9,0,0,0.00278438,0.000144814,0,0.0295277,0,0.0295277,13,0
rod-twist,device-tight,cell2d,2926vf,vf,245763,0.767304,0.976385,2.01552,2.03062,0,0,245758,0,2.07862,2,0,0,0.00117311,0.00117311,0,3.70821e-05,0.22422,0.224257,5,0.22422
rod-twist,device-tight,cell2d,2949vf,vf,277757,0.763848,1.08249,2.45835,4.91543,0,0,277737,0,3.24659,16,0,0,0.0024224,0.000285849,0,0.000296027,0.0265041,0.0268001,20,0.0265121
rod-twist,device-tight,cell2d,2972vf,vf,261254,0.773543,0.94125,1.97802,3.80359,0,0,261245,0,2.88087,6,0,0,0.00270726,0.00117378,0,0.000179673,0.0135498,0.0137295,9,0.0135498
rod-twist,device-tight,cell2d,2995vf,vf,280405,0.850053,1.01222,2.46571,1.12016,0,0,280404,0,2.36376,0,0,0,0,0,0,0,1,1,1,1
rod-twist,device-tight,cell2d,3018vf,vf,259529,0.797446,0.904868,1.9377,1.03418,0,0,259527,0,1.97203,0,0,0,0,0,0,0,1,1,2,1
rod-twist,device-tight,cell2d,3041vf,vf,282795,0.862148,1.05354,2.19052,4.44463,0,0,282779,0,3.47352,16,0,0,0.00118374,5.93745e-05,0,7.76338e-06,0.0651741,0.0651819,16,0.0651741
rod-twist,device-tight,cell2d,3077ee,ee,1491258,0.769735,6.81486,4.2095,5.75047,0,0,1491243,0,6.88509,13,0,0,0.00189422,0.000247135,0,0.000141103,0.0652771,0.0654182,15,0.0652771
rod-twist,device-tight,cell2d,3117ee,ee,1463335,0.768296,6.06435,4.21148,3.16918,0,0,1463331,0,5.44821,3,0,0,0.000731969,0.000135335,0,0.000115478,0.0426788,0.0427943,4,0.0426788
rod-twist,device-tight,cell2d,3152vf,vf,262379,0.763816,1.03354,2.74014,2.70401,0,0,262377,0,3.00659,2,0,0,0.000949475,0.000949475,0,0.000772959,0.339592,0.340365,2,0.339592
rod-twist,device-tight,cell2d,3187vf,vf,312881,0.755464,1.20035,1.97629,4.55221,0,0,312868,0,2.78951,13,0,0,0.000391874,4.86902e-05,0,2.17553e-05,0.0397949,0.0398167,13,0.0397949
rod-twist,device-tight,cell2d,3216ee,ee,1654755,0.804775,7.0439,4.5116,5.18905,0,0,1654711,0,7.62248,42,0,0,0.00555641,2.4375e-05,0,6.22737e-06,0.0143166,0.0143228,44,0.0143166
rod-twist,device-tight,cell2d,3252vf,vf,291723,0.769671,1.2687,1.77326,1.39279,0,0,291722,0,1.73227,1,0,0,6.71995e-05,6.71995e-05,0,6.71995e-05,0.156418,0.156485,1,0.156418
rod-twist,device-tight,cell2d,3284vf,vf,324840,0.888772,1.147,1.88692,2.82087,0,0,324834,0,2.62699,6,0,0,0.000861332,4.51718e-05,0,6.74212e-06,0.0301228,0.0301295,6,0.0301228
rod-twist,device-tight,cell2d,3312ee,ee,1764051,0.852069,8.84935,5.38914,6.38076,0,0,1764033,0,7.67761,14,0,0,0.00243152,0.000793518,0,0.000452651,0.109291,0.109744,18,0.109291
rod-twist,device-tight,cell2d,3340ee,ee,1648427,0.785703,8.4134,3.91876,1.90992,0,0,1648425,0,5.33353,2,0,0,0.00142169,0.00142169,0,0.00142169,0.211502,0.212924,2,0.211502
rod-twist,device-tight,cell2d,3372vf,vf,325068,0.787079,1.19388,2.92996,2.64532,0,0,325063,0,2.72932,5,0,0,0.000430823,4.43553e-05,0,6.99364e-06,0.010005,0.010012,5,0.010005
rod-twist,device-tight,cell2d,3405ee,ee,1725023,0.761448,7.31974,4.01965,3.62017,0,0,1725019,0,6.07565,4,0,0,0.00235814,0.00109926,0,0.000144369,0.0433426,0.043487,4,0.0433426
rod-twist,device-tight,cell2d,3430ee,ee,1826716,0.76452,8.09353,4.91645,4.68241,0,0,1826682,0,8.11577,4,0,0,0.00447679,0.00428747,0,0.000738192,0.164673,0.165411,34,0.164719
rod-twist,device-tight,cell2d,3453ee,ee,2118419,0.925123,9.11706,6.74919,14.0904,2,0,2117045,0,37.331,1051,0,0,0.03849,0.000103888,0,8.05971e-07,3.40305e-05,3.48365e-05,1374,3.38554e-05
rod-twist,device-tight,cell2d,3475vf,vf,333548,0.775047,1.024,2.53198,3.81757,0,0,333533,0,2.93674,6,0,0,0.00506678,0.000580729,0,6.43416e-05,0.0960541,0.0961184,15,0.0960541
rod-twist,device-tight,cell2d,3498vf,vf,388542,0.883844,1.59966,3.1952,5.86535,0,0,388518,0,4.69476,7,0,0,0.00117173,0.000159095,0,4.9292e-05,0.0402679,0.0403172,24,0.0402679
rod-twist,device-tight,cell2d,3521vf,vf,350990,0.800007,1.28642,2.76023,3.56018,0,0,350974,0,3.11283,2,0,0,0.00341714,0.00341714,0,0.000571673,0.168686,0.169258,16,0.168633
rod-twist,device-tight,cell2d,3544vf,vf,612958,0.87962,2.31679,2.53445,4.91792,0,0,612924,0,3.75764,15,0,0,0.00977711,0.000232507,0,6.27629e-06,0.00204086,0.00204714,34,0.00204086
rod-twist,device-tight,cell2d,3567ee,ee,1870826,0.778023,7.51743,6.10784,6.87066,1,0,1870525,0,8.9816,7,0,0,0.0229842,0.000541764,0,0.069402,0,0.069402,301,0
rod-twist,device-tight,cell2d,3590ee,ee,2048695,0.884132,10.1486,6.58744,6.59083,0,0,2048392,0,9.36898,7,0,0,0.0103444,0.00288029,0,0.000145145,0.0244522,0.0245974,303,0.0244522
rod-twist,device-tight,cell2d,3613ee,ee,2026956,0.783879,8.74404,7.35065,8.91188,0,0,2026607,0,10.0938,28,0,0,0.0143934,0.00155531,0,0.00027012,0.0173664,0.0176365,349,0.0173569
rod-twist,device-tight,cell2d,3635vf,vf,369826,0.890052,1.34146,3.3894,3.27346,0,0,369798,0,2.73598,2,0,0,0.000839805,0.000839805,0,0.000327307,0.165192,0.165519,28,0.165192
rod-twist,device-tight,cell2d,3658vf,vf,383887,0.772296,1.28764,2.61467,5.48578,0,0,383850,0,4.35164,10,0,0,0.00604381,0.000129792,0,1.97555e-05,0.00425339,0.00427314,37,0.00425339
rod-twist,device-tight,cell2d,3681vf,vf,432601,0.849893,2.09062,2.93635,7.6748,0,0,432488,0,4.82516,75,0,0,0.0104258,0.000195388,0,1.70881e-05,0.00171815,0.00173524,113,0.00171852
rod-twist,device-tight,cell2d,3704vf,vf,409450,0.881156,1.81601,2.32613,2.80349,0,0,409427,0,3.26319,3,0,0,0.00884967,0.00100594,0,9.65232e-05,0.0477982,0.0478947,23,0.0477982
rod-twist,device-tight,cell2d,3727ee,ee,2215811,0.868197,9.33298,7.84564,9.70785,0,0,2215409,0,13.3067,65,0,0,0.030167,0.00117009,0,0.00144855,0.0130277,0.0144763,402,0.0129715
rod-twist,device-tight,cell2d,3750ee,ee,2297441,0.90298,10.9208,7.84356,9.18909,0,0,2296961,0,15.1287,97,0,0,0.0323816,0.000574813,0,2.52373e-05,0.000893494,0.000918731,480,0.000888824
rod-twist,device-tight,cell2d,3773ee,ee,2733104,0.935522,10.5812,8.0057,21.3785,4,0,2731170,0,58.5606,1388,0,0,0.0315947,0.000337049,0,4.45392e-06,0.00202278,0.00202724,1934,0.00201988
rod-twist,device-tight,cell2d,3795vf,vf,406767,0.908515,1.55099,3.15308,5.41564,0,0,406727,0,5.11408,9,0,0,0.00213041,0.000134158,0,2.50388e-05,0.0110092,0.0110343,40,0.0110092
rod-twist,device-tight,cell2d,3818vf,vf,488962,0.87706,1.88,3.23375,7.87693,0,0,488862,0,4.90733,69,0,0,0.0161057,0.000176038,0,2.66521e-05,0.00354688,0.00357353,100,0.00354242
rod-twist,device-tight,cell2d,3841vf,vf,406026,0.790535,1.56808,3.40879,4.52152,0,0,405998,0,3.38969,2,0,0,0.000779165,0.000779165,0,0.000662217,0.194965,0.195628,28,0.194958
rod-twist,device-tight,cell2d,3864vf,vf,399302,0.783623,1.59371,2.59061,4.20089,0,0,399266,0,3.04163,4,0,0,0.00143442,0.000440077,0,0.00143442,0.131805,0.13324,36,0.131805
rod-twist,device-tight,cell2d,3887ee,ee,2278509,0.761543,8.54011,8.10819,9.42521,1,0,2277994,0,13.6748,66,0,0,0.0252367,0.00145753,0,0.000950704,0.0177917,0.0187425,515,0.0176048
rod-twist,device-tight,cell2d,3910ee,ee,2430782,0.781799,10.2204,7.74507,10.2399,3,0,2430237,0,12.4028,68,0,0,0.0184683,0.00100551,0,0.000189082,0.0102353,0.0104244,545,0.0102539
rod-twist,device-tight,cell2d,3933ee,ee,2476439,0.810694,12.5555,7.4734,6.49285,1,0,2475955,0,10.4543,4,0,0,0.0026925,0.000948967,0,0.000214602,0.13324,0.133454,484,0.133242
rod-twist,device-tight,cell2d,3955vf,vf,594020,0.867973,2.17811,3.29094,8.32175,1,0,593788,0,7.1574,176,0,0,0.0158932,5.71611e-05,0,1.01125e-06,7.75084e-05,7.85196e-05,232,7.82013e-05
rod-twist,device-tight,cell2d,3978vf,vf,430133,0.794663,1.41387,2.87629,3.22911,0,0,430127,0,3.26937,3,0,0,0.0003977,6.98901e-05,0,4.92188e-06,0.380535,0.38054,6,0.380535
rod-twist,device-tight,cell2d,791ee,ee,580337,0.88026,2.15657,1.98739,1.71361,0,0,580335,0,2.17302,2,0,0,0.000197448,0.000197448,0,9.19989e-05,0.248199,0.248291,2,0.248199
rod-twist,device-tight,cell2dmin,1022ee,ee,337396,0.62702,1.23497,1.50021,1.42229,0,0,337395,0,2.55509,1,0,0,0.000305632,0.000305632,0,0.000305632,0.313812,0.314118,1,0.313812
rod-twist,device-tight,cell2dmin,1263ee,ee,489290,0.816646,1.30818,2.90349,1.55816,0,0,489289,0,3.12576,1,0,0,0.000475672,0.000475672,0,0.000617038,0.312492,0.313109,1,0.312634
rod-twist,device-tight,cell2dmin,1301ee,ee,478843,0.775464,0.713737,3.11721,3.30578,0,0,478833,0,4.97811,10,0,0,0.000487062,0.000232445,0,4.76637e-05,0.0485416,0.0485893,10,0.0485535
rod-twist,device-tight,cell2dmin,1353ee,ee,522979,0.768007,0.833382,2.4094,1.63637,0,0,522978,0,3.38489,1,0,0,0.000200137,0.000200137,0,0.000228509,0.083998,0.0842265,1,0.0840263
rod-twist,device-tight,cell2dmin,1389ee,ee,517764,0.751336,0.684938,2.27545,1.80353,0,0,517762,0,3.04128,1,0,0,0.000126119,0.000126119,0,0.000136491,0.1512,0.151337,2,0.151211
rod-twist,device-tight,cell2dmin,1456ee,ee,491047,0.762792,1.68123,2.30694,1.38508,0,0,491046,0,2.96346,1,0,0,0.000529911,0.000529911,0,0.000529911,0.2173,0.21783,1,0.2173
rod-twist,device-tight,cell2dmin,1517ee,ee,549574,0.792487,0.736137,3.16079,3.41103,0,0,549569,0,3.8912,5,0,0,0.00204736,0.000101114,0,3.13972e-05,0.040741,0.0407724,5,0.040741
rod-twist,device-tight,cell2dmin,1555vf,vf,113125,0.595661,0.472753,1.81073,2.01043,0,0,113124,0,1.88135,1,0,0,0.00152408,0.00152408,0,0.00154315,0.307648,0.309191,1,0.307667
rod-twist,device-tight,cell2dmin,1583ee,ee,1637625,0.758408,2.68852,5.47039,8.23523,1,0,1637478,0,13.0992,136,0,0,0.00325246,0.000100952,0,2.67277e-05,0.0200596,0.0200863,147,0.0200615
rod-twist,device-tight,cell2dmin,1646ee,ee,581233,0.641259,0.90858,3.44584,3.11417,0,0,581230,0,3.81009,3,0,0,0.000384729,0.000164378,0,8.67179e-05,0.0828934,0.0829801,3,0.0828934
rod-twist,device-tight,cell2dmin,1690ee,ee,644553,0.642572,0.810918,2.99968,4.78043,0,0,644539,0,4.07456,14,0,0,0.00643887,0.000253517,0,2.16308e-05,0.0346298,0.0346515,14,0.0346298
rod-twist,device-tight,cell2dmin,1720ee,ee,651256,0.63134,0.805286,2.74391,1.88212,0,0,651254,0,2.84068,1,0,0,0.00318648,0.00318648,0,0.00281777,0.420046,0.422864,2,0.419678
rod-twist,device-tight,cell2dmin,1748ee,ee,634727,0.630508,0.785832,2.90672,3.06291,0,0,634715,0,3.23964,12,0,0,0.00191986,3.81582e-05,0,3.19104e-05,0.0885944,0.0886263,12,0.0885944
rod-twist,device-tight,cell2dmin,1776vf,vf,132542,0.657131,0.544175,1.60904,1.16985,0,0,132541,0,1.43237,1,0,0,5.96139e-05,5.96139e-05,0,5.96139e-05,0.0867462,0.0868058,1,0.0867462
rod-twist,device-tight,cell2dmin,1807ee,ee,638978,0.631884,0.783431,3.59467,3.26092,0,0,638977,0,3.59611,1,0,0,0.00498735,0.00498735,0,0.00558596,0.406932,0.412518,1,0.40753
rod-twist,device-tight,cell2dmin,1831vf,vf,141719,0.636843,0.550255,1.75754,2.98618,0,0,141714,0,2.43205,5,0,0,0.000850767,0.000366366,0,3.40232e-05,0.0177269,0.0177609,5,0.0177269
rod-twist,device-tight,cell2dmin,1859vf,vf,141707,0.629772,0.570222,2.7042,4.08371,0,0,141698,0,3.52158,9,0,0,0.000302569,0.00015196,0,5.32356e-05,0.0623711,0.0624243,9,0.0623741
rod-twist,device-tight,cell2dmin,1893vf,vf,126970,0.6323,0.555982,2.21318,1.71182,0,0,126969,0,1.88112,1,0,0,0.000745077,0.000745077,0,0.000706453,0.332169,0.332875,1,0.33213
rod-twist,device-tight,cell2dmin,1927ee,ee,750699,0.632716,0.920995,2.87025,5.10752,0,0,750680,0,4.4198,13,0,0,0.00274509,0.000126051,0,3.25725e-05,0.0181522,0.0181848,19,0.0181427
rod-twist,device-tight,cell2dmin,1956ee,ee,792743,0.630796,0.919075,3.4628,5.42521,0,0,792718,0,4.86503,23,0,0,0.00129082,0.000172346,0,0.000171311,0.0501709,0.0503422,25,0.0501709
rod-twist,device-tight,cell2dmin,1985vf,vf,528252,0.639148,2.6467,2.6202,9.65246,0,0,528110,0,3.96611,140,0,0,0.0105962,4.96002e-05,0,5.82706e-06,0.00699711,0.00700294,142,0.00699711
rod-twist,device-tight,cell2dmin,2027ee,ee,732020,0.639756,1.1078,3.88871,4.81412,0,0,732005,0,4.38524,13,0,0,0.00816126,0.000119371,0,2.1289e-05,0.0251274,0.0251487,15,0.0251274
rod-twist,device-tight,cell2dmin,2079vf,vf,159144,0.62766,0.627404,1.74199,1.89408,0,0,159139,0,1.84141,5,0,0,1.68445e-05,8.54503e-06,0,1.68445e-05,0.0122223,0.0122391,5,0.0122223
rod-twist,device-tight,cell2dmin,2110ee,ee,807841,0.629388,0.945634,2.99859,2.31577,0,0,807835,0,3.49653,6,0,0,0.000705531,0.000269546,0,0.000422472,0.0815735,0.081996,6,0.0815659
rod-twist,device-tight,cell2dmin,2142ee,ee,824215,0.633996,0.927938,3.19964,5.37212,0,0,824199,0,4.34997,14,0,0,0.00143389,0.000325018,0,0.000325018,0.0597229,0.0600479,16,0.0597229
rod-twist,device-tight,cell2dmin,2166vf,vf,180778,0.638604,0.65966,1.92189,2.63419,0,0,180773,0,2.29868,5,0,0,0.00289602,0.00026356,0,4.82485e-06,0.0145798,0.0145846,5,0.0145798
rod-twist,device-tight,cell2dmin,2189vf,vf,185857,0.629068,0.652428,2.0944,4.60485,0,0,185846,0,2.77415,10,0,0,0.000555925,0.000162256,0,2.48707e-05,0.0628357,0.0628606,11,0.0628357
rod-twist,device-tight,cell2dmin,2213vf,vf,170781,0.627916,0.642699,1.67374,2.69435,0,0,170776,0,2.08358,5,0,0,0.000544561,0.000161761,0,7.32238e-05,0.0297623,0.0298355,5,0.0297623
rod-twist,device-tight,cell2dmin,2236ee,ee,881389,0.62622,1.09693,3.44552,5.73783,0,0,881372,0,4.83725,12,0,0,0.00861057,0.000798118,0,8.72653e-05,0.0492516,0.0493388,17,0.0492516
rod-twist,device-tight,cell2dmin,2259vf,vf,199921,0.635084,0.643883,1.92996,2.47288,0,0,199917,0,2.0592,4,0,0,0.000377674,0.000355238,0,2.51652e-05,0.0177503,0.0177755,4,0.0177536
rod-twist,device-tight,cell2dmin,2282vf,vf,192187,0.632748,0.662539,2.20249,7.67141,0,0,192121,0,4.49522,62,0,0,0.00342922,4.1375e-05,0,1.11838e-05,0.00264549,0.00265668,66,0.00264549
rod-twist,device-tight,cell2dmin,2307ee,ee,859513,0.630188,1.06234,3.91085,6.56811,0,0,859453,0,5.68462,50,0,0,0.00582729,0.000168235,0,1.35643e-06,0.00197601,0.00197737,60,0.00197601
rod-twist,device-tight,cell2dmin,2332ee,ee,858501,0.637164,1.0023,3.49554,2.5244,0,0,858495,0,4.28383,2,0,0,0.00356026,0.00356026,0,0.000352739,0.210152,0.210504,6,0.210218
rod-twist,device-tight,cell2dmin,2358ee,ee,951141,0.63566,1.04637,4.23295,4.36428,1,0,951131,0,5.20115,2,0,0,0.0088836,0.0088836,0,0.000279054,0.194084,0.194363,10,0.194084
rod-twist,device-tight,cell2dmin,2382ee,ee,1029109,0.643948,1.12067,7.43976,9.73604,0,0,1028828,0,15.7849,244,0,0,0.0291911,0.000162949,0,5.7404e-06,0.00132736,0.0013331,281,0.00132561
rod-twist,device-tight,cell2dmin,2405vf,vf,189778,0.635916,0.791271,2.04672,4.57774,0,0,189764,0,2.97248,14,0,0,0.00201733,0.000165019,0,1.66308e-05,0.0241985,0.0242152,14,0.0241985
rod-twist,device-tight,cell2dmin,2431ee,ee,930926,0.630316,1.14361,4.19801,3.28854,0,0,930913,0,6.21856,2,0,0,0.00182188,0.00182188,0,0.00130933,0.265778,0.267087,13,0.265778
rod-twist,device-tight,cell2dmin,2456ee,ee,947330,0.63182,1.07878,3.48206,4.18012,1,0,947313,0,4.42818,4,0,0,0.00120374,0.000679455,0,0.0645379,0,0.0645379,17,0
rod-twist,device-tight,cell2dmin,2479vf,vf,179577,0.63182,0.616557,1.75198,1.21174,0,0,179576,0,1.76519,1,0,0,0.000119522,0.000119522,0,0.000119522,0.0754547,0.0755742,1,0.0754547
rod-twist,device-tight,cell2dmin,2502vf,vf,234432,0.630764,0.913731,2.24463,6.06813,0,0,234393,0,3.1088,37,0,0,0.00479759,3.68581e-05,0,1.31243e-06,0.00246429,0.00246561,39,0.00246429
rod-twist,device-tight,cell2dmin,2526ee,ee,1073690,0.635084,1.31004,4.55906,10.0025,2,0,1073588,0,7.50376,72,0,0,0.00620415,0.000512558,0,0.000153158,0.0110626,0.0112158,102,0.0110626
rod-twist,device-tight,cell2dmin,2549ee,ee,1156862,0.631148,1.31935,4.62555,9.01914,0,0,1156747,0,7.35989,72,0,0,0.0120526,0.00056067,0,2.42614e-05,0.0038414,0.00386566,115,0.0038414
rod-twist,device-tight,cell2dmin,2573ee,ee,1015444,0.636876,1.20444,5.01379,5.55605,0,0,1015411,0,5.35689,9,0,0,0.026686,0.000760151,0,0.000648615,0.0911789,0.0918275,33,0.0911789
rod-twist,device-tight,cell2dmin,2596vf,vf,207277,0.63006,0.93629,2.31388,5.21203,0,0,207264,0,3.30434,12,0,0,0.00638611,8.22407e-05,0,7.44e-05,0.0842514,0.0843258,13,0.0842514
rod-twist,device-tight,cell2dmin,2622ee,ee,1073716,0.632396,1.34444,4.54427,2.78407,0,0,1073696,0,4.75396,0,0,0,0,0,0,0,1,1,20,1
rod-twist,device-tight,cell2dmin,2644vf,vf,269815,0.638156,1.08646,2.24866,6.28879,0,0,269787,0,3.30073,22,0,0,0.013437,0.000156219,0,1.0878e-05,0.00251007,0.00252095,28,0.00251007
rod-twist,device-tight,cell2dmin,2667vf,vf,201857,0.636491,0.855685,2.19392,2.49371,0,0,201853,0,2.25135,1,0,0,0.00155517,0.00155517,0,0.00155517,0.273468,0.275023,4,0.273468
rod-twist,device-tight,cell2dmin,2690vf,vf,228023,0.627948,1.02192,2.3167,5.5413,0,0,228012,0,4.34178,10,0,0,0.00527491,0.000250721,0,1.92821e-05,0.0515213,0.0515406,11,0.0515213
rod-twist,device-tight,cell2dmin,2714ee,ee,1106866,0.632652,1.37266,4.6892,3.40053,0,0,1106842,0,5.02874,0,0,0,0,0,0,0,1,1,24,1
rod-twist,device-tight,cell2dmin,2737ee,ee,1129390,0.628044,1.33967,4.34908,4.83937,1,0,1129346,0,6.05523,5,0,0,0.000962534,0.000466985,0,7.84376e-05,0.0245667,0.0246451,44,0.0245667
rod-twist,device-tight,cell2dmin,2761vf,vf,233358,0.62814,0.917603,1.79089,1.427,0,0,233356,0,1.80062,1,0,0,2.05832e-05,2.05832e-05,0,2.05832e-05,0.0164108,0.0164314,2,0.0164108
rod-twist,device-tight,cell2dmin,2785vf,vf,283025,0.63278,0.958082,2.00026,2.16169,0,0,283022,0,2.33737,2,0,0,0.00152598,0.00152598,0,7.69031e-05,0.104187,0.104264,3,0.104187
rod-twist,device-tight,cell2dmin,2808ee,ee,1324480,0.637931,1.51448,4.6075,5.47589,0,0,1324413,0,6.45068,18,0,0,0.00257519,0.00038646,0,9.88417e-06,0.00847626,0.00848614,67,0.00847626
rod-twist,device-tight,cell2dmin,2832ee,ee,1224481,0.636619,1.38453,5.24118,6.30178,0,0,1224424,0,6.70542,16,0,0,0.0113587,0.000546364,0,0.00012934,0.0211103,0.0212396,57,0.0211089
rod-twist,device-tight,cell2dmin,2856vf,vf,273715,0.63166,0.927714,2.20355,4.03907,0,0,273711,0,2.71822,2,0,0,0.002258,0.002258,0,1.95684e-05,0.137306,0.137326,4,0.137306
rod-twist,device-tight,cell2dmin,2881ee,ee,1472159,0.631948,1.69217,9.31967,10.9286,0,0,1471795,0,19.5883,307,0,0,0.0243664,0.000136732,0,5.02274e-06,0.00150718,0.0015122,364,0.00150681
rod-twist,device-tight,cell2dmin,2903vf,vf,246089,0.637388,0.943746,2.19846,3.65374,1,0,246076,0,2.57928,9,0,0,0.00278438,0.000144814,0,0.0295277,0,0.0295277,13,0
rod-twist,device-tight,cell2dmin,2926vf,vf,245763,0.629932,0.922723,2.15056,2.12406,0,0,245758,0,2.03389,2,0,0,0.00117311,0.00117311,0,3.70821e-05,0.22422,0.224257,5,0.22422
rod-twist,device-tight,cell2dmin,2949vf,vf,277757,0.629036,1.06605,2.24361,4.61755,0,0,277737,0,3.12726,16,0,0,0.00240284,0.000285849,0,0.000287996,0.0265121,0.0268001,20,0.0265121
rod-twist,device-tight,cell2dmin,2972vf,vf,261254,0.633036,0.94333,2.16319,3.79044,0,0,261245,0,2.67051,6,0,0,0.00270726,0.00116329,0,0.000179673,0.0135498,0.0137295,9,0.0135498
rod-twist,device-tight,cell2dmin,2995vf,vf,280405,0.733993,0.95997,2.49144,1.12102,0,0,280404,0,2.44834,0,0,0,0,0,0,0,1,1,1,1
rod-twist,device-tight,cell2dmin,3018vf,vf,259529,0.629708,0.867012,2.13568,1.05577,0,0,259527,0,1.95011,0,0,0,0,0,0,0,1,1,2,1
rod-twist,device-tight,cell2dmin,3041vf,vf,282795,0.750153,1.04797,2.21487,4.79034,0,0,282779,0,3.91578,16,0,0,0.00118374,5.93745e-05,0,7.76338e-06,0.0651741,0.0651819,16,0.0651741
rod-twist,device-tight,cell2dmin,3077ee,ee,1491258,0.629612,1.6402,4.43608,5.74113,0,0,1491243,0,6.26047,13,0,0,0.00189422,0.000297758,0,0.000141103,0.0652771,0.0654182,15,0.0652733
rod-twist,device-tight,cell2dmin,3117ee,ee,1463335,0.637132,1.59595,4.33762,3.42082,0,0,1463331,0,5.403,3,0,0,0.000766659,0.000135335,0,0.000115478,0.0426788,0.0427943,4,0.0426788
rod-twist,device-tight,cell2dmin,3152vf,vf,262379,0.629357,0.977249,2.95712,2.98195,0,0,262377,0,3.06381,2,0,0,0.000949475,0.000949475,0,0.000772959,0.339592,0.340365,2,0.339592
rod-twist,device-tight,cell2dmin,3187vf,vf,312881,0.636459,1.16742,1.80618,4.27506,0,0,312868,0,2.95165,13,0,0,0.000391874,4.45179e-05,0,2.17553e-05,0.0397949,0.0398167,13,0.0398006
rod-twist,device-tight,cell2dmin,3216ee,ee,1654755,0.650156,1.77805,4.57739,5.94599,0,0,1654711,0,8.18877,42,0,0,0.00555641,2.39361e-05,0,6.22737e-06,0.0143166,0.0143228,44,0.0143166
rod-twist,device-tight,cell2dmin,3252vf,vf,291723,0.640523,1.20038,1.73041,1.43458,0,0,291722,0,1.77601,1,0,0,6.71995e-05,6.71995e-05,0,6.71995e-05,0.156418,0.156485,1,0.156418
rod-twist,device-tight,cell2dmin,3284vf,vf,324840,0.756968,1.13836,2.07299,2.85284,0,0,324834,0,2.54222,6,0,0,0.000861332,4.51718e-05,0,6.74212e-06,0.0301228,0.0301295,6,0.0301228
rod-twist,device-tight,cell2dmin,3312ee,ee,1764051,0.755816,1.79978,4.72564,6.83604,0,0,1764033,0,8.04823,14,0,0,0.00243152,0.000793518,0,0.000452651,0.109291,0.109744,18,0.109291
rod-twist,device-tight,cell2dmin,3340ee,ee,1648427,0.636396,1.71972,4.28537,1.88932,0,0,1648425,0,5.06688,2,0,0,0.00142169,0.00142169,0,0.00142169,0.211502,0.212924,2,0.211502
rod-twist,device-tight,cell2dmin,3372vf,vf,325068,0.640588,1.11673,2.26169,2.95619,0,0,325063,0,2.51688,5,0,0,0.00044799,4.44745e-05,0,6.99364e-06,0.010005,0.010012,5,0.010005
rod-twist,device-tight,cell2dmin,3405ee,ee,1725023,0.633228,1.88055,4.12816,4.16844,0,0,1725019,0,5.80375,4,0,0,0.00235814,0.00109926,0,0.000144369,0.0433426,0.043487,4,0.0433426
rod-twist,device-tight,cell2dmin,3430ee,ee,1826716,0.636236,1.90144,5.40626,4.2958,0,0,1826682,0,7.58699,4,0,0,0.00447679,0.00428747,0,0.000680017,0.164731,0.165411,34,0.164719
rod-twist,device-tight,cell2dmin,3453ee,ee,2118419,0.765256,2.04774,11.4453,15.2216,2,0,2117045,0,37.0785,1051,0,0,0.0378941,0.00010335,0,8.05971e-07,3.40305e-05,3.48365e-05,1374,3.38554e-05
rod-twist,device-tight,cell2dmin,3475vf,vf,333548,0.64366,0.992993,2.46178,4.08928,0,0,333533,0,3.07533,6,0,0,0.00506678,0.000580729,0,6.43416e-05,0.0960541,0.0961184,15,0.0960436
rod-twist,device-tight,cell2dmin,3498vf,vf,388542,0.758984,1.63598,2.75258,5.3399,0,0,388518,0,4.00323,7,0,0,0.00117173,0.000154219,0,4.9292e-05,0.0402679,0.0403172,24,0.0402679
rod-twist,device-tight,cell2dmin,3521vf,vf,350990,0.63694,1.23417,2.5589,3.50344,0,0,350974,0,3.156,2,0,0,0.00316574,0.00316574,0,0.000571673,0.168686,0.169258,16,0.168686
rod-twist,device-tight,cell2dmin,3544vf,vf,612958,0.808231,2.12598,3.51106,6.34524,0,0,612924,0,3.87348,15,0,0,0.00977711,0.000207532,0,6.27629e-06,0.00204086,0.00204714,34,0.00204086
rod-twist,device-tight,cell2dmin,3567ee,ee,1870826,0.637611,1.95536,4.2926,7.3127,1,0,1870525,0,9.0328,7,0,0,0.0244204,0.0007417,0,0.069402,0,0.069402,301,0
rod-twist,device-tight,cell2dmin,3590ee,ee,2048695,0.769159,1.9162,6.72923,7.19334,0,0,2048392,0,9.40169,7,0,0,0.0103839,0.00274105,0,0.000145145,0.0244522,0.0245974,303,0.0244522
rod-twist,device-tight,cell2dmin,3613ee,ee,2026956,0.638763,2.07053,7.53736,8.59333,0,0,2026607,0,10.1827,28,0,0,0.0143934,0.00155531,0,0.000302545,0.017334,0.0176365,349,0.0172853
rod-twist,device-tight,cell2dmin,3635vf,vf,369826,0.767656,1.18403,2.46613,3.3925,0,0,369798,0,2.83706,2,0,0,0.000839805,0.000839805,0,0.000327307,0.165192,0.165519,28,0.165192
rod-twist,device-tight,cell2dmin,3658vf,vf,383887,0.632364,1.28988,2.88416,5.64325,0,0,383850,0,3.82615,10,0,0,0.00604381,0.000156018,0,1.97555e-05,0.00425339,0.00427314,37,0.00425339
rod-twist,device-tight,cell2dmin,3681vf,vf,432601,0.777767,2.0095,3.33583,7.25823,0,0,432488,0,4.72414,75,0,0,0.0104258,0.000210647,0,1.76625e-05,0.00171758,0.00173524,113,0.00171852
rod-twist,device-tight,cell2dmin,3704vf,vf,409450,0.762471,1.80778,2.41167,2.73354,0,0,409427,0,3.21823,3,0,0,0.00740009,0.00100594,0,9.65232e-05,0.0477982,0.0478947,23,0.0477982
rod-twist,device-tight,cell2dmin,3727ee,ee,2215811,0.778503,2.33938,7.59224,8.71524,0,0,2215409,0,14.2659,65,0,0,0.030167,0.00117009,0,0.0015881,0.0128882,0.0144763,402,0.0129395
rod-twist,device-tight,cell2dmin,3750ee,ee,2297441,0.75252,2.04611,8.33439,9.28348,0,0,2296961,0,15.539,97,0,0,0.0334705,0.000574813,0,2.38494e-05,0.000894882,0.000918731,480,0.000888824
rod-twist,device-tight,cell2dmin,3773ee,ee,2733104,0.807142,2.35852,7.90989,20.3267,4,0,2731170,0,58.1595,1388,0,0,0.0315947,0.000337049,0,7.04953e-06,0.00202019,0.00202724,1934,0.00202274
rod-twist,device-tight,cell2dmin,3795vf,vf,406767,0.805671,1.56945,3.79092,5.50635,0,0,406727,0,4.51115,9,0,0,0.00202188,0.000160861,0,2.50388e-05,0.0110092,0.0110343,40,0.0110092
rod-twist,device-tight,cell2dmin,3818vf,vf,488962,0.783271,1.87415,3.21619,6.93786,0,0,488862,0,4.87853,69,0,0,0.0142516,0.000187287,0,2.54656e-05,0.00354807,0.00357353,100,0.00354195
rod-twist,device-tight,cell2dmin,3841vf,vf,406026,0.644811,1.56011,3.18121,4.65217,0,0,405998,0,3.6787,2,0,0,0.000779165,0.000779165,0,0.000669847,0.194958,0.195628,28,0.194958
rod-twist,device-tight,cell2dmin,3864vf,vf,399302,0.643979,1.54289,2.66833,4.18755,0,0,399266,0,3.36268,4,0,0,0.00143442,0.000416354,0,0.00143442,0.131805,0.13324,36,0.131805
rod-twist,device-tight,cell2dmin,3887ee,ee,2278509,0.640844,2.23567,7.84954,9.25203,1,0,2277994,0,12.6478,66,0,0,0.0252367,0.00129371,0,0.00113762,0.0176048,0.0187425,515,0.0176048
rod-twist,device-tight,cell2dmin,3910ee,ee,2430782,0.645131,2.1918,7.71851,8.68756,3,0,2430237,0,12.7124,68,0,0,0.0184683,0.00100551,0,0.000158125,0.0102663,0.0104244,545,0.0102539
rod-twist,device-tight,cell2dmin,3933ee,ee,2476439,0.653259,2.26143,7.72273,6.93943,1,0,2475955,0,10.4534,4,0,0,0.00266389,0.000948967,0,0.000214602,0.13324,0.133454,484,0.133199
rod-twist,device-tight,cell2dmin,3955vf,vf,594020,0.780455,2.20566,3.62478,8.14016,1,0,593788,0,7.81297,176,0,0,0.0158932,5.71611e-05,0,3.94712e-07,7.81249e-05,7.85196e-05,232,7.82013e-05
rod-twist,device-tight,cell2dmin,3978vf,vf,430133,0.642667,1.35877,2.93322,3.26729,0,0,430127,0,3.2735,3,0,0,0.0003977,6.98901e-05,0,4.92188e-06,0.380535,0.38054,6,0.380535
rod-twist,device-tight,cell2dmin,791ee,ee,580337,0.80151,0.908388,1.84871,2.33993,0,0,580335,0,2.17788,2,0,0,0.000197448,0.000197448,0,9.19989e-05,0.248199,0.248291,2,0.248199
rod-twist,device-tight,cell2dmin,1022ee,ee,337396,0.749032,1.38437,1.98314,1.39442,0,0,337395,0,2.25858,1,0,0,0.000305632,0.000305632,0,0.000363092,0.313755,0.314118,1,0.313812
rod-twist,device-tight,cell2dmin,1263ee,ee,489290,1.26201,1.72039,3.58123,1.52789,0,0,489289,0,4.32537,1,0,0,0.000475672,0.000475672,0,0.000505927,0.312603,0.313109,1,0.312634
rod-twist,device-tight,cell2dmin,1301ee,ee,478843,0.755016,0.8737,2.8736,3.6179,0,0,478833,0,5.29718,10,0,0,0.000487062,0.000232445,0,4.76637e-05,0.0485416,0.0485893,10,0.0485454
rod-twist,device-tight,cell2dmin,1353ee,ee,522979,0.743784,0.836294,2.67595,1.83889,0,0,522978,0,3.638,1,0,0,0.000200137,0.000200137,0,0.000200137,0.0840263,0.0842265,1,0.0840263
rod-twist,device-tight,cell2dmin,1389ee,ee,517764,0.758504,0.73332,2.36633,1.79188,0,0,517762,0,2.79652,1,0,0,0.000126119,0.000126119,0,0.000126119,0.151211,0.151337,2,0.151211
rod-twist,device-tight,cell2dmin,1456ee,ee,491047,0.796807,1.75911,2.32783,1.3876,0,0,491046,0,2.66568,1,0,0,0.000529911,0.000529911,0,0.000529911,0.2173,0.21783,1,0.2173
rod-twist,device-tight,cell2dmin,1517ee,ee,549574,0.744841,0.746184,3.16905,2.9736,0,0,549569,0,4.47915,5,0,0,0.00252455,0.000101114,0,3.13972e-05,0.040741,0.0407724,5,0.040741
rod-twist,device-tight,cell2dmin,1555vf,vf,113125,0.593005,0.462737,1.97494,2.0104,0,0,113124,0,1.95712,1,0,0,0.001543,0.001543,0,0.00154315,0.307648,0.309191,1,0.307648
rod-twist,device-tight,cell2dmin,1583ee,ee,1637625,0.767048,2.59425,6.18137,8.04835,1,0,1637478,0,12.5016,136,0,0,0.00325246,0.000106647,0,2.64367e-05,0.0200599,0.0200863,147,0.0200589
rod-twist,device-tight,cell2dmin,1646ee,ee,581233,0.634796,0.916675,2.52606,2.3876,0,0,581230,0,3.8849,3,0,0,0.000384729,0.000164378,0,8.67179e-05,0.0828934,0.0829801,3,0.0828934
rod-twist,device-tight,cell2dmin,1690ee,ee,644553,0.638859,0.783815,3.05475,5.11929,0,0,644539,0,3.97024,14,0,0,0.00643887,0.000267583,0,2.16308e-05,0.0346298,0.0346515,14,0.0346298
rod-twist,device-tight,cell2dmin,1720ee,ee,651256,0.642188,0.798086,2.77239,1.91133,0,0,651254,0,2.95831,1,0,0,0.00318648,0.00318648,0,0.00281777,0.420046,0.422864,2,0.419678
rod-twist,device-tight,cell2dmin,1748ee,ee,634727,0.631628,0.766088,2.6259,3.64408,0,0,634715,0,3.21846,12,0,0,0.00191986,3.81582e-05,0,3.19104e-05,0.0885944,0.0886263,12,0.0885944
rod-twist,device-tight,cell2dmin,1776vf,vf,132542,0.635276,0.525359,1.50267,1.28284,0,0,132541,0,1.63384,1,0,0,5.96139e-05,5.96139e-05,0,5.96139e-05,0.0867462,0.0868058,1,0.0867462
rod-twist,device-tight,cell2dmin,1807ee,ee,638978,0.633484,0.792359,3.22419,3.00301,0,0,638977,0,3.38085,1,0,0,0.00551051,0.00551051,0,0.00526213,0.407256,0.412518,1,0.407007
rod-twist,device-tight,cell2dmin,1831vf,vf,141719,0.629932,0.562894,1.67524,3.05296,0,0,141714,0,2.29369,5,0,0,0.000863224,0.000459826,0,3.40232e-05,0.0177269,0.0177609,5,0.0177269
rod-twist,device-tight,cell2dmin,1859vf,vf,141707,0.624877,0.595277,2.27721,4.35308,0,0,141698,0,3.02419,9,0,0,0.000302569,0.000154846,0,5.32356e-05,0.0623711,0.0624243,9,0.0623741
rod-twist,device-tight,cell2dmin,1893vf,vf,126970,0.629068,0.559118,1.72615,1.70091,0,0,126969,0,1.78769,1,0,0,0.000745077,0.000745077,0,0.000745077,0.33213,0.332875,1,0.33213
rod-twist,device-tight,cell2dmin,1927ee,ee,750699,0.633996,0.978465,2.97331,4.94179,0,0,750680,0,4.17068,13,0,0,0.00265354,0.000126051,0,4.21093e-05,0.0181427,0.0181848,19,0.0181427
rod-twist,device-tight,cell2dmin,1956ee,ee,792743,0.641356,0.905475,3.2166,5.5644,0,0,792718,0,4.47199,23,0,0,0.00129845,0.000192143,0,0.000171311,0.0501709,0.0503422,25,0.0501709
rod-twist,device-tight,cell2dmin,1985vf,vf,528252,0.639756,3.08473,2.35906,6.98083,0,0,528110,0,3.49227,140,0,0,0.0105962,4.93355e-05,0,5.63427e-06,0.0069973,0.00700294,142,0.00699711
rod-twist,device-tight,cell2dmin,2027ee,ee,732020,0.641068,1.11446,3.21606,4.72126,0,0,732005,0,4.0521,13,0,0,0.00816126,0.000119371,0,2.1289e-05,0.0251274,0.0251487,15,0.0251243
rod-twist,device-tight,cell2dmin,2079vf,vf,159144,0.631372,0.601261,1.74714,1.7378,0,0,159139,0,1.70331,5,0,0,1.68445e-05,8.54503e-06,0,1.68445e-05,0.0122223,0.0122391,5,0.0122223
rod-twist,device-tight,cell2dmin,2110ee,ee,807841,0.632108,1.01418,2.85425,2.62993,0,0,807835,0,3.47656,6,0,0,0.000705531,0.000269546,0,0.000422472,0.0815735,0.081996,6,0.0815735
rod-twist,device-tight,cell2dmin,2142ee,ee,824215,0.634252,0.875748,3.26316,4.89792,0,0,824199,0,3.89796,14,0,0,0.00141624,0.000329787,0,0.000325018,0.0597229,0.0600479,16,0.0597181
rod-twist,device-tight,cell2dmin,2166vf,vf,180778,0.630124,0.648363,1.93203,3.03037,0,0,180773,0,2.5756,5,0,0,0.00289602,0.00026356,0,4.82485e-06,0.0145798,0.0145846,5,0.0145798
rod-twist,device-tight,cell2dmin,2189vf,vf,185857,0.63006,0.651756,2.06995,3.92055,0,0,185846,0,2.59595,10,0,0,0.000555925,0.000160149,0,2.48707e-05,0.0628357,0.0628606,11,0.0628357
rod-twist,device-tight,cell2dmin,2213vf,vf,170781,0.637676,0.614924,1.74474,2.68007,0,0,170776,0,2.02982,5,0,0,0.000544561,0.000161761,0,7.32238e-05,0.0297623,0.0298355,5,0.0297623
rod-twist,device-tight,cell2dmin,2236ee,ee,881389,0.632908,1.12835,4.04067,5.04493,0,0,881372,0,4.98765,12,0,0,0.00861057,0.000686341,0,8.72653e-05,0.0492516,0.0493388,17,0.0492516
rod-twist,device-tight,cell2dmin,2259vf,vf,199921,0.63806,0.626028,1.94551,2.80078,0,0,199917,0,2.36783,4,0,0,0.000377674,0.000355238,0,2.51652e-05,0.0177503,0.0177755,4,0.0177536
rod-twist,device-tight,cell2dmin,2282vf,vf,192187,0.63358,0.682442,2.15372,7.57208,0,0,192121,0,4.08608,62,0,0,0.00330602,4.1375e-05,0,1.11838e-05,0.00264549,0.00265668,66,0.00264549
rod-twist,device-tight,cell2dmin,2307ee,ee,859513,0.633708,1.06349,3.87652,7.39832,0,0,859453,0,5.25465,50,0,0,0.00498105,0.000168235,0,1.35643e-06,0.00197601,0.00197737,60,0.00197601
rod-twist,device-tight,cell2dmin,2332ee,ee,858501,0.63246,0.964961,3.31113,2.8371,0,0,858495,0,4.34386,2,0,0,0.00354477,0.00354477,0,0.000352739,0.210152,0.210504,6,0.210281
rod-twist,device-tight,cell2dmin,2358ee,ee,951141,0.636236,1.04381,3.43768,4.29433,1,0,951131,0,5.17062,2,0,0,0.00834191,0.00834191,0,0.000279054,0.194084,0.194363,10,0.194084
rod-twist,device-tight,cell2dmin,2382ee,ee,1029109,0.637484,1.12992,7.03693,11.088,0,0,1028828,0,15.3906,244,0,0,0.0281923,0.000161367,0,7.49128e-06,0.00132561,0.0013331,281,0.00132701
rod-twist,device-tight,cell2dmin,2405vf,vf,189778,0.633996,0.779751,2.11811,4.30895,0,0,189764,0,3.21027,14,0,0,0.00201733,0.000165019,0,1.66308e-05,0.0241985,0.0242152,14,0.0241985
rod-twist,device-tight,cell2dmin,2431ee,ee,930926,0.628908,1.12275,3.78513,3.58299,0,0,930913,0,4.85937,2,0,0,0.00182569,0.00182569,0,0.00130933,0.265778,0.267087,13,0.265778
rod-twist,device-tight,cell2dmin,2456ee,ee,947330,0.624428,1.07177,3.41234,4.30034,1,0,947313,0,4.23241,4,0,0,0.000969611,0.000580273,0,0.0645379,0,0.0645379,17,0
rod-twist,device-tight,cell2dmin,2479vf,vf,179577,0.634188,0.637676,2.73569,1.23785,0,0,179576,0,1.77073,1,0,0,0.000119522,0.000119522,0,0.000119522,0.0754547,0.0755742,1,0.0754547
rod-twist,device-tight,cell2dmin,2502vf,vf,234432,0.633836,0.902276,2.09987,5.45816,0,0,234393,0,3.47464,37,0,0,0.00485672,3.73367e-05,0,1.31243e-06,0.00246429,0.00246561,39,0.00246429
rod-twist,device-tight,cell2dmin,2526ee,ee,1073690,0.632268,1.36127,4.82785,10.231,2,0,1073588,0,7.26236,72,0,0,0.00620415,0.00053525,0,0.000146266,0.0110695,0.0112158,102,0.0110626
rod-twist,device-tight,cell2dmin,2549ee,ee,1156862,0.635148,1.27785,4.47531,8.63682,0,0,1156747,0,7.48264,72,0,0,0.0122357,0.000575929,0,2.88622e-05,0.0038368,0.00386566,115,0.0038414
rod-twist,device-tight,cell2dmin,2573ee,ee,1015444,0.633899,1.16208,4.41144,6.35349,0,0,1015411,0,5.75633,9,0,0,0.026686,0.000760151,0,0.000648615,0.0911789,0.0918275,33,0.0911789
rod-twist,device-tight,cell2dmin,2596vf,vf,207277,0.6323,0.910659,2.378,4.92253,0,0,207264,0,3.45775,12,0,0,0.0073312,8.22407e-05,0,7.44e-05,0.0842514,0.0843258,13,0.0842514
rod-twist,device-tight,cell2dmin,2622ee,ee,1073716,0.633004,1.30761,4.50965,2.83044,0,0,1073696,0,7.58152,0,0,0,0,0,0,0,1,1,20,1
rod-twist,device-tight,cell2dmin,2644vf,vf,269815,0.633036,1.06224,2.12598,5.50808,0,0,269787,0,3.32882,22,0,0,0.013437,0.000156219,0,1.0878e-05,0.00251007,0.00252095,28,0.00251007
rod-twist,device-tight,cell2dmin,2667vf,vf,201857,0.638124,0.864677,2.2071,2.52408,0,0,201853,0,2.45493,1,0,0,0.00155517,0.00155517,0,0.00155517,0.273468,0.275023,4,0.273468
rod-twist,device-tight,cell2dmin,2690vf,vf,228023,0.627404,1.04678,2.13171,4.37116,0,0,228012,0,4.46591,10,0,0,0.00527491,0.000250721,0,1.92821e-05,0.0515213,0.0515406,11,0.0515213
rod-twist,device-tight,cell2dmin,2714ee,ee,1106866,0.644876,1.38994,4.66395,3.37893,0,0,1106842,0,4.87914,0,0,0,0,0,0,0,1,1,24,1
rod-twist,device-tight,cell2dmin,2737ee,ee,1129390,0.627021,1.33096,4.21647,5.01299,1,0,1129346,0,5.97008,5,0,0,0.000945368,0.000466985,0,7.84376e-05,0.0245667,0.0246451,44,0.0245667
rod-twist,device-tight,cell2dmin,2761vf,vf,233358,0.63454,0.89514,1.79498,1.44328,0,0,233356,0,1.73962,1,0,0,2.05832e-05,2.05832e-05,0,2.05832e-05,0.0164108,0.0164314,2,0.0164108
rod-twist,device-tight,cell2dmin,2785vf,vf,283025,0.638379,0.928643,1.86727,2.391,0,0,283022,0,2.47656,2,0,0,0.00152598,0.00152598,0,7.69031e-05,0.104187,0.104264,3,0.104187
rod-twist,device-tight,cell2dmin,2808ee,ee,1324480,0.629324,1.50696,4.81271,6.10358,0,0,1324413,0,6.78065,18,0,0,0.00257519,0.00038646,0,9.88417e-06,0.00847626,0.00848614,67,0.00847626
rod-twist,device-tight,cell2dmin,2832ee,ee,1224481,0.646444,1.38748,4.96743,5.48075,0,0,1224424,0,6.41612,16,0,0,0.0113587,0.000546364,0,0.000122872,0.0211167,0.0212396,57,0.0210936
rod-twist,device-tight,cell2dmin,2856vf,vf,273715,0.631372,0.913987,2.40744,2.9152,0,0,273711,0,2.93354,2,0,0,0.002258,0.002258,0,1.95684e-05,0.137306,0.137326,4,0.137306
rod-twist,device-tight,cell2dmin,2881ee,ee,1472159,0.631948,1.68616,5.64309,10.0595,0,0,1471795,0,19.7012,307,0,0,0.0243664,0.000136732,0,2.97802e-06,0.00150923,0.0015122,364,0.00150681
rod-twist,device-tight,cell2dmin,2903vf,vf,246089,0.64286,0.900835,2.14262,4.72836,1,0,246076,0,2.88301,9,0,0,0.00278438,0.000144814,0,0.0295277,0,0.0295277,13,0
rod-twist,device-tight,cell2dmin,2926vf,vf,245763,0.63022,0.923491,1.9689,2.09817,0,0,245758,0,2.06774,2,0,0,0.00117311,0.00117311,0,3.70821e-05,0.22422,0.224257,5,0.22422
rod-twist,device-tight,cell2dmin,2949vf,vf,277757,0.634316,1.03104,2.40805,5.05158,0,0,277737,0,3.00189,16,0,0,0.00199849,0.000285849,0,0.000287996,0.0265121,0.0268001,20,0.0265121
rod-twist,device-tight,cell2dmin,2972vf,vf,261254,0.643212,0.929378,1.97882,3.85213,0,0,261245,0,2.85521,6,0,0,0.00270726,0.00118356,0,0.000179673,0.0135498,0.0137295,9,0.0135498
rod-twist,device-tight,cell2dmin,2995vf,vf,280405,0.742184,0.989825,2.75742,1.13145,0,0,280404,0,2.46485,0,0,0,0,0,0,0,1,1,1,1
rod-twist,device-tight,cell2dmin,3018vf,vf,259529,0.643212,0.872228,1.94762,1.1078,0,0,259527,0,2.1872,0,0,0,0,0,0,0,1,1,2,1
rod-twist,device-tight,cell2dmin,3041vf,vf,282795,0.745577,0.971873,2.08067,4.66564,0,0,282779,0,3.7682,16,0,0,0.00118374,5.93745e-05,0,7.76338e-06,0.0651741,0.0651819,16,0.0651741
rod-twist,device-tight,cell2dmin,3077ee,ee,1491258,0.632204,1.70036,4.64468,5.40911,0,0,1491243,0,6.11609,13,0,0,0.00189422,0.000297758,0,0.00014391,0.0652743,0.0654182,15,0.0652771
rod-twist,device-tight,cell2dmin,3117ee,ee,1463335,0.641675,1.61569,3.98752,3.38012,0,0,1463331,0,5.26438,3,0,0,0.000832299,0.000135335,0,0.000115478,0.0426788,0.0427943,4,0.0426788
rod-twist,device-tight,cell2dmin,3152vf,vf,262379,0.629932,1.00026,2.10403,2.8672,0,0,262377,0,2.46405,2,0,0,0.000949475,0.000949475,0,0.000772959,0.339592,0.340365,2,0.339528
rod-twist,device-tight,cell2dmin,3187vf,vf,312881,0.632556,1.12316,1.98829,3.92413,0,0,312868,0,2.65864,13,0,0,0.000412139,4.86902e-05,0,2.17553e-05,0.0397949,0.0398167,13,0.0397949
rod-twist,device-tight,cell2dmin,3216ee,ee,1654755,0.654411,1.75876,4.57944,5.52338,0,0,1654711,0,8.47973,42,0,0,0.00555641,2.4375e-05,0,6.22737e-06,0.0143166,0.0143228,44,0.0143166
rod-twist,device-tight,cell2dmin,3252vf,vf,291723,0.652363,1.18911,1.59368,1.43026,0,0,291722,0,1.70219,1,0,0,6.71995e-05,6.71995e-05,0,6.71995e-05,0.156418,0.156485,1,0.156418
rod-twist,device-tight,cell2dmin,3284vf,vf,324840,0.790662,1.06349,2.11091,2.933,0,0,324834,0,2.67915,6,0,0,0.000861332,4.51718e-05,0,6.74212e-06,0.0301228,0.0301295,6,0.0301228
rod-twist,device-tight,cell2dmin,3312ee,ee,1764051,0.7586,1.89639,4.94794,5.85444,0,0,1764033,0,8.327,14,0,0,0.00243152,0.000793518,0,0.000452651,0.109291,0.109744,18,0.109291
rod-twist,device-tight,cell2dmin,3340ee,ee,1648427,0.645163,1.68571,4.23766,1.89981,0,0,1648425,0,5.18563,2,0,0,0.00142169,0.00142169,0,0.00142169,0.211502,0.212924,2,0.211502
rod-twist,device-tight,cell2dmin,3372vf,vf,325068,0.63806,1.10912,1.87783,2.7083,0,0,325063,0,2.71265,5,0,0,0.00042987,4.35208e-05,0,6.99364e-06,0.010005,0.010012,5,0.010005
rod-twist,device-tight,cell2dmin,3405ee,ee,1725023,0.629228,1.8858,4.11587,3.76679,0,0,1725019,0,6.26431,4,0,0,0.00238198,0.000964316,0,0.000144369,0.0433426,0.043487,4,0.0433426
rod-twist,device-tight,cell2dmin,3430ee,ee,1826716,0.635884,1.84999,5.20672,4.40376,0,0,1826682,0,7.89201,4,0,0,0.00447679,0.00412916,0,0.000692415,0.164719,0.165411,34,0.164719
rod-twist,device-tight,cell2dmin,3453ee,ee,2118419,0.788551,2.05667,11.5731,14.7534,2,0,2117045,0,37.4293,1051,0,0,0.0378941,0.00010335,0,1.04697e-06,3.37895e-05,3.48365e-05,1374,3.38554e-05
rod-twist,device-tight,cell2dmin,3475vf,vf,333548,0.645451,0.937891,2.56264,3.50363,0,0,333533,0,2.91437,6,0,0,0.00506678,0.000580729,0,6.43416e-05,0.0960541,0.0961184,15,0.0960541
rod-twist,device-tight,cell2dmin,3498vf,vf,388542,0.748169,1.62804,2.99306,5.5643,0,0,388518,0,4.18128,7,0,0,0.00117173,0.000143521,0,4.9292e-05,0.0402679,0.0403172,24,0.0402679
rod-twist,device-tight,cell2dmin,3521vf,vf,350990,0.634379,1.3005,2.57,3.92176,0,0,350974,0,3.14307,2,0,0,0.00316803,0.00316803,0,0.000571673,0.168686,0.169258,16,0.168686
rod-twist,device-tight,cell2dmin,3544vf,vf,612958,0.735529,2.15622,2.48885,5.02071,0,0,612924,0,3.6268,15,0,0,0.00977711,0.000207532,0,6.27629e-06,0.00204086,0.00204714,34,0.00204086
rod-twist,device-tight,cell2dmin,3567ee,ee,1870826,0.6307,1.88647,6.4493,6.70353,1,0,1870525,0,8.82698,7,0,0,0.0244204,0.000598746,0,0.069402,0,0.069402,301,0
rod-twist,device-tight,cell2dmin,3590ee,ee,2048695,0.775592,1.95421,6.85329,6.81754,0,0,2048392,0,9.30249,7,0,0,0.00988798,0.00290318,0,0.000145145,0.0244522,0.0245974,303,0.0244522
rod-twist,device-tight,cell2dmin,3613ee,ee,2026956,0.638924,2.04115,7.52808,7.86461,0,0,2026607,0,10.5187,28,0,0,0.0143934,0.00143788,0,0.000261061,0.0173755,0.0176365,349,0.017334
rod-twist,device-tight,cell2dmin,3635vf,vf,369826,0.754376,1.17718,2.29033,3.57157,0,0,369798,0,2.74497,2,0,0,0.000839805,0.000839805,0,0.000327307,0.165192,0.165519,28,0.165192
rod-twist,device-tight,cell2dmin,3658vf,vf,383887,0.637932,1.27676,2.88311,5.35625,0,0,383850,0,3.98855,10,0,0,0.00604381,0.000156018,0,1.97555e-05,0.00425339,0.00427314,37,0.00425339
rod-twist,device-tight,cell2dmin,3681vf,vf,432601,0.773608,2.0895,3.01155,7.98656,0,0,432488,0,5.58747,75,0,0,0.0104258,0.000199874,0,1.70881e-05,0.00171815,0.00173524,113,0.00171852
rod-twist,device-tight,cell2dmin,3704vf,vf,409450,0.770471,1.864,2.38287,2.99187,0,0,409427,0,2.98762,3,0,0,0.00884967,0.00100594,0,9.65232e-05,0.0477982,0.0478947,23,0.0477982
rod-twist,device-tight,cell2dmin,3727ee,ee,2215811,0.792935,2.25721,7.92599,9.05731,0,0,2215409,0,13.802,65,0,0,0.0325817,0.00117009,0,0.00150513,0.0129712,0.0144763,402,0.0129395
rod-twist,device-tight,cell2dmin,3750ee,ee,2297441,0.780231,2.1023,8.35602,9.91911,0,0,2296961,0,16.702,97,0,0,0.0323844,0.000574813,0,2.9374e-05,0.000889357,0.000918731,480,0.000888824
rod-twist,device-tight,cell2dmin,3773ee,ee,2733104,0.799783,2.31157,7.9154,20.6344,4,0,2731170,0,59.1468,1388,0,0,0.0315947,0.000337225,0,5.46755e-06,0.00202177,0.00202724,1934,0.00202274
rod-twist,device-tight,cell2dmin,3795vf,vf,406767,0.791911,1.51909,3.51803,5.58328,0,0,406727,0,5.04323,9,0,0,0.00213041,0.000134158,0,2.50388e-05,0.0110092,0.0110343,40,0.0110092
rod-twist,device-tight,cell2dmin,3818vf,vf,488962,0.766951,1.74305,3.00797,7.86897,0,0,488862,0,5.13641,69,0,0,0.0142516,0.000176038,0,3.15844e-05,0.00354195,0.00357353,100,0.00354242
rod-twist,device-tight,cell2dmin,3841vf,vf,406026,0.649196,1.49048,3.83031,4.17318,0,0,405998,0,3.85866,2,0,0,0.000779165,0.000779165,0,0.000694881,0.194933,0.195628,28,0.194958
rod-twist,device-tight,cell2dmin,3864vf,vf,399302,0.648907,1.45519,2.57957,4.0272,0,0,399266,0,3.15894,4,0,0,0.00143442,0.000416354,0,0.00143442,0.131805,0.13324,36,0.131805
rod-twist,device-tight,cell2dmin,3887ee,ee,2278509,0.641612,2.16348,7.93037,8.3109,1,0,2277994,0,12.8536,66,0,0,0.0252367,0.00144398,0,0.000950704,0.0177917,0.0187425,515,0.0176048
rod-twist,device-tight,cell2dmin,3910ee,ee,2430782,0.652939,2.09571,8.2847,9.6572,3,0,2430237,0,13.9601,68,0,0,0.0184683,0.000972494,0,0.000170485,0.0102539,0.0104244,545,0.0102539
rod-twist,device-tight,cell2dmin,3933ee,ee,2476439,0.654283,2.09821,8.00227,6.2103,1,0,2475955,0,10.954,4,0,0,0.0026925,0.000948967,0,0.000214602,0.13324,0.133454,484,0.13324
rod-twist,device-tight,cell2dmin,3955vf,vf,594020,0.766632,2.25555,3.60728,9.46808,1,0,593788,0,7.81975,176,0,0,0.0158932,5.71611e-05,0,1.01125e-06,7.75084e-05,7.85196e-05,232,7.82013e-05
rod-twist,device-tight,cell2dmin,3978vf,vf,430133,0.651724,1.39471,2.8002,3.47826,0,0,430127,0,3.03558,3,0,0,0.0003977,6.98901e-05,0,4.92188e-06,0.380535,0.38054,6,0.380535
rod-twist,device-tight,cell2dmin,791ee,ee,580337,0.773735,0.892292,1.8378,1.5907,0,0,580335,0,2.0912,2,0,0,0.000197448,0.000197448,0,9.19989e-05,0.248199,0.248291,2,0.248199
